ISO-10303-21;
HEADER;
FILE_DESCRIPTION(('FreeCAD Model'),'2;1');
FILE_NAME('Open CASCADE Shape Model','2026-09-04T10:56:41',('FreeCAD'),(
    'FreeCAD'),'Open CASCADE STEP processor 7.9','FreeCAD','Unknown');
FILE_SCHEMA(('AUTOMOTIVE_DESIGN { 1 0 10303 214 1 1 1 1 }'));
ENDSEC;
DATA;
#1 = APPLICATION_PROTOCOL_DEFINITION('international standard',
  'automotive_design',2000,#2);
#2 = APPLICATION_CONTEXT(
  'core data for automotive mechanical design processes');
#3 = SHAPE_DEFINITION_REPRESENTATION(#4,#10);
#4 = PRODUCT_DEFINITION_SHAPE('','',#5);
#5 = PRODUCT_DEFINITION('design','',#6,#9);
#6 = PRODUCT_DEFINITION_FORMATION('','',#7);
#7 = PRODUCT('Open CASCADE STEP translator 7.9 1',
  'Open CASCADE STEP translator 7.9 1','',(#8));
#8 = PRODUCT_CONTEXT('',#2,'mechanical');
#9 = PRODUCT_DEFINITION_CONTEXT('part definition',#2,'design');
#10 = SHAPE_REPRESENTATION('',(#11,#15,#5009,#11850),#14788);
#11 = AXIS2_PLACEMENT_3D('',#12,#13,#14);
#12 = CARTESIAN_POINT('',(0.,0.,0.));
#13 = DIRECTION('',(0.,0.,1.));
#14 = DIRECTION('',(1.,0.,-0.));
#15 = MANIFOLD_SOLID_BREP('',#16);
#16 = CLOSED_SHELL('',(#17,#57,#93,#126,#1198,#2335,#2352,#2369,#2389,
    #2406,#2423,#2440,#2457,#2474,#2491,#2511,#2528,#2545,#2562,#2579,
    #2596,#2616,#2665,#2682,#2710,#2727,#2752,#2769,#2794,#2811,#2836,
    #2853,#2878,#2895,#2919,#2939,#2979,#2996,#3027,#3044,#3064,#3081,
    #3098,#3115,#3135,#3186,#3203,#3223,#3243,#3263,#3280,#3297,#3317,
    #3337,#3354,#3371,#3388,#3408,#3428,#3445,#3465,#3482,#3499,#3516,
    #3533,#3550,#3570,#3590,#3602,#3619,#3636,#3658,#3678,#3695,#3715,
    #3732,#3783,#3800,#3817,#3834,#3851,#3868,#3885,#3902,#3919,#3936,
    #3956,#3973,#3990,#4010,#4027,#4047,#4067,#4084,#4101,#4121,#4141,
    #4161,#4178,#4195,#4215,#4232,#4249,#4269,#4289,#4309,#4326,#4343,
    #4360,#4380,#4400,#4417,#4434,#4467,#4484,#4524,#4544,#4568,#4585,
    #4609,#4658,#4701,#4718,#4735,#4752,#4769,#4794,#4811,#4828,#4845,
    #4862,#4879,#4910,#4927,#4941,#4963,#4980,#4997));
#17 = ADVANCED_FACE('',(#18),#52,.F.);
#18 = FACE_BOUND('',#19,.F.);
#19 = EDGE_LOOP('',(#20,#30,#38,#46));
#20 = ORIENTED_EDGE('',*,*,#21,.T.);
#21 = EDGE_CURVE('',#22,#24,#26,.T.);
#22 = VERTEX_POINT('',#23);
#23 = CARTESIAN_POINT('',(100.407671,-13.573121,0.));
#24 = VERTEX_POINT('',#25);
#25 = CARTESIAN_POINT('',(100.407671,-13.573121,8.5));
#26 = LINE('',#27,#28);
#27 = CARTESIAN_POINT('',(100.407671,-13.573121,0.));
#28 = VECTOR('',#29,1.);
#29 = DIRECTION('',(0.,0.,1.));
#30 = ORIENTED_EDGE('',*,*,#31,.T.);
#31 = EDGE_CURVE('',#24,#32,#34,.T.);
#32 = VERTEX_POINT('',#33);
#33 = CARTESIAN_POINT('',(99.090423,-13.57352,8.5));
#34 = LINE('',#35,#36);
#35 = CARTESIAN_POINT('',(100.407671,-13.573121,8.5));
#36 = VECTOR('',#37,1.);
#37 = DIRECTION('',(-0.999999954125,-3.029042228062E-04,0.));
#38 = ORIENTED_EDGE('',*,*,#39,.F.);
#39 = EDGE_CURVE('',#40,#32,#42,.T.);
#40 = VERTEX_POINT('',#41);
#41 = CARTESIAN_POINT('',(99.090423,-13.57352,0.));
#42 = LINE('',#43,#44);
#43 = CARTESIAN_POINT('',(99.090423,-13.57352,0.));
#44 = VECTOR('',#45,1.);
#45 = DIRECTION('',(0.,0.,1.));
#46 = ORIENTED_EDGE('',*,*,#47,.F.);
#47 = EDGE_CURVE('',#22,#40,#48,.T.);
#48 = LINE('',#49,#50);
#49 = CARTESIAN_POINT('',(100.407671,-13.573121,0.));
#50 = VECTOR('',#51,1.);
#51 = DIRECTION('',(-0.999999954125,-3.029042228062E-04,0.));
#52 = PLANE('',#53);
#53 = AXIS2_PLACEMENT_3D('',#54,#55,#56);
#54 = CARTESIAN_POINT('',(100.407671,-13.573121,0.));
#55 = DIRECTION('',(3.029042228062E-04,-0.999999954125,0.));
#56 = DIRECTION('',(-0.999999954125,-3.029042228062E-04,0.));
#57 = ADVANCED_FACE('',(#58),#85,.F.);
#58 = FACE_BOUND('',#59,.F.);
#59 = EDGE_LOOP('',(#60,#70,#77,#78));
#60 = ORIENTED_EDGE('',*,*,#61,.T.);
#61 = EDGE_CURVE('',#62,#64,#66,.T.);
#62 = VERTEX_POINT('',#63);
#63 = CARTESIAN_POINT('',(104.004763,-15.823157,0.));
#64 = VERTEX_POINT('',#65);
#65 = CARTESIAN_POINT('',(104.004763,-15.823157,8.5));
#66 = LINE('',#67,#68);
#67 = CARTESIAN_POINT('',(104.004763,-15.823157,0.));
#68 = VECTOR('',#69,1.);
#69 = DIRECTION('',(0.,0.,1.));
#70 = ORIENTED_EDGE('',*,*,#71,.T.);
#71 = EDGE_CURVE('',#64,#24,#72,.T.);
#72 = B_SPLINE_CURVE_WITH_KNOTS('',3,(#73,#74,#75,#76),.UNSPECIFIED.,.F.
  ,.F.,(4,4),(0.,1.),.PIECEWISE_BEZIER_KNOTS.);
#73 = CARTESIAN_POINT('',(104.004763,-15.823157,8.5));
#74 = CARTESIAN_POINT('',(103.334746,-14.447135,8.5));
#75 = CARTESIAN_POINT('',(101.93871,-13.573121,8.5));
#76 = CARTESIAN_POINT('',(100.407671,-13.573121,8.5));
#77 = ORIENTED_EDGE('',*,*,#21,.F.);
#78 = ORIENTED_EDGE('',*,*,#79,.F.);
#79 = EDGE_CURVE('',#62,#22,#80,.T.);
#80 = B_SPLINE_CURVE_WITH_KNOTS('',3,(#81,#82,#83,#84),.UNSPECIFIED.,.F.
  ,.F.,(4,4),(0.,1.),.PIECEWISE_BEZIER_KNOTS.);
#81 = CARTESIAN_POINT('',(104.004763,-15.823157,0.));
#82 = CARTESIAN_POINT('',(103.334746,-14.447135,0.));
#83 = CARTESIAN_POINT('',(101.93871,-13.573121,0.));
#84 = CARTESIAN_POINT('',(100.407671,-13.573121,0.));
#85 = SURFACE_OF_LINEAR_EXTRUSION('',#86,#91);
#86 = B_SPLINE_CURVE_WITH_KNOTS('',3,(#87,#88,#89,#90),.UNSPECIFIED.,.F.
  ,.F.,(4,4),(0.,1.),.PIECEWISE_BEZIER_KNOTS.);
#87 = CARTESIAN_POINT('',(104.004763,-15.823157,0.));
#88 = CARTESIAN_POINT('',(103.334746,-14.447135,0.));
#89 = CARTESIAN_POINT('',(101.93871,-13.573121,0.));
#90 = CARTESIAN_POINT('',(100.407671,-13.573121,0.));
#91 = VECTOR('',#92,1.);
#92 = DIRECTION('',(-0.,-0.,-1.));
#93 = ADVANCED_FACE('',(#94),#121,.F.);
#94 = FACE_BOUND('',#95,.T.);
#95 = EDGE_LOOP('',(#96,#106,#113,#114));
#96 = ORIENTED_EDGE('',*,*,#97,.T.);
#97 = EDGE_CURVE('',#98,#100,#102,.T.);
#98 = VERTEX_POINT('',#99);
#99 = CARTESIAN_POINT('',(94.71741,-11.000255,0.));
#100 = VERTEX_POINT('',#101);
#101 = CARTESIAN_POINT('',(94.71741,-11.000255,8.5));
#102 = LINE('',#103,#104);
#103 = CARTESIAN_POINT('',(94.71741,-11.000255,0.));
#104 = VECTOR('',#105,1.);
#105 = DIRECTION('',(0.,0.,1.));
#106 = ORIENTED_EDGE('',*,*,#107,.T.);
#107 = EDGE_CURVE('',#100,#32,#108,.T.);
#108 = CIRCLE('',#109,4.999653);
#109 = AXIS2_PLACEMENT_3D('',#110,#111,#112);
#110 = CARTESIAN_POINT('',(99.088813967872,-8.573867258916,8.5));
#111 = DIRECTION('',(0.,0.,1.));
#112 = DIRECTION('',(1.,0.,0.));
#113 = ORIENTED_EDGE('',*,*,#39,.F.);
#114 = ORIENTED_EDGE('',*,*,#115,.F.);
#115 = EDGE_CURVE('',#98,#40,#116,.T.);
#116 = CIRCLE('',#117,4.999653);
#117 = AXIS2_PLACEMENT_3D('',#118,#119,#120);
#118 = CARTESIAN_POINT('',(99.088813967872,-8.573867258916,0.));
#119 = DIRECTION('',(0.,0.,1.));
#120 = DIRECTION('',(1.,0.,0.));
#121 = CYLINDRICAL_SURFACE('',#122,4.999653);
#122 = AXIS2_PLACEMENT_3D('',#123,#124,#125);
#123 = CARTESIAN_POINT('',(99.088813967872,-8.573867258916,0.));
#124 = DIRECTION('',(-0.,-0.,-1.));
#125 = DIRECTION('',(1.,0.,0.));
#126 = ADVANCED_FACE('',(#127,#674,#685,#696,#1127,#1138,#1149,#1160,
    #1171,#1182),#1193,.F.);
#127 = FACE_BOUND('',#128,.F.);
#128 = EDGE_LOOP('',(#129,#130,#131,#140,#149,#158,#166,#175,#183,#191,
    #200,#208,#216,#225,#234,#243,#252,#261,#269,#277,#285,#293,#301,
    #310,#319,#328,#337,#345,#354,#363,#371,#379,#388,#397,#406,#415,
    #424,#432,#441,#450,#458,#467,#476,#485,#494,#503,#512,#520,#529,
    #537,#545,#553,#562,#571,#580,#589,#598,#606,#614,#623,#632,#641,
    #650,#658,#667,#673));
#129 = ORIENTED_EDGE('',*,*,#47,.T.);
#130 = ORIENTED_EDGE('',*,*,#115,.F.);
#131 = ORIENTED_EDGE('',*,*,#132,.T.);
#132 = EDGE_CURVE('',#98,#133,#135,.T.);
#133 = VERTEX_POINT('',#134);
#134 = CARTESIAN_POINT('',(92.076908,-9.424245,0.));
#135 = CIRCLE('',#136,3.);
#136 = AXIS2_PLACEMENT_3D('',#137,#138,#139);
#137 = CARTESIAN_POINT('',(92.076907684171,-12.424245,0.));
#138 = DIRECTION('',(0.,0.,1.));
#139 = DIRECTION('',(1.,0.,0.));
#140 = ORIENTED_EDGE('',*,*,#141,.T.);
#141 = EDGE_CURVE('',#133,#142,#144,.T.);
#142 = VERTEX_POINT('',#143);
#143 = CARTESIAN_POINT('',(89.447276,-10.980279,0.));
#144 = CIRCLE('',#145,3.);
#145 = AXIS2_PLACEMENT_3D('',#146,#147,#148);
#146 = CARTESIAN_POINT('',(92.076907569411,-12.424245,0.));
#147 = DIRECTION('',(0.,0.,1.));
#148 = DIRECTION('',(1.,0.,0.));
#149 = ORIENTED_EDGE('',*,*,#150,.F.);
#150 = EDGE_CURVE('',#151,#142,#153,.T.);
#151 = VERTEX_POINT('',#152);
#152 = CARTESIAN_POINT('',(85.076012,-13.573655,0.));
#153 = CIRCLE('',#154,5.);
#154 = AXIS2_PLACEMENT_3D('',#155,#156,#157);
#155 = CARTESIAN_POINT('',(85.064557200175,-8.573668121261,0.));
#156 = DIRECTION('',(0.,0.,1.));
#157 = DIRECTION('',(1.,0.,0.));
#158 = ORIENTED_EDGE('',*,*,#159,.T.);
#159 = EDGE_CURVE('',#151,#160,#162,.T.);
#160 = VERTEX_POINT('',#161);
#161 = CARTESIAN_POINT('',(83.407235,-13.573121,0.));
#162 = LINE('',#163,#164);
#163 = CARTESIAN_POINT('',(85.076012,-13.573655,0.));
#164 = VECTOR('',#165,1.);
#165 = DIRECTION('',(-0.999999948802,3.19994806165E-04,0.));
#166 = ORIENTED_EDGE('',*,*,#167,.T.);
#167 = EDGE_CURVE('',#160,#168,#170,.T.);
#168 = VERTEX_POINT('',#169);
#169 = CARTESIAN_POINT('',(79.407132,-17.573184,0.));
#170 = B_SPLINE_CURVE_WITH_KNOTS('',3,(#171,#172,#173,#174),
  .UNSPECIFIED.,.F.,.F.,(4,4),(0.,1.),.PIECEWISE_BEZIER_KNOTS.);
#171 = CARTESIAN_POINT('',(83.407235,-13.573121,0.));
#172 = CARTESIAN_POINT('',(81.198178,-13.573121,0.));
#173 = CARTESIAN_POINT('',(79.407132,-15.36415,0.));
#174 = CARTESIAN_POINT('',(79.407132,-17.573184,0.));
#175 = ORIENTED_EDGE('',*,*,#176,.T.);
#176 = EDGE_CURVE('',#168,#177,#179,.T.);
#177 = VERTEX_POINT('',#178);
#178 = CARTESIAN_POINT('',(79.407132,-18.5532,0.));
#179 = LINE('',#180,#181);
#180 = CARTESIAN_POINT('',(79.407132,-17.573184,0.));
#181 = VECTOR('',#182,1.);
#182 = DIRECTION('',(0.,-1.,0.));
#183 = ORIENTED_EDGE('',*,*,#184,.T.);
#184 = EDGE_CURVE('',#177,#185,#187,.T.);
#185 = VERTEX_POINT('',#186);
#186 = CARTESIAN_POINT('',(59.745629,-20.313227,0.));
#187 = LINE('',#188,#189);
#188 = CARTESIAN_POINT('',(79.407132,-18.5532,0.));
#189 = VECTOR('',#190,1.);
#190 = DIRECTION('',(-0.996017326425,-8.915988706336E-02,0.));
#191 = ORIENTED_EDGE('',*,*,#192,.T.);
#192 = EDGE_CURVE('',#185,#193,#195,.T.);
#193 = VERTEX_POINT('',#194);
#194 = CARTESIAN_POINT('',(56.556547,-23.799282,0.));
#195 = B_SPLINE_CURVE_WITH_KNOTS('',3,(#196,#197,#198,#199),
  .UNSPECIFIED.,.F.,.F.,(4,4),(0.,1.),.PIECEWISE_BEZIER_KNOTS.);
#196 = CARTESIAN_POINT('',(59.745629,-20.313227,0.));
#197 = CARTESIAN_POINT('',(57.940582,-20.47423,0.));
#198 = CARTESIAN_POINT('',(56.556547,-21.987254,0.));
#199 = CARTESIAN_POINT('',(56.556547,-23.799282,0.));
#200 = ORIENTED_EDGE('',*,*,#201,.T.);
#201 = EDGE_CURVE('',#193,#202,#204,.T.);
#202 = VERTEX_POINT('',#203);
#203 = CARTESIAN_POINT('',(56.556547,-24.672296,0.));
#204 = LINE('',#205,#206);
#205 = CARTESIAN_POINT('',(56.556547,-23.799282,0.));
#206 = VECTOR('',#207,1.);
#207 = DIRECTION('',(0.,-1.,0.));
#208 = ORIENTED_EDGE('',*,*,#209,.T.);
#209 = EDGE_CURVE('',#202,#210,#212,.T.);
#210 = VERTEX_POINT('',#211);
#211 = CARTESIAN_POINT('',(29.053138,-29.6138,0.));
#212 = LINE('',#213,#214);
#213 = CARTESIAN_POINT('',(56.556547,-24.672296,0.));
#214 = VECTOR('',#215,1.);
#215 = DIRECTION('',(-0.984240111386,-0.176837222156,0.));
#216 = ORIENTED_EDGE('',*,*,#217,.F.);
#217 = EDGE_CURVE('',#218,#210,#220,.T.);
#218 = VERTEX_POINT('',#219);
#219 = CARTESIAN_POINT('',(24.372237,-27.945934,0.));
#220 = CIRCLE('',#221,4.999708);
#221 = AXIS2_PLACEMENT_3D('',#222,#223,#224);
#222 = CARTESIAN_POINT('',(28.168926859581,-24.6929006163,0.));
#223 = DIRECTION('',(0.,0.,1.));
#224 = DIRECTION('',(1.,0.,0.));
#225 = ORIENTED_EDGE('',*,*,#226,.T.);
#226 = EDGE_CURVE('',#218,#227,#229,.T.);
#227 = VERTEX_POINT('',#228);
#228 = CARTESIAN_POINT('',(22.102017,-26.907082,0.));
#229 = CIRCLE('',#230,3.);
#230 = AXIS2_PLACEMENT_3D('',#231,#232,#233);
#231 = CARTESIAN_POINT('',(22.102017071866,-29.907082,0.));
#232 = DIRECTION('',(0.,0.,1.));
#233 = DIRECTION('',(1.,0.,0.));
#234 = ORIENTED_EDGE('',*,*,#235,.T.);
#235 = EDGE_CURVE('',#227,#236,#238,.T.);
#236 = VERTEX_POINT('',#237);
#237 = CARTESIAN_POINT('',(19.261011,-28.943398,0.));
#238 = CIRCLE('',#239,3.);
#239 = AXIS2_PLACEMENT_3D('',#240,#241,#242);
#240 = CARTESIAN_POINT('',(22.102016657887,-29.907082,0.));
#241 = DIRECTION('',(0.,0.,1.));
#242 = DIRECTION('',(1.,0.,0.));
#243 = ORIENTED_EDGE('',*,*,#244,.F.);
#244 = EDGE_CURVE('',#245,#236,#247,.T.);
#245 = VERTEX_POINT('',#246);
#246 = CARTESIAN_POINT('',(16.477837,-31.940481,0.));
#247 = CIRCLE('',#248,4.999611);
#248 = AXIS2_PLACEMENT_3D('',#249,#250,#251);
#249 = CARTESIAN_POINT('',(14.526343055455,-27.33746225837,0.));
#250 = DIRECTION('',(0.,0.,1.));
#251 = DIRECTION('',(1.,0.,0.));
#252 = ORIENTED_EDGE('',*,*,#253,.T.);
#253 = EDGE_CURVE('',#245,#254,#256,.T.);
#254 = VERTEX_POINT('',#255);
#255 = CARTESIAN_POINT('',(14.308464,-35.80347,0.));
#256 = B_SPLINE_CURVE_WITH_KNOTS('',3,(#257,#258,#259,#260),
  .UNSPECIFIED.,.F.,.F.,(4,4),(0.,1.),.PIECEWISE_BEZIER_KNOTS.);
#257 = CARTESIAN_POINT('',(16.477837,-31.940481,0.));
#258 = CARTESIAN_POINT('',(14.957523,-32.535108,0.));
#259 = CARTESIAN_POINT('',(14.015784,-34.1353,0.));
#260 = CARTESIAN_POINT('',(14.308464,-35.80347,0.));
#261 = ORIENTED_EDGE('',*,*,#262,.T.);
#262 = EDGE_CURVE('',#254,#263,#265,.T.);
#263 = VERTEX_POINT('',#264);
#264 = CARTESIAN_POINT('',(15.222487,-41.023552,0.));
#265 = LINE('',#266,#267);
#266 = CARTESIAN_POINT('',(14.308464,-35.80347,0.));
#267 = VECTOR('',#268,1.);
#268 = DIRECTION('',(0.172473459679,-0.985014165231,0.));
#269 = ORIENTED_EDGE('',*,*,#270,.T.);
#270 = EDGE_CURVE('',#263,#271,#273,.T.);
#271 = VERTEX_POINT('',#272);
#272 = CARTESIAN_POINT('',(16.274514,-47.023647,0.));
#273 = LINE('',#274,#275);
#274 = CARTESIAN_POINT('',(15.222487,-41.023552,0.));
#275 = VECTOR('',#276,1.);
#276 = DIRECTION('',(0.172700538777,-0.984974377284,0.));
#277 = ORIENTED_EDGE('',*,*,#278,.T.);
#278 = EDGE_CURVE('',#271,#279,#281,.T.);
#279 = VERTEX_POINT('',#280);
#280 = CARTESIAN_POINT('',(18.102561,-57.46381,0.));
#281 = LINE('',#282,#283);
#282 = CARTESIAN_POINT('',(16.274514,-47.023647,0.));
#283 = VECTOR('',#284,1.);
#284 = DIRECTION('',(0.17247356725,-0.985014146396,0.));
#285 = ORIENTED_EDGE('',*,*,#286,.T.);
#286 = EDGE_CURVE('',#279,#287,#289,.T.);
#287 = VERTEX_POINT('',#288);
#288 = CARTESIAN_POINT('',(19.154588,-63.463905,0.));
#289 = LINE('',#290,#291);
#290 = CARTESIAN_POINT('',(18.102561,-57.46381,0.));
#291 = VECTOR('',#292,1.);
#292 = DIRECTION('',(0.172700538777,-0.984974377284,0.));
#293 = ORIENTED_EDGE('',*,*,#294,.T.);
#294 = EDGE_CURVE('',#287,#295,#297,.T.);
#295 = VERTEX_POINT('',#296);
#296 = CARTESIAN_POINT('',(23.90871,-90.604331,0.));
#297 = LINE('',#298,#299);
#298 = CARTESIAN_POINT('',(19.154588,-63.463905,0.));
#299 = VECTOR('',#300,1.);
#300 = DIRECTION('',(0.172540465078,-0.985002430408,0.));
#301 = ORIENTED_EDGE('',*,*,#302,.T.);
#302 = EDGE_CURVE('',#295,#303,#305,.T.);
#303 = VERTEX_POINT('',#304);
#304 = CARTESIAN_POINT('',(25.350747,-92.869366,0.));
#305 = B_SPLINE_CURVE_WITH_KNOTS('',3,(#306,#307,#308,#309),
  .UNSPECIFIED.,.F.,.F.,(4,4),(0.,1.),.PIECEWISE_BEZIER_KNOTS.);
#306 = CARTESIAN_POINT('',(23.90871,-90.604331,0.));
#307 = CARTESIAN_POINT('',(24.069714,-91.521345,0.));
#308 = CARTESIAN_POINT('',(24.588727,-92.335358,0.));
#309 = CARTESIAN_POINT('',(25.350747,-92.869366,0.));
#310 = ORIENTED_EDGE('',*,*,#311,.T.);
#311 = EDGE_CURVE('',#303,#312,#314,.T.);
#312 = VERTEX_POINT('',#313);
#313 = CARTESIAN_POINT('',(26.97652,-93.479687,0.));
#314 = B_SPLINE_CURVE_WITH_KNOTS('',3,(#315,#316,#317,#318),
  .UNSPECIFIED.,.F.,.F.,(4,4),(0.,1.),.PIECEWISE_BEZIER_KNOTS.);
#315 = CARTESIAN_POINT('',(25.350747,-92.869366,0.));
#316 = CARTESIAN_POINT('',(25.837358,-93.209289,0.));
#317 = CARTESIAN_POINT('',(26.39718,-93.41662,0.));
#318 = CARTESIAN_POINT('',(26.97652,-93.479687,0.));
#319 = ORIENTED_EDGE('',*,*,#320,.F.);
#320 = EDGE_CURVE('',#321,#312,#323,.T.);
#321 = VERTEX_POINT('',#322);
#322 = CARTESIAN_POINT('',(42.532807,-104.075784,0.));
#323 = CIRCLE('',#324,19.999941);
#324 = AXIS2_PLACEMENT_3D('',#325,#326,#327);
#325 = CARTESIAN_POINT('',(24.819961246343,-113.3630190735,0.));
#326 = DIRECTION('',(0.,0.,1.));
#327 = DIRECTION('',(1.,0.,0.));
#328 = ORIENTED_EDGE('',*,*,#329,.T.);
#329 = EDGE_CURVE('',#321,#330,#332,.T.);
#330 = VERTEX_POINT('',#331);
#331 = CARTESIAN_POINT('',(48.919351,-107.220592,0.));
#332 = B_SPLINE_CURVE_WITH_KNOTS('',3,(#333,#334,#335,#336),
  .UNSPECIFIED.,.F.,.F.,(4,4),(0.,1.),.PIECEWISE_BEZIER_KNOTS.);
#333 = CARTESIAN_POINT('',(42.532807,-104.075784,0.));
#334 = CARTESIAN_POINT('',(43.710081,-106.349032,0.));
#335 = CARTESIAN_POINT('',(46.267119,-107.695419,0.));
#336 = CARTESIAN_POINT('',(48.919351,-107.220592,0.));
#337 = ORIENTED_EDGE('',*,*,#338,.T.);
#338 = EDGE_CURVE('',#330,#339,#341,.T.);
#339 = VERTEX_POINT('',#340);
#340 = CARTESIAN_POINT('',(83.372234,-101.052495,0.));
#341 = LINE('',#342,#343);
#342 = CARTESIAN_POINT('',(48.919351,-107.220592,0.));
#343 = VECTOR('',#344,1.);
#344 = DIRECTION('',(0.984349376177,0.17622799329,0.));
#345 = ORIENTED_EDGE('',*,*,#346,.T.);
#346 = EDGE_CURVE('',#339,#347,#349,.T.);
#347 = VERTEX_POINT('',#348);
#348 = CARTESIAN_POINT('',(83.779303,-100.965073,0.));
#349 = B_SPLINE_CURVE_WITH_KNOTS('',3,(#350,#351,#352,#353),
  .UNSPECIFIED.,.F.,.F.,(4,4),(0.,1.),.PIECEWISE_BEZIER_KNOTS.);
#350 = CARTESIAN_POINT('',(83.372234,-101.052495,0.));
#351 = CARTESIAN_POINT('',(83.50974,-101.027873,0.));
#352 = CARTESIAN_POINT('',(83.64548,-100.998675,0.));
#353 = CARTESIAN_POINT('',(83.779303,-100.965073,0.));
#354 = ORIENTED_EDGE('',*,*,#355,.F.);
#355 = EDGE_CURVE('',#356,#347,#358,.T.);
#356 = VERTEX_POINT('',#357);
#357 = CARTESIAN_POINT('',(102.551073,-99.891035,0.));
#358 = CIRCLE('',#359,50.);
#359 = AXIS2_PLACEMENT_3D('',#360,#361,#362);
#360 = CARTESIAN_POINT('',(95.97035598173,-149.4560848186,0.));
#361 = DIRECTION('',(0.,0.,1.));
#362 = DIRECTION('',(1.,0.,0.));
#363 = ORIENTED_EDGE('',*,*,#364,.T.);
#364 = EDGE_CURVE('',#356,#365,#367,.T.);
#365 = VERTEX_POINT('',#366);
#366 = CARTESIAN_POINT('',(128.735397,-103.29753,0.));
#367 = LINE('',#368,#369);
#368 = CARTESIAN_POINT('',(102.551073,-99.891035,0.));
#369 = VECTOR('',#370,1.);
#370 = DIRECTION('',(0.991643349938,-0.129009559817,0.));
#371 = ORIENTED_EDGE('',*,*,#372,.T.);
#372 = EDGE_CURVE('',#365,#373,#375,.T.);
#373 = VERTEX_POINT('',#374);
#374 = CARTESIAN_POINT('',(137.319913,-108.285074,0.));
#375 = LINE('',#376,#377);
#376 = CARTESIAN_POINT('',(128.735397,-103.29753,0.));
#377 = VECTOR('',#378,1.);
#378 = DIRECTION('',(0.86465830132,-0.502360450234,0.));
#379 = ORIENTED_EDGE('',*,*,#380,.F.);
#380 = EDGE_CURVE('',#381,#373,#383,.T.);
#381 = VERTEX_POINT('',#382);
#382 = CARTESIAN_POINT('',(139.807699,-112.545673,0.));
#383 = CIRCLE('',#384,4.999931);
#384 = AXIS2_PLACEMENT_3D('',#385,#386,#387);
#385 = CARTESIAN_POINT('',(134.80816041736,-112.6083145633,0.));
#386 = DIRECTION('',(0.,0.,1.));
#387 = DIRECTION('',(1.,0.,0.));
#388 = ORIENTED_EDGE('',*,*,#389,.T.);
#389 = EDGE_CURVE('',#381,#390,#392,.T.);
#390 = VERTEX_POINT('',#391);
#391 = CARTESIAN_POINT('',(139.807698,-112.548516,0.));
#392 = B_SPLINE_CURVE_WITH_KNOTS('',3,(#393,#394,#395,#396),
  .UNSPECIFIED.,.F.,.F.,(4,4),(0.,1.),.PIECEWISE_BEZIER_KNOTS.);
#393 = CARTESIAN_POINT('',(139.807699,-112.545673,0.));
#394 = CARTESIAN_POINT('',(139.807698,-112.546621,0.));
#395 = CARTESIAN_POINT('',(139.807698,-112.547568,0.));
#396 = CARTESIAN_POINT('',(139.807698,-112.548516,0.));
#397 = ORIENTED_EDGE('',*,*,#398,.T.);
#398 = EDGE_CURVE('',#390,#399,#401,.T.);
#399 = VERTEX_POINT('',#400);
#400 = CARTESIAN_POINT('',(142.807698,-115.548516,0.));
#401 = CIRCLE('',#402,3.);
#402 = AXIS2_PLACEMENT_3D('',#403,#404,#405);
#403 = CARTESIAN_POINT('',(142.807698,-112.548516,0.));
#404 = DIRECTION('',(0.,0.,1.));
#405 = DIRECTION('',(1.,0.,0.));
#406 = ORIENTED_EDGE('',*,*,#407,.T.);
#407 = EDGE_CURVE('',#399,#408,#410,.T.);
#408 = VERTEX_POINT('',#409);
#409 = CARTESIAN_POINT('',(143.615509,-115.438509,0.));
#410 = B_SPLINE_CURVE_WITH_KNOTS('',3,(#411,#412,#413,#414),
  .UNSPECIFIED.,.F.,.F.,(4,4),(0.,1.),.PIECEWISE_BEZIER_KNOTS.);
#411 = CARTESIAN_POINT('',(142.807698,-115.548516,0.));
#412 = CARTESIAN_POINT('',(143.087577,-115.548516,0.));
#413 = CARTESIAN_POINT('',(143.358505,-115.51019,0.));
#414 = CARTESIAN_POINT('',(143.615509,-115.438509,0.));
#415 = ORIENTED_EDGE('',*,*,#416,.F.);
#416 = EDGE_CURVE('',#417,#408,#419,.T.);
#417 = VERTEX_POINT('',#418);
#418 = CARTESIAN_POINT('',(148.488787,-116.710097,0.));
#419 = CIRCLE('',#420,5.);
#420 = AXIS2_PLACEMENT_3D('',#421,#422,#423);
#421 = CARTESIAN_POINT('',(144.96155833788,-120.2539166857,0.));
#422 = DIRECTION('',(0.,0.,1.));
#423 = DIRECTION('',(1.,0.,0.));
#424 = ORIENTED_EDGE('',*,*,#425,.T.);
#425 = EDGE_CURVE('',#417,#426,#428,.T.);
#426 = VERTEX_POINT('',#427);
#427 = CARTESIAN_POINT('',(155.859092,-123.981855,0.));
#428 = LINE('',#429,#430);
#429 = CARTESIAN_POINT('',(148.488787,-116.710097,0.));
#430 = VECTOR('',#431,1.);
#431 = DIRECTION('',(0.711849772901,-0.702331759797,0.));
#432 = ORIENTED_EDGE('',*,*,#433,.T.);
#433 = EDGE_CURVE('',#426,#434,#436,.T.);
#434 = VERTEX_POINT('',#435);
#435 = CARTESIAN_POINT('',(156.361105,-124.392861,0.));
#436 = B_SPLINE_CURVE_WITH_KNOTS('',3,(#437,#438,#439,#440),
  .UNSPECIFIED.,.F.,.F.,(4,4),(0.,1.),.PIECEWISE_BEZIER_KNOTS.);
#437 = CARTESIAN_POINT('',(155.859092,-123.981855,0.));
#438 = CARTESIAN_POINT('',(156.013096,-124.133857,0.));
#439 = CARTESIAN_POINT('',(156.1811,-124.271859,0.));
#440 = CARTESIAN_POINT('',(156.361105,-124.392861,0.));
#441 = ORIENTED_EDGE('',*,*,#442,.T.);
#442 = EDGE_CURVE('',#434,#443,#445,.T.);
#443 = VERTEX_POINT('',#444);
#444 = CARTESIAN_POINT('',(162.889272,-123.416846,0.));
#445 = B_SPLINE_CURVE_WITH_KNOTS('',3,(#446,#447,#448,#449),
  .UNSPECIFIED.,.F.,.F.,(4,4),(0.,1.),.PIECEWISE_BEZIER_KNOTS.);
#446 = CARTESIAN_POINT('',(156.361105,-124.392861,0.));
#447 = CARTESIAN_POINT('',(158.461159,-125.807884,0.));
#448 = CARTESIAN_POINT('',(161.294231,-125.383877,0.));
#449 = CARTESIAN_POINT('',(162.889272,-123.416846,0.));
#450 = ORIENTED_EDGE('',*,*,#451,.T.);
#451 = EDGE_CURVE('',#443,#452,#454,.T.);
#452 = VERTEX_POINT('',#453);
#453 = CARTESIAN_POINT('',(182.724104,-103.576942,0.));
#454 = LINE('',#455,#456);
#455 = CARTESIAN_POINT('',(162.889272,-123.416846,0.));
#456 = VECTOR('',#457,1.);
#457 = DIRECTION('',(0.707016379204,0.707197171613,0.));
#458 = ORIENTED_EDGE('',*,*,#459,.F.);
#459 = EDGE_CURVE('',#460,#452,#462,.T.);
#460 = VERTEX_POINT('',#461);
#461 = CARTESIAN_POINT('',(187.406821,-102.245325,0.));
#462 = CIRCLE('',#463,4.999902);
#463 = AXIS2_PLACEMENT_3D('',#464,#465,#466);
#464 = CARTESIAN_POINT('',(186.26003842581,-107.1119367306,0.));
#465 = DIRECTION('',(0.,0.,1.));
#466 = DIRECTION('',(1.,0.,0.));
#467 = ORIENTED_EDGE('',*,*,#468,.T.);
#468 = EDGE_CURVE('',#460,#469,#471,.T.);
#469 = VERTEX_POINT('',#470);
#470 = CARTESIAN_POINT('',(188.131757,-102.333538,0.));
#471 = B_SPLINE_CURVE_WITH_KNOTS('',3,(#472,#473,#474,#475),
  .UNSPECIFIED.,.F.,.F.,(4,4),(0.,1.),.PIECEWISE_BEZIER_KNOTS.);
#472 = CARTESIAN_POINT('',(187.406821,-102.245325,0.));
#473 = CARTESIAN_POINT('',(187.63894,-102.302963,0.));
#474 = CARTESIAN_POINT('',(187.881778,-102.333538,0.));
#475 = CARTESIAN_POINT('',(188.131757,-102.333538,0.));
#476 = ORIENTED_EDGE('',*,*,#477,.T.);
#477 = EDGE_CURVE('',#469,#478,#480,.T.);
#478 = VERTEX_POINT('',#479);
#479 = CARTESIAN_POINT('',(191.131757,-99.333538,0.));
#480 = CIRCLE('',#481,3.);
#481 = AXIS2_PLACEMENT_3D('',#482,#483,#484);
#482 = CARTESIAN_POINT('',(188.131757,-99.333538,0.));
#483 = DIRECTION('',(0.,0.,1.));
#484 = DIRECTION('',(1.,0.,0.));
#485 = ORIENTED_EDGE('',*,*,#486,.T.);
#486 = EDGE_CURVE('',#478,#487,#489,.T.);
#487 = VERTEX_POINT('',#488);
#488 = CARTESIAN_POINT('',(190.832026,-98.025489,0.));
#489 = B_SPLINE_CURVE_WITH_KNOTS('',3,(#490,#491,#492,#493),
  .UNSPECIFIED.,.F.,.F.,(4,4),(0.,1.),.PIECEWISE_BEZIER_KNOTS.);
#490 = CARTESIAN_POINT('',(191.131757,-99.333538,0.));
#491 = CARTESIAN_POINT('',(191.131757,-98.864497,0.));
#492 = CARTESIAN_POINT('',(191.024116,-98.420598,0.));
#493 = CARTESIAN_POINT('',(190.832026,-98.025489,0.));
#494 = ORIENTED_EDGE('',*,*,#495,.F.);
#495 = EDGE_CURVE('',#496,#487,#498,.T.);
#496 = VERTEX_POINT('',#497);
#497 = CARTESIAN_POINT('',(190.393212,-95.029605,0.));
#498 = CIRCLE('',#499,4.99976);
#499 = AXIS2_PLACEMENT_3D('',#500,#501,#502);
#500 = CARTESIAN_POINT('',(195.32735464683,-95.83696885741,0.));
#501 = DIRECTION('',(0.,0.,1.));
#502 = DIRECTION('',(1.,0.,0.));
#503 = ORIENTED_EDGE('',*,*,#504,.T.);
#504 = EDGE_CURVE('',#496,#505,#507,.T.);
#505 = VERTEX_POINT('',#506);
#506 = CARTESIAN_POINT('',(190.449979,-94.40239,0.));
#507 = B_SPLINE_CURVE_WITH_KNOTS('',3,(#508,#509,#510,#511),
  .UNSPECIFIED.,.F.,.F.,(4,4),(0.,1.),.PIECEWISE_BEZIER_KNOTS.);
#508 = CARTESIAN_POINT('',(190.393212,-95.029605,0.));
#509 = CARTESIAN_POINT('',(190.430714,-94.824074,0.));
#510 = CARTESIAN_POINT('',(190.449979,-94.614198,0.));
#511 = CARTESIAN_POINT('',(190.449979,-94.40239,0.));
#512 = ORIENTED_EDGE('',*,*,#513,.T.);
#513 = EDGE_CURVE('',#505,#514,#516,.T.);
#514 = VERTEX_POINT('',#515);
#515 = CARTESIAN_POINT('',(190.454979,-87.006274,0.));
#516 = LINE('',#517,#518);
#517 = CARTESIAN_POINT('',(190.449979,-94.40239,0.));
#518 = VECTOR('',#519,1.);
#519 = DIRECTION('',(6.760303458574E-04,0.999999771491,0.));
#520 = ORIENTED_EDGE('',*,*,#521,.T.);
#521 = EDGE_CURVE('',#514,#522,#524,.T.);
#522 = VERTEX_POINT('',#523);
#523 = CARTESIAN_POINT('',(190.454979,-87.001274,0.));
#524 = B_SPLINE_CURVE_WITH_KNOTS('',3,(#525,#526,#527,#528),
  .UNSPECIFIED.,.F.,.F.,(4,4),(0.,1.),.PIECEWISE_BEZIER_KNOTS.);
#525 = CARTESIAN_POINT('',(190.454979,-87.006274,0.));
#526 = CARTESIAN_POINT('',(190.454979,-87.004274,0.));
#527 = CARTESIAN_POINT('',(190.454979,-87.003274,0.));
#528 = CARTESIAN_POINT('',(190.454979,-87.001274,0.));
#529 = ORIENTED_EDGE('',*,*,#530,.T.);
#530 = EDGE_CURVE('',#522,#531,#533,.T.);
#531 = VERTEX_POINT('',#532);
#532 = CARTESIAN_POINT('',(190.449979,-81.00118,0.));
#533 = LINE('',#534,#535);
#534 = CARTESIAN_POINT('',(190.454979,-87.001274,0.));
#535 = VECTOR('',#536,1.);
#536 = DIRECTION('',(-8.333199886482E-04,0.999999652789,0.));
#537 = ORIENTED_EDGE('',*,*,#538,.T.);
#538 = EDGE_CURVE('',#531,#539,#541,.T.);
#539 = VERTEX_POINT('',#540);
#540 = CARTESIAN_POINT('',(190.416978,-38.000505,0.));
#541 = LINE('',#542,#543);
#542 = CARTESIAN_POINT('',(190.449979,-81.00118,0.));
#543 = VECTOR('',#544,1.);
#544 = DIRECTION('',(-7.674528430415E-04,0.999999705508,0.));
#545 = ORIENTED_EDGE('',*,*,#546,.T.);
#546 = EDGE_CURVE('',#539,#547,#549,.T.);
#547 = VERTEX_POINT('',#548);
#548 = CARTESIAN_POINT('',(190.415071,-35.14086,0.));
#549 = LINE('',#550,#551);
#550 = CARTESIAN_POINT('',(190.416978,-38.000505,0.));
#551 = VECTOR('',#552,1.);
#552 = DIRECTION('',(-6.668658438224E-04,0.999999777645,0.));
#553 = ORIENTED_EDGE('',*,*,#554,.F.);
#554 = EDGE_CURVE('',#555,#547,#557,.T.);
#555 = VERTEX_POINT('',#556);
#556 = CARTESIAN_POINT('',(192.561472,-31.031835,0.));
#557 = CIRCLE('',#558,4.99988);
#558 = AXIS2_PLACEMENT_3D('',#559,#560,#561);
#559 = CARTESIAN_POINT('',(195.41494986929,-35.1374974391,0.));
#560 = DIRECTION('',(0.,0.,1.));
#561 = DIRECTION('',(1.,0.,0.));
#562 = ORIENTED_EDGE('',*,*,#563,.T.);
#563 = EDGE_CURVE('',#555,#564,#566,.T.);
#564 = VERTEX_POINT('',#565);
#565 = CARTESIAN_POINT('',(193.848572,-28.56891499913,0.));
#566 = CIRCLE('',#567,3.);
#567 = AXIS2_PLACEMENT_3D('',#568,#569,#570);
#568 = CARTESIAN_POINT('',(190.848572,-28.5689152713,0.));
#569 = DIRECTION('',(0.,0.,1.));
#570 = DIRECTION('',(1.,0.,0.));
#571 = ORIENTED_EDGE('',*,*,#572,.T.);
#572 = EDGE_CURVE('',#564,#573,#575,.T.);
#573 = VERTEX_POINT('',#574);
#574 = CARTESIAN_POINT('',(192.37187599925,-25.98443299956,0.));
#575 = CIRCLE('',#576,3.);
#576 = AXIS2_PLACEMENT_3D('',#577,#578,#579);
#577 = CARTESIAN_POINT('',(190.848572,-28.56891455798,0.));
#578 = DIRECTION('',(0.,0.,1.));
#579 = DIRECTION('',(1.,0.,0.));
#580 = ORIENTED_EDGE('',*,*,#581,.F.);
#581 = EDGE_CURVE('',#582,#573,#584,.T.);
#582 = VERTEX_POINT('',#583);
#583 = CARTESIAN_POINT('',(190.190822,-23.326947,0.));
#584 = CIRCLE('',#585,4.999868);
#585 = AXIS2_PLACEMENT_3D('',#586,#587,#588);
#586 = CARTESIAN_POINT('',(194.91062813709,-21.67706517221,0.));
#587 = DIRECTION('',(0.,0.,1.));
#588 = DIRECTION('',(1.,0.,0.));
#589 = ORIENTED_EDGE('',*,*,#590,.T.);
#590 = EDGE_CURVE('',#582,#591,#593,.T.);
#591 = VERTEX_POINT('',#592);
#592 = CARTESIAN_POINT('',(186.406875,-20.627232,0.));
#593 = B_SPLINE_CURVE_WITH_KNOTS('',3,(#594,#595,#596,#597),
  .UNSPECIFIED.,.F.,.F.,(4,4),(0.,1.),.PIECEWISE_BEZIER_KNOTS.);
#594 = CARTESIAN_POINT('',(190.190822,-23.326947,0.));
#595 = CARTESIAN_POINT('',(189.651008,-21.756213,0.));
#596 = CARTESIAN_POINT('',(188.160447,-20.627232,0.));
#597 = CARTESIAN_POINT('',(186.406875,-20.627232,0.));
#598 = ORIENTED_EDGE('',*,*,#599,.T.);
#599 = EDGE_CURVE('',#591,#600,#602,.T.);
#600 = VERTEX_POINT('',#601);
#601 = CARTESIAN_POINT('',(176.186613,-20.627232,0.));
#602 = LINE('',#603,#604);
#603 = CARTESIAN_POINT('',(186.406875,-20.627232,0.));
#604 = VECTOR('',#605,1.);
#605 = DIRECTION('',(-1.,0.,0.));
#606 = ORIENTED_EDGE('',*,*,#607,.T.);
#607 = EDGE_CURVE('',#600,#608,#610,.T.);
#608 = VERTEX_POINT('',#609);
#609 = CARTESIAN_POINT('',(161.267293,-18.686685,0.));
#610 = LINE('',#611,#612);
#611 = CARTESIAN_POINT('',(176.186613,-20.627232,0.));
#612 = VECTOR('',#613,1.);
#613 = DIRECTION('',(-0.991646817089,0.128982906457,0.));
#614 = ORIENTED_EDGE('',*,*,#615,.F.);
#615 = EDGE_CURVE('',#616,#608,#618,.T.);
#616 = VERTEX_POINT('',#617);
#617 = CARTESIAN_POINT('',(157.53906,-16.152288,0.));
#618 = CIRCLE('',#619,4.999724);
#619 = AXIS2_PLACEMENT_3D('',#620,#621,#622);
#620 = CARTESIAN_POINT('',(161.91210694656,-13.72871615676,0.));
#621 = DIRECTION('',(0.,0.,1.));
#622 = DIRECTION('',(1.,0.,0.));
#623 = ORIENTED_EDGE('',*,*,#624,.T.);
#624 = EDGE_CURVE('',#616,#625,#627,.T.);
#625 = VERTEX_POINT('',#626);
#626 = CARTESIAN_POINT('',(154.918248,-14.6122,0.));
#627 = CIRCLE('',#628,3.);
#628 = AXIS2_PLACEMENT_3D('',#629,#630,#631);
#629 = CARTESIAN_POINT('',(154.91824773044,-17.6122,0.));
#630 = DIRECTION('',(0.,0.,1.));
#631 = DIRECTION('',(1.,0.,0.));
#632 = ORIENTED_EDGE('',*,*,#633,.T.);
#633 = EDGE_CURVE('',#625,#634,#636,.T.);
#634 = VERTEX_POINT('',#635);
#635 = CARTESIAN_POINT('',(152.389848,-15.99752,0.));
#636 = CIRCLE('',#637,3.);
#637 = AXIS2_PLACEMENT_3D('',#638,#639,#640);
#638 = CARTESIAN_POINT('',(154.91824838316,-17.6122,0.));
#639 = DIRECTION('',(0.,0.,1.));
#640 = DIRECTION('',(1.,0.,0.));
#641 = ORIENTED_EDGE('',*,*,#642,.F.);
#642 = EDGE_CURVE('',#643,#634,#645,.T.);
#643 = VERTEX_POINT('',#644);
#644 = CARTESIAN_POINT('',(148.156578,-18.306349,0.));
#645 = CIRCLE('',#646,5.);
#646 = AXIS2_PLACEMENT_3D('',#647,#648,#649);
#647 = CARTESIAN_POINT('',(148.17584770265,-13.30638613228,0.));
#648 = DIRECTION('',(0.,0.,1.));
#649 = DIRECTION('',(1.,0.,0.));
#650 = ORIENTED_EDGE('',*,*,#651,.T.);
#651 = EDGE_CURVE('',#643,#652,#654,.T.);
#652 = VERTEX_POINT('',#653);
#653 = CARTESIAN_POINT('',(123.115253,-18.321196,0.));
#654 = LINE('',#655,#656);
#655 = CARTESIAN_POINT('',(148.156578,-18.306349,0.));
#656 = VECTOR('',#657,1.);
#657 = DIRECTION('',(-0.999999824235,-5.928998321941E-04,0.));
#658 = ORIENTED_EDGE('',*,*,#659,.T.);
#659 = EDGE_CURVE('',#652,#660,#662,.T.);
#660 = VERTEX_POINT('',#661);
#661 = CARTESIAN_POINT('',(119.408158,-15.823157,0.));
#662 = B_SPLINE_CURVE_WITH_KNOTS('',3,(#663,#664,#665,#666),
  .UNSPECIFIED.,.F.,.F.,(4,4),(0.,1.),.PIECEWISE_BEZIER_KNOTS.);
#663 = CARTESIAN_POINT('',(123.115253,-18.321196,0.));
#664 = CARTESIAN_POINT('',(122.504237,-16.811172,0.));
#665 = CARTESIAN_POINT('',(121.037199,-15.823157,0.));
#666 = CARTESIAN_POINT('',(119.408158,-15.823157,0.));
#667 = ORIENTED_EDGE('',*,*,#668,.T.);
#668 = EDGE_CURVE('',#660,#62,#669,.T.);
#669 = LINE('',#670,#671);
#670 = CARTESIAN_POINT('',(119.408158,-15.823157,0.));
#671 = VECTOR('',#672,1.);
#672 = DIRECTION('',(-1.,0.,0.));
#673 = ORIENTED_EDGE('',*,*,#79,.T.);
#674 = FACE_BOUND('',#675,.F.);
#675 = EDGE_LOOP('',(#676));
#676 = ORIENTED_EDGE('',*,*,#677,.F.);
#677 = EDGE_CURVE('',#678,#678,#680,.T.);
#678 = VERTEX_POINT('',#679);
#679 = CARTESIAN_POINT('',(88.92261,-94.82474,0.));
#680 = CIRCLE('',#681,1.6);
#681 = AXIS2_PLACEMENT_3D('',#682,#683,#684);
#682 = CARTESIAN_POINT('',(87.32261,-94.82474,0.));
#683 = DIRECTION('',(0.,0.,1.));
#684 = DIRECTION('',(1.,0.,0.));
#685 = FACE_BOUND('',#686,.F.);
#686 = EDGE_LOOP('',(#687));
#687 = ORIENTED_EDGE('',*,*,#688,.F.);
#688 = EDGE_CURVE('',#689,#689,#691,.T.);
#689 = VERTEX_POINT('',#690);
#690 = CARTESIAN_POINT('',(42.087843,-92.211337,0.));
#691 = CIRCLE('',#692,1.6);
#692 = AXIS2_PLACEMENT_3D('',#693,#694,#695);
#693 = CARTESIAN_POINT('',(40.487843,-92.211337,0.));
#694 = DIRECTION('',(0.,0.,1.));
#695 = DIRECTION('',(1.,0.,0.));
#696 = FACE_BOUND('',#697,.F.);
#697 = EDGE_LOOP('',(#698,#708,#717,#726,#734,#742,#750,#758,#766,#775,
    #783,#791,#800,#808,#817,#825,#834,#842,#851,#859,#867,#876,#884,
    #892,#901,#909,#917,#926,#934,#942,#950,#958,#966,#975,#983,#992,
    #1001,#1009,#1017,#1026,#1035,#1043,#1052,#1061,#1069,#1078,#1086,
    #1095,#1103,#1112,#1120));
#698 = ORIENTED_EDGE('',*,*,#699,.F.);
#699 = EDGE_CURVE('',#700,#702,#704,.T.);
#700 = VERTEX_POINT('',#701);
#701 = CARTESIAN_POINT('',(27.444801,-90.492329,0.));
#702 = VERTEX_POINT('',#703);
#703 = CARTESIAN_POINT('',(40.865422,-88.089678,0.));
#704 = LINE('',#705,#706);
#705 = CARTESIAN_POINT('',(27.444801,-90.492329,0.));
#706 = VECTOR('',#707,1.);
#707 = DIRECTION('',(0.984349907346,0.176225026341,0.));
#708 = ORIENTED_EDGE('',*,*,#709,.F.);
#709 = EDGE_CURVE('',#710,#700,#712,.T.);
#710 = VERTEX_POINT('',#711);
#711 = CARTESIAN_POINT('',(27.069791,-90.410328,0.));
#712 = B_SPLINE_CURVE_WITH_KNOTS('',3,(#713,#714,#715,#716),
  .UNSPECIFIED.,.F.,.F.,(4,4),(0.,1.),.PIECEWISE_BEZIER_KNOTS.);
#713 = CARTESIAN_POINT('',(27.069791,-90.410328,0.));
#714 = CARTESIAN_POINT('',(27.178794,-90.486329,0.));
#715 = CARTESIAN_POINT('',(27.313797,-90.516329,0.));
#716 = CARTESIAN_POINT('',(27.444801,-90.492329,0.));
#717 = ORIENTED_EDGE('',*,*,#718,.F.);
#718 = EDGE_CURVE('',#719,#710,#721,.T.);
#719 = VERTEX_POINT('',#720);
#720 = CARTESIAN_POINT('',(26.863786,-90.086323,0.));
#721 = B_SPLINE_CURVE_WITH_KNOTS('',3,(#722,#723,#724,#725),
  .UNSPECIFIED.,.F.,.F.,(4,4),(0.,1.),.PIECEWISE_BEZIER_KNOTS.);
#722 = CARTESIAN_POINT('',(26.863786,-90.086323,0.));
#723 = CARTESIAN_POINT('',(26.886786,-90.217325,0.));
#724 = CARTESIAN_POINT('',(26.960788,-90.334327,0.));
#725 = CARTESIAN_POINT('',(27.069791,-90.410328,0.));
#726 = ORIENTED_EDGE('',*,*,#727,.F.);
#727 = EDGE_CURVE('',#728,#719,#730,.T.);
#728 = VERTEX_POINT('',#729);
#729 = CARTESIAN_POINT('',(22.109664,-62.945897,0.));
#730 = LINE('',#731,#732);
#731 = CARTESIAN_POINT('',(22.109664,-62.945897,0.));
#732 = VECTOR('',#733,1.);
#733 = DIRECTION('',(0.172540465078,-0.985002430408,0.));
#734 = ORIENTED_EDGE('',*,*,#735,.F.);
#735 = EDGE_CURVE('',#736,#728,#738,.T.);
#736 = VERTEX_POINT('',#737);
#737 = CARTESIAN_POINT('',(21.057637,-56.945802,0.));
#738 = LINE('',#739,#740);
#739 = CARTESIAN_POINT('',(21.057637,-56.945802,0.));
#740 = VECTOR('',#741,1.);
#741 = DIRECTION('',(0.172700538777,-0.984974377284,0.));
#742 = ORIENTED_EDGE('',*,*,#743,.F.);
#743 = EDGE_CURVE('',#744,#736,#746,.T.);
#744 = VERTEX_POINT('',#745);
#745 = CARTESIAN_POINT('',(19.22959,-46.505638,0.));
#746 = LINE('',#747,#748);
#747 = CARTESIAN_POINT('',(19.22959,-46.505638,0.));
#748 = VECTOR('',#749,1.);
#749 = DIRECTION('',(0.172473551221,-0.985014149203,0.));
#750 = ORIENTED_EDGE('',*,*,#751,.F.);
#751 = EDGE_CURVE('',#752,#744,#754,.T.);
#752 = VERTEX_POINT('',#753);
#753 = CARTESIAN_POINT('',(18.177563,-40.505544,0.));
#754 = LINE('',#755,#756);
#755 = CARTESIAN_POINT('',(18.177563,-40.505544,0.));
#756 = VECTOR('',#757,1.);
#757 = DIRECTION('',(0.172700566701,-0.984974372388,0.));
#758 = ORIENTED_EDGE('',*,*,#759,.F.);
#759 = EDGE_CURVE('',#760,#752,#762,.T.);
#760 = VERTEX_POINT('',#761);
#761 = CARTESIAN_POINT('',(17.26354,-35.285462,0.));
#762 = LINE('',#763,#764);
#763 = CARTESIAN_POINT('',(17.26354,-35.285462,0.));
#764 = VECTOR('',#765,1.);
#765 = DIRECTION('',(0.172473459679,-0.985014165231,0.));
#766 = ORIENTED_EDGE('',*,*,#767,.F.);
#767 = EDGE_CURVE('',#768,#760,#770,.T.);
#768 = VERTEX_POINT('',#769);
#769 = CARTESIAN_POINT('',(17.66755,-34.707453,0.));
#770 = B_SPLINE_CURVE_WITH_KNOTS('',3,(#771,#772,#773,#774),
  .UNSPECIFIED.,.F.,.F.,(4,4),(0.,1.),.PIECEWISE_BEZIER_KNOTS.);
#771 = CARTESIAN_POINT('',(17.66755,-34.707453,0.));
#772 = CARTESIAN_POINT('',(17.396543,-34.756454,0.));
#773 = CARTESIAN_POINT('',(17.215538,-35.014458,0.));
#774 = CARTESIAN_POINT('',(17.26354,-35.285462,0.));
#775 = ORIENTED_EDGE('',*,*,#776,.F.);
#776 = EDGE_CURVE('',#777,#768,#779,.T.);
#777 = VERTEX_POINT('',#778);
#778 = CARTESIAN_POINT('',(59.556624,-27.181335,0.));
#779 = LINE('',#780,#781);
#780 = CARTESIAN_POINT('',(59.556624,-27.181335,0.));
#781 = VECTOR('',#782,1.);
#782 = DIRECTION('',(-0.984240278692,-0.176836290957,0.));
#783 = ORIENTED_EDGE('',*,*,#784,.F.);
#784 = EDGE_CURVE('',#785,#777,#787,.T.);
#785 = VERTEX_POINT('',#786);
#786 = CARTESIAN_POINT('',(59.556624,-23.799282,0.));
#787 = LINE('',#788,#789);
#788 = CARTESIAN_POINT('',(59.556624,-23.799282,0.));
#789 = VECTOR('',#790,1.);
#790 = DIRECTION('',(0.,-1.,0.));
#791 = ORIENTED_EDGE('',*,*,#792,.F.);
#792 = EDGE_CURVE('',#793,#785,#795,.T.);
#793 = VERTEX_POINT('',#794);
#794 = CARTESIAN_POINT('',(60.012635,-23.301274,0.));
#795 = B_SPLINE_CURVE_WITH_KNOTS('',3,(#796,#797,#798,#799),
  .UNSPECIFIED.,.F.,.F.,(4,4),(0.,1.),.PIECEWISE_BEZIER_KNOTS.);
#796 = CARTESIAN_POINT('',(60.012635,-23.301274,0.));
#797 = CARTESIAN_POINT('',(59.754629,-23.324274,0.));
#798 = CARTESIAN_POINT('',(59.556624,-23.540278,0.));
#799 = CARTESIAN_POINT('',(59.556624,-23.799282,0.));
#800 = ORIENTED_EDGE('',*,*,#801,.F.);
#801 = EDGE_CURVE('',#802,#793,#804,.T.);
#802 = VERTEX_POINT('',#803);
#803 = CARTESIAN_POINT('',(82.362208,-21.301243,0.));
#804 = LINE('',#805,#806);
#805 = CARTESIAN_POINT('',(82.362208,-21.301243,0.));
#806 = VECTOR('',#807,1.);
#807 = DIRECTION('',(-0.996019789091,-8.913237200529E-02,0.));
#808 = ORIENTED_EDGE('',*,*,#809,.F.);
#809 = EDGE_CURVE('',#810,#802,#812,.T.);
#810 = VERTEX_POINT('',#811);
#811 = CARTESIAN_POINT('',(82.407209,-21.299243,0.));
#812 = B_SPLINE_CURVE_WITH_KNOTS('',3,(#813,#814,#815,#816),
  .UNSPECIFIED.,.F.,.F.,(4,4),(0.,1.),.PIECEWISE_BEZIER_KNOTS.);
#813 = CARTESIAN_POINT('',(82.407209,-21.299243,0.));
#814 = CARTESIAN_POINT('',(82.392209,-21.299243,0.));
#815 = CARTESIAN_POINT('',(82.377209,-21.300243,0.));
#816 = CARTESIAN_POINT('',(82.362208,-21.301243,0.));
#817 = ORIENTED_EDGE('',*,*,#818,.F.);
#818 = EDGE_CURVE('',#819,#810,#821,.T.);
#819 = VERTEX_POINT('',#820);
#820 = CARTESIAN_POINT('',(82.407209,-17.573184,0.));
#821 = LINE('',#822,#823);
#822 = CARTESIAN_POINT('',(82.407209,-17.573184,0.));
#823 = VECTOR('',#824,1.);
#824 = DIRECTION('',(0.,-1.,0.));
#825 = ORIENTED_EDGE('',*,*,#826,.F.);
#826 = EDGE_CURVE('',#827,#819,#829,.T.);
#827 = VERTEX_POINT('',#828);
#828 = CARTESIAN_POINT('',(83.407235,-16.573168,0.));
#829 = B_SPLINE_CURVE_WITH_KNOTS('',3,(#830,#831,#832,#833),
  .UNSPECIFIED.,.F.,.F.,(4,4),(0.,1.),.PIECEWISE_BEZIER_KNOTS.);
#830 = CARTESIAN_POINT('',(83.407235,-16.573168,0.));
#831 = CARTESIAN_POINT('',(82.855221,-16.573168,0.));
#832 = CARTESIAN_POINT('',(82.407209,-17.021176,0.));
#833 = CARTESIAN_POINT('',(82.407209,-17.573184,0.));
#834 = ORIENTED_EDGE('',*,*,#835,.F.);
#835 = EDGE_CURVE('',#836,#827,#838,.T.);
#836 = VERTEX_POINT('',#837);
#837 = CARTESIAN_POINT('',(100.407671,-16.573168,0.));
#838 = LINE('',#839,#840);
#839 = CARTESIAN_POINT('',(100.407671,-16.573168,0.));
#840 = VECTOR('',#841,1.);
#841 = DIRECTION('',(-1.,0.,0.));
#842 = ORIENTED_EDGE('',*,*,#843,.F.);
#843 = EDGE_CURVE('',#844,#836,#846,.T.);
#844 = VERTEX_POINT('',#845);
#845 = CARTESIAN_POINT('',(101.407696,-17.573184,0.));
#846 = B_SPLINE_CURVE_WITH_KNOTS('',3,(#847,#848,#849,#850),
  .UNSPECIFIED.,.F.,.F.,(4,4),(0.,1.),.PIECEWISE_BEZIER_KNOTS.);
#847 = CARTESIAN_POINT('',(101.407696,-17.573184,0.));
#848 = CARTESIAN_POINT('',(101.407696,-17.021176,0.));
#849 = CARTESIAN_POINT('',(100.959685,-16.573168,0.));
#850 = CARTESIAN_POINT('',(100.407671,-16.573168,0.));
#851 = ORIENTED_EDGE('',*,*,#852,.F.);
#852 = EDGE_CURVE('',#853,#844,#855,.T.);
#853 = VERTEX_POINT('',#854);
#854 = CARTESIAN_POINT('',(101.407696,-18.823204,0.));
#855 = LINE('',#856,#857);
#856 = CARTESIAN_POINT('',(101.407696,-18.823204,0.));
#857 = VECTOR('',#858,1.);
#858 = DIRECTION('',(0.,1.,0.));
#859 = ORIENTED_EDGE('',*,*,#860,.F.);
#860 = EDGE_CURVE('',#861,#853,#863,.T.);
#861 = VERTEX_POINT('',#862);
#862 = CARTESIAN_POINT('',(119.408158,-18.823204,0.));
#863 = LINE('',#864,#865);
#864 = CARTESIAN_POINT('',(119.408158,-18.823204,0.));
#865 = VECTOR('',#866,1.);
#866 = DIRECTION('',(-1.,0.,0.));
#867 = ORIENTED_EDGE('',*,*,#868,.F.);
#868 = EDGE_CURVE('',#869,#861,#871,.T.);
#869 = VERTEX_POINT('',#870);
#870 = CARTESIAN_POINT('',(120.408183,-19.82322,0.));
#871 = B_SPLINE_CURVE_WITH_KNOTS('',3,(#872,#873,#874,#875),
  .UNSPECIFIED.,.F.,.F.,(4,4),(0.,1.),.PIECEWISE_BEZIER_KNOTS.);
#872 = CARTESIAN_POINT('',(120.408183,-19.82322,0.));
#873 = CARTESIAN_POINT('',(120.408183,-19.271211,0.));
#874 = CARTESIAN_POINT('',(119.960172,-18.823204,0.));
#875 = CARTESIAN_POINT('',(119.408158,-18.823204,0.));
#876 = ORIENTED_EDGE('',*,*,#877,.F.);
#877 = EDGE_CURVE('',#878,#869,#880,.T.);
#878 = VERTEX_POINT('',#879);
#879 = CARTESIAN_POINT('',(120.408183,-21.323243,0.));
#880 = LINE('',#881,#882);
#881 = CARTESIAN_POINT('',(120.408183,-21.323243,0.));
#882 = VECTOR('',#883,1.);
#883 = DIRECTION('',(0.,1.,0.));
#884 = ORIENTED_EDGE('',*,*,#885,.F.);
#885 = EDGE_CURVE('',#886,#878,#888,.T.);
#886 = VERTEX_POINT('',#887);
#887 = CARTESIAN_POINT('',(158.059148,-21.299243,0.));
#888 = LINE('',#889,#890);
#889 = CARTESIAN_POINT('',(158.059148,-21.299243,0.));
#890 = VECTOR('',#891,1.);
#891 = DIRECTION('',(-0.999999796839,-6.374337317553E-04,0.));
#892 = ORIENTED_EDGE('',*,*,#893,.F.);
#893 = EDGE_CURVE('',#894,#886,#896,.T.);
#894 = VERTEX_POINT('',#895);
#895 = CARTESIAN_POINT('',(158.12415,-21.303243,0.));
#896 = B_SPLINE_CURVE_WITH_KNOTS('',3,(#897,#898,#899,#900),
  .UNSPECIFIED.,.F.,.F.,(4,4),(0.,1.),.PIECEWISE_BEZIER_KNOTS.);
#897 = CARTESIAN_POINT('',(158.12415,-21.303243,0.));
#898 = CARTESIAN_POINT('',(158.102149,-21.300243,0.));
#899 = CARTESIAN_POINT('',(158.081149,-21.299243,0.));
#900 = CARTESIAN_POINT('',(158.059148,-21.299243,0.));
#901 = ORIENTED_EDGE('',*,*,#902,.F.);
#902 = EDGE_CURVE('',#903,#894,#905,.T.);
#903 = VERTEX_POINT('',#904);
#904 = CARTESIAN_POINT('',(175.992608,-23.627279,0.));
#905 = LINE('',#906,#907);
#906 = CARTESIAN_POINT('',(175.992608,-23.627279,0.));
#907 = VECTOR('',#908,1.);
#908 = DIRECTION('',(-0.991647552536,0.128977252061,0.));
#909 = ORIENTED_EDGE('',*,*,#910,.F.);
#910 = EDGE_CURVE('',#911,#903,#913,.T.);
#911 = VERTEX_POINT('',#912);
#912 = CARTESIAN_POINT('',(186.406875,-23.627279,0.));
#913 = LINE('',#914,#915);
#914 = CARTESIAN_POINT('',(186.406875,-23.627279,0.));
#915 = VECTOR('',#916,1.);
#916 = DIRECTION('',(-1.,0.,0.));
#917 = ORIENTED_EDGE('',*,*,#918,.F.);
#918 = EDGE_CURVE('',#919,#911,#921,.T.);
#919 = VERTEX_POINT('',#920);
#920 = CARTESIAN_POINT('',(187.406901,-24.627295,0.));
#921 = B_SPLINE_CURVE_WITH_KNOTS('',3,(#922,#923,#924,#925),
  .UNSPECIFIED.,.F.,.F.,(4,4),(0.,1.),.PIECEWISE_BEZIER_KNOTS.);
#922 = CARTESIAN_POINT('',(187.406901,-24.627295,0.));
#923 = CARTESIAN_POINT('',(187.406901,-24.075286,0.));
#924 = CARTESIAN_POINT('',(186.958889,-23.627279,0.));
#925 = CARTESIAN_POINT('',(186.406875,-23.627279,0.));
#926 = ORIENTED_EDGE('',*,*,#927,.F.);
#927 = EDGE_CURVE('',#928,#919,#930,.T.);
#928 = VERTEX_POINT('',#929);
#929 = CARTESIAN_POINT('',(187.412901,-32.003411,0.));
#930 = LINE('',#931,#932);
#931 = CARTESIAN_POINT('',(187.412901,-32.003411,0.));
#932 = VECTOR('',#933,1.);
#933 = DIRECTION('',(-8.134359620925E-04,0.999999669161,0.));
#934 = ORIENTED_EDGE('',*,*,#935,.F.);
#935 = EDGE_CURVE('',#936,#928,#938,.T.);
#936 = VERTEX_POINT('',#937);
#937 = CARTESIAN_POINT('',(187.416901,-38.003505,0.));
#938 = LINE('',#939,#940);
#939 = CARTESIAN_POINT('',(187.416901,-38.003505,0.));
#940 = VECTOR('',#941,1.);
#941 = DIRECTION('',(-6.666560742432E-04,0.999999777785,0.));
#942 = ORIENTED_EDGE('',*,*,#943,.F.);
#943 = EDGE_CURVE('',#944,#936,#946,.T.);
#944 = VERTEX_POINT('',#945);
#945 = CARTESIAN_POINT('',(187.449902,-81.00418,0.));
#946 = LINE('',#947,#948);
#947 = CARTESIAN_POINT('',(187.449902,-81.00418,0.));
#948 = VECTOR('',#949,1.);
#949 = DIRECTION('',(-7.674528430422E-04,0.999999705508,0.));
#950 = ORIENTED_EDGE('',*,*,#951,.F.);
#951 = EDGE_CURVE('',#952,#944,#954,.T.);
#952 = VERTEX_POINT('',#953);
#953 = CARTESIAN_POINT('',(187.454902,-87.004274,0.));
#954 = LINE('',#955,#956);
#955 = CARTESIAN_POINT('',(187.454902,-87.004274,0.));
#956 = VECTOR('',#957,1.);
#957 = DIRECTION('',(-8.333199886434E-04,0.999999652789,0.));
#958 = ORIENTED_EDGE('',*,*,#959,.F.);
#959 = EDGE_CURVE('',#960,#952,#962,.T.);
#960 = VERTEX_POINT('',#961);
#961 = CARTESIAN_POINT('',(187.449902,-94.40039,0.));
#962 = LINE('',#963,#964);
#963 = CARTESIAN_POINT('',(187.449902,-94.40039,0.));
#964 = VECTOR('',#965,1.);
#965 = DIRECTION('',(6.760303458535E-04,0.999999771491,0.));
#966 = ORIENTED_EDGE('',*,*,#967,.F.);
#967 = EDGE_CURVE('',#968,#960,#970,.T.);
#968 = VERTEX_POINT('',#969);
#969 = CARTESIAN_POINT('',(187.303898,-94.753396,0.));
#970 = B_SPLINE_CURVE_WITH_KNOTS('',3,(#971,#972,#973,#974),
  .UNSPECIFIED.,.F.,.F.,(4,4),(0.,1.),.PIECEWISE_BEZIER_KNOTS.);
#971 = CARTESIAN_POINT('',(187.303898,-94.753396,0.));
#972 = CARTESIAN_POINT('',(187.3979,-94.660395,0.));
#973 = CARTESIAN_POINT('',(187.449902,-94.533393,0.));
#974 = CARTESIAN_POINT('',(187.449902,-94.40039,0.));
#975 = ORIENTED_EDGE('',*,*,#976,.F.);
#976 = EDGE_CURVE('',#977,#968,#979,.T.);
#977 = VERTEX_POINT('',#978);
#978 = CARTESIAN_POINT('',(160.630214,-121.431815,0.));
#979 = LINE('',#980,#981);
#980 = CARTESIAN_POINT('',(160.630214,-121.431815,0.));
#981 = VECTOR('',#982,1.);
#982 = DIRECTION('',(0.707044022664,0.70716953414,0.));
#983 = ORIENTED_EDGE('',*,*,#984,.F.);
#984 = EDGE_CURVE('',#985,#977,#987,.T.);
#985 = VERTEX_POINT('',#986);
#986 = CARTESIAN_POINT('',(158.037148,-121.904822,0.));
#987 = B_SPLINE_CURVE_WITH_KNOTS('',3,(#988,#989,#990,#991),
  .UNSPECIFIED.,.F.,.F.,(4,4),(0.,1.),.PIECEWISE_BEZIER_KNOTS.);
#988 = CARTESIAN_POINT('',(158.037148,-121.904822,0.));
#989 = CARTESIAN_POINT('',(158.88717,-122.476831,0.));
#990 = CARTESIAN_POINT('',(160.038199,-122.267828,0.));
#991 = CARTESIAN_POINT('',(160.630214,-121.431815,0.));
#992 = ORIENTED_EDGE('',*,*,#993,.F.);
#993 = EDGE_CURVE('',#994,#985,#996,.T.);
#994 = VERTEX_POINT('',#995);
#995 = CARTESIAN_POINT('',(157.966146,-121.845821,0.));
#996 = B_SPLINE_CURVE_WITH_KNOTS('',3,(#997,#998,#999,#1000),
  .UNSPECIFIED.,.F.,.F.,(4,4),(0.,1.),.PIECEWISE_BEZIER_KNOTS.);
#997 = CARTESIAN_POINT('',(157.966146,-121.845821,0.));
#998 = CARTESIAN_POINT('',(157.988147,-121.867822,0.));
#999 = CARTESIAN_POINT('',(158.012147,-121.887822,0.));
#1000 = CARTESIAN_POINT('',(158.037148,-121.904822,0.));
#1001 = ORIENTED_EDGE('',*,*,#1002,.F.);
#1002 = EDGE_CURVE('',#1003,#994,#1005,.T.);
#1003 = VERTEX_POINT('',#1004);
#1004 = CARTESIAN_POINT('',(145.552828,-109.600629,0.));
#1005 = LINE('',#1006,#1007);
#1006 = CARTESIAN_POINT('',(145.552828,-109.600629,0.));
#1007 = VECTOR('',#1008,1.);
#1008 = DIRECTION('',(0.711911410625,-0.702269281275,0.));
#1009 = ORIENTED_EDGE('',*,*,#1010,.F.);
#1010 = EDGE_CURVE('',#1011,#1003,#1013,.T.);
#1011 = VERTEX_POINT('',#1012);
#1012 = CARTESIAN_POINT('',(129.784424,-100.437485,0.));
#1013 = LINE('',#1014,#1015);
#1014 = CARTESIAN_POINT('',(129.784424,-100.437485,0.));
#1015 = VECTOR('',#1016,1.);
#1016 = DIRECTION('',(0.864615162086,-0.502434693757,0.));
#1017 = ORIENTED_EDGE('',*,*,#1018,.F.);
#1018 = EDGE_CURVE('',#1019,#1011,#1021,.T.);
#1019 = VERTEX_POINT('',#1020);
#1020 = CARTESIAN_POINT('',(129.280411,-100.342484,0.));
#1021 = B_SPLINE_CURVE_WITH_KNOTS('',3,(#1022,#1023,#1024,#1025),
  .UNSPECIFIED.,.F.,.F.,(4,4),(0.,1.),.PIECEWISE_BEZIER_KNOTS.);
#1022 = CARTESIAN_POINT('',(129.280411,-100.342484,0.));
#1023 = CARTESIAN_POINT('',(129.450415,-100.359484,0.));
#1024 = CARTESIAN_POINT('',(129.619419,-100.390484,0.));
#1025 = CARTESIAN_POINT('',(129.784424,-100.437485,0.));
#1026 = ORIENTED_EDGE('',*,*,#1027,.F.);
#1027 = EDGE_CURVE('',#1028,#1019,#1030,.T.);
#1028 = VERTEX_POINT('',#1029);
#1029 = CARTESIAN_POINT('',(129.26441,-100.340484,0.));
#1030 = B_SPLINE_CURVE_WITH_KNOTS('',3,(#1031,#1032,#1033,#1034),
  .UNSPECIFIED.,.F.,.F.,(4,4),(0.,1.),.PIECEWISE_BEZIER_KNOTS.);
#1031 = CARTESIAN_POINT('',(129.26441,-100.340484,0.));
#1032 = CARTESIAN_POINT('',(129.26941,-100.341484,0.));
#1033 = CARTESIAN_POINT('',(129.275411,-100.341484,0.));
#1034 = CARTESIAN_POINT('',(129.280411,-100.342484,0.));
#1035 = ORIENTED_EDGE('',*,*,#1036,.F.);
#1036 = EDGE_CURVE('',#1037,#1028,#1039,.T.);
#1037 = VERTEX_POINT('',#1038);
#1038 = CARTESIAN_POINT('',(92.619471,-95.573409,0.));
#1039 = LINE('',#1040,#1041);
#1040 = CARTESIAN_POINT('',(92.619471,-95.573409,0.));
#1041 = VECTOR('',#1042,1.);
#1042 = DIRECTION('',(0.991644429451,-0.129001261771,0.));
#1043 = ORIENTED_EDGE('',*,*,#1044,.F.);
#1044 = EDGE_CURVE('',#1045,#1037,#1047,.T.);
#1045 = VERTEX_POINT('',#1046);
#1046 = CARTESIAN_POINT('',(91.950454,-95.281404,0.));
#1047 = B_SPLINE_CURVE_WITH_KNOTS('',3,(#1048,#1049,#1050,#1051),
  .UNSPECIFIED.,.F.,.F.,(4,4),(0.,1.),.PIECEWISE_BEZIER_KNOTS.);
#1048 = CARTESIAN_POINT('',(91.950454,-95.281404,0.));
#1049 = CARTESIAN_POINT('',(92.128459,-95.459407,0.));
#1050 = CARTESIAN_POINT('',(92.367465,-95.564409,0.));
#1051 = CARTESIAN_POINT('',(92.619471,-95.573409,0.));
#1052 = ORIENTED_EDGE('',*,*,#1053,.F.);
#1053 = EDGE_CURVE('',#1054,#1045,#1056,.T.);
#1054 = VERTEX_POINT('',#1055);
#1055 = CARTESIAN_POINT('',(91.899453,-95.222403,0.));
#1056 = B_SPLINE_CURVE_WITH_KNOTS('',3,(#1057,#1058,#1059,#1060),
  .UNSPECIFIED.,.F.,.F.,(4,4),(0.,1.),.PIECEWISE_BEZIER_KNOTS.);
#1057 = CARTESIAN_POINT('',(91.899453,-95.222403,0.));
#1058 = CARTESIAN_POINT('',(91.915453,-95.243404,0.));
#1059 = CARTESIAN_POINT('',(91.932453,-95.263404,0.));
#1060 = CARTESIAN_POINT('',(91.950454,-95.281404,0.));
#1061 = ORIENTED_EDGE('',*,*,#1062,.F.);
#1062 = EDGE_CURVE('',#1063,#1054,#1065,.T.);
#1063 = VERTEX_POINT('',#1064);
#1064 = CARTESIAN_POINT('',(88.795649,-90.96634,0.));
#1065 = LINE('',#1066,#1067);
#1066 = CARTESIAN_POINT('',(88.795649,-90.96634,0.));
#1067 = VECTOR('',#1068,1.);
#1068 = DIRECTION('',(0.589224797866,-0.807969143953,0.));
#1069 = ORIENTED_EDGE('',*,*,#1070,.T.);
#1070 = EDGE_CURVE('',#1063,#1071,#1073,.T.);
#1071 = VERTEX_POINT('',#1072);
#1072 = CARTESIAN_POINT('',(83.435859,-93.284036,0.));
#1073 = CIRCLE('',#1074,3.);
#1074 = AXIS2_PLACEMENT_3D('',#1075,#1076,#1077);
#1075 = CARTESIAN_POINT('',(86.389368458832,-92.75793536648,0.));
#1076 = DIRECTION('',(0.,0.,1.));
#1077 = DIRECTION('',(1.,0.,0.));
#1078 = ORIENTED_EDGE('',*,*,#1079,.F.);
#1079 = EDGE_CURVE('',#1080,#1071,#1082,.T.);
#1080 = VERTEX_POINT('',#1081);
#1081 = CARTESIAN_POINT('',(84.031067,-96.62551,0.));
#1082 = LINE('',#1083,#1084);
#1083 = CARTESIAN_POINT('',(84.031067,-96.62551,0.));
#1084 = VECTOR('',#1085,1.);
#1085 = DIRECTION('',(-0.175366961928,0.984503137966,0.));
#1086 = ORIENTED_EDGE('',*,*,#1087,.F.);
#1087 = EDGE_CURVE('',#1088,#1080,#1090,.T.);
#1088 = VERTEX_POINT('',#1089);
#1089 = CARTESIAN_POINT('',(82.412794,-98.945249,0.));
#1090 = CIRCLE('',#1091,2.);
#1091 = AXIS2_PLACEMENT_3D('',#1092,#1093,#1094);
#1092 = CARTESIAN_POINT('',(82.062060497001,-96.9762426491,0.));
#1093 = DIRECTION('',(0.,0.,1.));
#1094 = DIRECTION('',(1.,0.,0.));
#1095 = ORIENTED_EDGE('',*,*,#1096,.F.);
#1096 = EDGE_CURVE('',#1097,#1088,#1099,.T.);
#1097 = VERTEX_POINT('',#1098);
#1098 = CARTESIAN_POINT('',(49.911492,-104.734613,0.));
#1099 = LINE('',#1100,#1101);
#1100 = CARTESIAN_POINT('',(49.911492,-104.734613,0.));
#1101 = VECTOR('',#1102,1.);
#1102 = DIRECTION('',(0.984503178155,0.175366736308,0.));
#1103 = ORIENTED_EDGE('',*,*,#1104,.F.);
#1104 = EDGE_CURVE('',#1105,#1097,#1107,.T.);
#1105 = VERTEX_POINT('',#1106);
#1106 = CARTESIAN_POINT('',(46.444682,-102.304301,0.));
#1107 = CIRCLE('',#1108,3.);
#1108 = AXIS2_PLACEMENT_3D('',#1109,#1110,#1111);
#1109 = CARTESIAN_POINT('',(49.398303997987,-101.7788325489,0.));
#1110 = DIRECTION('',(0.,0.,1.));
#1111 = DIRECTION('',(1.,0.,0.));
#1112 = ORIENTED_EDGE('',*,*,#1113,.F.);
#1113 = EDGE_CURVE('',#1114,#1105,#1116,.T.);
#1114 = VERTEX_POINT('',#1115);
#1115 = CARTESIAN_POINT('',(44.349904,-90.52969,0.));
#1116 = LINE('',#1117,#1118);
#1117 = CARTESIAN_POINT('',(44.349904,-90.52969,0.));
#1118 = VECTOR('',#1119,1.);
#1119 = DIRECTION('',(0.175156034489,-0.984540686606,0.));
#1120 = ORIENTED_EDGE('',*,*,#1121,.T.);
#1121 = EDGE_CURVE('',#1114,#702,#1122,.T.);
#1122 = CIRCLE('',#1123,3.);
#1123 = AXIS2_PLACEMENT_3D('',#1124,#1125,#1126);
#1124 = CARTESIAN_POINT('',(41.394097449526,-91.0427276557,0.));
#1125 = DIRECTION('',(0.,0.,1.));
#1126 = DIRECTION('',(1.,0.,0.));
#1127 = FACE_BOUND('',#1128,.F.);
#1128 = EDGE_LOOP('',(#1129));
#1129 = ORIENTED_EDGE('',*,*,#1130,.F.);
#1130 = EDGE_CURVE('',#1131,#1131,#1133,.T.);
#1131 = VERTEX_POINT('',#1132);
#1132 = CARTESIAN_POINT('',(144.407698,-112.548516,0.));
#1133 = CIRCLE('',#1134,1.6);
#1134 = AXIS2_PLACEMENT_3D('',#1135,#1136,#1137);
#1135 = CARTESIAN_POINT('',(142.807698,-112.548516,0.));
#1136 = DIRECTION('',(0.,0.,1.));
#1137 = DIRECTION('',(1.,0.,0.));
#1138 = FACE_BOUND('',#1139,.F.);
#1139 = EDGE_LOOP('',(#1140));
#1140 = ORIENTED_EDGE('',*,*,#1141,.F.);
#1141 = EDGE_CURVE('',#1142,#1142,#1144,.T.);
#1142 = VERTEX_POINT('',#1143);
#1143 = CARTESIAN_POINT('',(189.731757,-99.333538,0.));
#1144 = CIRCLE('',#1145,1.6);
#1145 = AXIS2_PLACEMENT_3D('',#1146,#1147,#1148);
#1146 = CARTESIAN_POINT('',(188.131757,-99.333538,0.));
#1147 = DIRECTION('',(0.,0.,1.));
#1148 = DIRECTION('',(1.,0.,0.));
#1149 = FACE_BOUND('',#1150,.F.);
#1150 = EDGE_LOOP('',(#1151));
#1151 = ORIENTED_EDGE('',*,*,#1152,.F.);
#1152 = EDGE_CURVE('',#1153,#1153,#1155,.T.);
#1153 = VERTEX_POINT('',#1154);
#1154 = CARTESIAN_POINT('',(23.702017,-29.907082,0.));
#1155 = CIRCLE('',#1156,1.6);
#1156 = AXIS2_PLACEMENT_3D('',#1157,#1158,#1159);
#1157 = CARTESIAN_POINT('',(22.102017,-29.907082,0.));
#1158 = DIRECTION('',(0.,0.,1.));
#1159 = DIRECTION('',(1.,0.,0.));
#1160 = FACE_BOUND('',#1161,.F.);
#1161 = EDGE_LOOP('',(#1162));
#1162 = ORIENTED_EDGE('',*,*,#1163,.F.);
#1163 = EDGE_CURVE('',#1164,#1164,#1166,.T.);
#1164 = VERTEX_POINT('',#1165);
#1165 = CARTESIAN_POINT('',(93.676908,-12.424245,0.));
#1166 = CIRCLE('',#1167,1.6);
#1167 = AXIS2_PLACEMENT_3D('',#1168,#1169,#1170);
#1168 = CARTESIAN_POINT('',(92.076908,-12.424245,0.));
#1169 = DIRECTION('',(0.,0.,1.));
#1170 = DIRECTION('',(1.,0.,0.));
#1171 = FACE_BOUND('',#1172,.F.);
#1172 = EDGE_LOOP('',(#1173));
#1173 = ORIENTED_EDGE('',*,*,#1174,.F.);
#1174 = EDGE_CURVE('',#1175,#1175,#1177,.T.);
#1175 = VERTEX_POINT('',#1176);
#1176 = CARTESIAN_POINT('',(192.448572,-28.568915,0.));
#1177 = CIRCLE('',#1178,1.6);
#1178 = AXIS2_PLACEMENT_3D('',#1179,#1180,#1181);
#1179 = CARTESIAN_POINT('',(190.848572,-28.568915,0.));
#1180 = DIRECTION('',(0.,0.,1.));
#1181 = DIRECTION('',(1.,0.,0.));
#1182 = FACE_BOUND('',#1183,.F.);
#1183 = EDGE_LOOP('',(#1184));
#1184 = ORIENTED_EDGE('',*,*,#1185,.F.);
#1185 = EDGE_CURVE('',#1186,#1186,#1188,.T.);
#1186 = VERTEX_POINT('',#1187);
#1187 = CARTESIAN_POINT('',(156.518248,-17.6122,0.));
#1188 = CIRCLE('',#1189,1.6);
#1189 = AXIS2_PLACEMENT_3D('',#1190,#1191,#1192);
#1190 = CARTESIAN_POINT('',(154.918248,-17.6122,0.));
#1191 = DIRECTION('',(0.,0.,1.));
#1192 = DIRECTION('',(1.,0.,0.));
#1193 = PLANE('',#1194);
#1194 = AXIS2_PLACEMENT_3D('',#1195,#1196,#1197);
#1195 = CARTESIAN_POINT('',(108.84744213108,-62.60012130097,0.));
#1196 = DIRECTION('',(0.,0.,1.));
#1197 = DIRECTION('',(1.,0.,0.));
#1198 = ADVANCED_FACE('',(#1199,#2253,#2264,#2275,#2286,#2297,#2308,
    #2319),#2330,.T.);
#1199 = FACE_BOUND('',#1200,.T.);
#1200 = EDGE_LOOP('',(#1201,#1209,#1210,#1211,#1212,#1221,#1230,#1239,
    #1247,#1256,#1264,#1272,#1281,#1289,#1297,#1306,#1315,#1324,#1333,
    #1342,#1350,#1358,#1366,#1374,#1382,#1391,#1400,#1409,#1418,#1426,
    #1435,#1444,#1452,#1460,#1469,#1478,#1487,#1496,#1505,#1513,#1522,
    #1531,#1539,#1548,#1557,#1566,#1575,#1584,#1593,#1601,#1610,#1618,
    #1626,#1634,#1642,#1657,#1665,#1696,#1706,#1714,#1722,#1733,#1749,
    #1757,#1772,#1782,#1790,#1799,#1807,#1816,#1824,#1833,#1841,#1850,
    #1858,#1873,#1888,#1896,#1904,#1912,#1920,#1928,#1951,#1959,#1967,
    #1990,#1998,#2011,#2019,#2050,#2058,#2089,#2097,#2105,#2136,#2144,
    #2152,#2162,#2170,#2178,#2186,#2194,#2202,#2211,#2220,#2229,#2238,
    #2246));
#1201 = ORIENTED_EDGE('',*,*,#1202,.T.);
#1202 = EDGE_CURVE('',#1203,#64,#1205,.T.);
#1203 = VERTEX_POINT('',#1204);
#1204 = CARTESIAN_POINT('',(119.408158,-15.823157,8.5));
#1205 = LINE('',#1206,#1207);
#1206 = CARTESIAN_POINT('',(119.408158,-15.823157,8.5));
#1207 = VECTOR('',#1208,1.);
#1208 = DIRECTION('',(-1.,0.,0.));
#1209 = ORIENTED_EDGE('',*,*,#71,.T.);
#1210 = ORIENTED_EDGE('',*,*,#31,.T.);
#1211 = ORIENTED_EDGE('',*,*,#107,.F.);
#1212 = ORIENTED_EDGE('',*,*,#1213,.T.);
#1213 = EDGE_CURVE('',#100,#1214,#1216,.T.);
#1214 = VERTEX_POINT('',#1215);
#1215 = CARTESIAN_POINT('',(92.076908,-9.424245,8.5));
#1216 = CIRCLE('',#1217,3.);
#1217 = AXIS2_PLACEMENT_3D('',#1218,#1219,#1220);
#1218 = CARTESIAN_POINT('',(92.076907684171,-12.424245,8.5));
#1219 = DIRECTION('',(0.,0.,1.));
#1220 = DIRECTION('',(1.,0.,0.));
#1221 = ORIENTED_EDGE('',*,*,#1222,.T.);
#1222 = EDGE_CURVE('',#1214,#1223,#1225,.T.);
#1223 = VERTEX_POINT('',#1224);
#1224 = CARTESIAN_POINT('',(89.447276,-10.980279,8.5));
#1225 = CIRCLE('',#1226,3.);
#1226 = AXIS2_PLACEMENT_3D('',#1227,#1228,#1229);
#1227 = CARTESIAN_POINT('',(92.076907569411,-12.424245,8.5));
#1228 = DIRECTION('',(0.,0.,1.));
#1229 = DIRECTION('',(1.,0.,0.));
#1230 = ORIENTED_EDGE('',*,*,#1231,.F.);
#1231 = EDGE_CURVE('',#1232,#1223,#1234,.T.);
#1232 = VERTEX_POINT('',#1233);
#1233 = CARTESIAN_POINT('',(85.076012,-13.573655,8.5));
#1234 = CIRCLE('',#1235,5.);
#1235 = AXIS2_PLACEMENT_3D('',#1236,#1237,#1238);
#1236 = CARTESIAN_POINT('',(85.064557200175,-8.573668121261,8.5));
#1237 = DIRECTION('',(0.,0.,1.));
#1238 = DIRECTION('',(1.,0.,0.));
#1239 = ORIENTED_EDGE('',*,*,#1240,.T.);
#1240 = EDGE_CURVE('',#1232,#1241,#1243,.T.);
#1241 = VERTEX_POINT('',#1242);
#1242 = CARTESIAN_POINT('',(83.407235,-13.573121,8.5));
#1243 = LINE('',#1244,#1245);
#1244 = CARTESIAN_POINT('',(85.076012,-13.573655,8.5));
#1245 = VECTOR('',#1246,1.);
#1246 = DIRECTION('',(-0.999999948802,3.19994806165E-04,0.));
#1247 = ORIENTED_EDGE('',*,*,#1248,.T.);
#1248 = EDGE_CURVE('',#1241,#1249,#1251,.T.);
#1249 = VERTEX_POINT('',#1250);
#1250 = CARTESIAN_POINT('',(79.407132,-17.573184,8.5));
#1251 = B_SPLINE_CURVE_WITH_KNOTS('',3,(#1252,#1253,#1254,#1255),
  .UNSPECIFIED.,.F.,.F.,(4,4),(0.,1.),.PIECEWISE_BEZIER_KNOTS.);
#1252 = CARTESIAN_POINT('',(83.407235,-13.573121,8.5));
#1253 = CARTESIAN_POINT('',(81.198178,-13.573121,8.5));
#1254 = CARTESIAN_POINT('',(79.407132,-15.36415,8.5));
#1255 = CARTESIAN_POINT('',(79.407132,-17.573184,8.5));
#1256 = ORIENTED_EDGE('',*,*,#1257,.T.);
#1257 = EDGE_CURVE('',#1249,#1258,#1260,.T.);
#1258 = VERTEX_POINT('',#1259);
#1259 = CARTESIAN_POINT('',(79.407132,-18.5532,8.5));
#1260 = LINE('',#1261,#1262);
#1261 = CARTESIAN_POINT('',(79.407132,-17.573184,8.5));
#1262 = VECTOR('',#1263,1.);
#1263 = DIRECTION('',(0.,-1.,0.));
#1264 = ORIENTED_EDGE('',*,*,#1265,.T.);
#1265 = EDGE_CURVE('',#1258,#1266,#1268,.T.);
#1266 = VERTEX_POINT('',#1267);
#1267 = CARTESIAN_POINT('',(59.745629,-20.313227,8.5));
#1268 = LINE('',#1269,#1270);
#1269 = CARTESIAN_POINT('',(79.407132,-18.5532,8.5));
#1270 = VECTOR('',#1271,1.);
#1271 = DIRECTION('',(-0.996017326425,-8.915988706336E-02,0.));
#1272 = ORIENTED_EDGE('',*,*,#1273,.T.);
#1273 = EDGE_CURVE('',#1266,#1274,#1276,.T.);
#1274 = VERTEX_POINT('',#1275);
#1275 = CARTESIAN_POINT('',(56.556547,-23.799282,8.5));
#1276 = B_SPLINE_CURVE_WITH_KNOTS('',3,(#1277,#1278,#1279,#1280),
  .UNSPECIFIED.,.F.,.F.,(4,4),(0.,1.),.PIECEWISE_BEZIER_KNOTS.);
#1277 = CARTESIAN_POINT('',(59.745629,-20.313227,8.5));
#1278 = CARTESIAN_POINT('',(57.940582,-20.47423,8.5));
#1279 = CARTESIAN_POINT('',(56.556547,-21.987254,8.5));
#1280 = CARTESIAN_POINT('',(56.556547,-23.799282,8.5));
#1281 = ORIENTED_EDGE('',*,*,#1282,.T.);
#1282 = EDGE_CURVE('',#1274,#1283,#1285,.T.);
#1283 = VERTEX_POINT('',#1284);
#1284 = CARTESIAN_POINT('',(56.556547,-24.672296,8.5));
#1285 = LINE('',#1286,#1287);
#1286 = CARTESIAN_POINT('',(56.556547,-23.799282,8.5));
#1287 = VECTOR('',#1288,1.);
#1288 = DIRECTION('',(0.,-1.,0.));
#1289 = ORIENTED_EDGE('',*,*,#1290,.T.);
#1290 = EDGE_CURVE('',#1283,#1291,#1293,.T.);
#1291 = VERTEX_POINT('',#1292);
#1292 = CARTESIAN_POINT('',(29.053138,-29.6138,8.5));
#1293 = LINE('',#1294,#1295);
#1294 = CARTESIAN_POINT('',(56.556547,-24.672296,8.5));
#1295 = VECTOR('',#1296,1.);
#1296 = DIRECTION('',(-0.984240111386,-0.176837222156,0.));
#1297 = ORIENTED_EDGE('',*,*,#1298,.F.);
#1298 = EDGE_CURVE('',#1299,#1291,#1301,.T.);
#1299 = VERTEX_POINT('',#1300);
#1300 = CARTESIAN_POINT('',(24.372237,-27.945934,8.5));
#1301 = CIRCLE('',#1302,4.999708);
#1302 = AXIS2_PLACEMENT_3D('',#1303,#1304,#1305);
#1303 = CARTESIAN_POINT('',(28.168926859581,-24.6929006163,8.5));
#1304 = DIRECTION('',(0.,0.,1.));
#1305 = DIRECTION('',(1.,0.,0.));
#1306 = ORIENTED_EDGE('',*,*,#1307,.T.);
#1307 = EDGE_CURVE('',#1299,#1308,#1310,.T.);
#1308 = VERTEX_POINT('',#1309);
#1309 = CARTESIAN_POINT('',(22.102017,-26.907082,8.5));
#1310 = CIRCLE('',#1311,3.);
#1311 = AXIS2_PLACEMENT_3D('',#1312,#1313,#1314);
#1312 = CARTESIAN_POINT('',(22.102017071866,-29.907082,8.5));
#1313 = DIRECTION('',(0.,0.,1.));
#1314 = DIRECTION('',(1.,0.,0.));
#1315 = ORIENTED_EDGE('',*,*,#1316,.T.);
#1316 = EDGE_CURVE('',#1308,#1317,#1319,.T.);
#1317 = VERTEX_POINT('',#1318);
#1318 = CARTESIAN_POINT('',(19.261011,-28.943398,8.5));
#1319 = CIRCLE('',#1320,3.);
#1320 = AXIS2_PLACEMENT_3D('',#1321,#1322,#1323);
#1321 = CARTESIAN_POINT('',(22.102016657887,-29.907082,8.5));
#1322 = DIRECTION('',(0.,0.,1.));
#1323 = DIRECTION('',(1.,0.,0.));
#1324 = ORIENTED_EDGE('',*,*,#1325,.F.);
#1325 = EDGE_CURVE('',#1326,#1317,#1328,.T.);
#1326 = VERTEX_POINT('',#1327);
#1327 = CARTESIAN_POINT('',(16.477837,-31.940481,8.5));
#1328 = CIRCLE('',#1329,4.999611);
#1329 = AXIS2_PLACEMENT_3D('',#1330,#1331,#1332);
#1330 = CARTESIAN_POINT('',(14.526343055455,-27.33746225837,8.5));
#1331 = DIRECTION('',(0.,0.,1.));
#1332 = DIRECTION('',(1.,0.,0.));
#1333 = ORIENTED_EDGE('',*,*,#1334,.T.);
#1334 = EDGE_CURVE('',#1326,#1335,#1337,.T.);
#1335 = VERTEX_POINT('',#1336);
#1336 = CARTESIAN_POINT('',(14.308464,-35.80347,8.5));
#1337 = B_SPLINE_CURVE_WITH_KNOTS('',3,(#1338,#1339,#1340,#1341),
  .UNSPECIFIED.,.F.,.F.,(4,4),(0.,1.),.PIECEWISE_BEZIER_KNOTS.);
#1338 = CARTESIAN_POINT('',(16.477837,-31.940481,8.5));
#1339 = CARTESIAN_POINT('',(14.957523,-32.535108,8.5));
#1340 = CARTESIAN_POINT('',(14.015784,-34.1353,8.5));
#1341 = CARTESIAN_POINT('',(14.308464,-35.80347,8.5));
#1342 = ORIENTED_EDGE('',*,*,#1343,.T.);
#1343 = EDGE_CURVE('',#1335,#1344,#1346,.T.);
#1344 = VERTEX_POINT('',#1345);
#1345 = CARTESIAN_POINT('',(15.222487,-41.023552,8.5));
#1346 = LINE('',#1347,#1348);
#1347 = CARTESIAN_POINT('',(14.308464,-35.80347,8.5));
#1348 = VECTOR('',#1349,1.);
#1349 = DIRECTION('',(0.172473459679,-0.985014165231,0.));
#1350 = ORIENTED_EDGE('',*,*,#1351,.T.);
#1351 = EDGE_CURVE('',#1344,#1352,#1354,.T.);
#1352 = VERTEX_POINT('',#1353);
#1353 = CARTESIAN_POINT('',(16.274514,-47.023647,8.5));
#1354 = LINE('',#1355,#1356);
#1355 = CARTESIAN_POINT('',(15.222487,-41.023552,8.5));
#1356 = VECTOR('',#1357,1.);
#1357 = DIRECTION('',(0.172700538777,-0.984974377284,0.));
#1358 = ORIENTED_EDGE('',*,*,#1359,.T.);
#1359 = EDGE_CURVE('',#1352,#1360,#1362,.T.);
#1360 = VERTEX_POINT('',#1361);
#1361 = CARTESIAN_POINT('',(18.102561,-57.46381,8.5));
#1362 = LINE('',#1363,#1364);
#1363 = CARTESIAN_POINT('',(16.274514,-47.023647,8.5));
#1364 = VECTOR('',#1365,1.);
#1365 = DIRECTION('',(0.17247356725,-0.985014146396,0.));
#1366 = ORIENTED_EDGE('',*,*,#1367,.T.);
#1367 = EDGE_CURVE('',#1360,#1368,#1370,.T.);
#1368 = VERTEX_POINT('',#1369);
#1369 = CARTESIAN_POINT('',(19.154588,-63.463905,8.5));
#1370 = LINE('',#1371,#1372);
#1371 = CARTESIAN_POINT('',(18.102561,-57.46381,8.5));
#1372 = VECTOR('',#1373,1.);
#1373 = DIRECTION('',(0.172700538777,-0.984974377284,0.));
#1374 = ORIENTED_EDGE('',*,*,#1375,.T.);
#1375 = EDGE_CURVE('',#1368,#1376,#1378,.T.);
#1376 = VERTEX_POINT('',#1377);
#1377 = CARTESIAN_POINT('',(23.90871,-90.604331,8.5));
#1378 = LINE('',#1379,#1380);
#1379 = CARTESIAN_POINT('',(19.154588,-63.463905,8.5));
#1380 = VECTOR('',#1381,1.);
#1381 = DIRECTION('',(0.172540465078,-0.985002430408,0.));
#1382 = ORIENTED_EDGE('',*,*,#1383,.T.);
#1383 = EDGE_CURVE('',#1376,#1384,#1386,.T.);
#1384 = VERTEX_POINT('',#1385);
#1385 = CARTESIAN_POINT('',(25.350747,-92.869366,8.5));
#1386 = B_SPLINE_CURVE_WITH_KNOTS('',3,(#1387,#1388,#1389,#1390),
  .UNSPECIFIED.,.F.,.F.,(4,4),(0.,1.),.PIECEWISE_BEZIER_KNOTS.);
#1387 = CARTESIAN_POINT('',(23.90871,-90.604331,8.5));
#1388 = CARTESIAN_POINT('',(24.069714,-91.521345,8.5));
#1389 = CARTESIAN_POINT('',(24.588727,-92.335358,8.5));
#1390 = CARTESIAN_POINT('',(25.350747,-92.869366,8.5));
#1391 = ORIENTED_EDGE('',*,*,#1392,.T.);
#1392 = EDGE_CURVE('',#1384,#1393,#1395,.T.);
#1393 = VERTEX_POINT('',#1394);
#1394 = CARTESIAN_POINT('',(26.97652,-93.479687,8.5));
#1395 = B_SPLINE_CURVE_WITH_KNOTS('',3,(#1396,#1397,#1398,#1399),
  .UNSPECIFIED.,.F.,.F.,(4,4),(0.,1.),.PIECEWISE_BEZIER_KNOTS.);
#1396 = CARTESIAN_POINT('',(25.350747,-92.869366,8.5));
#1397 = CARTESIAN_POINT('',(25.837358,-93.209289,8.5));
#1398 = CARTESIAN_POINT('',(26.39718,-93.41662,8.5));
#1399 = CARTESIAN_POINT('',(26.97652,-93.479687,8.5));
#1400 = ORIENTED_EDGE('',*,*,#1401,.F.);
#1401 = EDGE_CURVE('',#1402,#1393,#1404,.T.);
#1402 = VERTEX_POINT('',#1403);
#1403 = CARTESIAN_POINT('',(42.532807,-104.075784,8.5));
#1404 = CIRCLE('',#1405,19.999941);
#1405 = AXIS2_PLACEMENT_3D('',#1406,#1407,#1408);
#1406 = CARTESIAN_POINT('',(24.819961246343,-113.3630190735,8.5));
#1407 = DIRECTION('',(0.,0.,1.));
#1408 = DIRECTION('',(1.,0.,0.));
#1409 = ORIENTED_EDGE('',*,*,#1410,.T.);
#1410 = EDGE_CURVE('',#1402,#1411,#1413,.T.);
#1411 = VERTEX_POINT('',#1412);
#1412 = CARTESIAN_POINT('',(48.919351,-107.220592,8.5));
#1413 = B_SPLINE_CURVE_WITH_KNOTS('',3,(#1414,#1415,#1416,#1417),
  .UNSPECIFIED.,.F.,.F.,(4,4),(0.,1.),.PIECEWISE_BEZIER_KNOTS.);
#1414 = CARTESIAN_POINT('',(42.532807,-104.075784,8.5));
#1415 = CARTESIAN_POINT('',(43.710081,-106.349032,8.5));
#1416 = CARTESIAN_POINT('',(46.267119,-107.695419,8.5));
#1417 = CARTESIAN_POINT('',(48.919351,-107.220592,8.5));
#1418 = ORIENTED_EDGE('',*,*,#1419,.T.);
#1419 = EDGE_CURVE('',#1411,#1420,#1422,.T.);
#1420 = VERTEX_POINT('',#1421);
#1421 = CARTESIAN_POINT('',(83.372234,-101.052495,8.5));
#1422 = LINE('',#1423,#1424);
#1423 = CARTESIAN_POINT('',(48.919351,-107.220592,8.5));
#1424 = VECTOR('',#1425,1.);
#1425 = DIRECTION('',(0.984349376177,0.17622799329,0.));
#1426 = ORIENTED_EDGE('',*,*,#1427,.T.);
#1427 = EDGE_CURVE('',#1420,#1428,#1430,.T.);
#1428 = VERTEX_POINT('',#1429);
#1429 = CARTESIAN_POINT('',(83.779303,-100.965073,8.5));
#1430 = B_SPLINE_CURVE_WITH_KNOTS('',3,(#1431,#1432,#1433,#1434),
  .UNSPECIFIED.,.F.,.F.,(4,4),(0.,1.),.PIECEWISE_BEZIER_KNOTS.);
#1431 = CARTESIAN_POINT('',(83.372234,-101.052495,8.5));
#1432 = CARTESIAN_POINT('',(83.50974,-101.027873,8.5));
#1433 = CARTESIAN_POINT('',(83.64548,-100.998675,8.5));
#1434 = CARTESIAN_POINT('',(83.779303,-100.965073,8.5));
#1435 = ORIENTED_EDGE('',*,*,#1436,.F.);
#1436 = EDGE_CURVE('',#1437,#1428,#1439,.T.);
#1437 = VERTEX_POINT('',#1438);
#1438 = CARTESIAN_POINT('',(102.551073,-99.891035,8.5));
#1439 = CIRCLE('',#1440,50.);
#1440 = AXIS2_PLACEMENT_3D('',#1441,#1442,#1443);
#1441 = CARTESIAN_POINT('',(95.97035598173,-149.4560848186,8.5));
#1442 = DIRECTION('',(0.,0.,1.));
#1443 = DIRECTION('',(1.,0.,0.));
#1444 = ORIENTED_EDGE('',*,*,#1445,.T.);
#1445 = EDGE_CURVE('',#1437,#1446,#1448,.T.);
#1446 = VERTEX_POINT('',#1447);
#1447 = CARTESIAN_POINT('',(128.735397,-103.29753,8.5));
#1448 = LINE('',#1449,#1450);
#1449 = CARTESIAN_POINT('',(102.551073,-99.891035,8.5));
#1450 = VECTOR('',#1451,1.);
#1451 = DIRECTION('',(0.991643349938,-0.129009559817,0.));
#1452 = ORIENTED_EDGE('',*,*,#1453,.T.);
#1453 = EDGE_CURVE('',#1446,#1454,#1456,.T.);
#1454 = VERTEX_POINT('',#1455);
#1455 = CARTESIAN_POINT('',(137.319913,-108.285074,8.5));
#1456 = LINE('',#1457,#1458);
#1457 = CARTESIAN_POINT('',(128.735397,-103.29753,8.5));
#1458 = VECTOR('',#1459,1.);
#1459 = DIRECTION('',(0.86465830132,-0.502360450234,0.));
#1460 = ORIENTED_EDGE('',*,*,#1461,.F.);
#1461 = EDGE_CURVE('',#1462,#1454,#1464,.T.);
#1462 = VERTEX_POINT('',#1463);
#1463 = CARTESIAN_POINT('',(139.807699,-112.545673,8.5));
#1464 = CIRCLE('',#1465,4.999931);
#1465 = AXIS2_PLACEMENT_3D('',#1466,#1467,#1468);
#1466 = CARTESIAN_POINT('',(134.80816041736,-112.6083145633,8.5));
#1467 = DIRECTION('',(0.,0.,1.));
#1468 = DIRECTION('',(1.,0.,0.));
#1469 = ORIENTED_EDGE('',*,*,#1470,.T.);
#1470 = EDGE_CURVE('',#1462,#1471,#1473,.T.);
#1471 = VERTEX_POINT('',#1472);
#1472 = CARTESIAN_POINT('',(139.807698,-112.548516,8.5));
#1473 = B_SPLINE_CURVE_WITH_KNOTS('',3,(#1474,#1475,#1476,#1477),
  .UNSPECIFIED.,.F.,.F.,(4,4),(0.,1.),.PIECEWISE_BEZIER_KNOTS.);
#1474 = CARTESIAN_POINT('',(139.807699,-112.545673,8.5));
#1475 = CARTESIAN_POINT('',(139.807698,-112.546621,8.5));
#1476 = CARTESIAN_POINT('',(139.807698,-112.547568,8.5));
#1477 = CARTESIAN_POINT('',(139.807698,-112.548516,8.5));
#1478 = ORIENTED_EDGE('',*,*,#1479,.T.);
#1479 = EDGE_CURVE('',#1471,#1480,#1482,.T.);
#1480 = VERTEX_POINT('',#1481);
#1481 = CARTESIAN_POINT('',(142.807698,-115.548516,8.5));
#1482 = CIRCLE('',#1483,3.);
#1483 = AXIS2_PLACEMENT_3D('',#1484,#1485,#1486);
#1484 = CARTESIAN_POINT('',(142.807698,-112.548516,8.5));
#1485 = DIRECTION('',(0.,0.,1.));
#1486 = DIRECTION('',(1.,0.,0.));
#1487 = ORIENTED_EDGE('',*,*,#1488,.T.);
#1488 = EDGE_CURVE('',#1480,#1489,#1491,.T.);
#1489 = VERTEX_POINT('',#1490);
#1490 = CARTESIAN_POINT('',(143.615509,-115.438509,8.5));
#1491 = B_SPLINE_CURVE_WITH_KNOTS('',3,(#1492,#1493,#1494,#1495),
  .UNSPECIFIED.,.F.,.F.,(4,4),(0.,1.),.PIECEWISE_BEZIER_KNOTS.);
#1492 = CARTESIAN_POINT('',(142.807698,-115.548516,8.5));
#1493 = CARTESIAN_POINT('',(143.087577,-115.548516,8.5));
#1494 = CARTESIAN_POINT('',(143.358505,-115.51019,8.5));
#1495 = CARTESIAN_POINT('',(143.615509,-115.438509,8.5));
#1496 = ORIENTED_EDGE('',*,*,#1497,.F.);
#1497 = EDGE_CURVE('',#1498,#1489,#1500,.T.);
#1498 = VERTEX_POINT('',#1499);
#1499 = CARTESIAN_POINT('',(148.488787,-116.710097,8.5));
#1500 = CIRCLE('',#1501,5.);
#1501 = AXIS2_PLACEMENT_3D('',#1502,#1503,#1504);
#1502 = CARTESIAN_POINT('',(144.96155833788,-120.2539166857,8.5));
#1503 = DIRECTION('',(0.,0.,1.));
#1504 = DIRECTION('',(1.,0.,0.));
#1505 = ORIENTED_EDGE('',*,*,#1506,.T.);
#1506 = EDGE_CURVE('',#1498,#1507,#1509,.T.);
#1507 = VERTEX_POINT('',#1508);
#1508 = CARTESIAN_POINT('',(155.859092,-123.981855,8.5));
#1509 = LINE('',#1510,#1511);
#1510 = CARTESIAN_POINT('',(148.488787,-116.710097,8.5));
#1511 = VECTOR('',#1512,1.);
#1512 = DIRECTION('',(0.711849772901,-0.702331759797,0.));
#1513 = ORIENTED_EDGE('',*,*,#1514,.T.);
#1514 = EDGE_CURVE('',#1507,#1515,#1517,.T.);
#1515 = VERTEX_POINT('',#1516);
#1516 = CARTESIAN_POINT('',(156.361105,-124.392861,8.5));
#1517 = B_SPLINE_CURVE_WITH_KNOTS('',3,(#1518,#1519,#1520,#1521),
  .UNSPECIFIED.,.F.,.F.,(4,4),(0.,1.),.PIECEWISE_BEZIER_KNOTS.);
#1518 = CARTESIAN_POINT('',(155.859092,-123.981855,8.5));
#1519 = CARTESIAN_POINT('',(156.013096,-124.133857,8.5));
#1520 = CARTESIAN_POINT('',(156.1811,-124.271859,8.5));
#1521 = CARTESIAN_POINT('',(156.361105,-124.392861,8.5));
#1522 = ORIENTED_EDGE('',*,*,#1523,.T.);
#1523 = EDGE_CURVE('',#1515,#1524,#1526,.T.);
#1524 = VERTEX_POINT('',#1525);
#1525 = CARTESIAN_POINT('',(162.889272,-123.416846,8.5));
#1526 = B_SPLINE_CURVE_WITH_KNOTS('',3,(#1527,#1528,#1529,#1530),
  .UNSPECIFIED.,.F.,.F.,(4,4),(0.,1.),.PIECEWISE_BEZIER_KNOTS.);
#1527 = CARTESIAN_POINT('',(156.361105,-124.392861,8.5));
#1528 = CARTESIAN_POINT('',(158.461159,-125.807884,8.5));
#1529 = CARTESIAN_POINT('',(161.294231,-125.383877,8.5));
#1530 = CARTESIAN_POINT('',(162.889272,-123.416846,8.5));
#1531 = ORIENTED_EDGE('',*,*,#1532,.T.);
#1532 = EDGE_CURVE('',#1524,#1533,#1535,.T.);
#1533 = VERTEX_POINT('',#1534);
#1534 = CARTESIAN_POINT('',(182.724104,-103.576942,8.5));
#1535 = LINE('',#1536,#1537);
#1536 = CARTESIAN_POINT('',(162.889272,-123.416846,8.5));
#1537 = VECTOR('',#1538,1.);
#1538 = DIRECTION('',(0.707016379204,0.707197171613,0.));
#1539 = ORIENTED_EDGE('',*,*,#1540,.F.);
#1540 = EDGE_CURVE('',#1541,#1533,#1543,.T.);
#1541 = VERTEX_POINT('',#1542);
#1542 = CARTESIAN_POINT('',(187.406821,-102.245325,8.5));
#1543 = CIRCLE('',#1544,4.999902);
#1544 = AXIS2_PLACEMENT_3D('',#1545,#1546,#1547);
#1545 = CARTESIAN_POINT('',(186.26003842581,-107.1119367306,8.5));
#1546 = DIRECTION('',(0.,0.,1.));
#1547 = DIRECTION('',(1.,0.,0.));
#1548 = ORIENTED_EDGE('',*,*,#1549,.T.);
#1549 = EDGE_CURVE('',#1541,#1550,#1552,.T.);
#1550 = VERTEX_POINT('',#1551);
#1551 = CARTESIAN_POINT('',(188.131757,-102.333538,8.5));
#1552 = B_SPLINE_CURVE_WITH_KNOTS('',3,(#1553,#1554,#1555,#1556),
  .UNSPECIFIED.,.F.,.F.,(4,4),(0.,1.),.PIECEWISE_BEZIER_KNOTS.);
#1553 = CARTESIAN_POINT('',(187.406821,-102.245325,8.5));
#1554 = CARTESIAN_POINT('',(187.63894,-102.302963,8.5));
#1555 = CARTESIAN_POINT('',(187.881778,-102.333538,8.5));
#1556 = CARTESIAN_POINT('',(188.131757,-102.333538,8.5));
#1557 = ORIENTED_EDGE('',*,*,#1558,.T.);
#1558 = EDGE_CURVE('',#1550,#1559,#1561,.T.);
#1559 = VERTEX_POINT('',#1560);
#1560 = CARTESIAN_POINT('',(191.131757,-99.333538,8.5));
#1561 = CIRCLE('',#1562,3.);
#1562 = AXIS2_PLACEMENT_3D('',#1563,#1564,#1565);
#1563 = CARTESIAN_POINT('',(188.131757,-99.333538,8.5));
#1564 = DIRECTION('',(0.,0.,1.));
#1565 = DIRECTION('',(1.,0.,0.));
#1566 = ORIENTED_EDGE('',*,*,#1567,.T.);
#1567 = EDGE_CURVE('',#1559,#1568,#1570,.T.);
#1568 = VERTEX_POINT('',#1569);
#1569 = CARTESIAN_POINT('',(190.832026,-98.025489,8.5));
#1570 = B_SPLINE_CURVE_WITH_KNOTS('',3,(#1571,#1572,#1573,#1574),
  .UNSPECIFIED.,.F.,.F.,(4,4),(0.,1.),.PIECEWISE_BEZIER_KNOTS.);
#1571 = CARTESIAN_POINT('',(191.131757,-99.333538,8.5));
#1572 = CARTESIAN_POINT('',(191.131757,-98.864497,8.5));
#1573 = CARTESIAN_POINT('',(191.024116,-98.420598,8.5));
#1574 = CARTESIAN_POINT('',(190.832026,-98.025489,8.5));
#1575 = ORIENTED_EDGE('',*,*,#1576,.F.);
#1576 = EDGE_CURVE('',#1577,#1568,#1579,.T.);
#1577 = VERTEX_POINT('',#1578);
#1578 = CARTESIAN_POINT('',(190.393212,-95.029605,8.5));
#1579 = CIRCLE('',#1580,4.99976);
#1580 = AXIS2_PLACEMENT_3D('',#1581,#1582,#1583);
#1581 = CARTESIAN_POINT('',(195.32735464683,-95.83696885741,8.5));
#1582 = DIRECTION('',(0.,0.,1.));
#1583 = DIRECTION('',(1.,0.,0.));
#1584 = ORIENTED_EDGE('',*,*,#1585,.T.);
#1585 = EDGE_CURVE('',#1577,#1586,#1588,.T.);
#1586 = VERTEX_POINT('',#1587);
#1587 = CARTESIAN_POINT('',(190.449979,-94.40239,8.5));
#1588 = B_SPLINE_CURVE_WITH_KNOTS('',3,(#1589,#1590,#1591,#1592),
  .UNSPECIFIED.,.F.,.F.,(4,4),(0.,1.),.PIECEWISE_BEZIER_KNOTS.);
#1589 = CARTESIAN_POINT('',(190.393212,-95.029605,8.5));
#1590 = CARTESIAN_POINT('',(190.430714,-94.824074,8.5));
#1591 = CARTESIAN_POINT('',(190.449979,-94.614198,8.5));
#1592 = CARTESIAN_POINT('',(190.449979,-94.40239,8.5));
#1593 = ORIENTED_EDGE('',*,*,#1594,.T.);
#1594 = EDGE_CURVE('',#1586,#1595,#1597,.T.);
#1595 = VERTEX_POINT('',#1596);
#1596 = CARTESIAN_POINT('',(190.454979,-87.006274,8.5));
#1597 = LINE('',#1598,#1599);
#1598 = CARTESIAN_POINT('',(190.449979,-94.40239,8.5));
#1599 = VECTOR('',#1600,1.);
#1600 = DIRECTION('',(6.760303458574E-04,0.999999771491,0.));
#1601 = ORIENTED_EDGE('',*,*,#1602,.T.);
#1602 = EDGE_CURVE('',#1595,#1603,#1605,.T.);
#1603 = VERTEX_POINT('',#1604);
#1604 = CARTESIAN_POINT('',(190.454979,-87.001274,8.5));
#1605 = B_SPLINE_CURVE_WITH_KNOTS('',3,(#1606,#1607,#1608,#1609),
  .UNSPECIFIED.,.F.,.F.,(4,4),(0.,1.),.PIECEWISE_BEZIER_KNOTS.);
#1606 = CARTESIAN_POINT('',(190.454979,-87.006274,8.5));
#1607 = CARTESIAN_POINT('',(190.454979,-87.004274,8.5));
#1608 = CARTESIAN_POINT('',(190.454979,-87.003274,8.5));
#1609 = CARTESIAN_POINT('',(190.454979,-87.001274,8.5));
#1610 = ORIENTED_EDGE('',*,*,#1611,.T.);
#1611 = EDGE_CURVE('',#1603,#1612,#1614,.T.);
#1612 = VERTEX_POINT('',#1613);
#1613 = CARTESIAN_POINT('',(190.45329213721,-84.97700693884,8.5));
#1614 = LINE('',#1615,#1616);
#1615 = CARTESIAN_POINT('',(190.454979,-87.001274,8.5));
#1616 = VECTOR('',#1617,1.);
#1617 = DIRECTION('',(-8.333199886482E-04,0.999999652789,0.));
#1618 = ORIENTED_EDGE('',*,*,#1619,.T.);
#1619 = EDGE_CURVE('',#1612,#1620,#1622,.T.);
#1620 = VERTEX_POINT('',#1621);
#1621 = CARTESIAN_POINT('',(187.45321472057,-84.97950696418,8.5));
#1622 = LINE('',#1623,#1624);
#1623 = CARTESIAN_POINT('',(192.45329144278,-84.97534029886,8.5));
#1624 = VECTOR('',#1625,1.);
#1625 = DIRECTION('',(-0.999999652789,-8.333199886388E-04,-1.7E-16));
#1626 = ORIENTED_EDGE('',*,*,#1627,.T.);
#1627 = EDGE_CURVE('',#1620,#1628,#1630,.T.);
#1628 = VERTEX_POINT('',#1629);
#1629 = CARTESIAN_POINT('',(187.454902,-87.004274,8.5));
#1630 = LINE('',#1631,#1632);
#1631 = CARTESIAN_POINT('',(187.44470647602,-74.76945355146,8.5));
#1632 = VECTOR('',#1633,1.);
#1633 = DIRECTION('',(8.333199886434E-04,-0.999999652789,0.));
#1634 = ORIENTED_EDGE('',*,*,#1635,.T.);
#1635 = EDGE_CURVE('',#1628,#1636,#1638,.T.);
#1636 = VERTEX_POINT('',#1637);
#1637 = CARTESIAN_POINT('',(187.449902,-94.40039,8.5));
#1638 = LINE('',#1639,#1640);
#1639 = CARTESIAN_POINT('',(187.46063300953,-78.52683173511,8.5));
#1640 = VECTOR('',#1641,1.);
#1641 = DIRECTION('',(-6.760303458535E-04,-0.999999771491,0.));
#1642 = ORIENTED_EDGE('',*,*,#1643,.T.);
#1643 = EDGE_CURVE('',#1636,#1644,#1646,.T.);
#1644 = VERTEX_POINT('',#1645);
#1645 = CARTESIAN_POINT('',(187.303898,-94.753396,8.5));
#1646 = B_SPLINE_CURVE_WITH_KNOTS('',5,(#1647,#1648,#1649,#1650,#1651,
    #1652,#1653,#1654,#1655,#1656),.UNSPECIFIED.,.F.,.F.,(6,4,6),(0.,
    0.372222502737,1.),.UNSPECIFIED.);
#1647 = CARTESIAN_POINT('',(187.449902,-94.40039,8.5));
#1648 = CARTESIAN_POINT('',(187.449902,-94.43002478318,8.5));
#1649 = CARTESIAN_POINT('',(187.44775050261,-94.45944536403,8.5));
#1650 = CARTESIAN_POINT('',(187.44348929248,-94.48849810307,8.5));
#1651 = CARTESIAN_POINT('',(187.43716481117,-94.51702998389,8.5));
#1652 = CARTESIAN_POINT('',(187.41476784704,-94.59187400596,8.5));
#1653 = CARTESIAN_POINT('',(187.39498406745,-94.63694293573,8.5));
#1654 = CARTESIAN_POINT('',(187.36972009452,-94.6793693141,8.5));
#1655 = CARTESIAN_POINT('',(187.33925097138,-94.71841949214,8.5));
#1656 = CARTESIAN_POINT('',(187.303898,-94.753396,8.5));
#1657 = ORIENTED_EDGE('',*,*,#1658,.T.);
#1658 = EDGE_CURVE('',#1644,#1659,#1661,.T.);
#1659 = VERTEX_POINT('',#1660);
#1660 = CARTESIAN_POINT('',(160.630214,-121.431815,8.5));
#1661 = LINE('',#1662,#1663);
#1662 = CARTESIAN_POINT('',(162.39474208673,-119.6669736816,8.5));
#1663 = VECTOR('',#1664,1.);
#1664 = DIRECTION('',(-0.707044022664,-0.70716953414,0.));
#1665 = ORIENTED_EDGE('',*,*,#1666,.T.);
#1666 = EDGE_CURVE('',#1659,#1667,#1669,.T.);
#1667 = VERTEX_POINT('',#1668);
#1668 = CARTESIAN_POINT('',(158.037148,-121.904822,8.5));
#1669 = B_SPLINE_CURVE_WITH_KNOTS('',5,(#1670,#1671,#1672,#1673,#1674,
    #1675,#1676,#1677,#1678,#1679,#1680,#1681,#1682,#1683,#1684,#1685,
    #1686,#1687,#1688,#1689,#1690,#1691,#1692,#1693,#1694,#1695),
  .UNSPECIFIED.,.F.,.F.,(6,4,4,4,4,4,6),(0.,0.149822821315,
    0.318171189707,0.511668662057,0.690572444264,0.848103316375,1.),
  .UNSPECIFIED.);
#1670 = CARTESIAN_POINT('',(160.630214,-121.431815,8.5));
#1671 = CARTESIAN_POINT('',(160.57940787667,-121.5035607827,8.5));
#1672 = CARTESIAN_POINT('',(160.52456425991,-121.5723148439,8.5));
#1673 = CARTESIAN_POINT('',(160.4658527811,-121.6377334506,8.5));
#1674 = CARTESIAN_POINT('',(160.40351208176,-121.6995188209,8.5));
#1675 = CARTESIAN_POINT('',(160.26404780802,-121.822466591,8.5));
#1676 = CARTESIAN_POINT('',(160.18604539744,-121.8826107954,8.5));
#1677 = CARTESIAN_POINT('',(160.10425268904,-121.9374833648,8.5));
#1678 = CARTESIAN_POINT('',(160.0191470132,-121.9868132124,8.5));
#1679 = CARTESIAN_POINT('',(159.83019228915,-122.0804736302,8.5));
#1680 = CARTESIAN_POINT('',(159.72543963683,-122.1229577981,8.5));
#1681 = CARTESIAN_POINT('',(159.61774136045,-122.1575261487,8.5));
#1682 = CARTESIAN_POINT('',(159.50788896309,-122.1839712942,8.5));
#1683 = CARTESIAN_POINT('',(159.29386334322,-122.2189777521,8.5));
#1684 = CARTESIAN_POINT('',(159.18988589934,-122.2287376357,8.5));
#1685 = CARTESIAN_POINT('',(159.08538320663,-122.2313373725,8.5));
#1686 = CARTESIAN_POINT('',(158.98099874793,-122.2267289868,8.5));
#1687 = CARTESIAN_POINT('',(158.78614320848,-122.2045712491,8.5));
#1688 = CARTESIAN_POINT('',(158.69549803681,-122.1886335272,8.5));
#1689 = CARTESIAN_POINT('',(158.60589331647,-122.1671577483,8.5));
#1690 = CARTESIAN_POINT('',(158.51776931394,-122.1402191859,8.5));
#1691 = CARTESIAN_POINT('',(158.34841345118,-122.0768769325,8.5));
#1692 = CARTESIAN_POINT('',(158.26704399345,-122.0408448314,8.5));
#1693 = CARTESIAN_POINT('',(158.1878241583,-122.0000140407,8.5));
#1694 = CARTESIAN_POINT('',(158.11109502087,-121.9545834902,8.5));
#1695 = CARTESIAN_POINT('',(158.037148,-121.904822,8.5));
#1696 = ORIENTED_EDGE('',*,*,#1697,.T.);
#1697 = EDGE_CURVE('',#1667,#1698,#1700,.T.);
#1698 = VERTEX_POINT('',#1699);
#1699 = CARTESIAN_POINT('',(157.966146,-121.845821,8.5));
#1700 = B_SPLINE_CURVE_WITH_KNOTS('',4,(#1701,#1702,#1703,#1704,#1705),
  .UNSPECIFIED.,.F.,.F.,(5,5),(0.,1.),.PIECEWISE_BEZIER_KNOTS.);
#1701 = CARTESIAN_POINT('',(158.037148,-121.904822,8.5));
#1702 = CARTESIAN_POINT('',(158.01839425734,-121.892069965,8.5));
#1703 = CARTESIAN_POINT('',(158.00014411263,-121.8778194475,8.5));
#1704 = CARTESIAN_POINT('',(157.98264540458,-121.8623204045,8.5));
#1705 = CARTESIAN_POINT('',(157.966146,-121.845821,8.5));
#1706 = ORIENTED_EDGE('',*,*,#1707,.T.);
#1707 = EDGE_CURVE('',#1698,#1708,#1710,.T.);
#1708 = VERTEX_POINT('',#1709);
#1709 = CARTESIAN_POINT('',(145.552828,-109.600629,8.5));
#1710 = LINE('',#1711,#1712);
#1711 = CARTESIAN_POINT('',(124.5023209968,-88.83523009928,8.5));
#1712 = VECTOR('',#1713,1.);
#1713 = DIRECTION('',(-0.711911410625,0.702269281275,0.));
#1714 = ORIENTED_EDGE('',*,*,#1715,.T.);
#1715 = EDGE_CURVE('',#1708,#1716,#1718,.T.);
#1716 = VERTEX_POINT('',#1717);
#1717 = CARTESIAN_POINT('',(129.784424,-100.437485,8.5));
#1718 = LINE('',#1719,#1720);
#1719 = CARTESIAN_POINT('',(113.74009062726,-91.11399626402,8.5));
#1720 = VECTOR('',#1721,1.);
#1721 = DIRECTION('',(-0.864615162086,0.502434693757,0.));
#1722 = ORIENTED_EDGE('',*,*,#1723,.T.);
#1723 = EDGE_CURVE('',#1716,#1724,#1726,.T.);
#1724 = VERTEX_POINT('',#1725);
#1725 = CARTESIAN_POINT('',(129.280411,-100.342484,8.5));
#1726 = B_SPLINE_CURVE_WITH_KNOTS('',5,(#1727,#1728,#1729,#1730,#1731,
    #1732),.UNSPECIFIED.,.F.,.F.,(6,6),(0.,1.),
  .PIECEWISE_BEZIER_KNOTS.);
#1727 = CARTESIAN_POINT('',(129.784424,-100.437485,8.5));
#1728 = CARTESIAN_POINT('',(129.68546683271,-100.4092974552,8.5));
#1729 = CARTESIAN_POINT('',(129.5852789587,-100.3858966442,8.5));
#1730 = CARTESIAN_POINT('',(129.48417423463,-100.367093338,8.5));
#1731 = CARTESIAN_POINT('',(129.38245527614,-100.3526881875,8.5));
#1732 = CARTESIAN_POINT('',(129.280411,-100.342484,8.5));
#1733 = ORIENTED_EDGE('',*,*,#1734,.T.);
#1734 = EDGE_CURVE('',#1724,#1735,#1737,.T.);
#1735 = VERTEX_POINT('',#1736);
#1736 = CARTESIAN_POINT('',(129.26441,-100.340484,8.5));
#1737 = B_SPLINE_CURVE_WITH_KNOTS('',4,(#1738,#1739,#1740,#1741,#1742,
    #1743,#1744,#1745,#1746,#1747,#1748),.UNSPECIFIED.,.F.,.F.,(5,3,3,5)
  ,(0.,0.338998988426,0.702001181385,1.),.UNSPECIFIED.);
#1738 = CARTESIAN_POINT('',(129.280411,-100.342484,8.5));
#1739 = CARTESIAN_POINT('',(129.27913973698,-100.3422297473,8.5));
#1740 = CARTESIAN_POINT('',(129.27781096527,-100.3420329585,8.5));
#1741 = CARTESIAN_POINT('',(129.276444184,-100.3418741513,8.5));
#1742 = CARTESIAN_POINT('',(129.27357550163,-100.3415836073,8.5));
#1743 = CARTESIAN_POINT('',(129.27207088587,-100.3414545834,8.5));
#1744 = CARTESIAN_POINT('',(129.27056897327,-100.3413228583,8.5));
#1745 = CARTESIAN_POINT('',(129.26788260313,-100.3410345267,8.5));
#1746 = CARTESIAN_POINT('',(129.26668945986,-100.3408865997,8.5));
#1747 = CARTESIAN_POINT('',(129.26552751034,-100.340707502,8.5));
#1748 = CARTESIAN_POINT('',(129.26441,-100.340484,8.5));
#1749 = ORIENTED_EDGE('',*,*,#1750,.T.);
#1750 = EDGE_CURVE('',#1735,#1751,#1753,.T.);
#1751 = VERTEX_POINT('',#1752);
#1752 = CARTESIAN_POINT('',(92.619471,-95.573409,8.5));
#1753 = LINE('',#1754,#1755);
#1754 = CARTESIAN_POINT('',(98.489401840927,-96.33701787279,8.5));
#1755 = VECTOR('',#1756,1.);
#1756 = DIRECTION('',(-0.991644429451,0.129001261771,0.));
#1757 = ORIENTED_EDGE('',*,*,#1758,.T.);
#1758 = EDGE_CURVE('',#1751,#1759,#1761,.T.);
#1759 = VERTEX_POINT('',#1760);
#1760 = CARTESIAN_POINT('',(91.950454,-95.281404,8.5));
#1761 = B_SPLINE_CURVE_WITH_KNOTS('',5,(#1762,#1763,#1764,#1765,#1766,
    #1767,#1768,#1769,#1770,#1771),.UNSPECIFIED.,.F.,.F.,(6,4,6),(0.,
    0.581892177084,1.),.UNSPECIFIED.);
#1762 = CARTESIAN_POINT('',(92.619471,-95.573409,8.5));
#1763 = CARTESIAN_POINT('',(92.531872331296,-95.5702805506,8.5));
#1764 = CARTESIAN_POINT('',(92.445235297928,-95.55747276602,8.5));
#1765 = CARTESIAN_POINT('',(92.360681616224,-95.53528796974,8.5));
#1766 = CARTESIAN_POINT('',(92.279306118585,-95.50418324715,8.5));
#1767 = CARTESIAN_POINT('',(92.146696382929,-95.43628675971,8.5));
#1768 = CARTESIAN_POINT('',(92.093426577953,-95.40356076118,8.5));
#1769 = CARTESIAN_POINT('',(92.042715981546,-95.36669014126,8.5));
#1770 = CARTESIAN_POINT('',(91.994940918458,-95.32589041861,8.5));
#1771 = CARTESIAN_POINT('',(91.950454,-95.281404,8.5));
#1772 = ORIENTED_EDGE('',*,*,#1773,.T.);
#1773 = EDGE_CURVE('',#1759,#1774,#1776,.T.);
#1774 = VERTEX_POINT('',#1775);
#1775 = CARTESIAN_POINT('',(91.899453,-95.222403,8.5));
#1776 = B_SPLINE_CURVE_WITH_KNOTS('',4,(#1777,#1778,#1779,#1780,#1781),
  .UNSPECIFIED.,.F.,.F.,(5,5),(0.,1.),.PIECEWISE_BEZIER_KNOTS.);
#1777 = CARTESIAN_POINT('',(91.950454,-95.281404,8.5));
#1778 = CARTESIAN_POINT('',(91.936951506209,-95.2679022563,8.5));
#1779 = CARTESIAN_POINT('',(91.923951099497,-95.25340171262,8.5));
#1780 = CARTESIAN_POINT('',(91.911451919509,-95.23815233178,8.5));
#1781 = CARTESIAN_POINT('',(91.899453,-95.222403,8.5));
#1782 = ORIENTED_EDGE('',*,*,#1783,.T.);
#1783 = EDGE_CURVE('',#1774,#1784,#1786,.T.);
#1784 = VERTEX_POINT('',#1785);
#1785 = CARTESIAN_POINT('',(88.795649,-90.96634,8.5));
#1786 = LINE('',#1787,#1788);
#1787 = CARTESIAN_POINT('',(85.524268301275,-86.4804889763,8.5));
#1788 = VECTOR('',#1789,1.);
#1789 = DIRECTION('',(-0.589224797866,0.807969143953,0.));
#1790 = ORIENTED_EDGE('',*,*,#1791,.F.);
#1791 = EDGE_CURVE('',#1792,#1784,#1794,.T.);
#1792 = VERTEX_POINT('',#1793);
#1793 = CARTESIAN_POINT('',(83.435859,-93.284036,8.5));
#1794 = CIRCLE('',#1795,3.);
#1795 = AXIS2_PLACEMENT_3D('',#1796,#1797,#1798);
#1796 = CARTESIAN_POINT('',(86.389368458832,-92.75793536648,8.5));
#1797 = DIRECTION('',(0.,0.,-1.));
#1798 = DIRECTION('',(1.,0.,0.));
#1799 = ORIENTED_EDGE('',*,*,#1800,.T.);
#1800 = EDGE_CURVE('',#1792,#1801,#1803,.T.);
#1801 = VERTEX_POINT('',#1802);
#1802 = CARTESIAN_POINT('',(84.031067,-96.62551,8.5));
#1803 = LINE('',#1804,#1805);
#1804 = CARTESIAN_POINT('',(81.475432897245,-82.27828195893,8.5));
#1805 = VECTOR('',#1806,1.);
#1806 = DIRECTION('',(0.175366961928,-0.984503137966,0.));
#1807 = ORIENTED_EDGE('',*,*,#1808,.T.);
#1808 = EDGE_CURVE('',#1801,#1809,#1811,.T.);
#1809 = VERTEX_POINT('',#1810);
#1810 = CARTESIAN_POINT('',(82.412794,-98.945249,8.5));
#1811 = CIRCLE('',#1812,2.);
#1812 = AXIS2_PLACEMENT_3D('',#1813,#1814,#1815);
#1813 = CARTESIAN_POINT('',(82.062060497001,-96.9762426491,8.5));
#1814 = DIRECTION('',(0.,0.,-1.));
#1815 = DIRECTION('',(1.,0.,0.));
#1816 = ORIENTED_EDGE('',*,*,#1817,.T.);
#1817 = EDGE_CURVE('',#1809,#1818,#1820,.T.);
#1818 = VERTEX_POINT('',#1819);
#1819 = CARTESIAN_POINT('',(49.911492,-104.734613,8.5));
#1820 = LINE('',#1821,#1822);
#1821 = CARTESIAN_POINT('',(82.110465154128,-98.99910197292,8.5));
#1822 = VECTOR('',#1823,1.);
#1823 = DIRECTION('',(-0.984503178155,-0.175366736308,0.));
#1824 = ORIENTED_EDGE('',*,*,#1825,.T.);
#1825 = EDGE_CURVE('',#1818,#1826,#1828,.T.);
#1826 = VERTEX_POINT('',#1827);
#1827 = CARTESIAN_POINT('',(46.444682,-102.304301,8.5));
#1828 = CIRCLE('',#1829,3.);
#1829 = AXIS2_PLACEMENT_3D('',#1830,#1831,#1832);
#1830 = CARTESIAN_POINT('',(49.398303997987,-101.7788325489,8.5));
#1831 = DIRECTION('',(0.,0.,-1.));
#1832 = DIRECTION('',(1.,0.,0.));
#1833 = ORIENTED_EDGE('',*,*,#1834,.T.);
#1834 = EDGE_CURVE('',#1826,#1835,#1837,.T.);
#1835 = VERTEX_POINT('',#1836);
#1836 = CARTESIAN_POINT('',(44.349904,-90.52969,8.5));
#1837 = LINE('',#1838,#1839);
#1838 = CARTESIAN_POINT('',(42.931081992465,-82.55458370379,8.5));
#1839 = VECTOR('',#1840,1.);
#1840 = DIRECTION('',(-0.175156034489,0.984540686606,0.));
#1841 = ORIENTED_EDGE('',*,*,#1842,.F.);
#1842 = EDGE_CURVE('',#1843,#1835,#1845,.T.);
#1843 = VERTEX_POINT('',#1844);
#1844 = CARTESIAN_POINT('',(40.865422,-88.089678,8.5));
#1845 = CIRCLE('',#1846,3.);
#1846 = AXIS2_PLACEMENT_3D('',#1847,#1848,#1849);
#1847 = CARTESIAN_POINT('',(41.394097449526,-91.0427276557,8.5));
#1848 = DIRECTION('',(0.,0.,-1.));
#1849 = DIRECTION('',(1.,0.,0.));
#1850 = ORIENTED_EDGE('',*,*,#1851,.T.);
#1851 = EDGE_CURVE('',#1843,#1852,#1854,.T.);
#1852 = VERTEX_POINT('',#1853);
#1853 = CARTESIAN_POINT('',(27.444801,-90.492329,8.5));
#1854 = LINE('',#1855,#1856);
#1855 = CARTESIAN_POINT('',(69.301321505357,-82.99888954971,8.5));
#1856 = VECTOR('',#1857,1.);
#1857 = DIRECTION('',(-0.984349907346,-0.176225026341,0.));
#1858 = ORIENTED_EDGE('',*,*,#1859,.T.);
#1859 = EDGE_CURVE('',#1852,#1860,#1862,.T.);
#1860 = VERTEX_POINT('',#1861);
#1861 = CARTESIAN_POINT('',(27.069791,-90.410328,8.5));
#1862 = B_SPLINE_CURVE_WITH_KNOTS('',5,(#1863,#1864,#1865,#1866,#1867,
    #1868,#1869,#1870,#1871,#1872),.UNSPECIFIED.,.F.,.F.,(6,4,6),(0.,
    0.58195706795,1.),.UNSPECIFIED.);
#1863 = CARTESIAN_POINT('',(27.444801,-90.492329,8.5));
#1864 = CARTESIAN_POINT('',(27.399143931504,-90.50069339836,8.5));
#1865 = CARTESIAN_POINT('',(27.353003747245,-90.50360621481,8.5));
#1866 = CARTESIAN_POINT('',(27.307004452928,-90.50118001683,8.5));
#1867 = CARTESIAN_POINT('',(27.261772340062,-90.49356773262,8.5));
#1868 = CARTESIAN_POINT('',(27.186416142152,-90.47186317826,8.5));
#1869 = CARTESIAN_POINT('',(27.155625623771,-90.46020028166,8.5));
#1870 = CARTESIAN_POINT('',(27.125774649971,-90.44601006083,8.5));
#1871 = CARTESIAN_POINT('',(27.097088740938,-90.42936101385,8.5));
#1872 = CARTESIAN_POINT('',(27.069791,-90.410328,8.5));
#1873 = ORIENTED_EDGE('',*,*,#1874,.T.);
#1874 = EDGE_CURVE('',#1860,#1875,#1877,.T.);
#1875 = VERTEX_POINT('',#1876);
#1876 = CARTESIAN_POINT('',(26.863786,-90.086323,8.5));
#1877 = B_SPLINE_CURVE_WITH_KNOTS('',5,(#1878,#1879,#1880,#1881,#1882,
    #1883,#1884,#1885,#1886,#1887),.UNSPECIFIED.,.F.,.F.,(6,4,6),(0.,
    0.563923640198,1.),.UNSPECIFIED.);
#1878 = CARTESIAN_POINT('',(27.069791,-90.410328,8.5));
#1879 = CARTESIAN_POINT('',(27.03296715099,-90.38465302455,8.5));
#1880 = CARTESIAN_POINT('',(26.999416640093,-90.35503998505,8.5));
#1881 = CARTESIAN_POINT('',(26.969472780569,-90.32196704927,8.5));
#1882 = CARTESIAN_POINT('',(26.943446122899,-90.28593703652,8.5));
#1883 = CARTESIAN_POINT('',(26.90475917072,-90.21769136853,8.5));
#1884 = CARTESIAN_POINT('',(26.890406421681,-90.18646346359,8.5));
#1885 = CARTESIAN_POINT('',(26.878708030222,-90.15400118221,8.5));
#1886 = CARTESIAN_POINT('',(26.869793660604,-90.12054106758,8.5));
#1887 = CARTESIAN_POINT('',(26.863786,-90.086323,8.5));
#1888 = ORIENTED_EDGE('',*,*,#1889,.T.);
#1889 = EDGE_CURVE('',#1875,#1890,#1892,.T.);
#1890 = VERTEX_POINT('',#1891);
#1891 = CARTESIAN_POINT('',(22.109664,-62.945897,8.5));
#1892 = LINE('',#1893,#1894);
#1893 = CARTESIAN_POINT('',(23.37138225535,-70.14881920986,8.5));
#1894 = VECTOR('',#1895,1.);
#1895 = DIRECTION('',(-0.172540465078,0.985002430408,0.));
#1896 = ORIENTED_EDGE('',*,*,#1897,.T.);
#1897 = EDGE_CURVE('',#1890,#1898,#1900,.T.);
#1898 = VERTEX_POINT('',#1899);
#1899 = CARTESIAN_POINT('',(21.057637,-56.945802,8.5));
#1900 = LINE('',#1901,#1902);
#1901 = CARTESIAN_POINT('',(22.847739071688,-67.15540925325,8.5));
#1902 = VECTOR('',#1903,1.);
#1903 = DIRECTION('',(-0.172700538777,0.984974377284,0.));
#1904 = ORIENTED_EDGE('',*,*,#1905,.T.);
#1905 = EDGE_CURVE('',#1898,#1906,#1908,.T.);
#1906 = VERTEX_POINT('',#1907);
#1907 = CARTESIAN_POINT('',(19.22959,-46.505638,8.5));
#1908 = LINE('',#1909,#1910);
#1909 = CARTESIAN_POINT('',(21.929663701812,-61.92603597609,8.5));
#1910 = VECTOR('',#1911,1.);
#1911 = DIRECTION('',(-0.172473551221,0.985014149203,0.));
#1912 = ORIENTED_EDGE('',*,*,#1913,.T.);
#1913 = EDGE_CURVE('',#1906,#1914,#1916,.T.);
#1914 = VERTEX_POINT('',#1915);
#1915 = CARTESIAN_POINT('',(18.177563,-40.505544,8.5));
#1916 = LINE('',#1917,#1918);
#1917 = CARTESIAN_POINT('',(21.40890561455,-58.93507046035,8.5));
#1918 = VECTOR('',#1919,1.);
#1919 = DIRECTION('',(-0.172700566701,0.984974372388,0.));
#1920 = ORIENTED_EDGE('',*,*,#1921,.T.);
#1921 = EDGE_CURVE('',#1914,#1922,#1924,.T.);
#1922 = VERTEX_POINT('',#1923);
#1923 = CARTESIAN_POINT('',(17.26354,-35.285462,8.5));
#1924 = LINE('',#1925,#1926);
#1925 = CARTESIAN_POINT('',(20.94594484419,-56.31606543543,8.5));
#1926 = VECTOR('',#1927,1.);
#1927 = DIRECTION('',(-0.172473459679,0.985014165231,0.));
#1928 = ORIENTED_EDGE('',*,*,#1929,.T.);
#1929 = EDGE_CURVE('',#1922,#1930,#1932,.T.);
#1930 = VERTEX_POINT('',#1931);
#1931 = CARTESIAN_POINT('',(17.66755,-34.707453,8.5));
#1932 = B_SPLINE_CURVE_WITH_KNOTS('',5,(#1933,#1934,#1935,#1936,#1937,
    #1938,#1939,#1940,#1941,#1942,#1943,#1944,#1945,#1946,#1947,#1948,
    #1949,#1950),.UNSPECIFIED.,.F.,.F.,(6,4,4,4,6),(0.,0.200737317592,
    0.511789665887,0.811167382954,1.),.UNSPECIFIED.);
#1933 = CARTESIAN_POINT('',(17.26354,-35.285462,8.5));
#1934 = CARTESIAN_POINT('',(17.257877148309,-35.25349134337,8.5));
#1935 = CARTESIAN_POINT('',(17.254826967313,-35.22142690673,8.5));
#1936 = CARTESIAN_POINT('',(17.254374787209,-35.18947871462,8.5));
#1937 = CARTESIAN_POINT('',(17.256459080961,-35.15785624402,8.5));
#1938 = CARTESIAN_POINT('',(17.268021289087,-35.07857910316,8.5));
#1939 = CARTESIAN_POINT('',(17.280932920272,-35.03166593234,8.5));
#1940 = CARTESIAN_POINT('',(17.299407289561,-34.98676284265,8.5));
#1941 = CARTESIAN_POINT('',(17.32300132593,-34.94456853564,8.5));
#1942 = CARTESIAN_POINT('',(17.378439260863,-34.86835025711,8.5));
#1943 = CARTESIAN_POINT('',(17.4099381464,-34.834081956,8.5));
#1944 = CARTESIAN_POINT('',(17.445329117847,-34.80350126835,8.5));
#1945 = CARTESIAN_POINT('',(17.484148249525,-34.77717613812,8.5));
#1946 = CARTESIAN_POINT('',(17.55217931644,-34.74196921069,8.5));
#1947 = CARTESIAN_POINT('',(17.579645298655,-34.73023598297,8.5));
#1948 = CARTESIAN_POINT('',(17.608128666704,-34.72050779106,8.5));
#1949 = CARTESIAN_POINT('',(17.637483063391,-34.71288942769,8.5));
#1950 = CARTESIAN_POINT('',(17.66755,-34.707453,8.5));
#1951 = ORIENTED_EDGE('',*,*,#1952,.T.);
#1952 = EDGE_CURVE('',#1930,#1953,#1955,.T.);
#1953 = VERTEX_POINT('',#1954);
#1954 = CARTESIAN_POINT('',(59.556624,-27.181335,8.5));
#1955 = LINE('',#1956,#1957);
#1956 = CARTESIAN_POINT('',(80.34903540241,-23.44560807227,8.5));
#1957 = VECTOR('',#1958,1.);
#1958 = DIRECTION('',(0.984240278692,0.176836290957,0.));
#1959 = ORIENTED_EDGE('',*,*,#1960,.T.);
#1960 = EDGE_CURVE('',#1953,#1961,#1963,.T.);
#1961 = VERTEX_POINT('',#1962);
#1962 = CARTESIAN_POINT('',(59.556624,-23.799282,8.5));
#1963 = LINE('',#1964,#1965);
#1964 = CARTESIAN_POINT('',(59.556624,-43.19970165048,8.5));
#1965 = VECTOR('',#1966,1.);
#1966 = DIRECTION('',(0.,1.,0.));
#1967 = ORIENTED_EDGE('',*,*,#1968,.T.);
#1968 = EDGE_CURVE('',#1961,#1969,#1971,.T.);
#1969 = VERTEX_POINT('',#1970);
#1970 = CARTESIAN_POINT('',(60.012635,-23.301274,8.5));
#1971 = B_SPLINE_CURVE_WITH_KNOTS('',5,(#1972,#1973,#1974,#1975,#1976,
    #1977,#1978,#1979,#1980,#1981,#1982,#1983,#1984,#1985,#1986,#1987,
    #1988,#1989),.UNSPECIFIED.,.F.,.F.,(6,4,4,4,6),(0.,0.187470070916,
    0.503947832242,0.816514199108,1.),.UNSPECIFIED.);
#1972 = CARTESIAN_POINT('',(59.556624,-23.799282,8.5));
#1973 = CARTESIAN_POINT('',(59.556624,-23.77064390884,8.5));
#1974 = CARTESIAN_POINT('',(59.558641316119,-23.74227884708,8.5));
#1975 = CARTESIAN_POINT('',(59.562635971704,-23.71432565677,8.5));
#1976 = CARTESIAN_POINT('',(59.568543444011,-23.68691863677,8.5));
#1977 = CARTESIAN_POINT('',(59.589357965634,-23.61505702394,8.5));
#1978 = CARTESIAN_POINT('',(59.607660274397,-23.57185164862,8.5));
#1979 = CARTESIAN_POINT('',(59.630820950952,-23.53117819265,8.5));
#1980 = CARTESIAN_POINT('',(59.658375724622,-23.49360070965,8.5));
#1981 = CARTESIAN_POINT('',(59.720926298724,-23.42609928936,8.5));
#1982 = CARTESIAN_POINT('',(59.755823645231,-23.39608895018,8.5));
#1983 = CARTESIAN_POINT('',(59.79407329994,-23.37010882925,8.5));
#1984 = CARTESIAN_POINT('',(59.835169556398,-23.34864677713,8.5));
#1985 = CARTESIAN_POINT('',(59.904028487772,-23.32239747257,8.5));
#1986 = CARTESIAN_POINT('',(59.930288198901,-23.31438441052,8.5));
#1987 = CARTESIAN_POINT('',(59.95722361853,-23.30814938757,8.5));
#1988 = CARTESIAN_POINT('',(59.984714596704,-23.30376297031,8.5));
#1989 = CARTESIAN_POINT('',(60.012635,-23.301274,8.5));
#1990 = ORIENTED_EDGE('',*,*,#1991,.T.);
#1991 = EDGE_CURVE('',#1969,#1992,#1994,.T.);
#1992 = VERTEX_POINT('',#1993);
#1993 = CARTESIAN_POINT('',(82.362208,-21.301243,8.5));
#1994 = LINE('',#1995,#1996);
#1995 = CARTESIAN_POINT('',(93.66641025773,-20.2896462708,8.5));
#1996 = VECTOR('',#1997,1.);
#1997 = DIRECTION('',(0.996019789091,8.913237200529E-02,0.));
#1998 = ORIENTED_EDGE('',*,*,#1999,.T.);
#1999 = EDGE_CURVE('',#1992,#2000,#2002,.T.);
#2000 = VERTEX_POINT('',#2001);
#2001 = CARTESIAN_POINT('',(82.407209,-21.299243,8.5));
#2002 = B_SPLINE_CURVE_WITH_KNOTS('',4,(#2003,#2004,#2005,#2006,#2007,
    #2008,#2009,#2010),.UNSPECIFIED.,.F.,.F.,(5,3,5),(0.,0.285000541502,
    1.),.UNSPECIFIED.);
#2003 = CARTESIAN_POINT('',(82.362208,-21.301243,8.5));
#2004 = CARTESIAN_POINT('',(82.365414462879,-21.30102925005,8.5));
#2005 = CARTESIAN_POINT('',(82.368620885219,-21.30081550011,8.5));
#2006 = CARTESIAN_POINT('',(82.371827273615,-21.30060753737,8.5));
#2007 = CARTESIAN_POINT('',(82.383077641219,-21.29991845709,8.5));
#2008 = CARTESIAN_POINT('',(82.391121473644,-21.29949861362,8.5));
#2009 = CARTESIAN_POINT('',(82.39916523635,-21.299243,8.5));
#2010 = CARTESIAN_POINT('',(82.407209,-21.299243,8.5));
#2011 = ORIENTED_EDGE('',*,*,#2012,.T.);
#2012 = EDGE_CURVE('',#2000,#2013,#2015,.T.);
#2013 = VERTEX_POINT('',#2014);
#2014 = CARTESIAN_POINT('',(82.407209,-17.573184,8.5));
#2015 = LINE('',#2016,#2017);
#2016 = CARTESIAN_POINT('',(82.407209,-40.08665265048,8.5));
#2017 = VECTOR('',#2018,1.);
#2018 = DIRECTION('',(0.,1.,0.));
#2019 = ORIENTED_EDGE('',*,*,#2020,.T.);
#2020 = EDGE_CURVE('',#2013,#2021,#2023,.T.);
#2021 = VERTEX_POINT('',#2022);
#2022 = CARTESIAN_POINT('',(83.407235,-16.573168,8.5));
#2023 = B_SPLINE_CURVE_WITH_KNOTS('',5,(#2024,#2025,#2026,#2027,#2028,
    #2029,#2030,#2031,#2032,#2033,#2034,#2035,#2036,#2037,#2038,#2039,
    #2040,#2041,#2042,#2043,#2044,#2045,#2046,#2047,#2048,#2049),
  .UNSPECIFIED.,.F.,.F.,(6,4,4,4,4,4,6),(0.,6.69627607018E-02,
    0.271029016577,0.499998805108,0.728969161986,0.933036717301,1.),
  .UNSPECIFIED.);
#2024 = CARTESIAN_POINT('',(82.407209,-17.573184,8.5));
#2025 = CARTESIAN_POINT('',(82.407209,-17.55183366542,8.5));
#2026 = CARTESIAN_POINT('',(82.407767511624,-17.53051795204,8.5));
#2027 = CARTESIAN_POINT('',(82.408885236002,-17.50925448722,8.5));
#2028 = CARTESIAN_POINT('',(82.410561264427,-17.48806095842,8.5));
#2029 = CARTESIAN_POINT('',(82.419594439395,-17.40263591895,8.5));
#2030 = CARTESIAN_POINT('',(82.431557915437,-17.33912843678,8.5));
#2031 = CARTESIAN_POINT('',(82.448611739488,-17.27694189086,8.5));
#2032 = CARTESIAN_POINT('',(82.470555581048,-17.21655116643,8.5));
#2033 = CARTESIAN_POINT('',(82.526928902397,-17.09315313466,8.5));
#2034 = CARTESIAN_POINT('',(82.562556594434,-17.03072321691,8.5));
#2035 = CARTESIAN_POINT('',(82.603628717849,-16.97172472749,8.5));
#2036 = CARTESIAN_POINT('',(82.649681478459,-16.91670778295,8.5));
#2037 = CARTESIAN_POINT('',(82.750752146979,-16.81563809161,8.5));
#2038 = CARTESIAN_POINT('',(82.805769711608,-16.76958573255,8.5));
#2039 = CARTESIAN_POINT('',(82.864768797736,-16.72851402635,8.5));
#2040 = CARTESIAN_POINT('',(82.927199269804,-16.69288673293,8.5));
#2041 = CARTESIAN_POINT('',(83.050598492625,-16.63651396287,8.5));
#2042 = CARTESIAN_POINT('',(83.110989879805,-16.61457032094,8.5));
#2043 = CARTESIAN_POINT('',(83.173177065202,-16.59751666966,8.5));
#2044 = CARTESIAN_POINT('',(83.236685166019,-16.58555331977,8.5));
#2045 = CARTESIAN_POINT('',(83.322111044239,-16.57652023388,8.5));
#2046 = CARTESIAN_POINT('',(83.343304802105,-16.57484422056,8.5));
#2047 = CARTESIAN_POINT('',(83.364568495429,-16.57372650644,8.5));
#2048 = CARTESIAN_POINT('',(83.385884437067,-16.573168,8.5));
#2049 = CARTESIAN_POINT('',(83.407235,-16.573168,8.5));
#2050 = ORIENTED_EDGE('',*,*,#2051,.T.);
#2051 = EDGE_CURVE('',#2021,#2052,#2054,.T.);
#2052 = VERTEX_POINT('',#2053);
#2053 = CARTESIAN_POINT('',(100.407671,-16.573168,8.5));
#2054 = LINE('',#2055,#2056);
#2055 = CARTESIAN_POINT('',(104.62755656554,-16.573168,8.5));
#2056 = VECTOR('',#2057,1.);
#2057 = DIRECTION('',(1.,0.,0.));
#2058 = ORIENTED_EDGE('',*,*,#2059,.T.);
#2059 = EDGE_CURVE('',#2052,#2060,#2062,.T.);
#2060 = VERTEX_POINT('',#2061);
#2061 = CARTESIAN_POINT('',(101.407696,-17.573184,8.5));
#2062 = B_SPLINE_CURVE_WITH_KNOTS('',5,(#2063,#2064,#2065,#2066,#2067,
    #2068,#2069,#2070,#2071,#2072,#2073,#2074,#2075,#2076,#2077,#2078,
    #2079,#2080,#2081,#2082,#2083,#2084,#2085,#2086,#2087,#2088),
  .UNSPECIFIED.,.F.,.F.,(6,4,4,4,4,4,6),(0.,6.696329728679E-02,
    0.271030842605,0.500001149923,0.728970923806,0.933037219519,1.),
  .UNSPECIFIED.);
#2063 = CARTESIAN_POINT('',(100.407671,-16.573168,8.5));
#2064 = CARTESIAN_POINT('',(100.42902156116,-16.573168,8.5));
#2065 = CARTESIAN_POINT('',(100.45033750071,-16.57372650635,8.5));
#2066 = CARTESIAN_POINT('',(100.47160119162,-16.57484422038,8.5));
#2067 = CARTESIAN_POINT('',(100.49279494673,-16.57652023371,8.5));
#2068 = CARTESIAN_POINT('',(100.57822079524,-16.58555331849,8.5));
#2069 = CARTESIAN_POINT('',(100.6417288667,-16.59751666597,8.5));
#2070 = CARTESIAN_POINT('',(100.70391601968,-16.614570316,8.5));
#2071 = CARTESIAN_POINT('',(100.76430737078,-16.63651395921,8.5));
#2072 = CARTESIAN_POINT('',(100.88770649698,-16.69288673204,8.5));
#2073 = CARTESIAN_POINT('',(100.95013690853,-16.72851402569,8.5));
#2074 = CARTESIAN_POINT('',(101.00913592924,-16.76958573324,8.5));
#2075 = CARTESIAN_POINT('',(101.06415342443,-16.81563809322,8.5));
#2076 = CARTESIAN_POINT('',(101.16522395783,-16.91670778904,8.5));
#2077 = CARTESIAN_POINT('',(101.21127665149,-16.97172473859,8.5));
#2078 = CARTESIAN_POINT('',(101.25234870666,-17.03072322973,8.5));
#2079 = CARTESIAN_POINT('',(101.2879763331,-17.09315314395,8.5));
#2080 = CARTESIAN_POINT('',(101.34434955064,-17.21655117322,8.5));
#2081 = CARTESIAN_POINT('',(101.36629335013,-17.27694190103,8.5));
#2082 = CARTESIAN_POINT('',(101.38334713832,-17.33912844645,8.5));
#2083 = CARTESIAN_POINT('',(101.39531058789,-17.40263592466,8.5));
#2084 = CARTESIAN_POINT('',(101.40434374294,-17.48806095866,8.5));
#2085 = CARTESIAN_POINT('',(101.40601976772,-17.50925448752,8.5));
#2086 = CARTESIAN_POINT('',(101.40713748962,-17.53051795228,8.5));
#2087 = CARTESIAN_POINT('',(101.407696,-17.55183366554,8.5));
#2088 = CARTESIAN_POINT('',(101.407696,-17.573184,8.5));
#2089 = ORIENTED_EDGE('',*,*,#2090,.T.);
#2090 = EDGE_CURVE('',#2060,#2091,#2093,.T.);
#2091 = VERTEX_POINT('',#2092);
#2092 = CARTESIAN_POINT('',(101.407696,-18.823204,8.5));
#2093 = LINE('',#2094,#2095);
#2094 = CARTESIAN_POINT('',(101.407696,-40.71166265048,8.5));
#2095 = VECTOR('',#2096,1.);
#2096 = DIRECTION('',(0.,-1.,0.));
#2097 = ORIENTED_EDGE('',*,*,#2098,.T.);
#2098 = EDGE_CURVE('',#2091,#2099,#2101,.T.);
#2099 = VERTEX_POINT('',#2100);
#2100 = CARTESIAN_POINT('',(119.408158,-18.823204,8.5));
#2101 = LINE('',#2102,#2103);
#2102 = CARTESIAN_POINT('',(114.12780006554,-18.823204,8.5));
#2103 = VECTOR('',#2104,1.);
#2104 = DIRECTION('',(1.,0.,0.));
#2105 = ORIENTED_EDGE('',*,*,#2106,.T.);
#2106 = EDGE_CURVE('',#2099,#2107,#2109,.T.);
#2107 = VERTEX_POINT('',#2108);
#2108 = CARTESIAN_POINT('',(120.408183,-19.82322,8.5));
#2109 = B_SPLINE_CURVE_WITH_KNOTS('',5,(#2110,#2111,#2112,#2113,#2114,
    #2115,#2116,#2117,#2118,#2119,#2120,#2121,#2122,#2123,#2124,#2125,
    #2126,#2127,#2128,#2129,#2130,#2131,#2132,#2133,#2134,#2135),
  .UNSPECIFIED.,.F.,.F.,(6,4,4,4,4,4,6),(0.,6.696329025787E-02,
    0.271030796412,0.500001025723,0.728970758136,0.933037148201,1.),
  .UNSPECIFIED.);
#2110 = CARTESIAN_POINT('',(119.408158,-18.823204,8.5));
#2111 = CARTESIAN_POINT('',(119.42950856104,-18.823204,8.5));
#2112 = CARTESIAN_POINT('',(119.45082450047,-18.82376250509,8.5));
#2113 = CARTESIAN_POINT('',(119.47208819132,-18.82488021668,8.5));
#2114 = CARTESIAN_POINT('',(119.4932819465,-18.82655622644,8.5));
#2115 = CARTESIAN_POINT('',(119.57870779035,-18.83558929207,8.5));
#2116 = CARTESIAN_POINT('',(119.64221585859,-18.84755261458,8.5));
#2117 = CARTESIAN_POINT('',(119.70440301146,-18.86460623193,8.5));
#2118 = CARTESIAN_POINT('',(119.76479436557,-18.88654983863,8.5));
#2119 = CARTESIAN_POINT('',(119.88819349312,-18.9429225282,8.5));
#2120 = CARTESIAN_POINT('',(119.95062390446,-18.97854977323,8.5));
#2121 = CARTESIAN_POINT('',(120.00962292721,-19.01962143417,8.5));
#2122 = CARTESIAN_POINT('',(120.06464042434,-19.06567375303,8.5));
#2123 = CARTESIAN_POINT('',(120.16571096598,-19.16674338729,8.5));
#2124 = CARTESIAN_POINT('',(120.21176366472,-19.22176031804,8.5));
#2125 = CARTESIAN_POINT('',(120.25283571973,-19.28075879879,8.5));
#2126 = CARTESIAN_POINT('',(120.28846334083,-19.34318871021,8.5));
#2127 = CARTESIAN_POINT('',(120.34483656085,-19.46658678246,8.5));
#2128 = CARTESIAN_POINT('',(120.36678036282,-19.52697755796,8.5));
#2129 = CARTESIAN_POINT('',(120.38383414722,-19.58916415667,8.5));
#2130 = CARTESIAN_POINT('',(120.39579759089,-19.65267169244,8.5));
#2131 = CARTESIAN_POINT('',(120.4048307433,-19.73809682117,8.5));
#2132 = CARTESIAN_POINT('',(120.40650676808,-19.75929038358,8.5));
#2133 = CARTESIAN_POINT('',(120.40762448981,-19.78055388244,8.5));
#2134 = CARTESIAN_POINT('',(120.408183,-19.80186963034,8.5));
#2135 = CARTESIAN_POINT('',(120.408183,-19.82322,8.5));
#2136 = ORIENTED_EDGE('',*,*,#2137,.T.);
#2137 = EDGE_CURVE('',#2107,#2138,#2140,.T.);
#2138 = VERTEX_POINT('',#2139);
#2139 = CARTESIAN_POINT('',(120.408183,-21.323243,8.5));
#2140 = LINE('',#2141,#2142);
#2141 = CARTESIAN_POINT('',(120.408183,-41.96168215048,8.5));
#2142 = VECTOR('',#2143,1.);
#2143 = DIRECTION('',(0.,-1.,0.));
#2144 = ORIENTED_EDGE('',*,*,#2145,.T.);
#2145 = EDGE_CURVE('',#2138,#2146,#2148,.T.);
#2146 = VERTEX_POINT('',#2147);
#2147 = CARTESIAN_POINT('',(158.059148,-21.299243,8.5));
#2148 = LINE('',#2149,#2150);
#2149 = CARTESIAN_POINT('',(133.44014177962,-21.31493598819,8.5));
#2150 = VECTOR('',#2151,1.);
#2151 = DIRECTION('',(0.999999796839,6.374337317553E-04,0.));
#2152 = ORIENTED_EDGE('',*,*,#2153,.T.);
#2153 = EDGE_CURVE('',#2146,#2154,#2156,.T.);
#2154 = VERTEX_POINT('',#2155);
#2155 = CARTESIAN_POINT('',(158.12415,-21.303243,8.5));
#2156 = B_SPLINE_CURVE_WITH_KNOTS('',4,(#2157,#2158,#2159,#2160,#2161),
  .UNSPECIFIED.,.F.,.F.,(5,5),(0.,1.),.PIECEWISE_BEZIER_KNOTS.);
#2157 = CARTESIAN_POINT('',(158.059148,-21.299243,8.5));
#2158 = CARTESIAN_POINT('',(158.07564786787,-21.299243,8.5));
#2159 = CARTESIAN_POINT('',(158.0916493504,-21.2997429051,8.5));
#2160 = CARTESIAN_POINT('',(158.10765079754,-21.30099321101,8.5));
#2161 = CARTESIAN_POINT('',(158.12415,-21.303243,8.5));
#2162 = ORIENTED_EDGE('',*,*,#2163,.T.);
#2163 = EDGE_CURVE('',#2154,#2164,#2166,.T.);
#2164 = VERTEX_POINT('',#2165);
#2165 = CARTESIAN_POINT('',(175.992608,-23.627279,8.5));
#2166 = LINE('',#2167,#2168);
#2167 = CARTESIAN_POINT('',(145.47082220318,-19.6575056163,8.5));
#2168 = VECTOR('',#2169,1.);
#2169 = DIRECTION('',(0.991647552536,-0.128977252061,0.));
#2170 = ORIENTED_EDGE('',*,*,#2171,.T.);
#2171 = EDGE_CURVE('',#2164,#2172,#2174,.T.);
#2172 = VERTEX_POINT('',#2173);
#2173 = CARTESIAN_POINT('',(176.56,-23.627279,8.5));
#2174 = LINE('',#2175,#2176);
#2175 = CARTESIAN_POINT('',(147.62715856554,-23.627279,8.5));
#2176 = VECTOR('',#2177,1.);
#2177 = DIRECTION('',(1.,0.,0.));
#2178 = ORIENTED_EDGE('',*,*,#2179,.F.);
#2179 = EDGE_CURVE('',#2180,#2172,#2182,.T.);
#2180 = VERTEX_POINT('',#2181);
#2181 = CARTESIAN_POINT('',(176.56,-20.627232,8.5));
#2182 = LINE('',#2183,#2184);
#2183 = CARTESIAN_POINT('',(176.56,-40.61367665048,8.5));
#2184 = VECTOR('',#2185,1.);
#2185 = DIRECTION('',(-1.2E-16,-1.,0.));
#2186 = ORIENTED_EDGE('',*,*,#2187,.T.);
#2187 = EDGE_CURVE('',#2180,#2188,#2190,.T.);
#2188 = VERTEX_POINT('',#2189);
#2189 = CARTESIAN_POINT('',(176.186613,-20.627232,8.5));
#2190 = LINE('',#2191,#2192);
#2191 = CARTESIAN_POINT('',(186.406875,-20.627232,8.5));
#2192 = VECTOR('',#2193,1.);
#2193 = DIRECTION('',(-1.,0.,0.));
#2194 = ORIENTED_EDGE('',*,*,#2195,.T.);
#2195 = EDGE_CURVE('',#2188,#2196,#2198,.T.);
#2196 = VERTEX_POINT('',#2197);
#2197 = CARTESIAN_POINT('',(161.267293,-18.686685,8.5));
#2198 = LINE('',#2199,#2200);
#2199 = CARTESIAN_POINT('',(176.186613,-20.627232,8.5));
#2200 = VECTOR('',#2201,1.);
#2201 = DIRECTION('',(-0.991646817089,0.128982906457,0.));
#2202 = ORIENTED_EDGE('',*,*,#2203,.F.);
#2203 = EDGE_CURVE('',#2204,#2196,#2206,.T.);
#2204 = VERTEX_POINT('',#2205);
#2205 = CARTESIAN_POINT('',(157.53906,-16.152288,8.5));
#2206 = CIRCLE('',#2207,4.999724);
#2207 = AXIS2_PLACEMENT_3D('',#2208,#2209,#2210);
#2208 = CARTESIAN_POINT('',(161.91210694656,-13.72871615676,8.5));
#2209 = DIRECTION('',(0.,0.,1.));
#2210 = DIRECTION('',(1.,0.,0.));
#2211 = ORIENTED_EDGE('',*,*,#2212,.T.);
#2212 = EDGE_CURVE('',#2204,#2213,#2215,.T.);
#2213 = VERTEX_POINT('',#2214);
#2214 = CARTESIAN_POINT('',(154.918248,-14.6122,8.5));
#2215 = CIRCLE('',#2216,3.);
#2216 = AXIS2_PLACEMENT_3D('',#2217,#2218,#2219);
#2217 = CARTESIAN_POINT('',(154.91824773044,-17.6122,8.5));
#2218 = DIRECTION('',(0.,0.,1.));
#2219 = DIRECTION('',(1.,0.,0.));
#2220 = ORIENTED_EDGE('',*,*,#2221,.T.);
#2221 = EDGE_CURVE('',#2213,#2222,#2224,.T.);
#2222 = VERTEX_POINT('',#2223);
#2223 = CARTESIAN_POINT('',(152.389848,-15.99752,8.5));
#2224 = CIRCLE('',#2225,3.);
#2225 = AXIS2_PLACEMENT_3D('',#2226,#2227,#2228);
#2226 = CARTESIAN_POINT('',(154.91824838316,-17.6122,8.5));
#2227 = DIRECTION('',(0.,0.,1.));
#2228 = DIRECTION('',(1.,0.,0.));
#2229 = ORIENTED_EDGE('',*,*,#2230,.F.);
#2230 = EDGE_CURVE('',#2231,#2222,#2233,.T.);
#2231 = VERTEX_POINT('',#2232);
#2232 = CARTESIAN_POINT('',(148.156578,-18.306349,8.5));
#2233 = CIRCLE('',#2234,5.);
#2234 = AXIS2_PLACEMENT_3D('',#2235,#2236,#2237);
#2235 = CARTESIAN_POINT('',(148.17584770265,-13.30638613228,8.5));
#2236 = DIRECTION('',(0.,0.,1.));
#2237 = DIRECTION('',(1.,0.,0.));
#2238 = ORIENTED_EDGE('',*,*,#2239,.T.);
#2239 = EDGE_CURVE('',#2231,#2240,#2242,.T.);
#2240 = VERTEX_POINT('',#2241);
#2241 = CARTESIAN_POINT('',(123.115253,-18.321196,8.5));
#2242 = LINE('',#2243,#2244);
#2243 = CARTESIAN_POINT('',(148.156578,-18.306349,8.5));
#2244 = VECTOR('',#2245,1.);
#2245 = DIRECTION('',(-0.999999824235,-5.928998321941E-04,0.));
#2246 = ORIENTED_EDGE('',*,*,#2247,.T.);
#2247 = EDGE_CURVE('',#2240,#1203,#2248,.T.);
#2248 = B_SPLINE_CURVE_WITH_KNOTS('',3,(#2249,#2250,#2251,#2252),
  .UNSPECIFIED.,.F.,.F.,(4,4),(0.,1.),.PIECEWISE_BEZIER_KNOTS.);
#2249 = CARTESIAN_POINT('',(123.115253,-18.321196,8.5));
#2250 = CARTESIAN_POINT('',(122.504237,-16.811172,8.5));
#2251 = CARTESIAN_POINT('',(121.037199,-15.823157,8.5));
#2252 = CARTESIAN_POINT('',(119.408158,-15.823157,8.5));
#2253 = FACE_BOUND('',#2254,.T.);
#2254 = EDGE_LOOP('',(#2255));
#2255 = ORIENTED_EDGE('',*,*,#2256,.T.);
#2256 = EDGE_CURVE('',#2257,#2257,#2259,.T.);
#2257 = VERTEX_POINT('',#2258);
#2258 = CARTESIAN_POINT('',(42.087843,-92.211337,8.5));
#2259 = CIRCLE('',#2260,1.6);
#2260 = AXIS2_PLACEMENT_3D('',#2261,#2262,#2263);
#2261 = CARTESIAN_POINT('',(40.487843,-92.211337,8.5));
#2262 = DIRECTION('',(0.,0.,-1.));
#2263 = DIRECTION('',(1.,0.,0.));
#2264 = FACE_BOUND('',#2265,.T.);
#2265 = EDGE_LOOP('',(#2266));
#2266 = ORIENTED_EDGE('',*,*,#2267,.T.);
#2267 = EDGE_CURVE('',#2268,#2268,#2270,.T.);
#2268 = VERTEX_POINT('',#2269);
#2269 = CARTESIAN_POINT('',(88.92261,-94.82474,8.5));
#2270 = CIRCLE('',#2271,1.6);
#2271 = AXIS2_PLACEMENT_3D('',#2272,#2273,#2274);
#2272 = CARTESIAN_POINT('',(87.32261,-94.82474,8.5));
#2273 = DIRECTION('',(0.,0.,-1.));
#2274 = DIRECTION('',(1.,0.,0.));
#2275 = FACE_BOUND('',#2276,.T.);
#2276 = EDGE_LOOP('',(#2277));
#2277 = ORIENTED_EDGE('',*,*,#2278,.T.);
#2278 = EDGE_CURVE('',#2279,#2279,#2281,.T.);
#2279 = VERTEX_POINT('',#2280);
#2280 = CARTESIAN_POINT('',(144.407698,-112.548516,8.5));
#2281 = CIRCLE('',#2282,1.6);
#2282 = AXIS2_PLACEMENT_3D('',#2283,#2284,#2285);
#2283 = CARTESIAN_POINT('',(142.807698,-112.548516,8.5));
#2284 = DIRECTION('',(0.,0.,-1.));
#2285 = DIRECTION('',(1.,0.,0.));
#2286 = FACE_BOUND('',#2287,.T.);
#2287 = EDGE_LOOP('',(#2288));
#2288 = ORIENTED_EDGE('',*,*,#2289,.T.);
#2289 = EDGE_CURVE('',#2290,#2290,#2292,.T.);
#2290 = VERTEX_POINT('',#2291);
#2291 = CARTESIAN_POINT('',(189.731757,-99.333538,8.5));
#2292 = CIRCLE('',#2293,1.6);
#2293 = AXIS2_PLACEMENT_3D('',#2294,#2295,#2296);
#2294 = CARTESIAN_POINT('',(188.131757,-99.333538,8.5));
#2295 = DIRECTION('',(0.,0.,-1.));
#2296 = DIRECTION('',(1.,0.,0.));
#2297 = FACE_BOUND('',#2298,.T.);
#2298 = EDGE_LOOP('',(#2299));
#2299 = ORIENTED_EDGE('',*,*,#2300,.T.);
#2300 = EDGE_CURVE('',#2301,#2301,#2303,.T.);
#2301 = VERTEX_POINT('',#2302);
#2302 = CARTESIAN_POINT('',(23.702017,-29.907082,8.5));
#2303 = CIRCLE('',#2304,1.6);
#2304 = AXIS2_PLACEMENT_3D('',#2305,#2306,#2307);
#2305 = CARTESIAN_POINT('',(22.102017,-29.907082,8.5));
#2306 = DIRECTION('',(0.,0.,-1.));
#2307 = DIRECTION('',(1.,0.,0.));
#2308 = FACE_BOUND('',#2309,.T.);
#2309 = EDGE_LOOP('',(#2310));
#2310 = ORIENTED_EDGE('',*,*,#2311,.T.);
#2311 = EDGE_CURVE('',#2312,#2312,#2314,.T.);
#2312 = VERTEX_POINT('',#2313);
#2313 = CARTESIAN_POINT('',(93.676908,-12.424245,8.5));
#2314 = CIRCLE('',#2315,1.6);
#2315 = AXIS2_PLACEMENT_3D('',#2316,#2317,#2318);
#2316 = CARTESIAN_POINT('',(92.076908,-12.424245,8.5));
#2317 = DIRECTION('',(0.,0.,-1.));
#2318 = DIRECTION('',(1.,0.,0.));
#2319 = FACE_BOUND('',#2320,.T.);
#2320 = EDGE_LOOP('',(#2321));
#2321 = ORIENTED_EDGE('',*,*,#2322,.T.);
#2322 = EDGE_CURVE('',#2323,#2323,#2325,.T.);
#2323 = VERTEX_POINT('',#2324);
#2324 = CARTESIAN_POINT('',(156.518248,-17.6122,8.5));
#2325 = CIRCLE('',#2326,1.6);
#2326 = AXIS2_PLACEMENT_3D('',#2327,#2328,#2329);
#2327 = CARTESIAN_POINT('',(154.918248,-17.6122,8.5));
#2328 = DIRECTION('',(0.,0.,-1.));
#2329 = DIRECTION('',(1.,0.,0.));
#2330 = PLANE('',#2331);
#2331 = AXIS2_PLACEMENT_3D('',#2332,#2333,#2334);
#2332 = CARTESIAN_POINT('',(108.84744213108,-62.60012130097,8.5));
#2333 = DIRECTION('',(0.,0.,1.));
#2334 = DIRECTION('',(1.,0.,0.));
#2335 = ADVANCED_FACE('',(#2336),#2347,.F.);
#2336 = FACE_BOUND('',#2337,.F.);
#2337 = EDGE_LOOP('',(#2338,#2344,#2345,#2346));
#2338 = ORIENTED_EDGE('',*,*,#2339,.T.);
#2339 = EDGE_CURVE('',#660,#1203,#2340,.T.);
#2340 = LINE('',#2341,#2342);
#2341 = CARTESIAN_POINT('',(119.408158,-15.823157,0.));
#2342 = VECTOR('',#2343,1.);
#2343 = DIRECTION('',(0.,0.,1.));
#2344 = ORIENTED_EDGE('',*,*,#1202,.T.);
#2345 = ORIENTED_EDGE('',*,*,#61,.F.);
#2346 = ORIENTED_EDGE('',*,*,#668,.F.);
#2347 = PLANE('',#2348);
#2348 = AXIS2_PLACEMENT_3D('',#2349,#2350,#2351);
#2349 = CARTESIAN_POINT('',(119.408158,-15.823157,0.));
#2350 = DIRECTION('',(0.,-1.,0.));
#2351 = DIRECTION('',(-1.,0.,0.));
#2352 = ADVANCED_FACE('',(#2353),#2364,.T.);
#2353 = FACE_BOUND('',#2354,.F.);
#2354 = EDGE_LOOP('',(#2355,#2356,#2357,#2363));
#2355 = ORIENTED_EDGE('',*,*,#97,.T.);
#2356 = ORIENTED_EDGE('',*,*,#1213,.T.);
#2357 = ORIENTED_EDGE('',*,*,#2358,.F.);
#2358 = EDGE_CURVE('',#133,#1214,#2359,.T.);
#2359 = LINE('',#2360,#2361);
#2360 = CARTESIAN_POINT('',(92.076908,-9.424245,0.));
#2361 = VECTOR('',#2362,1.);
#2362 = DIRECTION('',(0.,0.,1.));
#2363 = ORIENTED_EDGE('',*,*,#132,.F.);
#2364 = CYLINDRICAL_SURFACE('',#2365,3.);
#2365 = AXIS2_PLACEMENT_3D('',#2366,#2367,#2368);
#2366 = CARTESIAN_POINT('',(92.076907684171,-12.424245,0.));
#2367 = DIRECTION('',(-0.,-0.,-1.));
#2368 = DIRECTION('',(1.,0.,0.));
#2369 = ADVANCED_FACE('',(#2370),#2381,.F.);
#2370 = FACE_BOUND('',#2371,.F.);
#2371 = EDGE_LOOP('',(#2372,#2378,#2379,#2380));
#2372 = ORIENTED_EDGE('',*,*,#2373,.T.);
#2373 = EDGE_CURVE('',#652,#2240,#2374,.T.);
#2374 = LINE('',#2375,#2376);
#2375 = CARTESIAN_POINT('',(123.115253,-18.321196,0.));
#2376 = VECTOR('',#2377,1.);
#2377 = DIRECTION('',(0.,0.,1.));
#2378 = ORIENTED_EDGE('',*,*,#2247,.T.);
#2379 = ORIENTED_EDGE('',*,*,#2339,.F.);
#2380 = ORIENTED_EDGE('',*,*,#659,.F.);
#2381 = SURFACE_OF_LINEAR_EXTRUSION('',#2382,#2387);
#2382 = B_SPLINE_CURVE_WITH_KNOTS('',3,(#2383,#2384,#2385,#2386),
  .UNSPECIFIED.,.F.,.F.,(4,4),(0.,1.),.PIECEWISE_BEZIER_KNOTS.);
#2383 = CARTESIAN_POINT('',(123.115253,-18.321196,0.));
#2384 = CARTESIAN_POINT('',(122.504237,-16.811172,0.));
#2385 = CARTESIAN_POINT('',(121.037199,-15.823157,0.));
#2386 = CARTESIAN_POINT('',(119.408158,-15.823157,0.));
#2387 = VECTOR('',#2388,1.);
#2388 = DIRECTION('',(-0.,-0.,-1.));
#2389 = ADVANCED_FACE('',(#2390),#2401,.T.);
#2390 = FACE_BOUND('',#2391,.F.);
#2391 = EDGE_LOOP('',(#2392,#2393,#2394,#2400));
#2392 = ORIENTED_EDGE('',*,*,#2358,.T.);
#2393 = ORIENTED_EDGE('',*,*,#1222,.T.);
#2394 = ORIENTED_EDGE('',*,*,#2395,.F.);
#2395 = EDGE_CURVE('',#142,#1223,#2396,.T.);
#2396 = LINE('',#2397,#2398);
#2397 = CARTESIAN_POINT('',(89.447276,-10.980279,0.));
#2398 = VECTOR('',#2399,1.);
#2399 = DIRECTION('',(0.,0.,1.));
#2400 = ORIENTED_EDGE('',*,*,#141,.F.);
#2401 = CYLINDRICAL_SURFACE('',#2402,3.);
#2402 = AXIS2_PLACEMENT_3D('',#2403,#2404,#2405);
#2403 = CARTESIAN_POINT('',(92.076907569411,-12.424245,0.));
#2404 = DIRECTION('',(-0.,-0.,-1.));
#2405 = DIRECTION('',(1.,0.,0.));
#2406 = ADVANCED_FACE('',(#2407),#2418,.F.);
#2407 = FACE_BOUND('',#2408,.F.);
#2408 = EDGE_LOOP('',(#2409,#2415,#2416,#2417));
#2409 = ORIENTED_EDGE('',*,*,#2410,.T.);
#2410 = EDGE_CURVE('',#643,#2231,#2411,.T.);
#2411 = LINE('',#2412,#2413);
#2412 = CARTESIAN_POINT('',(148.156578,-18.306349,0.));
#2413 = VECTOR('',#2414,1.);
#2414 = DIRECTION('',(0.,0.,1.));
#2415 = ORIENTED_EDGE('',*,*,#2239,.T.);
#2416 = ORIENTED_EDGE('',*,*,#2373,.F.);
#2417 = ORIENTED_EDGE('',*,*,#651,.F.);
#2418 = PLANE('',#2419);
#2419 = AXIS2_PLACEMENT_3D('',#2420,#2421,#2422);
#2420 = CARTESIAN_POINT('',(148.156578,-18.306349,0.));
#2421 = DIRECTION('',(5.928998321941E-04,-0.999999824235,0.));
#2422 = DIRECTION('',(-0.999999824235,-5.928998321941E-04,0.));
#2423 = ADVANCED_FACE('',(#2424),#2435,.F.);
#2424 = FACE_BOUND('',#2425,.T.);
#2425 = EDGE_LOOP('',(#2426,#2432,#2433,#2434));
#2426 = ORIENTED_EDGE('',*,*,#2427,.T.);
#2427 = EDGE_CURVE('',#151,#1232,#2428,.T.);
#2428 = LINE('',#2429,#2430);
#2429 = CARTESIAN_POINT('',(85.076012,-13.573655,0.));
#2430 = VECTOR('',#2431,1.);
#2431 = DIRECTION('',(0.,0.,1.));
#2432 = ORIENTED_EDGE('',*,*,#1231,.T.);
#2433 = ORIENTED_EDGE('',*,*,#2395,.F.);
#2434 = ORIENTED_EDGE('',*,*,#150,.F.);
#2435 = CYLINDRICAL_SURFACE('',#2436,5.);
#2436 = AXIS2_PLACEMENT_3D('',#2437,#2438,#2439);
#2437 = CARTESIAN_POINT('',(85.064557200175,-8.573668121261,0.));
#2438 = DIRECTION('',(-0.,-0.,-1.));
#2439 = DIRECTION('',(1.,0.,0.));
#2440 = ADVANCED_FACE('',(#2441),#2452,.F.);
#2441 = FACE_BOUND('',#2442,.T.);
#2442 = EDGE_LOOP('',(#2443,#2444,#2445,#2451));
#2443 = ORIENTED_EDGE('',*,*,#2410,.T.);
#2444 = ORIENTED_EDGE('',*,*,#2230,.T.);
#2445 = ORIENTED_EDGE('',*,*,#2446,.F.);
#2446 = EDGE_CURVE('',#634,#2222,#2447,.T.);
#2447 = LINE('',#2448,#2449);
#2448 = CARTESIAN_POINT('',(152.389848,-15.99752,0.));
#2449 = VECTOR('',#2450,1.);
#2450 = DIRECTION('',(0.,0.,1.));
#2451 = ORIENTED_EDGE('',*,*,#642,.F.);
#2452 = CYLINDRICAL_SURFACE('',#2453,5.);
#2453 = AXIS2_PLACEMENT_3D('',#2454,#2455,#2456);
#2454 = CARTESIAN_POINT('',(148.17584770265,-13.30638613228,0.));
#2455 = DIRECTION('',(-0.,-0.,-1.));
#2456 = DIRECTION('',(1.,0.,0.));
#2457 = ADVANCED_FACE('',(#2458),#2469,.F.);
#2458 = FACE_BOUND('',#2459,.F.);
#2459 = EDGE_LOOP('',(#2460,#2461,#2462,#2468));
#2460 = ORIENTED_EDGE('',*,*,#2427,.T.);
#2461 = ORIENTED_EDGE('',*,*,#1240,.T.);
#2462 = ORIENTED_EDGE('',*,*,#2463,.F.);
#2463 = EDGE_CURVE('',#160,#1241,#2464,.T.);
#2464 = LINE('',#2465,#2466);
#2465 = CARTESIAN_POINT('',(83.407235,-13.573121,0.));
#2466 = VECTOR('',#2467,1.);
#2467 = DIRECTION('',(0.,0.,1.));
#2468 = ORIENTED_EDGE('',*,*,#159,.F.);
#2469 = PLANE('',#2470);
#2470 = AXIS2_PLACEMENT_3D('',#2471,#2472,#2473);
#2471 = CARTESIAN_POINT('',(85.076012,-13.573655,0.));
#2472 = DIRECTION('',(-3.19994806165E-04,-0.999999948802,0.));
#2473 = DIRECTION('',(-0.999999948802,3.19994806165E-04,0.));
#2474 = ADVANCED_FACE('',(#2475),#2486,.T.);
#2475 = FACE_BOUND('',#2476,.F.);
#2476 = EDGE_LOOP('',(#2477,#2483,#2484,#2485));
#2477 = ORIENTED_EDGE('',*,*,#2478,.T.);
#2478 = EDGE_CURVE('',#625,#2213,#2479,.T.);
#2479 = LINE('',#2480,#2481);
#2480 = CARTESIAN_POINT('',(154.918248,-14.6122,0.));
#2481 = VECTOR('',#2482,1.);
#2482 = DIRECTION('',(0.,0.,1.));
#2483 = ORIENTED_EDGE('',*,*,#2221,.T.);
#2484 = ORIENTED_EDGE('',*,*,#2446,.F.);
#2485 = ORIENTED_EDGE('',*,*,#633,.F.);
#2486 = CYLINDRICAL_SURFACE('',#2487,3.);
#2487 = AXIS2_PLACEMENT_3D('',#2488,#2489,#2490);
#2488 = CARTESIAN_POINT('',(154.91824838316,-17.6122,0.));
#2489 = DIRECTION('',(-0.,-0.,-1.));
#2490 = DIRECTION('',(1.,0.,0.));
#2491 = ADVANCED_FACE('',(#2492),#2503,.F.);
#2492 = FACE_BOUND('',#2493,.F.);
#2493 = EDGE_LOOP('',(#2494,#2495,#2496,#2502));
#2494 = ORIENTED_EDGE('',*,*,#2463,.T.);
#2495 = ORIENTED_EDGE('',*,*,#1248,.T.);
#2496 = ORIENTED_EDGE('',*,*,#2497,.F.);
#2497 = EDGE_CURVE('',#168,#1249,#2498,.T.);
#2498 = LINE('',#2499,#2500);
#2499 = CARTESIAN_POINT('',(79.407132,-17.573184,0.));
#2500 = VECTOR('',#2501,1.);
#2501 = DIRECTION('',(0.,0.,1.));
#2502 = ORIENTED_EDGE('',*,*,#167,.F.);
#2503 = SURFACE_OF_LINEAR_EXTRUSION('',#2504,#2509);
#2504 = B_SPLINE_CURVE_WITH_KNOTS('',3,(#2505,#2506,#2507,#2508),
  .UNSPECIFIED.,.F.,.F.,(4,4),(0.,1.),.PIECEWISE_BEZIER_KNOTS.);
#2505 = CARTESIAN_POINT('',(83.407235,-13.573121,0.));
#2506 = CARTESIAN_POINT('',(81.198178,-13.573121,0.));
#2507 = CARTESIAN_POINT('',(79.407132,-15.36415,0.));
#2508 = CARTESIAN_POINT('',(79.407132,-17.573184,0.));
#2509 = VECTOR('',#2510,1.);
#2510 = DIRECTION('',(-0.,-0.,-1.));
#2511 = ADVANCED_FACE('',(#2512),#2523,.T.);
#2512 = FACE_BOUND('',#2513,.F.);
#2513 = EDGE_LOOP('',(#2514,#2520,#2521,#2522));
#2514 = ORIENTED_EDGE('',*,*,#2515,.T.);
#2515 = EDGE_CURVE('',#616,#2204,#2516,.T.);
#2516 = LINE('',#2517,#2518);
#2517 = CARTESIAN_POINT('',(157.53906,-16.152288,0.));
#2518 = VECTOR('',#2519,1.);
#2519 = DIRECTION('',(0.,0.,1.));
#2520 = ORIENTED_EDGE('',*,*,#2212,.T.);
#2521 = ORIENTED_EDGE('',*,*,#2478,.F.);
#2522 = ORIENTED_EDGE('',*,*,#624,.F.);
#2523 = CYLINDRICAL_SURFACE('',#2524,3.);
#2524 = AXIS2_PLACEMENT_3D('',#2525,#2526,#2527);
#2525 = CARTESIAN_POINT('',(154.91824773044,-17.6122,0.));
#2526 = DIRECTION('',(-0.,-0.,-1.));
#2527 = DIRECTION('',(1.,0.,0.));
#2528 = ADVANCED_FACE('',(#2529),#2540,.F.);
#2529 = FACE_BOUND('',#2530,.F.);
#2530 = EDGE_LOOP('',(#2531,#2532,#2533,#2539));
#2531 = ORIENTED_EDGE('',*,*,#2497,.T.);
#2532 = ORIENTED_EDGE('',*,*,#1257,.T.);
#2533 = ORIENTED_EDGE('',*,*,#2534,.F.);
#2534 = EDGE_CURVE('',#177,#1258,#2535,.T.);
#2535 = LINE('',#2536,#2537);
#2536 = CARTESIAN_POINT('',(79.407132,-18.5532,0.));
#2537 = VECTOR('',#2538,1.);
#2538 = DIRECTION('',(0.,0.,1.));
#2539 = ORIENTED_EDGE('',*,*,#176,.F.);
#2540 = PLANE('',#2541);
#2541 = AXIS2_PLACEMENT_3D('',#2542,#2543,#2544);
#2542 = CARTESIAN_POINT('',(79.407132,-17.573184,0.));
#2543 = DIRECTION('',(1.,0.,0.));
#2544 = DIRECTION('',(0.,-1.,0.));
#2545 = ADVANCED_FACE('',(#2546),#2557,.F.);
#2546 = FACE_BOUND('',#2547,.T.);
#2547 = EDGE_LOOP('',(#2548,#2549,#2550,#2556));
#2548 = ORIENTED_EDGE('',*,*,#2515,.T.);
#2549 = ORIENTED_EDGE('',*,*,#2203,.T.);
#2550 = ORIENTED_EDGE('',*,*,#2551,.F.);
#2551 = EDGE_CURVE('',#608,#2196,#2552,.T.);
#2552 = LINE('',#2553,#2554);
#2553 = CARTESIAN_POINT('',(161.267293,-18.686685,0.));
#2554 = VECTOR('',#2555,1.);
#2555 = DIRECTION('',(0.,0.,1.));
#2556 = ORIENTED_EDGE('',*,*,#615,.F.);
#2557 = CYLINDRICAL_SURFACE('',#2558,4.999724);
#2558 = AXIS2_PLACEMENT_3D('',#2559,#2560,#2561);
#2559 = CARTESIAN_POINT('',(161.91210694656,-13.72871615676,0.));
#2560 = DIRECTION('',(-0.,-0.,-1.));
#2561 = DIRECTION('',(1.,0.,0.));
#2562 = ADVANCED_FACE('',(#2563),#2574,.F.);
#2563 = FACE_BOUND('',#2564,.F.);
#2564 = EDGE_LOOP('',(#2565,#2566,#2567,#2573));
#2565 = ORIENTED_EDGE('',*,*,#2534,.T.);
#2566 = ORIENTED_EDGE('',*,*,#1265,.T.);
#2567 = ORIENTED_EDGE('',*,*,#2568,.F.);
#2568 = EDGE_CURVE('',#185,#1266,#2569,.T.);
#2569 = LINE('',#2570,#2571);
#2570 = CARTESIAN_POINT('',(59.745629,-20.313227,0.));
#2571 = VECTOR('',#2572,1.);
#2572 = DIRECTION('',(0.,0.,1.));
#2573 = ORIENTED_EDGE('',*,*,#184,.F.);
#2574 = PLANE('',#2575);
#2575 = AXIS2_PLACEMENT_3D('',#2576,#2577,#2578);
#2576 = CARTESIAN_POINT('',(79.407132,-18.5532,0.));
#2577 = DIRECTION('',(8.915988706336E-02,-0.996017326425,0.));
#2578 = DIRECTION('',(-0.996017326425,-8.915988706336E-02,0.));
#2579 = ADVANCED_FACE('',(#2580),#2591,.F.);
#2580 = FACE_BOUND('',#2581,.F.);
#2581 = EDGE_LOOP('',(#2582,#2588,#2589,#2590));
#2582 = ORIENTED_EDGE('',*,*,#2583,.T.);
#2583 = EDGE_CURVE('',#600,#2188,#2584,.T.);
#2584 = LINE('',#2585,#2586);
#2585 = CARTESIAN_POINT('',(176.186613,-20.627232,0.));
#2586 = VECTOR('',#2587,1.);
#2587 = DIRECTION('',(0.,0.,1.));
#2588 = ORIENTED_EDGE('',*,*,#2195,.T.);
#2589 = ORIENTED_EDGE('',*,*,#2551,.F.);
#2590 = ORIENTED_EDGE('',*,*,#607,.F.);
#2591 = PLANE('',#2592);
#2592 = AXIS2_PLACEMENT_3D('',#2593,#2594,#2595);
#2593 = CARTESIAN_POINT('',(176.186613,-20.627232,0.));
#2594 = DIRECTION('',(-0.128982906457,-0.991646817089,0.));
#2595 = DIRECTION('',(-0.991646817089,0.128982906457,0.));
#2596 = ADVANCED_FACE('',(#2597),#2608,.F.);
#2597 = FACE_BOUND('',#2598,.F.);
#2598 = EDGE_LOOP('',(#2599,#2600,#2601,#2607));
#2599 = ORIENTED_EDGE('',*,*,#2568,.T.);
#2600 = ORIENTED_EDGE('',*,*,#1273,.T.);
#2601 = ORIENTED_EDGE('',*,*,#2602,.F.);
#2602 = EDGE_CURVE('',#193,#1274,#2603,.T.);
#2603 = LINE('',#2604,#2605);
#2604 = CARTESIAN_POINT('',(56.556547,-23.799282,0.));
#2605 = VECTOR('',#2606,1.);
#2606 = DIRECTION('',(0.,0.,1.));
#2607 = ORIENTED_EDGE('',*,*,#192,.F.);
#2608 = SURFACE_OF_LINEAR_EXTRUSION('',#2609,#2614);
#2609 = B_SPLINE_CURVE_WITH_KNOTS('',3,(#2610,#2611,#2612,#2613),
  .UNSPECIFIED.,.F.,.F.,(4,4),(0.,1.),.PIECEWISE_BEZIER_KNOTS.);
#2610 = CARTESIAN_POINT('',(59.745629,-20.313227,0.));
#2611 = CARTESIAN_POINT('',(57.940582,-20.47423,0.));
#2612 = CARTESIAN_POINT('',(56.556547,-21.987254,0.));
#2613 = CARTESIAN_POINT('',(56.556547,-23.799282,0.));
#2614 = VECTOR('',#2615,1.);
#2615 = DIRECTION('',(-0.,-0.,-1.));
#2616 = ADVANCED_FACE('',(#2617),#2660,.F.);
#2617 = FACE_BOUND('',#2618,.F.);
#2618 = EDGE_LOOP('',(#2619,#2620,#2628,#2636,#2644,#2652,#2658,#2659));
#2619 = ORIENTED_EDGE('',*,*,#599,.F.);
#2620 = ORIENTED_EDGE('',*,*,#2621,.T.);
#2621 = EDGE_CURVE('',#591,#2622,#2624,.T.);
#2622 = VERTEX_POINT('',#2623);
#2623 = CARTESIAN_POINT('',(186.406875,-20.627232,8.5));
#2624 = LINE('',#2625,#2626);
#2625 = CARTESIAN_POINT('',(186.406875,-20.627232,0.));
#2626 = VECTOR('',#2627,1.);
#2627 = DIRECTION('',(0.,0.,1.));
#2628 = ORIENTED_EDGE('',*,*,#2629,.T.);
#2629 = EDGE_CURVE('',#2622,#2630,#2632,.T.);
#2630 = VERTEX_POINT('',#2631);
#2631 = CARTESIAN_POINT('',(186.16,-20.627232,8.5));
#2632 = LINE('',#2633,#2634);
#2633 = CARTESIAN_POINT('',(186.406875,-20.627232,8.5));
#2634 = VECTOR('',#2635,1.);
#2635 = DIRECTION('',(-1.,0.,0.));
#2636 = ORIENTED_EDGE('',*,*,#2637,.F.);
#2637 = EDGE_CURVE('',#2638,#2630,#2640,.T.);
#2638 = VERTEX_POINT('',#2639);
#2639 = CARTESIAN_POINT('',(186.16,-20.627232,4.8));
#2640 = LINE('',#2641,#2642);
#2641 = CARTESIAN_POINT('',(186.16,-20.627232,4.5));
#2642 = VECTOR('',#2643,1.);
#2643 = DIRECTION('',(0.,0.,1.));
#2644 = ORIENTED_EDGE('',*,*,#2645,.F.);
#2645 = EDGE_CURVE('',#2646,#2638,#2648,.T.);
#2646 = VERTEX_POINT('',#2647);
#2647 = CARTESIAN_POINT('',(176.56,-20.627232,4.8));
#2648 = LINE('',#2649,#2650);
#2649 = CARTESIAN_POINT('',(186.2834375,-20.627232,4.8));
#2650 = VECTOR('',#2651,1.);
#2651 = DIRECTION('',(1.,0.,0.));
#2652 = ORIENTED_EDGE('',*,*,#2653,.F.);
#2653 = EDGE_CURVE('',#2180,#2646,#2654,.T.);
#2654 = LINE('',#2655,#2656);
#2655 = CARTESIAN_POINT('',(176.56,-20.627232,2.4));
#2656 = VECTOR('',#2657,1.);
#2657 = DIRECTION('',(-0.,-0.,-1.));
#2658 = ORIENTED_EDGE('',*,*,#2187,.T.);
#2659 = ORIENTED_EDGE('',*,*,#2583,.F.);
#2660 = PLANE('',#2661);
#2661 = AXIS2_PLACEMENT_3D('',#2662,#2663,#2664);
#2662 = CARTESIAN_POINT('',(186.406875,-20.627232,0.));
#2663 = DIRECTION('',(0.,-1.,0.));
#2664 = DIRECTION('',(-1.,0.,0.));
#2665 = ADVANCED_FACE('',(#2666),#2677,.F.);
#2666 = FACE_BOUND('',#2667,.F.);
#2667 = EDGE_LOOP('',(#2668,#2669,#2670,#2676));
#2668 = ORIENTED_EDGE('',*,*,#2602,.T.);
#2669 = ORIENTED_EDGE('',*,*,#1282,.T.);
#2670 = ORIENTED_EDGE('',*,*,#2671,.F.);
#2671 = EDGE_CURVE('',#202,#1283,#2672,.T.);
#2672 = LINE('',#2673,#2674);
#2673 = CARTESIAN_POINT('',(56.556547,-24.672296,0.));
#2674 = VECTOR('',#2675,1.);
#2675 = DIRECTION('',(0.,0.,1.));
#2676 = ORIENTED_EDGE('',*,*,#201,.F.);
#2677 = PLANE('',#2678);
#2678 = AXIS2_PLACEMENT_3D('',#2679,#2680,#2681);
#2679 = CARTESIAN_POINT('',(56.556547,-23.799282,0.));
#2680 = DIRECTION('',(1.,0.,0.));
#2681 = DIRECTION('',(0.,-1.,0.));
#2682 = ADVANCED_FACE('',(#2683),#2702,.F.);
#2683 = FACE_BOUND('',#2684,.F.);
#2684 = EDGE_LOOP('',(#2685,#2693,#2700,#2701));
#2685 = ORIENTED_EDGE('',*,*,#2686,.T.);
#2686 = EDGE_CURVE('',#582,#2687,#2689,.T.);
#2687 = VERTEX_POINT('',#2688);
#2688 = CARTESIAN_POINT('',(190.190822,-23.326947,8.5));
#2689 = LINE('',#2690,#2691);
#2690 = CARTESIAN_POINT('',(190.190822,-23.326947,0.));
#2691 = VECTOR('',#2692,1.);
#2692 = DIRECTION('',(0.,0.,1.));
#2693 = ORIENTED_EDGE('',*,*,#2694,.T.);
#2694 = EDGE_CURVE('',#2687,#2622,#2695,.T.);
#2695 = B_SPLINE_CURVE_WITH_KNOTS('',3,(#2696,#2697,#2698,#2699),
  .UNSPECIFIED.,.F.,.F.,(4,4),(0.,1.),.PIECEWISE_BEZIER_KNOTS.);
#2696 = CARTESIAN_POINT('',(190.190822,-23.326947,8.5));
#2697 = CARTESIAN_POINT('',(189.651008,-21.756213,8.5));
#2698 = CARTESIAN_POINT('',(188.160447,-20.627232,8.5));
#2699 = CARTESIAN_POINT('',(186.406875,-20.627232,8.5));
#2700 = ORIENTED_EDGE('',*,*,#2621,.F.);
#2701 = ORIENTED_EDGE('',*,*,#590,.F.);
#2702 = SURFACE_OF_LINEAR_EXTRUSION('',#2703,#2708);
#2703 = B_SPLINE_CURVE_WITH_KNOTS('',3,(#2704,#2705,#2706,#2707),
  .UNSPECIFIED.,.F.,.F.,(4,4),(0.,1.),.PIECEWISE_BEZIER_KNOTS.);
#2704 = CARTESIAN_POINT('',(190.190822,-23.326947,0.));
#2705 = CARTESIAN_POINT('',(189.651008,-21.756213,0.));
#2706 = CARTESIAN_POINT('',(188.160447,-20.627232,0.));
#2707 = CARTESIAN_POINT('',(186.406875,-20.627232,0.));
#2708 = VECTOR('',#2709,1.);
#2709 = DIRECTION('',(-0.,-0.,-1.));
#2710 = ADVANCED_FACE('',(#2711),#2722,.F.);
#2711 = FACE_BOUND('',#2712,.F.);
#2712 = EDGE_LOOP('',(#2713,#2714,#2715,#2721));
#2713 = ORIENTED_EDGE('',*,*,#2671,.T.);
#2714 = ORIENTED_EDGE('',*,*,#1290,.T.);
#2715 = ORIENTED_EDGE('',*,*,#2716,.F.);
#2716 = EDGE_CURVE('',#210,#1291,#2717,.T.);
#2717 = LINE('',#2718,#2719);
#2718 = CARTESIAN_POINT('',(29.053138,-29.6138,0.));
#2719 = VECTOR('',#2720,1.);
#2720 = DIRECTION('',(0.,0.,1.));
#2721 = ORIENTED_EDGE('',*,*,#209,.F.);
#2722 = PLANE('',#2723);
#2723 = AXIS2_PLACEMENT_3D('',#2724,#2725,#2726);
#2724 = CARTESIAN_POINT('',(56.556547,-24.672296,0.));
#2725 = DIRECTION('',(0.176837222156,-0.984240111386,0.));
#2726 = DIRECTION('',(-0.984240111386,-0.176837222156,0.));
#2727 = ADVANCED_FACE('',(#2728),#2747,.F.);
#2728 = FACE_BOUND('',#2729,.T.);
#2729 = EDGE_LOOP('',(#2730,#2731,#2740,#2746));
#2730 = ORIENTED_EDGE('',*,*,#2686,.T.);
#2731 = ORIENTED_EDGE('',*,*,#2732,.T.);
#2732 = EDGE_CURVE('',#2687,#2733,#2735,.T.);
#2733 = VERTEX_POINT('',#2734);
#2734 = CARTESIAN_POINT('',(192.37187599925,-25.98443299956,8.5));
#2735 = CIRCLE('',#2736,4.999868);
#2736 = AXIS2_PLACEMENT_3D('',#2737,#2738,#2739);
#2737 = CARTESIAN_POINT('',(194.91062813709,-21.67706517221,8.5));
#2738 = DIRECTION('',(0.,0.,1.));
#2739 = DIRECTION('',(1.,0.,0.));
#2740 = ORIENTED_EDGE('',*,*,#2741,.F.);
#2741 = EDGE_CURVE('',#573,#2733,#2742,.T.);
#2742 = LINE('',#2743,#2744);
#2743 = CARTESIAN_POINT('',(192.37187599925,-25.98443299956,0.));
#2744 = VECTOR('',#2745,1.);
#2745 = DIRECTION('',(0.,0.,1.));
#2746 = ORIENTED_EDGE('',*,*,#581,.F.);
#2747 = CYLINDRICAL_SURFACE('',#2748,4.999868);
#2748 = AXIS2_PLACEMENT_3D('',#2749,#2750,#2751);
#2749 = CARTESIAN_POINT('',(194.91062813709,-21.67706517221,0.));
#2750 = DIRECTION('',(-0.,-0.,-1.));
#2751 = DIRECTION('',(1.,0.,0.));
#2752 = ADVANCED_FACE('',(#2753),#2764,.F.);
#2753 = FACE_BOUND('',#2754,.T.);
#2754 = EDGE_LOOP('',(#2755,#2761,#2762,#2763));
#2755 = ORIENTED_EDGE('',*,*,#2756,.T.);
#2756 = EDGE_CURVE('',#218,#1299,#2757,.T.);
#2757 = LINE('',#2758,#2759);
#2758 = CARTESIAN_POINT('',(24.372237,-27.945934,0.));
#2759 = VECTOR('',#2760,1.);
#2760 = DIRECTION('',(0.,0.,1.));
#2761 = ORIENTED_EDGE('',*,*,#1298,.T.);
#2762 = ORIENTED_EDGE('',*,*,#2716,.F.);
#2763 = ORIENTED_EDGE('',*,*,#217,.F.);
#2764 = CYLINDRICAL_SURFACE('',#2765,4.999708);
#2765 = AXIS2_PLACEMENT_3D('',#2766,#2767,#2768);
#2766 = CARTESIAN_POINT('',(28.168926859581,-24.6929006163,0.));
#2767 = DIRECTION('',(-0.,-0.,-1.));
#2768 = DIRECTION('',(1.,0.,0.));
#2769 = ADVANCED_FACE('',(#2770),#2789,.T.);
#2770 = FACE_BOUND('',#2771,.F.);
#2771 = EDGE_LOOP('',(#2772,#2780,#2787,#2788));
#2772 = ORIENTED_EDGE('',*,*,#2773,.T.);
#2773 = EDGE_CURVE('',#564,#2774,#2776,.T.);
#2774 = VERTEX_POINT('',#2775);
#2775 = CARTESIAN_POINT('',(193.848572,-28.56891499913,8.5));
#2776 = LINE('',#2777,#2778);
#2777 = CARTESIAN_POINT('',(193.848572,-28.56891499913,0.));
#2778 = VECTOR('',#2779,1.);
#2779 = DIRECTION('',(0.,0.,1.));
#2780 = ORIENTED_EDGE('',*,*,#2781,.T.);
#2781 = EDGE_CURVE('',#2774,#2733,#2782,.T.);
#2782 = CIRCLE('',#2783,3.);
#2783 = AXIS2_PLACEMENT_3D('',#2784,#2785,#2786);
#2784 = CARTESIAN_POINT('',(190.848572,-28.56891455798,8.5));
#2785 = DIRECTION('',(0.,0.,1.));
#2786 = DIRECTION('',(1.,0.,0.));
#2787 = ORIENTED_EDGE('',*,*,#2741,.F.);
#2788 = ORIENTED_EDGE('',*,*,#572,.F.);
#2789 = CYLINDRICAL_SURFACE('',#2790,3.);
#2790 = AXIS2_PLACEMENT_3D('',#2791,#2792,#2793);
#2791 = CARTESIAN_POINT('',(190.848572,-28.56891455798,0.));
#2792 = DIRECTION('',(-0.,-0.,-1.));
#2793 = DIRECTION('',(1.,0.,0.));
#2794 = ADVANCED_FACE('',(#2795),#2806,.T.);
#2795 = FACE_BOUND('',#2796,.F.);
#2796 = EDGE_LOOP('',(#2797,#2798,#2799,#2805));
#2797 = ORIENTED_EDGE('',*,*,#2756,.T.);
#2798 = ORIENTED_EDGE('',*,*,#1307,.T.);
#2799 = ORIENTED_EDGE('',*,*,#2800,.F.);
#2800 = EDGE_CURVE('',#227,#1308,#2801,.T.);
#2801 = LINE('',#2802,#2803);
#2802 = CARTESIAN_POINT('',(22.102017,-26.907082,0.));
#2803 = VECTOR('',#2804,1.);
#2804 = DIRECTION('',(0.,0.,1.));
#2805 = ORIENTED_EDGE('',*,*,#226,.F.);
#2806 = CYLINDRICAL_SURFACE('',#2807,3.);
#2807 = AXIS2_PLACEMENT_3D('',#2808,#2809,#2810);
#2808 = CARTESIAN_POINT('',(22.102017071866,-29.907082,0.));
#2809 = DIRECTION('',(-0.,-0.,-1.));
#2810 = DIRECTION('',(1.,0.,0.));
#2811 = ADVANCED_FACE('',(#2812),#2831,.T.);
#2812 = FACE_BOUND('',#2813,.F.);
#2813 = EDGE_LOOP('',(#2814,#2822,#2829,#2830));
#2814 = ORIENTED_EDGE('',*,*,#2815,.T.);
#2815 = EDGE_CURVE('',#555,#2816,#2818,.T.);
#2816 = VERTEX_POINT('',#2817);
#2817 = CARTESIAN_POINT('',(192.561472,-31.031835,8.5));
#2818 = LINE('',#2819,#2820);
#2819 = CARTESIAN_POINT('',(192.561472,-31.031835,0.));
#2820 = VECTOR('',#2821,1.);
#2821 = DIRECTION('',(0.,0.,1.));
#2822 = ORIENTED_EDGE('',*,*,#2823,.T.);
#2823 = EDGE_CURVE('',#2816,#2774,#2824,.T.);
#2824 = CIRCLE('',#2825,3.);
#2825 = AXIS2_PLACEMENT_3D('',#2826,#2827,#2828);
#2826 = CARTESIAN_POINT('',(190.848572,-28.5689152713,8.5));
#2827 = DIRECTION('',(0.,0.,1.));
#2828 = DIRECTION('',(1.,0.,0.));
#2829 = ORIENTED_EDGE('',*,*,#2773,.F.);
#2830 = ORIENTED_EDGE('',*,*,#563,.F.);
#2831 = CYLINDRICAL_SURFACE('',#2832,3.);
#2832 = AXIS2_PLACEMENT_3D('',#2833,#2834,#2835);
#2833 = CARTESIAN_POINT('',(190.848572,-28.5689152713,0.));
#2834 = DIRECTION('',(-0.,-0.,-1.));
#2835 = DIRECTION('',(1.,0.,0.));
#2836 = ADVANCED_FACE('',(#2837),#2848,.T.);
#2837 = FACE_BOUND('',#2838,.F.);
#2838 = EDGE_LOOP('',(#2839,#2840,#2841,#2847));
#2839 = ORIENTED_EDGE('',*,*,#2800,.T.);
#2840 = ORIENTED_EDGE('',*,*,#1316,.T.);
#2841 = ORIENTED_EDGE('',*,*,#2842,.F.);
#2842 = EDGE_CURVE('',#236,#1317,#2843,.T.);
#2843 = LINE('',#2844,#2845);
#2844 = CARTESIAN_POINT('',(19.261011,-28.943398,0.));
#2845 = VECTOR('',#2846,1.);
#2846 = DIRECTION('',(0.,0.,1.));
#2847 = ORIENTED_EDGE('',*,*,#235,.F.);
#2848 = CYLINDRICAL_SURFACE('',#2849,3.);
#2849 = AXIS2_PLACEMENT_3D('',#2850,#2851,#2852);
#2850 = CARTESIAN_POINT('',(22.102016657887,-29.907082,0.));
#2851 = DIRECTION('',(-0.,-0.,-1.));
#2852 = DIRECTION('',(1.,0.,0.));
#2853 = ADVANCED_FACE('',(#2854),#2873,.F.);
#2854 = FACE_BOUND('',#2855,.T.);
#2855 = EDGE_LOOP('',(#2856,#2857,#2866,#2872));
#2856 = ORIENTED_EDGE('',*,*,#2815,.T.);
#2857 = ORIENTED_EDGE('',*,*,#2858,.T.);
#2858 = EDGE_CURVE('',#2816,#2859,#2861,.T.);
#2859 = VERTEX_POINT('',#2860);
#2860 = CARTESIAN_POINT('',(190.415071,-35.14086,8.5));
#2861 = CIRCLE('',#2862,4.99988);
#2862 = AXIS2_PLACEMENT_3D('',#2863,#2864,#2865);
#2863 = CARTESIAN_POINT('',(195.41494986929,-35.1374974391,8.5));
#2864 = DIRECTION('',(0.,0.,1.));
#2865 = DIRECTION('',(1.,0.,0.));
#2866 = ORIENTED_EDGE('',*,*,#2867,.F.);
#2867 = EDGE_CURVE('',#547,#2859,#2868,.T.);
#2868 = LINE('',#2869,#2870);
#2869 = CARTESIAN_POINT('',(190.415071,-35.14086,0.));
#2870 = VECTOR('',#2871,1.);
#2871 = DIRECTION('',(0.,0.,1.));
#2872 = ORIENTED_EDGE('',*,*,#554,.F.);
#2873 = CYLINDRICAL_SURFACE('',#2874,4.99988);
#2874 = AXIS2_PLACEMENT_3D('',#2875,#2876,#2877);
#2875 = CARTESIAN_POINT('',(195.41494986929,-35.1374974391,0.));
#2876 = DIRECTION('',(-0.,-0.,-1.));
#2877 = DIRECTION('',(1.,0.,0.));
#2878 = ADVANCED_FACE('',(#2879),#2890,.F.);
#2879 = FACE_BOUND('',#2880,.T.);
#2880 = EDGE_LOOP('',(#2881,#2887,#2888,#2889));
#2881 = ORIENTED_EDGE('',*,*,#2882,.T.);
#2882 = EDGE_CURVE('',#245,#1326,#2883,.T.);
#2883 = LINE('',#2884,#2885);
#2884 = CARTESIAN_POINT('',(16.477837,-31.940481,0.));
#2885 = VECTOR('',#2886,1.);
#2886 = DIRECTION('',(0.,0.,1.));
#2887 = ORIENTED_EDGE('',*,*,#1325,.T.);
#2888 = ORIENTED_EDGE('',*,*,#2842,.F.);
#2889 = ORIENTED_EDGE('',*,*,#244,.F.);
#2890 = CYLINDRICAL_SURFACE('',#2891,4.999611);
#2891 = AXIS2_PLACEMENT_3D('',#2892,#2893,#2894);
#2892 = CARTESIAN_POINT('',(14.526343055455,-27.33746225837,0.));
#2893 = DIRECTION('',(-0.,-0.,-1.));
#2894 = DIRECTION('',(1.,0.,0.));
#2895 = ADVANCED_FACE('',(#2896),#2914,.F.);
#2896 = FACE_BOUND('',#2897,.F.);
#2897 = EDGE_LOOP('',(#2898,#2906,#2912,#2913));
#2898 = ORIENTED_EDGE('',*,*,#2899,.T.);
#2899 = EDGE_CURVE('',#539,#2900,#2902,.T.);
#2900 = VERTEX_POINT('',#2901);
#2901 = CARTESIAN_POINT('',(190.416978,-38.000505,8.5));
#2902 = LINE('',#2903,#2904);
#2903 = CARTESIAN_POINT('',(190.416978,-38.000505,0.));
#2904 = VECTOR('',#2905,1.);
#2905 = DIRECTION('',(0.,0.,1.));
#2906 = ORIENTED_EDGE('',*,*,#2907,.T.);
#2907 = EDGE_CURVE('',#2900,#2859,#2908,.T.);
#2908 = LINE('',#2909,#2910);
#2909 = CARTESIAN_POINT('',(190.416978,-38.000505,8.5));
#2910 = VECTOR('',#2911,1.);
#2911 = DIRECTION('',(-6.668658438224E-04,0.999999777645,0.));
#2912 = ORIENTED_EDGE('',*,*,#2867,.F.);
#2913 = ORIENTED_EDGE('',*,*,#546,.F.);
#2914 = PLANE('',#2915);
#2915 = AXIS2_PLACEMENT_3D('',#2916,#2917,#2918);
#2916 = CARTESIAN_POINT('',(190.416978,-38.000505,0.));
#2917 = DIRECTION('',(-0.999999777645,-6.668658438224E-04,0.));
#2918 = DIRECTION('',(-6.668658438224E-04,0.999999777645,0.));
#2919 = ADVANCED_FACE('',(#2920),#2931,.F.);
#2920 = FACE_BOUND('',#2921,.F.);
#2921 = EDGE_LOOP('',(#2922,#2923,#2924,#2930));
#2922 = ORIENTED_EDGE('',*,*,#2882,.T.);
#2923 = ORIENTED_EDGE('',*,*,#1334,.T.);
#2924 = ORIENTED_EDGE('',*,*,#2925,.F.);
#2925 = EDGE_CURVE('',#254,#1335,#2926,.T.);
#2926 = LINE('',#2927,#2928);
#2927 = CARTESIAN_POINT('',(14.308464,-35.80347,0.));
#2928 = VECTOR('',#2929,1.);
#2929 = DIRECTION('',(0.,0.,1.));
#2930 = ORIENTED_EDGE('',*,*,#253,.F.);
#2931 = SURFACE_OF_LINEAR_EXTRUSION('',#2932,#2937);
#2932 = B_SPLINE_CURVE_WITH_KNOTS('',3,(#2933,#2934,#2935,#2936),
  .UNSPECIFIED.,.F.,.F.,(4,4),(0.,1.),.PIECEWISE_BEZIER_KNOTS.);
#2933 = CARTESIAN_POINT('',(16.477837,-31.940481,0.));
#2934 = CARTESIAN_POINT('',(14.957523,-32.535108,0.));
#2935 = CARTESIAN_POINT('',(14.015784,-34.1353,0.));
#2936 = CARTESIAN_POINT('',(14.308464,-35.80347,0.));
#2937 = VECTOR('',#2938,1.);
#2938 = DIRECTION('',(-0.,-0.,-1.));
#2939 = ADVANCED_FACE('',(#2940),#2974,.F.);
#2940 = FACE_BOUND('',#2941,.F.);
#2941 = EDGE_LOOP('',(#2942,#2943,#2951,#2959,#2967,#2973));
#2942 = ORIENTED_EDGE('',*,*,#538,.F.);
#2943 = ORIENTED_EDGE('',*,*,#2944,.T.);
#2944 = EDGE_CURVE('',#531,#2945,#2947,.T.);
#2945 = VERTEX_POINT('',#2946);
#2946 = CARTESIAN_POINT('',(190.449979,-81.00118,5.1));
#2947 = LINE('',#2948,#2949);
#2948 = CARTESIAN_POINT('',(190.449979,-81.00118,0.));
#2949 = VECTOR('',#2950,1.);
#2950 = DIRECTION('',(0.,0.,1.));
#2951 = ORIENTED_EDGE('',*,*,#2952,.F.);
#2952 = EDGE_CURVE('',#2953,#2945,#2955,.T.);
#2953 = VERTEX_POINT('',#2954);
#2954 = CARTESIAN_POINT('',(190.44727436441,-77.47700934948,5.1));
#2955 = LINE('',#2956,#2957);
#2956 = CARTESIAN_POINT('',(190.45150457982,-82.98902770276,5.1));
#2957 = VECTOR('',#2958,1.);
#2958 = DIRECTION('',(7.674528430415E-04,-0.999999705508,-6.E-17));
#2959 = ORIENTED_EDGE('',*,*,#2960,.F.);
#2960 = EDGE_CURVE('',#2961,#2953,#2963,.T.);
#2961 = VERTEX_POINT('',#2962);
#2962 = CARTESIAN_POINT('',(190.44727436441,-77.47700934948,8.5));
#2963 = LINE('',#2964,#2965);
#2964 = CARTESIAN_POINT('',(190.44727436441,-77.47700934948,2.55));
#2965 = VECTOR('',#2966,1.);
#2966 = DIRECTION('',(0.,6.E-17,-1.));
#2967 = ORIENTED_EDGE('',*,*,#2968,.T.);
#2968 = EDGE_CURVE('',#2961,#2900,#2969,.T.);
#2969 = LINE('',#2970,#2971);
#2970 = CARTESIAN_POINT('',(190.449979,-81.00118,8.5));
#2971 = VECTOR('',#2972,1.);
#2972 = DIRECTION('',(-7.674528430415E-04,0.999999705508,0.));
#2973 = ORIENTED_EDGE('',*,*,#2899,.F.);
#2974 = PLANE('',#2975);
#2975 = AXIS2_PLACEMENT_3D('',#2976,#2977,#2978);
#2976 = CARTESIAN_POINT('',(190.449979,-81.00118,0.));
#2977 = DIRECTION('',(-0.999999705508,-7.674528430415E-04,0.));
#2978 = DIRECTION('',(-7.674528430415E-04,0.999999705508,0.));
#2979 = ADVANCED_FACE('',(#2980),#2991,.F.);
#2980 = FACE_BOUND('',#2981,.F.);
#2981 = EDGE_LOOP('',(#2982,#2983,#2984,#2990));
#2982 = ORIENTED_EDGE('',*,*,#2925,.T.);
#2983 = ORIENTED_EDGE('',*,*,#1343,.T.);
#2984 = ORIENTED_EDGE('',*,*,#2985,.F.);
#2985 = EDGE_CURVE('',#263,#1344,#2986,.T.);
#2986 = LINE('',#2987,#2988);
#2987 = CARTESIAN_POINT('',(15.222487,-41.023552,0.));
#2988 = VECTOR('',#2989,1.);
#2989 = DIRECTION('',(0.,0.,1.));
#2990 = ORIENTED_EDGE('',*,*,#262,.F.);
#2991 = PLANE('',#2992);
#2992 = AXIS2_PLACEMENT_3D('',#2993,#2994,#2995);
#2993 = CARTESIAN_POINT('',(14.308464,-35.80347,0.));
#2994 = DIRECTION('',(0.985014165231,0.172473459679,0.));
#2995 = DIRECTION('',(0.172473459679,-0.985014165231,0.));
#2996 = ADVANCED_FACE('',(#2997),#3022,.F.);
#2997 = FACE_BOUND('',#2998,.F.);
#2998 = EDGE_LOOP('',(#2999,#3000,#3006,#3007,#3015,#3021));
#2999 = ORIENTED_EDGE('',*,*,#530,.F.);
#3000 = ORIENTED_EDGE('',*,*,#3001,.T.);
#3001 = EDGE_CURVE('',#522,#1603,#3002,.T.);
#3002 = LINE('',#3003,#3004);
#3003 = CARTESIAN_POINT('',(190.454979,-87.001274,0.));
#3004 = VECTOR('',#3005,1.);
#3005 = DIRECTION('',(0.,0.,1.));
#3006 = ORIENTED_EDGE('',*,*,#1611,.T.);
#3007 = ORIENTED_EDGE('',*,*,#3008,.F.);
#3008 = EDGE_CURVE('',#3009,#1612,#3011,.T.);
#3009 = VERTEX_POINT('',#3010);
#3010 = CARTESIAN_POINT('',(190.45329213721,-84.97700693884,5.1));
#3011 = LINE('',#3012,#3013);
#3012 = CARTESIAN_POINT('',(190.45329213721,-84.97700693884,4.25));
#3013 = VECTOR('',#3014,1.);
#3014 = DIRECTION('',(0.,-6.E-17,1.));
#3015 = ORIENTED_EDGE('',*,*,#3016,.F.);
#3016 = EDGE_CURVE('',#2945,#3009,#3017,.T.);
#3017 = LINE('',#3018,#3019);
#3018 = CARTESIAN_POINT('',(190.4541355686,-85.98914046942,5.1));
#3019 = VECTOR('',#3020,1.);
#3020 = DIRECTION('',(8.333199886482E-04,-0.999999652789,-6.E-17));
#3021 = ORIENTED_EDGE('',*,*,#2944,.F.);
#3022 = PLANE('',#3023);
#3023 = AXIS2_PLACEMENT_3D('',#3024,#3025,#3026);
#3024 = CARTESIAN_POINT('',(190.454979,-87.001274,0.));
#3025 = DIRECTION('',(-0.999999652789,-8.333199886482E-04,0.));
#3026 = DIRECTION('',(-8.333199886482E-04,0.999999652789,0.));
#3027 = ADVANCED_FACE('',(#3028),#3039,.F.);
#3028 = FACE_BOUND('',#3029,.F.);
#3029 = EDGE_LOOP('',(#3030,#3031,#3032,#3038));
#3030 = ORIENTED_EDGE('',*,*,#2985,.T.);
#3031 = ORIENTED_EDGE('',*,*,#1351,.T.);
#3032 = ORIENTED_EDGE('',*,*,#3033,.F.);
#3033 = EDGE_CURVE('',#271,#1352,#3034,.T.);
#3034 = LINE('',#3035,#3036);
#3035 = CARTESIAN_POINT('',(16.274514,-47.023647,0.));
#3036 = VECTOR('',#3037,1.);
#3037 = DIRECTION('',(0.,0.,1.));
#3038 = ORIENTED_EDGE('',*,*,#270,.F.);
#3039 = PLANE('',#3040);
#3040 = AXIS2_PLACEMENT_3D('',#3041,#3042,#3043);
#3041 = CARTESIAN_POINT('',(15.222487,-41.023552,0.));
#3042 = DIRECTION('',(0.984974377284,0.172700538777,0.));
#3043 = DIRECTION('',(0.172700538777,-0.984974377284,0.));
#3044 = ADVANCED_FACE('',(#3045),#3056,.F.);
#3045 = FACE_BOUND('',#3046,.F.);
#3046 = EDGE_LOOP('',(#3047,#3053,#3054,#3055));
#3047 = ORIENTED_EDGE('',*,*,#3048,.T.);
#3048 = EDGE_CURVE('',#514,#1595,#3049,.T.);
#3049 = LINE('',#3050,#3051);
#3050 = CARTESIAN_POINT('',(190.454979,-87.006274,0.));
#3051 = VECTOR('',#3052,1.);
#3052 = DIRECTION('',(0.,0.,1.));
#3053 = ORIENTED_EDGE('',*,*,#1602,.T.);
#3054 = ORIENTED_EDGE('',*,*,#3001,.F.);
#3055 = ORIENTED_EDGE('',*,*,#521,.F.);
#3056 = SURFACE_OF_LINEAR_EXTRUSION('',#3057,#3062);
#3057 = B_SPLINE_CURVE_WITH_KNOTS('',3,(#3058,#3059,#3060,#3061),
  .UNSPECIFIED.,.F.,.F.,(4,4),(0.,1.),.PIECEWISE_BEZIER_KNOTS.);
#3058 = CARTESIAN_POINT('',(190.454979,-87.006274,0.));
#3059 = CARTESIAN_POINT('',(190.454979,-87.004274,0.));
#3060 = CARTESIAN_POINT('',(190.454979,-87.003274,0.));
#3061 = CARTESIAN_POINT('',(190.454979,-87.001274,0.));
#3062 = VECTOR('',#3063,1.);
#3063 = DIRECTION('',(-0.,-0.,-1.));
#3064 = ADVANCED_FACE('',(#3065),#3076,.F.);
#3065 = FACE_BOUND('',#3066,.F.);
#3066 = EDGE_LOOP('',(#3067,#3068,#3069,#3075));
#3067 = ORIENTED_EDGE('',*,*,#3033,.T.);
#3068 = ORIENTED_EDGE('',*,*,#1359,.T.);
#3069 = ORIENTED_EDGE('',*,*,#3070,.F.);
#3070 = EDGE_CURVE('',#279,#1360,#3071,.T.);
#3071 = LINE('',#3072,#3073);
#3072 = CARTESIAN_POINT('',(18.102561,-57.46381,0.));
#3073 = VECTOR('',#3074,1.);
#3074 = DIRECTION('',(0.,0.,1.));
#3075 = ORIENTED_EDGE('',*,*,#278,.F.);
#3076 = PLANE('',#3077);
#3077 = AXIS2_PLACEMENT_3D('',#3078,#3079,#3080);
#3078 = CARTESIAN_POINT('',(16.274514,-47.023647,0.));
#3079 = DIRECTION('',(0.985014146396,0.17247356725,0.));
#3080 = DIRECTION('',(0.17247356725,-0.985014146396,0.));
#3081 = ADVANCED_FACE('',(#3082),#3093,.F.);
#3082 = FACE_BOUND('',#3083,.F.);
#3083 = EDGE_LOOP('',(#3084,#3090,#3091,#3092));
#3084 = ORIENTED_EDGE('',*,*,#3085,.T.);
#3085 = EDGE_CURVE('',#505,#1586,#3086,.T.);
#3086 = LINE('',#3087,#3088);
#3087 = CARTESIAN_POINT('',(190.449979,-94.40239,0.));
#3088 = VECTOR('',#3089,1.);
#3089 = DIRECTION('',(0.,0.,1.));
#3090 = ORIENTED_EDGE('',*,*,#1594,.T.);
#3091 = ORIENTED_EDGE('',*,*,#3048,.F.);
#3092 = ORIENTED_EDGE('',*,*,#513,.F.);
#3093 = PLANE('',#3094);
#3094 = AXIS2_PLACEMENT_3D('',#3095,#3096,#3097);
#3095 = CARTESIAN_POINT('',(190.449979,-94.40239,0.));
#3096 = DIRECTION('',(-0.999999771491,6.760303458574E-04,0.));
#3097 = DIRECTION('',(6.760303458574E-04,0.999999771491,0.));
#3098 = ADVANCED_FACE('',(#3099),#3110,.F.);
#3099 = FACE_BOUND('',#3100,.F.);
#3100 = EDGE_LOOP('',(#3101,#3102,#3103,#3109));
#3101 = ORIENTED_EDGE('',*,*,#3070,.T.);
#3102 = ORIENTED_EDGE('',*,*,#1367,.T.);
#3103 = ORIENTED_EDGE('',*,*,#3104,.F.);
#3104 = EDGE_CURVE('',#287,#1368,#3105,.T.);
#3105 = LINE('',#3106,#3107);
#3106 = CARTESIAN_POINT('',(19.154588,-63.463905,0.));
#3107 = VECTOR('',#3108,1.);
#3108 = DIRECTION('',(0.,0.,1.));
#3109 = ORIENTED_EDGE('',*,*,#286,.F.);
#3110 = PLANE('',#3111);
#3111 = AXIS2_PLACEMENT_3D('',#3112,#3113,#3114);
#3112 = CARTESIAN_POINT('',(18.102561,-57.46381,0.));
#3113 = DIRECTION('',(0.984974377284,0.172700538777,0.));
#3114 = DIRECTION('',(0.172700538777,-0.984974377284,0.));
#3115 = ADVANCED_FACE('',(#3116),#3127,.F.);
#3116 = FACE_BOUND('',#3117,.F.);
#3117 = EDGE_LOOP('',(#3118,#3124,#3125,#3126));
#3118 = ORIENTED_EDGE('',*,*,#3119,.T.);
#3119 = EDGE_CURVE('',#496,#1577,#3120,.T.);
#3120 = LINE('',#3121,#3122);
#3121 = CARTESIAN_POINT('',(190.393212,-95.029605,0.));
#3122 = VECTOR('',#3123,1.);
#3123 = DIRECTION('',(0.,0.,1.));
#3124 = ORIENTED_EDGE('',*,*,#1585,.T.);
#3125 = ORIENTED_EDGE('',*,*,#3085,.F.);
#3126 = ORIENTED_EDGE('',*,*,#504,.F.);
#3127 = SURFACE_OF_LINEAR_EXTRUSION('',#3128,#3133);
#3128 = B_SPLINE_CURVE_WITH_KNOTS('',3,(#3129,#3130,#3131,#3132),
  .UNSPECIFIED.,.F.,.F.,(4,4),(0.,1.),.PIECEWISE_BEZIER_KNOTS.);
#3129 = CARTESIAN_POINT('',(190.393212,-95.029605,0.));
#3130 = CARTESIAN_POINT('',(190.430714,-94.824074,0.));
#3131 = CARTESIAN_POINT('',(190.449979,-94.614198,0.));
#3132 = CARTESIAN_POINT('',(190.449979,-94.40239,0.));
#3133 = VECTOR('',#3134,1.);
#3134 = DIRECTION('',(-0.,-0.,-1.));
#3135 = ADVANCED_FACE('',(#3136,#3147),#3181,.F.);
#3136 = FACE_BOUND('',#3137,.F.);
#3137 = EDGE_LOOP('',(#3138,#3139,#3140,#3146));
#3138 = ORIENTED_EDGE('',*,*,#3104,.T.);
#3139 = ORIENTED_EDGE('',*,*,#1375,.T.);
#3140 = ORIENTED_EDGE('',*,*,#3141,.F.);
#3141 = EDGE_CURVE('',#295,#1376,#3142,.T.);
#3142 = LINE('',#3143,#3144);
#3143 = CARTESIAN_POINT('',(23.90871,-90.604331,0.));
#3144 = VECTOR('',#3145,1.);
#3145 = DIRECTION('',(0.,0.,1.));
#3146 = ORIENTED_EDGE('',*,*,#294,.F.);
#3147 = FACE_BOUND('',#3148,.F.);
#3148 = EDGE_LOOP('',(#3149,#3159,#3167,#3175));
#3149 = ORIENTED_EDGE('',*,*,#3150,.F.);
#3150 = EDGE_CURVE('',#3151,#3153,#3155,.T.);
#3151 = VERTEX_POINT('',#3152);
#3152 = CARTESIAN_POINT('',(22.22937375251,-81.01730291066,0.5));
#3153 = VERTEX_POINT('',#3154);
#3154 = CARTESIAN_POINT('',(20.676509566807,-72.15228103699,0.5));
#3155 = LINE('',#3156,#3157);
#3156 = CARTESIAN_POINT('',(19.915548783404,-67.80809301849,0.5));
#3157 = VECTOR('',#3158,1.);
#3158 = DIRECTION('',(-0.172540465078,0.985002430408,0.));
#3159 = ORIENTED_EDGE('',*,*,#3160,.F.);
#3160 = EDGE_CURVE('',#3161,#3151,#3163,.T.);
#3161 = VERTEX_POINT('',#3162);
#3162 = CARTESIAN_POINT('',(22.22937375251,-81.01730291066,3.5));
#3163 = LINE('',#3164,#3165);
#3164 = CARTESIAN_POINT('',(22.22937375251,-81.01730291066,0.25));
#3165 = VECTOR('',#3166,1.);
#3166 = DIRECTION('',(0.,0.,-1.));
#3167 = ORIENTED_EDGE('',*,*,#3168,.F.);
#3168 = EDGE_CURVE('',#3169,#3161,#3171,.T.);
#3169 = VERTEX_POINT('',#3170);
#3170 = CARTESIAN_POINT('',(20.676509566807,-72.15228103699,3.5));
#3171 = LINE('',#3172,#3173);
#3172 = CARTESIAN_POINT('',(20.691980876255,-72.24060395533,3.5));
#3173 = VECTOR('',#3174,1.);
#3174 = DIRECTION('',(0.172540465078,-0.985002430408,0.));
#3175 = ORIENTED_EDGE('',*,*,#3176,.F.);
#3176 = EDGE_CURVE('',#3153,#3169,#3177,.T.);
#3177 = LINE('',#3178,#3179);
#3178 = CARTESIAN_POINT('',(20.676509566807,-72.15228103699,1.75));
#3179 = VECTOR('',#3180,1.);
#3180 = DIRECTION('',(0.,0.,1.));
#3181 = PLANE('',#3182);
#3182 = AXIS2_PLACEMENT_3D('',#3183,#3184,#3185);
#3183 = CARTESIAN_POINT('',(19.154588,-63.463905,0.));
#3184 = DIRECTION('',(0.985002430408,0.172540465078,0.));
#3185 = DIRECTION('',(0.172540465078,-0.985002430408,0.));
#3186 = ADVANCED_FACE('',(#3187),#3198,.F.);
#3187 = FACE_BOUND('',#3188,.T.);
#3188 = EDGE_LOOP('',(#3189,#3190,#3191,#3197));
#3189 = ORIENTED_EDGE('',*,*,#3119,.T.);
#3190 = ORIENTED_EDGE('',*,*,#1576,.T.);
#3191 = ORIENTED_EDGE('',*,*,#3192,.F.);
#3192 = EDGE_CURVE('',#487,#1568,#3193,.T.);
#3193 = LINE('',#3194,#3195);
#3194 = CARTESIAN_POINT('',(190.832026,-98.025489,0.));
#3195 = VECTOR('',#3196,1.);
#3196 = DIRECTION('',(0.,0.,1.));
#3197 = ORIENTED_EDGE('',*,*,#495,.F.);
#3198 = CYLINDRICAL_SURFACE('',#3199,4.99976);
#3199 = AXIS2_PLACEMENT_3D('',#3200,#3201,#3202);
#3200 = CARTESIAN_POINT('',(195.32735464683,-95.83696885741,0.));
#3201 = DIRECTION('',(-0.,-0.,-1.));
#3202 = DIRECTION('',(1.,0.,0.));
#3203 = ADVANCED_FACE('',(#3204),#3215,.F.);
#3204 = FACE_BOUND('',#3205,.F.);
#3205 = EDGE_LOOP('',(#3206,#3207,#3208,#3214));
#3206 = ORIENTED_EDGE('',*,*,#3141,.T.);
#3207 = ORIENTED_EDGE('',*,*,#1383,.T.);
#3208 = ORIENTED_EDGE('',*,*,#3209,.F.);
#3209 = EDGE_CURVE('',#303,#1384,#3210,.T.);
#3210 = LINE('',#3211,#3212);
#3211 = CARTESIAN_POINT('',(25.350747,-92.869366,0.));
#3212 = VECTOR('',#3213,1.);
#3213 = DIRECTION('',(0.,0.,1.));
#3214 = ORIENTED_EDGE('',*,*,#302,.F.);
#3215 = SURFACE_OF_LINEAR_EXTRUSION('',#3216,#3221);
#3216 = B_SPLINE_CURVE_WITH_KNOTS('',3,(#3217,#3218,#3219,#3220),
  .UNSPECIFIED.,.F.,.F.,(4,4),(0.,1.),.PIECEWISE_BEZIER_KNOTS.);
#3217 = CARTESIAN_POINT('',(23.90871,-90.604331,0.));
#3218 = CARTESIAN_POINT('',(24.069714,-91.521345,0.));
#3219 = CARTESIAN_POINT('',(24.588727,-92.335358,0.));
#3220 = CARTESIAN_POINT('',(25.350747,-92.869366,0.));
#3221 = VECTOR('',#3222,1.);
#3222 = DIRECTION('',(-0.,-0.,-1.));
#3223 = ADVANCED_FACE('',(#3224),#3235,.F.);
#3224 = FACE_BOUND('',#3225,.F.);
#3225 = EDGE_LOOP('',(#3226,#3232,#3233,#3234));
#3226 = ORIENTED_EDGE('',*,*,#3227,.T.);
#3227 = EDGE_CURVE('',#478,#1559,#3228,.T.);
#3228 = LINE('',#3229,#3230);
#3229 = CARTESIAN_POINT('',(191.131757,-99.333538,0.));
#3230 = VECTOR('',#3231,1.);
#3231 = DIRECTION('',(0.,0.,1.));
#3232 = ORIENTED_EDGE('',*,*,#1567,.T.);
#3233 = ORIENTED_EDGE('',*,*,#3192,.F.);
#3234 = ORIENTED_EDGE('',*,*,#486,.F.);
#3235 = SURFACE_OF_LINEAR_EXTRUSION('',#3236,#3241);
#3236 = B_SPLINE_CURVE_WITH_KNOTS('',3,(#3237,#3238,#3239,#3240),
  .UNSPECIFIED.,.F.,.F.,(4,4),(0.,1.),.PIECEWISE_BEZIER_KNOTS.);
#3237 = CARTESIAN_POINT('',(191.131757,-99.333538,0.));
#3238 = CARTESIAN_POINT('',(191.131757,-98.864497,0.));
#3239 = CARTESIAN_POINT('',(191.024116,-98.420598,0.));
#3240 = CARTESIAN_POINT('',(190.832026,-98.025489,0.));
#3241 = VECTOR('',#3242,1.);
#3242 = DIRECTION('',(-0.,-0.,-1.));
#3243 = ADVANCED_FACE('',(#3244),#3255,.F.);
#3244 = FACE_BOUND('',#3245,.F.);
#3245 = EDGE_LOOP('',(#3246,#3247,#3248,#3254));
#3246 = ORIENTED_EDGE('',*,*,#3209,.T.);
#3247 = ORIENTED_EDGE('',*,*,#1392,.T.);
#3248 = ORIENTED_EDGE('',*,*,#3249,.F.);
#3249 = EDGE_CURVE('',#312,#1393,#3250,.T.);
#3250 = LINE('',#3251,#3252);
#3251 = CARTESIAN_POINT('',(26.97652,-93.479687,0.));
#3252 = VECTOR('',#3253,1.);
#3253 = DIRECTION('',(0.,0.,1.));
#3254 = ORIENTED_EDGE('',*,*,#311,.F.);
#3255 = SURFACE_OF_LINEAR_EXTRUSION('',#3256,#3261);
#3256 = B_SPLINE_CURVE_WITH_KNOTS('',3,(#3257,#3258,#3259,#3260),
  .UNSPECIFIED.,.F.,.F.,(4,4),(0.,1.),.PIECEWISE_BEZIER_KNOTS.);
#3257 = CARTESIAN_POINT('',(25.350747,-92.869366,0.));
#3258 = CARTESIAN_POINT('',(25.837358,-93.209289,0.));
#3259 = CARTESIAN_POINT('',(26.39718,-93.41662,0.));
#3260 = CARTESIAN_POINT('',(26.97652,-93.479687,0.));
#3261 = VECTOR('',#3262,1.);
#3262 = DIRECTION('',(-0.,-0.,-1.));
#3263 = ADVANCED_FACE('',(#3264),#3275,.T.);
#3264 = FACE_BOUND('',#3265,.F.);
#3265 = EDGE_LOOP('',(#3266,#3272,#3273,#3274));
#3266 = ORIENTED_EDGE('',*,*,#3267,.T.);
#3267 = EDGE_CURVE('',#469,#1550,#3268,.T.);
#3268 = LINE('',#3269,#3270);
#3269 = CARTESIAN_POINT('',(188.131757,-102.333538,0.));
#3270 = VECTOR('',#3271,1.);
#3271 = DIRECTION('',(0.,0.,1.));
#3272 = ORIENTED_EDGE('',*,*,#1558,.T.);
#3273 = ORIENTED_EDGE('',*,*,#3227,.F.);
#3274 = ORIENTED_EDGE('',*,*,#477,.F.);
#3275 = CYLINDRICAL_SURFACE('',#3276,3.);
#3276 = AXIS2_PLACEMENT_3D('',#3277,#3278,#3279);
#3277 = CARTESIAN_POINT('',(188.131757,-99.333538,0.));
#3278 = DIRECTION('',(-0.,-0.,-1.));
#3279 = DIRECTION('',(1.,0.,0.));
#3280 = ADVANCED_FACE('',(#3281),#3292,.F.);
#3281 = FACE_BOUND('',#3282,.T.);
#3282 = EDGE_LOOP('',(#3283,#3289,#3290,#3291));
#3283 = ORIENTED_EDGE('',*,*,#3284,.T.);
#3284 = EDGE_CURVE('',#321,#1402,#3285,.T.);
#3285 = LINE('',#3286,#3287);
#3286 = CARTESIAN_POINT('',(42.532807,-104.075784,0.));
#3287 = VECTOR('',#3288,1.);
#3288 = DIRECTION('',(0.,0.,1.));
#3289 = ORIENTED_EDGE('',*,*,#1401,.T.);
#3290 = ORIENTED_EDGE('',*,*,#3249,.F.);
#3291 = ORIENTED_EDGE('',*,*,#320,.F.);
#3292 = CYLINDRICAL_SURFACE('',#3293,19.999941);
#3293 = AXIS2_PLACEMENT_3D('',#3294,#3295,#3296);
#3294 = CARTESIAN_POINT('',(24.819961246343,-113.3630190735,0.));
#3295 = DIRECTION('',(-0.,-0.,-1.));
#3296 = DIRECTION('',(1.,0.,0.));
#3297 = ADVANCED_FACE('',(#3298),#3309,.F.);
#3298 = FACE_BOUND('',#3299,.F.);
#3299 = EDGE_LOOP('',(#3300,#3306,#3307,#3308));
#3300 = ORIENTED_EDGE('',*,*,#3301,.T.);
#3301 = EDGE_CURVE('',#460,#1541,#3302,.T.);
#3302 = LINE('',#3303,#3304);
#3303 = CARTESIAN_POINT('',(187.406821,-102.245325,0.));
#3304 = VECTOR('',#3305,1.);
#3305 = DIRECTION('',(0.,0.,1.));
#3306 = ORIENTED_EDGE('',*,*,#1549,.T.);
#3307 = ORIENTED_EDGE('',*,*,#3267,.F.);
#3308 = ORIENTED_EDGE('',*,*,#468,.F.);
#3309 = SURFACE_OF_LINEAR_EXTRUSION('',#3310,#3315);
#3310 = B_SPLINE_CURVE_WITH_KNOTS('',3,(#3311,#3312,#3313,#3314),
  .UNSPECIFIED.,.F.,.F.,(4,4),(0.,1.),.PIECEWISE_BEZIER_KNOTS.);
#3311 = CARTESIAN_POINT('',(187.406821,-102.245325,0.));
#3312 = CARTESIAN_POINT('',(187.63894,-102.302963,0.));
#3313 = CARTESIAN_POINT('',(187.881778,-102.333538,0.));
#3314 = CARTESIAN_POINT('',(188.131757,-102.333538,0.));
#3315 = VECTOR('',#3316,1.);
#3316 = DIRECTION('',(-0.,-0.,-1.));
#3317 = ADVANCED_FACE('',(#3318),#3329,.F.);
#3318 = FACE_BOUND('',#3319,.F.);
#3319 = EDGE_LOOP('',(#3320,#3321,#3322,#3328));
#3320 = ORIENTED_EDGE('',*,*,#3284,.T.);
#3321 = ORIENTED_EDGE('',*,*,#1410,.T.);
#3322 = ORIENTED_EDGE('',*,*,#3323,.F.);
#3323 = EDGE_CURVE('',#330,#1411,#3324,.T.);
#3324 = LINE('',#3325,#3326);
#3325 = CARTESIAN_POINT('',(48.919351,-107.220592,0.));
#3326 = VECTOR('',#3327,1.);
#3327 = DIRECTION('',(0.,0.,1.));
#3328 = ORIENTED_EDGE('',*,*,#329,.F.);
#3329 = SURFACE_OF_LINEAR_EXTRUSION('',#3330,#3335);
#3330 = B_SPLINE_CURVE_WITH_KNOTS('',3,(#3331,#3332,#3333,#3334),
  .UNSPECIFIED.,.F.,.F.,(4,4),(0.,1.),.PIECEWISE_BEZIER_KNOTS.);
#3331 = CARTESIAN_POINT('',(42.532807,-104.075784,0.));
#3332 = CARTESIAN_POINT('',(43.710081,-106.349032,0.));
#3333 = CARTESIAN_POINT('',(46.267119,-107.695419,0.));
#3334 = CARTESIAN_POINT('',(48.919351,-107.220592,0.));
#3335 = VECTOR('',#3336,1.);
#3336 = DIRECTION('',(-0.,-0.,-1.));
#3337 = ADVANCED_FACE('',(#3338),#3349,.F.);
#3338 = FACE_BOUND('',#3339,.T.);
#3339 = EDGE_LOOP('',(#3340,#3341,#3342,#3348));
#3340 = ORIENTED_EDGE('',*,*,#3301,.T.);
#3341 = ORIENTED_EDGE('',*,*,#1540,.T.);
#3342 = ORIENTED_EDGE('',*,*,#3343,.F.);
#3343 = EDGE_CURVE('',#452,#1533,#3344,.T.);
#3344 = LINE('',#3345,#3346);
#3345 = CARTESIAN_POINT('',(182.724104,-103.576942,0.));
#3346 = VECTOR('',#3347,1.);
#3347 = DIRECTION('',(0.,0.,1.));
#3348 = ORIENTED_EDGE('',*,*,#459,.F.);
#3349 = CYLINDRICAL_SURFACE('',#3350,4.999902);
#3350 = AXIS2_PLACEMENT_3D('',#3351,#3352,#3353);
#3351 = CARTESIAN_POINT('',(186.26003842581,-107.1119367306,0.));
#3352 = DIRECTION('',(-0.,-0.,-1.));
#3353 = DIRECTION('',(1.,0.,0.));
#3354 = ADVANCED_FACE('',(#3355),#3366,.F.);
#3355 = FACE_BOUND('',#3356,.F.);
#3356 = EDGE_LOOP('',(#3357,#3358,#3359,#3365));
#3357 = ORIENTED_EDGE('',*,*,#3323,.T.);
#3358 = ORIENTED_EDGE('',*,*,#1419,.T.);
#3359 = ORIENTED_EDGE('',*,*,#3360,.F.);
#3360 = EDGE_CURVE('',#339,#1420,#3361,.T.);
#3361 = LINE('',#3362,#3363);
#3362 = CARTESIAN_POINT('',(83.372234,-101.052495,0.));
#3363 = VECTOR('',#3364,1.);
#3364 = DIRECTION('',(0.,0.,1.));
#3365 = ORIENTED_EDGE('',*,*,#338,.F.);
#3366 = PLANE('',#3367);
#3367 = AXIS2_PLACEMENT_3D('',#3368,#3369,#3370);
#3368 = CARTESIAN_POINT('',(48.919351,-107.220592,0.));
#3369 = DIRECTION('',(-0.17622799329,0.984349376177,0.));
#3370 = DIRECTION('',(0.984349376177,0.17622799329,0.));
#3371 = ADVANCED_FACE('',(#3372),#3383,.F.);
#3372 = FACE_BOUND('',#3373,.F.);
#3373 = EDGE_LOOP('',(#3374,#3380,#3381,#3382));
#3374 = ORIENTED_EDGE('',*,*,#3375,.T.);
#3375 = EDGE_CURVE('',#443,#1524,#3376,.T.);
#3376 = LINE('',#3377,#3378);
#3377 = CARTESIAN_POINT('',(162.889272,-123.416846,0.));
#3378 = VECTOR('',#3379,1.);
#3379 = DIRECTION('',(0.,0.,1.));
#3380 = ORIENTED_EDGE('',*,*,#1532,.T.);
#3381 = ORIENTED_EDGE('',*,*,#3343,.F.);
#3382 = ORIENTED_EDGE('',*,*,#451,.F.);
#3383 = PLANE('',#3384);
#3384 = AXIS2_PLACEMENT_3D('',#3385,#3386,#3387);
#3385 = CARTESIAN_POINT('',(162.889272,-123.416846,0.));
#3386 = DIRECTION('',(-0.707197171613,0.707016379204,0.));
#3387 = DIRECTION('',(0.707016379204,0.707197171613,0.));
#3388 = ADVANCED_FACE('',(#3389),#3400,.F.);
#3389 = FACE_BOUND('',#3390,.F.);
#3390 = EDGE_LOOP('',(#3391,#3392,#3393,#3399));
#3391 = ORIENTED_EDGE('',*,*,#3360,.T.);
#3392 = ORIENTED_EDGE('',*,*,#1427,.T.);
#3393 = ORIENTED_EDGE('',*,*,#3394,.F.);
#3394 = EDGE_CURVE('',#347,#1428,#3395,.T.);
#3395 = LINE('',#3396,#3397);
#3396 = CARTESIAN_POINT('',(83.779303,-100.965073,0.));
#3397 = VECTOR('',#3398,1.);
#3398 = DIRECTION('',(0.,0.,1.));
#3399 = ORIENTED_EDGE('',*,*,#346,.F.);
#3400 = SURFACE_OF_LINEAR_EXTRUSION('',#3401,#3406);
#3401 = B_SPLINE_CURVE_WITH_KNOTS('',3,(#3402,#3403,#3404,#3405),
  .UNSPECIFIED.,.F.,.F.,(4,4),(0.,1.),.PIECEWISE_BEZIER_KNOTS.);
#3402 = CARTESIAN_POINT('',(83.372234,-101.052495,0.));
#3403 = CARTESIAN_POINT('',(83.50974,-101.027873,0.));
#3404 = CARTESIAN_POINT('',(83.64548,-100.998675,0.));
#3405 = CARTESIAN_POINT('',(83.779303,-100.965073,0.));
#3406 = VECTOR('',#3407,1.);
#3407 = DIRECTION('',(-0.,-0.,-1.));
#3408 = ADVANCED_FACE('',(#3409),#3420,.F.);
#3409 = FACE_BOUND('',#3410,.F.);
#3410 = EDGE_LOOP('',(#3411,#3417,#3418,#3419));
#3411 = ORIENTED_EDGE('',*,*,#3412,.T.);
#3412 = EDGE_CURVE('',#434,#1515,#3413,.T.);
#3413 = LINE('',#3414,#3415);
#3414 = CARTESIAN_POINT('',(156.361105,-124.392861,0.));
#3415 = VECTOR('',#3416,1.);
#3416 = DIRECTION('',(0.,0.,1.));
#3417 = ORIENTED_EDGE('',*,*,#1523,.T.);
#3418 = ORIENTED_EDGE('',*,*,#3375,.F.);
#3419 = ORIENTED_EDGE('',*,*,#442,.F.);
#3420 = SURFACE_OF_LINEAR_EXTRUSION('',#3421,#3426);
#3421 = B_SPLINE_CURVE_WITH_KNOTS('',3,(#3422,#3423,#3424,#3425),
  .UNSPECIFIED.,.F.,.F.,(4,4),(0.,1.),.PIECEWISE_BEZIER_KNOTS.);
#3422 = CARTESIAN_POINT('',(156.361105,-124.392861,0.));
#3423 = CARTESIAN_POINT('',(158.461159,-125.807884,0.));
#3424 = CARTESIAN_POINT('',(161.294231,-125.383877,0.));
#3425 = CARTESIAN_POINT('',(162.889272,-123.416846,0.));
#3426 = VECTOR('',#3427,1.);
#3427 = DIRECTION('',(-0.,-0.,-1.));
#3428 = ADVANCED_FACE('',(#3429),#3440,.F.);
#3429 = FACE_BOUND('',#3430,.T.);
#3430 = EDGE_LOOP('',(#3431,#3437,#3438,#3439));
#3431 = ORIENTED_EDGE('',*,*,#3432,.T.);
#3432 = EDGE_CURVE('',#356,#1437,#3433,.T.);
#3433 = LINE('',#3434,#3435);
#3434 = CARTESIAN_POINT('',(102.551073,-99.891035,0.));
#3435 = VECTOR('',#3436,1.);
#3436 = DIRECTION('',(0.,0.,1.));
#3437 = ORIENTED_EDGE('',*,*,#1436,.T.);
#3438 = ORIENTED_EDGE('',*,*,#3394,.F.);
#3439 = ORIENTED_EDGE('',*,*,#355,.F.);
#3440 = CYLINDRICAL_SURFACE('',#3441,50.);
#3441 = AXIS2_PLACEMENT_3D('',#3442,#3443,#3444);
#3442 = CARTESIAN_POINT('',(95.97035598173,-149.4560848186,0.));
#3443 = DIRECTION('',(-0.,-0.,-1.));
#3444 = DIRECTION('',(1.,0.,0.));
#3445 = ADVANCED_FACE('',(#3446),#3457,.F.);
#3446 = FACE_BOUND('',#3447,.F.);
#3447 = EDGE_LOOP('',(#3448,#3454,#3455,#3456));
#3448 = ORIENTED_EDGE('',*,*,#3449,.T.);
#3449 = EDGE_CURVE('',#426,#1507,#3450,.T.);
#3450 = LINE('',#3451,#3452);
#3451 = CARTESIAN_POINT('',(155.859092,-123.981855,0.));
#3452 = VECTOR('',#3453,1.);
#3453 = DIRECTION('',(0.,0.,1.));
#3454 = ORIENTED_EDGE('',*,*,#1514,.T.);
#3455 = ORIENTED_EDGE('',*,*,#3412,.F.);
#3456 = ORIENTED_EDGE('',*,*,#433,.F.);
#3457 = SURFACE_OF_LINEAR_EXTRUSION('',#3458,#3463);
#3458 = B_SPLINE_CURVE_WITH_KNOTS('',3,(#3459,#3460,#3461,#3462),
  .UNSPECIFIED.,.F.,.F.,(4,4),(0.,1.),.PIECEWISE_BEZIER_KNOTS.);
#3459 = CARTESIAN_POINT('',(155.859092,-123.981855,0.));
#3460 = CARTESIAN_POINT('',(156.013096,-124.133857,0.));
#3461 = CARTESIAN_POINT('',(156.1811,-124.271859,0.));
#3462 = CARTESIAN_POINT('',(156.361105,-124.392861,0.));
#3463 = VECTOR('',#3464,1.);
#3464 = DIRECTION('',(-0.,-0.,-1.));
#3465 = ADVANCED_FACE('',(#3466),#3477,.F.);
#3466 = FACE_BOUND('',#3467,.F.);
#3467 = EDGE_LOOP('',(#3468,#3469,#3470,#3476));
#3468 = ORIENTED_EDGE('',*,*,#3432,.T.);
#3469 = ORIENTED_EDGE('',*,*,#1445,.T.);
#3470 = ORIENTED_EDGE('',*,*,#3471,.F.);
#3471 = EDGE_CURVE('',#365,#1446,#3472,.T.);
#3472 = LINE('',#3473,#3474);
#3473 = CARTESIAN_POINT('',(128.735397,-103.29753,0.));
#3474 = VECTOR('',#3475,1.);
#3475 = DIRECTION('',(0.,0.,1.));
#3476 = ORIENTED_EDGE('',*,*,#364,.F.);
#3477 = PLANE('',#3478);
#3478 = AXIS2_PLACEMENT_3D('',#3479,#3480,#3481);
#3479 = CARTESIAN_POINT('',(102.551073,-99.891035,0.));
#3480 = DIRECTION('',(0.129009559817,0.991643349938,0.));
#3481 = DIRECTION('',(0.991643349938,-0.129009559817,0.));
#3482 = ADVANCED_FACE('',(#3483),#3494,.F.);
#3483 = FACE_BOUND('',#3484,.F.);
#3484 = EDGE_LOOP('',(#3485,#3491,#3492,#3493));
#3485 = ORIENTED_EDGE('',*,*,#3486,.T.);
#3486 = EDGE_CURVE('',#417,#1498,#3487,.T.);
#3487 = LINE('',#3488,#3489);
#3488 = CARTESIAN_POINT('',(148.488787,-116.710097,0.));
#3489 = VECTOR('',#3490,1.);
#3490 = DIRECTION('',(0.,0.,1.));
#3491 = ORIENTED_EDGE('',*,*,#1506,.T.);
#3492 = ORIENTED_EDGE('',*,*,#3449,.F.);
#3493 = ORIENTED_EDGE('',*,*,#425,.F.);
#3494 = PLANE('',#3495);
#3495 = AXIS2_PLACEMENT_3D('',#3496,#3497,#3498);
#3496 = CARTESIAN_POINT('',(148.488787,-116.710097,0.));
#3497 = DIRECTION('',(0.702331759797,0.711849772901,0.));
#3498 = DIRECTION('',(0.711849772901,-0.702331759797,0.));
#3499 = ADVANCED_FACE('',(#3500),#3511,.F.);
#3500 = FACE_BOUND('',#3501,.F.);
#3501 = EDGE_LOOP('',(#3502,#3503,#3504,#3510));
#3502 = ORIENTED_EDGE('',*,*,#3471,.T.);
#3503 = ORIENTED_EDGE('',*,*,#1453,.T.);
#3504 = ORIENTED_EDGE('',*,*,#3505,.F.);
#3505 = EDGE_CURVE('',#373,#1454,#3506,.T.);
#3506 = LINE('',#3507,#3508);
#3507 = CARTESIAN_POINT('',(137.319913,-108.285074,0.));
#3508 = VECTOR('',#3509,1.);
#3509 = DIRECTION('',(0.,0.,1.));
#3510 = ORIENTED_EDGE('',*,*,#372,.F.);
#3511 = PLANE('',#3512);
#3512 = AXIS2_PLACEMENT_3D('',#3513,#3514,#3515);
#3513 = CARTESIAN_POINT('',(128.735397,-103.29753,0.));
#3514 = DIRECTION('',(0.502360450234,0.86465830132,0.));
#3515 = DIRECTION('',(0.86465830132,-0.502360450234,0.));
#3516 = ADVANCED_FACE('',(#3517),#3528,.F.);
#3517 = FACE_BOUND('',#3518,.T.);
#3518 = EDGE_LOOP('',(#3519,#3520,#3521,#3527));
#3519 = ORIENTED_EDGE('',*,*,#3486,.T.);
#3520 = ORIENTED_EDGE('',*,*,#1497,.T.);
#3521 = ORIENTED_EDGE('',*,*,#3522,.F.);
#3522 = EDGE_CURVE('',#408,#1489,#3523,.T.);
#3523 = LINE('',#3524,#3525);
#3524 = CARTESIAN_POINT('',(143.615509,-115.438509,0.));
#3525 = VECTOR('',#3526,1.);
#3526 = DIRECTION('',(0.,0.,1.));
#3527 = ORIENTED_EDGE('',*,*,#416,.F.);
#3528 = CYLINDRICAL_SURFACE('',#3529,5.);
#3529 = AXIS2_PLACEMENT_3D('',#3530,#3531,#3532);
#3530 = CARTESIAN_POINT('',(144.96155833788,-120.2539166857,0.));
#3531 = DIRECTION('',(-0.,-0.,-1.));
#3532 = DIRECTION('',(1.,0.,0.));
#3533 = ADVANCED_FACE('',(#3534),#3545,.F.);
#3534 = FACE_BOUND('',#3535,.T.);
#3535 = EDGE_LOOP('',(#3536,#3542,#3543,#3544));
#3536 = ORIENTED_EDGE('',*,*,#3537,.T.);
#3537 = EDGE_CURVE('',#381,#1462,#3538,.T.);
#3538 = LINE('',#3539,#3540);
#3539 = CARTESIAN_POINT('',(139.807699,-112.545673,0.));
#3540 = VECTOR('',#3541,1.);
#3541 = DIRECTION('',(0.,0.,1.));
#3542 = ORIENTED_EDGE('',*,*,#1461,.T.);
#3543 = ORIENTED_EDGE('',*,*,#3505,.F.);
#3544 = ORIENTED_EDGE('',*,*,#380,.F.);
#3545 = CYLINDRICAL_SURFACE('',#3546,4.999931);
#3546 = AXIS2_PLACEMENT_3D('',#3547,#3548,#3549);
#3547 = CARTESIAN_POINT('',(134.80816041736,-112.6083145633,0.));
#3548 = DIRECTION('',(-0.,-0.,-1.));
#3549 = DIRECTION('',(1.,0.,0.));
#3550 = ADVANCED_FACE('',(#3551),#3562,.F.);
#3551 = FACE_BOUND('',#3552,.F.);
#3552 = EDGE_LOOP('',(#3553,#3559,#3560,#3561));
#3553 = ORIENTED_EDGE('',*,*,#3554,.T.);
#3554 = EDGE_CURVE('',#399,#1480,#3555,.T.);
#3555 = LINE('',#3556,#3557);
#3556 = CARTESIAN_POINT('',(142.807698,-115.548516,0.));
#3557 = VECTOR('',#3558,1.);
#3558 = DIRECTION('',(0.,0.,1.));
#3559 = ORIENTED_EDGE('',*,*,#1488,.T.);
#3560 = ORIENTED_EDGE('',*,*,#3522,.F.);
#3561 = ORIENTED_EDGE('',*,*,#407,.F.);
#3562 = SURFACE_OF_LINEAR_EXTRUSION('',#3563,#3568);
#3563 = B_SPLINE_CURVE_WITH_KNOTS('',3,(#3564,#3565,#3566,#3567),
  .UNSPECIFIED.,.F.,.F.,(4,4),(0.,1.),.PIECEWISE_BEZIER_KNOTS.);
#3564 = CARTESIAN_POINT('',(142.807698,-115.548516,0.));
#3565 = CARTESIAN_POINT('',(143.087577,-115.548516,0.));
#3566 = CARTESIAN_POINT('',(143.358505,-115.51019,0.));
#3567 = CARTESIAN_POINT('',(143.615509,-115.438509,0.));
#3568 = VECTOR('',#3569,1.);
#3569 = DIRECTION('',(-0.,-0.,-1.));
#3570 = ADVANCED_FACE('',(#3571),#3582,.F.);
#3571 = FACE_BOUND('',#3572,.F.);
#3572 = EDGE_LOOP('',(#3573,#3574,#3575,#3581));
#3573 = ORIENTED_EDGE('',*,*,#3537,.T.);
#3574 = ORIENTED_EDGE('',*,*,#1470,.T.);
#3575 = ORIENTED_EDGE('',*,*,#3576,.F.);
#3576 = EDGE_CURVE('',#390,#1471,#3577,.T.);
#3577 = LINE('',#3578,#3579);
#3578 = CARTESIAN_POINT('',(139.807698,-112.548516,0.));
#3579 = VECTOR('',#3580,1.);
#3580 = DIRECTION('',(0.,0.,1.));
#3581 = ORIENTED_EDGE('',*,*,#389,.F.);
#3582 = SURFACE_OF_LINEAR_EXTRUSION('',#3583,#3588);
#3583 = B_SPLINE_CURVE_WITH_KNOTS('',3,(#3584,#3585,#3586,#3587),
  .UNSPECIFIED.,.F.,.F.,(4,4),(0.,1.),.PIECEWISE_BEZIER_KNOTS.);
#3584 = CARTESIAN_POINT('',(139.807699,-112.545673,0.));
#3585 = CARTESIAN_POINT('',(139.807698,-112.546621,0.));
#3586 = CARTESIAN_POINT('',(139.807698,-112.547568,0.));
#3587 = CARTESIAN_POINT('',(139.807698,-112.548516,0.));
#3588 = VECTOR('',#3589,1.);
#3589 = DIRECTION('',(-0.,-0.,-1.));
#3590 = ADVANCED_FACE('',(#3591),#3597,.T.);
#3591 = FACE_BOUND('',#3592,.F.);
#3592 = EDGE_LOOP('',(#3593,#3594,#3595,#3596));
#3593 = ORIENTED_EDGE('',*,*,#3576,.T.);
#3594 = ORIENTED_EDGE('',*,*,#1479,.T.);
#3595 = ORIENTED_EDGE('',*,*,#3554,.F.);
#3596 = ORIENTED_EDGE('',*,*,#398,.F.);
#3597 = CYLINDRICAL_SURFACE('',#3598,3.);
#3598 = AXIS2_PLACEMENT_3D('',#3599,#3600,#3601);
#3599 = CARTESIAN_POINT('',(142.807698,-112.548516,0.));
#3600 = DIRECTION('',(-0.,-0.,-1.));
#3601 = DIRECTION('',(1.,0.,0.));
#3602 = ADVANCED_FACE('',(#3603),#3614,.F.);
#3603 = FACE_BOUND('',#3604,.T.);
#3604 = EDGE_LOOP('',(#3605,#3606,#3612,#3613));
#3605 = ORIENTED_EDGE('',*,*,#677,.F.);
#3606 = ORIENTED_EDGE('',*,*,#3607,.T.);
#3607 = EDGE_CURVE('',#678,#2268,#3608,.T.);
#3608 = LINE('',#3609,#3610);
#3609 = CARTESIAN_POINT('',(88.92261,-94.82474,0.));
#3610 = VECTOR('',#3611,1.);
#3611 = DIRECTION('',(0.,0.,1.));
#3612 = ORIENTED_EDGE('',*,*,#2267,.F.);
#3613 = ORIENTED_EDGE('',*,*,#3607,.F.);
#3614 = CYLINDRICAL_SURFACE('',#3615,1.6);
#3615 = AXIS2_PLACEMENT_3D('',#3616,#3617,#3618);
#3616 = CARTESIAN_POINT('',(87.32261,-94.82474,0.));
#3617 = DIRECTION('',(-0.,-0.,-1.));
#3618 = DIRECTION('',(1.,0.,0.));
#3619 = ADVANCED_FACE('',(#3620),#3631,.F.);
#3620 = FACE_BOUND('',#3621,.T.);
#3621 = EDGE_LOOP('',(#3622,#3623,#3629,#3630));
#3622 = ORIENTED_EDGE('',*,*,#688,.F.);
#3623 = ORIENTED_EDGE('',*,*,#3624,.T.);
#3624 = EDGE_CURVE('',#689,#2257,#3625,.T.);
#3625 = LINE('',#3626,#3627);
#3626 = CARTESIAN_POINT('',(42.087843,-92.211337,0.));
#3627 = VECTOR('',#3628,1.);
#3628 = DIRECTION('',(0.,0.,1.));
#3629 = ORIENTED_EDGE('',*,*,#2256,.F.);
#3630 = ORIENTED_EDGE('',*,*,#3624,.F.);
#3631 = CYLINDRICAL_SURFACE('',#3632,1.6);
#3632 = AXIS2_PLACEMENT_3D('',#3633,#3634,#3635);
#3633 = CARTESIAN_POINT('',(40.487843,-92.211337,0.));
#3634 = DIRECTION('',(-0.,-0.,-1.));
#3635 = DIRECTION('',(1.,0.,0.));
#3636 = ADVANCED_FACE('',(#3637),#3653,.T.);
#3637 = FACE_BOUND('',#3638,.T.);
#3638 = EDGE_LOOP('',(#3639,#3640,#3646,#3647));
#3639 = ORIENTED_EDGE('',*,*,#699,.F.);
#3640 = ORIENTED_EDGE('',*,*,#3641,.T.);
#3641 = EDGE_CURVE('',#700,#1852,#3642,.T.);
#3642 = LINE('',#3643,#3644);
#3643 = CARTESIAN_POINT('',(27.444801,-90.492329,0.));
#3644 = VECTOR('',#3645,1.);
#3645 = DIRECTION('',(0.,0.,1.));
#3646 = ORIENTED_EDGE('',*,*,#1851,.F.);
#3647 = ORIENTED_EDGE('',*,*,#3648,.F.);
#3648 = EDGE_CURVE('',#702,#1843,#3649,.T.);
#3649 = LINE('',#3650,#3651);
#3650 = CARTESIAN_POINT('',(40.865422,-88.089678,0.));
#3651 = VECTOR('',#3652,1.);
#3652 = DIRECTION('',(0.,0.,1.));
#3653 = PLANE('',#3654);
#3654 = AXIS2_PLACEMENT_3D('',#3655,#3656,#3657);
#3655 = CARTESIAN_POINT('',(27.444801,-90.492329,0.));
#3656 = DIRECTION('',(-0.176225026341,0.984349907346,0.));
#3657 = DIRECTION('',(0.984349907346,0.176225026341,0.));
#3658 = ADVANCED_FACE('',(#3659),#3670,.T.);
#3659 = FACE_BOUND('',#3660,.T.);
#3660 = EDGE_LOOP('',(#3661,#3662,#3668,#3669));
#3661 = ORIENTED_EDGE('',*,*,#709,.F.);
#3662 = ORIENTED_EDGE('',*,*,#3663,.T.);
#3663 = EDGE_CURVE('',#710,#1860,#3664,.T.);
#3664 = LINE('',#3665,#3666);
#3665 = CARTESIAN_POINT('',(27.069791,-90.410328,0.));
#3666 = VECTOR('',#3667,1.);
#3667 = DIRECTION('',(0.,0.,1.));
#3668 = ORIENTED_EDGE('',*,*,#1859,.F.);
#3669 = ORIENTED_EDGE('',*,*,#3641,.F.);
#3670 = SURFACE_OF_LINEAR_EXTRUSION('',#3671,#3676);
#3671 = B_SPLINE_CURVE_WITH_KNOTS('',3,(#3672,#3673,#3674,#3675),
  .UNSPECIFIED.,.F.,.F.,(4,4),(0.,1.),.PIECEWISE_BEZIER_KNOTS.);
#3672 = CARTESIAN_POINT('',(27.069791,-90.410328,0.));
#3673 = CARTESIAN_POINT('',(27.178794,-90.486329,0.));
#3674 = CARTESIAN_POINT('',(27.313797,-90.516329,0.));
#3675 = CARTESIAN_POINT('',(27.444801,-90.492329,0.));
#3676 = VECTOR('',#3677,1.);
#3677 = DIRECTION('',(-0.,-0.,-1.));
#3678 = ADVANCED_FACE('',(#3679),#3690,.T.);
#3679 = FACE_BOUND('',#3680,.F.);
#3680 = EDGE_LOOP('',(#3681,#3682,#3688,#3689));
#3681 = ORIENTED_EDGE('',*,*,#1121,.F.);
#3682 = ORIENTED_EDGE('',*,*,#3683,.T.);
#3683 = EDGE_CURVE('',#1114,#1835,#3684,.T.);
#3684 = LINE('',#3685,#3686);
#3685 = CARTESIAN_POINT('',(44.349904,-90.52969,0.));
#3686 = VECTOR('',#3687,1.);
#3687 = DIRECTION('',(0.,0.,1.));
#3688 = ORIENTED_EDGE('',*,*,#1842,.F.);
#3689 = ORIENTED_EDGE('',*,*,#3648,.F.);
#3690 = CYLINDRICAL_SURFACE('',#3691,3.);
#3691 = AXIS2_PLACEMENT_3D('',#3692,#3693,#3694);
#3692 = CARTESIAN_POINT('',(41.394097449526,-91.0427276557,0.));
#3693 = DIRECTION('',(-0.,-0.,-1.));
#3694 = DIRECTION('',(1.,0.,0.));
#3695 = ADVANCED_FACE('',(#3696),#3707,.T.);
#3696 = FACE_BOUND('',#3697,.T.);
#3697 = EDGE_LOOP('',(#3698,#3699,#3705,#3706));
#3698 = ORIENTED_EDGE('',*,*,#718,.F.);
#3699 = ORIENTED_EDGE('',*,*,#3700,.T.);
#3700 = EDGE_CURVE('',#719,#1875,#3701,.T.);
#3701 = LINE('',#3702,#3703);
#3702 = CARTESIAN_POINT('',(26.863786,-90.086323,0.));
#3703 = VECTOR('',#3704,1.);
#3704 = DIRECTION('',(0.,0.,1.));
#3705 = ORIENTED_EDGE('',*,*,#1874,.F.);
#3706 = ORIENTED_EDGE('',*,*,#3663,.F.);
#3707 = SURFACE_OF_LINEAR_EXTRUSION('',#3708,#3713);
#3708 = B_SPLINE_CURVE_WITH_KNOTS('',3,(#3709,#3710,#3711,#3712),
  .UNSPECIFIED.,.F.,.F.,(4,4),(0.,1.),.PIECEWISE_BEZIER_KNOTS.);
#3709 = CARTESIAN_POINT('',(26.863786,-90.086323,0.));
#3710 = CARTESIAN_POINT('',(26.886786,-90.217325,0.));
#3711 = CARTESIAN_POINT('',(26.960788,-90.334327,0.));
#3712 = CARTESIAN_POINT('',(27.069791,-90.410328,0.));
#3713 = VECTOR('',#3714,1.);
#3714 = DIRECTION('',(-0.,-0.,-1.));
#3715 = ADVANCED_FACE('',(#3716),#3727,.T.);
#3716 = FACE_BOUND('',#3717,.T.);
#3717 = EDGE_LOOP('',(#3718,#3719,#3720,#3721));
#3718 = ORIENTED_EDGE('',*,*,#1113,.F.);
#3719 = ORIENTED_EDGE('',*,*,#3683,.T.);
#3720 = ORIENTED_EDGE('',*,*,#1834,.F.);
#3721 = ORIENTED_EDGE('',*,*,#3722,.F.);
#3722 = EDGE_CURVE('',#1105,#1826,#3723,.T.);
#3723 = LINE('',#3724,#3725);
#3724 = CARTESIAN_POINT('',(46.444682,-102.304301,0.));
#3725 = VECTOR('',#3726,1.);
#3726 = DIRECTION('',(0.,0.,1.));
#3727 = PLANE('',#3728);
#3728 = AXIS2_PLACEMENT_3D('',#3729,#3730,#3731);
#3729 = CARTESIAN_POINT('',(44.349904,-90.52969,0.));
#3730 = DIRECTION('',(0.984540686606,0.175156034489,0.));
#3731 = DIRECTION('',(0.175156034489,-0.984540686606,0.));
#3732 = ADVANCED_FACE('',(#3733,#3744),#3778,.T.);
#3733 = FACE_BOUND('',#3734,.T.);
#3734 = EDGE_LOOP('',(#3735,#3736,#3742,#3743));
#3735 = ORIENTED_EDGE('',*,*,#727,.F.);
#3736 = ORIENTED_EDGE('',*,*,#3737,.T.);
#3737 = EDGE_CURVE('',#728,#1890,#3738,.T.);
#3738 = LINE('',#3739,#3740);
#3739 = CARTESIAN_POINT('',(22.109664,-62.945897,0.));
#3740 = VECTOR('',#3741,1.);
#3741 = DIRECTION('',(0.,0.,1.));
#3742 = ORIENTED_EDGE('',*,*,#1889,.F.);
#3743 = ORIENTED_EDGE('',*,*,#3700,.F.);
#3744 = FACE_BOUND('',#3745,.T.);
#3745 = EDGE_LOOP('',(#3746,#3756,#3764,#3772));
#3746 = ORIENTED_EDGE('',*,*,#3747,.F.);
#3747 = EDGE_CURVE('',#3748,#3750,#3752,.T.);
#3748 = VERTEX_POINT('',#3749);
#3749 = CARTESIAN_POINT('',(25.184513411589,-80.49965832888,0.5));
#3750 = VERTEX_POINT('',#3751);
#3751 = CARTESIAN_POINT('',(23.631649225886,-71.6346364552,0.5));
#3752 = LINE('',#3753,#3754);
#3753 = CARTESIAN_POINT('',(22.870656612943,-67.2902667276,0.5));
#3754 = VECTOR('',#3755,1.);
#3755 = DIRECTION('',(-0.172540465078,0.985002430408,0.));
#3756 = ORIENTED_EDGE('',*,*,#3757,.F.);
#3757 = EDGE_CURVE('',#3758,#3748,#3760,.T.);
#3758 = VERTEX_POINT('',#3759);
#3759 = CARTESIAN_POINT('',(25.184513411589,-80.49965832888,3.5));
#3760 = LINE('',#3761,#3762);
#3761 = CARTESIAN_POINT('',(25.184513411589,-80.49965832888,0.25));
#3762 = VECTOR('',#3763,1.);
#3763 = DIRECTION('',(0.,0.,-1.));
#3764 = ORIENTED_EDGE('',*,*,#3765,.F.);
#3765 = EDGE_CURVE('',#3766,#3758,#3768,.T.);
#3766 = VERTEX_POINT('',#3767);
#3767 = CARTESIAN_POINT('',(23.631649225886,-71.6346364552,3.5));
#3768 = LINE('',#3769,#3770);
#3769 = CARTESIAN_POINT('',(23.647088705795,-71.72277766444,3.5));
#3770 = VECTOR('',#3771,1.);
#3771 = DIRECTION('',(0.172540465078,-0.985002430408,0.));
#3772 = ORIENTED_EDGE('',*,*,#3773,.F.);
#3773 = EDGE_CURVE('',#3750,#3766,#3774,.T.);
#3774 = LINE('',#3775,#3776);
#3775 = CARTESIAN_POINT('',(23.631649225886,-71.6346364552,1.75));
#3776 = VECTOR('',#3777,1.);
#3777 = DIRECTION('',(0.,0.,1.));
#3778 = PLANE('',#3779);
#3779 = AXIS2_PLACEMENT_3D('',#3780,#3781,#3782);
#3780 = CARTESIAN_POINT('',(22.109664,-62.945897,0.));
#3781 = DIRECTION('',(0.985002430408,0.172540465078,0.));
#3782 = DIRECTION('',(0.172540465078,-0.985002430408,0.));
#3783 = ADVANCED_FACE('',(#3784),#3795,.F.);
#3784 = FACE_BOUND('',#3785,.T.);
#3785 = EDGE_LOOP('',(#3786,#3787,#3788,#3789));
#3786 = ORIENTED_EDGE('',*,*,#1104,.F.);
#3787 = ORIENTED_EDGE('',*,*,#3722,.T.);
#3788 = ORIENTED_EDGE('',*,*,#1825,.F.);
#3789 = ORIENTED_EDGE('',*,*,#3790,.F.);
#3790 = EDGE_CURVE('',#1097,#1818,#3791,.T.);
#3791 = LINE('',#3792,#3793);
#3792 = CARTESIAN_POINT('',(49.911492,-104.734613,0.));
#3793 = VECTOR('',#3794,1.);
#3794 = DIRECTION('',(0.,0.,1.));
#3795 = CYLINDRICAL_SURFACE('',#3796,3.);
#3796 = AXIS2_PLACEMENT_3D('',#3797,#3798,#3799);
#3797 = CARTESIAN_POINT('',(49.398303997987,-101.7788325489,0.));
#3798 = DIRECTION('',(-0.,-0.,-1.));
#3799 = DIRECTION('',(1.,0.,0.));
#3800 = ADVANCED_FACE('',(#3801),#3812,.T.);
#3801 = FACE_BOUND('',#3802,.T.);
#3802 = EDGE_LOOP('',(#3803,#3804,#3810,#3811));
#3803 = ORIENTED_EDGE('',*,*,#735,.F.);
#3804 = ORIENTED_EDGE('',*,*,#3805,.T.);
#3805 = EDGE_CURVE('',#736,#1898,#3806,.T.);
#3806 = LINE('',#3807,#3808);
#3807 = CARTESIAN_POINT('',(21.057637,-56.945802,0.));
#3808 = VECTOR('',#3809,1.);
#3809 = DIRECTION('',(0.,0.,1.));
#3810 = ORIENTED_EDGE('',*,*,#1897,.F.);
#3811 = ORIENTED_EDGE('',*,*,#3737,.F.);
#3812 = PLANE('',#3813);
#3813 = AXIS2_PLACEMENT_3D('',#3814,#3815,#3816);
#3814 = CARTESIAN_POINT('',(21.057637,-56.945802,0.));
#3815 = DIRECTION('',(0.984974377284,0.172700538777,0.));
#3816 = DIRECTION('',(0.172700538777,-0.984974377284,0.));
#3817 = ADVANCED_FACE('',(#3818),#3829,.T.);
#3818 = FACE_BOUND('',#3819,.T.);
#3819 = EDGE_LOOP('',(#3820,#3821,#3822,#3823));
#3820 = ORIENTED_EDGE('',*,*,#1096,.F.);
#3821 = ORIENTED_EDGE('',*,*,#3790,.T.);
#3822 = ORIENTED_EDGE('',*,*,#1817,.F.);
#3823 = ORIENTED_EDGE('',*,*,#3824,.F.);
#3824 = EDGE_CURVE('',#1088,#1809,#3825,.T.);
#3825 = LINE('',#3826,#3827);
#3826 = CARTESIAN_POINT('',(82.412794,-98.945249,0.));
#3827 = VECTOR('',#3828,1.);
#3828 = DIRECTION('',(0.,0.,1.));
#3829 = PLANE('',#3830);
#3830 = AXIS2_PLACEMENT_3D('',#3831,#3832,#3833);
#3831 = CARTESIAN_POINT('',(49.911492,-104.734613,0.));
#3832 = DIRECTION('',(-0.175366736308,0.984503178155,0.));
#3833 = DIRECTION('',(0.984503178155,0.175366736308,0.));
#3834 = ADVANCED_FACE('',(#3835),#3846,.T.);
#3835 = FACE_BOUND('',#3836,.T.);
#3836 = EDGE_LOOP('',(#3837,#3838,#3844,#3845));
#3837 = ORIENTED_EDGE('',*,*,#743,.F.);
#3838 = ORIENTED_EDGE('',*,*,#3839,.T.);
#3839 = EDGE_CURVE('',#744,#1906,#3840,.T.);
#3840 = LINE('',#3841,#3842);
#3841 = CARTESIAN_POINT('',(19.22959,-46.505638,0.));
#3842 = VECTOR('',#3843,1.);
#3843 = DIRECTION('',(0.,0.,1.));
#3844 = ORIENTED_EDGE('',*,*,#1905,.F.);
#3845 = ORIENTED_EDGE('',*,*,#3805,.F.);
#3846 = PLANE('',#3847);
#3847 = AXIS2_PLACEMENT_3D('',#3848,#3849,#3850);
#3848 = CARTESIAN_POINT('',(19.22959,-46.505638,0.));
#3849 = DIRECTION('',(0.985014149203,0.172473551221,0.));
#3850 = DIRECTION('',(0.172473551221,-0.985014149203,0.));
#3851 = ADVANCED_FACE('',(#3852),#3863,.F.);
#3852 = FACE_BOUND('',#3853,.T.);
#3853 = EDGE_LOOP('',(#3854,#3855,#3856,#3857));
#3854 = ORIENTED_EDGE('',*,*,#1087,.F.);
#3855 = ORIENTED_EDGE('',*,*,#3824,.T.);
#3856 = ORIENTED_EDGE('',*,*,#1808,.F.);
#3857 = ORIENTED_EDGE('',*,*,#3858,.F.);
#3858 = EDGE_CURVE('',#1080,#1801,#3859,.T.);
#3859 = LINE('',#3860,#3861);
#3860 = CARTESIAN_POINT('',(84.031067,-96.62551,0.));
#3861 = VECTOR('',#3862,1.);
#3862 = DIRECTION('',(0.,0.,1.));
#3863 = CYLINDRICAL_SURFACE('',#3864,2.);
#3864 = AXIS2_PLACEMENT_3D('',#3865,#3866,#3867);
#3865 = CARTESIAN_POINT('',(82.062060497001,-96.9762426491,0.));
#3866 = DIRECTION('',(-0.,-0.,-1.));
#3867 = DIRECTION('',(1.,0.,0.));
#3868 = ADVANCED_FACE('',(#3869),#3880,.T.);
#3869 = FACE_BOUND('',#3870,.T.);
#3870 = EDGE_LOOP('',(#3871,#3872,#3878,#3879));
#3871 = ORIENTED_EDGE('',*,*,#751,.F.);
#3872 = ORIENTED_EDGE('',*,*,#3873,.T.);
#3873 = EDGE_CURVE('',#752,#1914,#3874,.T.);
#3874 = LINE('',#3875,#3876);
#3875 = CARTESIAN_POINT('',(18.177563,-40.505544,0.));
#3876 = VECTOR('',#3877,1.);
#3877 = DIRECTION('',(0.,0.,1.));
#3878 = ORIENTED_EDGE('',*,*,#1913,.F.);
#3879 = ORIENTED_EDGE('',*,*,#3839,.F.);
#3880 = PLANE('',#3881);
#3881 = AXIS2_PLACEMENT_3D('',#3882,#3883,#3884);
#3882 = CARTESIAN_POINT('',(18.177563,-40.505544,0.));
#3883 = DIRECTION('',(0.984974372388,0.172700566701,0.));
#3884 = DIRECTION('',(0.172700566701,-0.984974372388,0.));
#3885 = ADVANCED_FACE('',(#3886),#3897,.T.);
#3886 = FACE_BOUND('',#3887,.T.);
#3887 = EDGE_LOOP('',(#3888,#3889,#3890,#3891));
#3888 = ORIENTED_EDGE('',*,*,#1079,.F.);
#3889 = ORIENTED_EDGE('',*,*,#3858,.T.);
#3890 = ORIENTED_EDGE('',*,*,#1800,.F.);
#3891 = ORIENTED_EDGE('',*,*,#3892,.F.);
#3892 = EDGE_CURVE('',#1071,#1792,#3893,.T.);
#3893 = LINE('',#3894,#3895);
#3894 = CARTESIAN_POINT('',(83.435859,-93.284036,0.));
#3895 = VECTOR('',#3896,1.);
#3896 = DIRECTION('',(0.,0.,1.));
#3897 = PLANE('',#3898);
#3898 = AXIS2_PLACEMENT_3D('',#3899,#3900,#3901);
#3899 = CARTESIAN_POINT('',(84.031067,-96.62551,0.));
#3900 = DIRECTION('',(-0.984503137966,-0.175366961928,0.));
#3901 = DIRECTION('',(-0.175366961928,0.984503137966,0.));
#3902 = ADVANCED_FACE('',(#3903),#3914,.T.);
#3903 = FACE_BOUND('',#3904,.T.);
#3904 = EDGE_LOOP('',(#3905,#3906,#3912,#3913));
#3905 = ORIENTED_EDGE('',*,*,#759,.F.);
#3906 = ORIENTED_EDGE('',*,*,#3907,.T.);
#3907 = EDGE_CURVE('',#760,#1922,#3908,.T.);
#3908 = LINE('',#3909,#3910);
#3909 = CARTESIAN_POINT('',(17.26354,-35.285462,0.));
#3910 = VECTOR('',#3911,1.);
#3911 = DIRECTION('',(0.,0.,1.));
#3912 = ORIENTED_EDGE('',*,*,#1921,.F.);
#3913 = ORIENTED_EDGE('',*,*,#3873,.F.);
#3914 = PLANE('',#3915);
#3915 = AXIS2_PLACEMENT_3D('',#3916,#3917,#3918);
#3916 = CARTESIAN_POINT('',(17.26354,-35.285462,0.));
#3917 = DIRECTION('',(0.985014165231,0.172473459679,0.));
#3918 = DIRECTION('',(0.172473459679,-0.985014165231,0.));
#3919 = ADVANCED_FACE('',(#3920),#3931,.T.);
#3920 = FACE_BOUND('',#3921,.F.);
#3921 = EDGE_LOOP('',(#3922,#3923,#3929,#3930));
#3922 = ORIENTED_EDGE('',*,*,#1070,.F.);
#3923 = ORIENTED_EDGE('',*,*,#3924,.T.);
#3924 = EDGE_CURVE('',#1063,#1784,#3925,.T.);
#3925 = LINE('',#3926,#3927);
#3926 = CARTESIAN_POINT('',(88.795649,-90.96634,0.));
#3927 = VECTOR('',#3928,1.);
#3928 = DIRECTION('',(0.,0.,1.));
#3929 = ORIENTED_EDGE('',*,*,#1791,.F.);
#3930 = ORIENTED_EDGE('',*,*,#3892,.F.);
#3931 = CYLINDRICAL_SURFACE('',#3932,3.);
#3932 = AXIS2_PLACEMENT_3D('',#3933,#3934,#3935);
#3933 = CARTESIAN_POINT('',(86.389368458832,-92.75793536648,0.));
#3934 = DIRECTION('',(-0.,-0.,-1.));
#3935 = DIRECTION('',(1.,0.,0.));
#3936 = ADVANCED_FACE('',(#3937),#3948,.T.);
#3937 = FACE_BOUND('',#3938,.T.);
#3938 = EDGE_LOOP('',(#3939,#3940,#3946,#3947));
#3939 = ORIENTED_EDGE('',*,*,#767,.F.);
#3940 = ORIENTED_EDGE('',*,*,#3941,.T.);
#3941 = EDGE_CURVE('',#768,#1930,#3942,.T.);
#3942 = LINE('',#3943,#3944);
#3943 = CARTESIAN_POINT('',(17.66755,-34.707453,0.));
#3944 = VECTOR('',#3945,1.);
#3945 = DIRECTION('',(0.,0.,1.));
#3946 = ORIENTED_EDGE('',*,*,#1929,.F.);
#3947 = ORIENTED_EDGE('',*,*,#3907,.F.);
#3948 = SURFACE_OF_LINEAR_EXTRUSION('',#3949,#3954);
#3949 = B_SPLINE_CURVE_WITH_KNOTS('',3,(#3950,#3951,#3952,#3953),
  .UNSPECIFIED.,.F.,.F.,(4,4),(0.,1.),.PIECEWISE_BEZIER_KNOTS.);
#3950 = CARTESIAN_POINT('',(17.66755,-34.707453,0.));
#3951 = CARTESIAN_POINT('',(17.396543,-34.756454,0.));
#3952 = CARTESIAN_POINT('',(17.215538,-35.014458,0.));
#3953 = CARTESIAN_POINT('',(17.26354,-35.285462,0.));
#3954 = VECTOR('',#3955,1.);
#3955 = DIRECTION('',(-0.,-0.,-1.));
#3956 = ADVANCED_FACE('',(#3957),#3968,.T.);
#3957 = FACE_BOUND('',#3958,.T.);
#3958 = EDGE_LOOP('',(#3959,#3960,#3961,#3962));
#3959 = ORIENTED_EDGE('',*,*,#1062,.F.);
#3960 = ORIENTED_EDGE('',*,*,#3924,.T.);
#3961 = ORIENTED_EDGE('',*,*,#1783,.F.);
#3962 = ORIENTED_EDGE('',*,*,#3963,.F.);
#3963 = EDGE_CURVE('',#1054,#1774,#3964,.T.);
#3964 = LINE('',#3965,#3966);
#3965 = CARTESIAN_POINT('',(91.899453,-95.222403,0.));
#3966 = VECTOR('',#3967,1.);
#3967 = DIRECTION('',(0.,0.,1.));
#3968 = PLANE('',#3969);
#3969 = AXIS2_PLACEMENT_3D('',#3970,#3971,#3972);
#3970 = CARTESIAN_POINT('',(88.795649,-90.96634,0.));
#3971 = DIRECTION('',(0.807969143953,0.589224797866,0.));
#3972 = DIRECTION('',(0.589224797866,-0.807969143953,0.));
#3973 = ADVANCED_FACE('',(#3974),#3985,.T.);
#3974 = FACE_BOUND('',#3975,.T.);
#3975 = EDGE_LOOP('',(#3976,#3977,#3983,#3984));
#3976 = ORIENTED_EDGE('',*,*,#776,.F.);
#3977 = ORIENTED_EDGE('',*,*,#3978,.T.);
#3978 = EDGE_CURVE('',#777,#1953,#3979,.T.);
#3979 = LINE('',#3980,#3981);
#3980 = CARTESIAN_POINT('',(59.556624,-27.181335,0.));
#3981 = VECTOR('',#3982,1.);
#3982 = DIRECTION('',(0.,0.,1.));
#3983 = ORIENTED_EDGE('',*,*,#1952,.F.);
#3984 = ORIENTED_EDGE('',*,*,#3941,.F.);
#3985 = PLANE('',#3986);
#3986 = AXIS2_PLACEMENT_3D('',#3987,#3988,#3989);
#3987 = CARTESIAN_POINT('',(59.556624,-27.181335,0.));
#3988 = DIRECTION('',(0.176836290957,-0.984240278692,0.));
#3989 = DIRECTION('',(-0.984240278692,-0.176836290957,0.));
#3990 = ADVANCED_FACE('',(#3991),#4002,.T.);
#3991 = FACE_BOUND('',#3992,.T.);
#3992 = EDGE_LOOP('',(#3993,#3994,#3995,#3996));
#3993 = ORIENTED_EDGE('',*,*,#1053,.F.);
#3994 = ORIENTED_EDGE('',*,*,#3963,.T.);
#3995 = ORIENTED_EDGE('',*,*,#1773,.F.);
#3996 = ORIENTED_EDGE('',*,*,#3997,.F.);
#3997 = EDGE_CURVE('',#1045,#1759,#3998,.T.);
#3998 = LINE('',#3999,#4000);
#3999 = CARTESIAN_POINT('',(91.950454,-95.281404,0.));
#4000 = VECTOR('',#4001,1.);
#4001 = DIRECTION('',(0.,0.,1.));
#4002 = SURFACE_OF_LINEAR_EXTRUSION('',#4003,#4008);
#4003 = B_SPLINE_CURVE_WITH_KNOTS('',3,(#4004,#4005,#4006,#4007),
  .UNSPECIFIED.,.F.,.F.,(4,4),(0.,1.),.PIECEWISE_BEZIER_KNOTS.);
#4004 = CARTESIAN_POINT('',(91.899453,-95.222403,0.));
#4005 = CARTESIAN_POINT('',(91.915453,-95.243404,0.));
#4006 = CARTESIAN_POINT('',(91.932453,-95.263404,0.));
#4007 = CARTESIAN_POINT('',(91.950454,-95.281404,0.));
#4008 = VECTOR('',#4009,1.);
#4009 = DIRECTION('',(-0.,-0.,-1.));
#4010 = ADVANCED_FACE('',(#4011),#4022,.T.);
#4011 = FACE_BOUND('',#4012,.T.);
#4012 = EDGE_LOOP('',(#4013,#4014,#4020,#4021));
#4013 = ORIENTED_EDGE('',*,*,#784,.F.);
#4014 = ORIENTED_EDGE('',*,*,#4015,.T.);
#4015 = EDGE_CURVE('',#785,#1961,#4016,.T.);
#4016 = LINE('',#4017,#4018);
#4017 = CARTESIAN_POINT('',(59.556624,-23.799282,0.));
#4018 = VECTOR('',#4019,1.);
#4019 = DIRECTION('',(0.,0.,1.));
#4020 = ORIENTED_EDGE('',*,*,#1960,.F.);
#4021 = ORIENTED_EDGE('',*,*,#3978,.F.);
#4022 = PLANE('',#4023);
#4023 = AXIS2_PLACEMENT_3D('',#4024,#4025,#4026);
#4024 = CARTESIAN_POINT('',(59.556624,-23.799282,0.));
#4025 = DIRECTION('',(1.,0.,0.));
#4026 = DIRECTION('',(0.,-1.,0.));
#4027 = ADVANCED_FACE('',(#4028),#4039,.T.);
#4028 = FACE_BOUND('',#4029,.T.);
#4029 = EDGE_LOOP('',(#4030,#4031,#4032,#4033));
#4030 = ORIENTED_EDGE('',*,*,#1044,.F.);
#4031 = ORIENTED_EDGE('',*,*,#3997,.T.);
#4032 = ORIENTED_EDGE('',*,*,#1758,.F.);
#4033 = ORIENTED_EDGE('',*,*,#4034,.F.);
#4034 = EDGE_CURVE('',#1037,#1751,#4035,.T.);
#4035 = LINE('',#4036,#4037);
#4036 = CARTESIAN_POINT('',(92.619471,-95.573409,0.));
#4037 = VECTOR('',#4038,1.);
#4038 = DIRECTION('',(0.,0.,1.));
#4039 = SURFACE_OF_LINEAR_EXTRUSION('',#4040,#4045);
#4040 = B_SPLINE_CURVE_WITH_KNOTS('',3,(#4041,#4042,#4043,#4044),
  .UNSPECIFIED.,.F.,.F.,(4,4),(0.,1.),.PIECEWISE_BEZIER_KNOTS.);
#4041 = CARTESIAN_POINT('',(91.950454,-95.281404,0.));
#4042 = CARTESIAN_POINT('',(92.128459,-95.459407,0.));
#4043 = CARTESIAN_POINT('',(92.367465,-95.564409,0.));
#4044 = CARTESIAN_POINT('',(92.619471,-95.573409,0.));
#4045 = VECTOR('',#4046,1.);
#4046 = DIRECTION('',(-0.,-0.,-1.));
#4047 = ADVANCED_FACE('',(#4048),#4059,.T.);
#4048 = FACE_BOUND('',#4049,.T.);
#4049 = EDGE_LOOP('',(#4050,#4051,#4057,#4058));
#4050 = ORIENTED_EDGE('',*,*,#792,.F.);
#4051 = ORIENTED_EDGE('',*,*,#4052,.T.);
#4052 = EDGE_CURVE('',#793,#1969,#4053,.T.);
#4053 = LINE('',#4054,#4055);
#4054 = CARTESIAN_POINT('',(60.012635,-23.301274,0.));
#4055 = VECTOR('',#4056,1.);
#4056 = DIRECTION('',(0.,0.,1.));
#4057 = ORIENTED_EDGE('',*,*,#1968,.F.);
#4058 = ORIENTED_EDGE('',*,*,#4015,.F.);
#4059 = SURFACE_OF_LINEAR_EXTRUSION('',#4060,#4065);
#4060 = B_SPLINE_CURVE_WITH_KNOTS('',3,(#4061,#4062,#4063,#4064),
  .UNSPECIFIED.,.F.,.F.,(4,4),(0.,1.),.PIECEWISE_BEZIER_KNOTS.);
#4061 = CARTESIAN_POINT('',(60.012635,-23.301274,0.));
#4062 = CARTESIAN_POINT('',(59.754629,-23.324274,0.));
#4063 = CARTESIAN_POINT('',(59.556624,-23.540278,0.));
#4064 = CARTESIAN_POINT('',(59.556624,-23.799282,0.));
#4065 = VECTOR('',#4066,1.);
#4066 = DIRECTION('',(-0.,-0.,-1.));
#4067 = ADVANCED_FACE('',(#4068),#4079,.T.);
#4068 = FACE_BOUND('',#4069,.T.);
#4069 = EDGE_LOOP('',(#4070,#4071,#4072,#4073));
#4070 = ORIENTED_EDGE('',*,*,#1036,.F.);
#4071 = ORIENTED_EDGE('',*,*,#4034,.T.);
#4072 = ORIENTED_EDGE('',*,*,#1750,.F.);
#4073 = ORIENTED_EDGE('',*,*,#4074,.F.);
#4074 = EDGE_CURVE('',#1028,#1735,#4075,.T.);
#4075 = LINE('',#4076,#4077);
#4076 = CARTESIAN_POINT('',(129.26441,-100.340484,0.));
#4077 = VECTOR('',#4078,1.);
#4078 = DIRECTION('',(0.,0.,1.));
#4079 = PLANE('',#4080);
#4080 = AXIS2_PLACEMENT_3D('',#4081,#4082,#4083);
#4081 = CARTESIAN_POINT('',(92.619471,-95.573409,0.));
#4082 = DIRECTION('',(0.129001261771,0.991644429451,0.));
#4083 = DIRECTION('',(0.991644429451,-0.129001261771,0.));
#4084 = ADVANCED_FACE('',(#4085),#4096,.T.);
#4085 = FACE_BOUND('',#4086,.T.);
#4086 = EDGE_LOOP('',(#4087,#4088,#4094,#4095));
#4087 = ORIENTED_EDGE('',*,*,#801,.F.);
#4088 = ORIENTED_EDGE('',*,*,#4089,.T.);
#4089 = EDGE_CURVE('',#802,#1992,#4090,.T.);
#4090 = LINE('',#4091,#4092);
#4091 = CARTESIAN_POINT('',(82.362208,-21.301243,0.));
#4092 = VECTOR('',#4093,1.);
#4093 = DIRECTION('',(0.,0.,1.));
#4094 = ORIENTED_EDGE('',*,*,#1991,.F.);
#4095 = ORIENTED_EDGE('',*,*,#4052,.F.);
#4096 = PLANE('',#4097);
#4097 = AXIS2_PLACEMENT_3D('',#4098,#4099,#4100);
#4098 = CARTESIAN_POINT('',(82.362208,-21.301243,0.));
#4099 = DIRECTION('',(8.913237200529E-02,-0.996019789091,0.));
#4100 = DIRECTION('',(-0.996019789091,-8.913237200529E-02,0.));
#4101 = ADVANCED_FACE('',(#4102),#4113,.T.);
#4102 = FACE_BOUND('',#4103,.T.);
#4103 = EDGE_LOOP('',(#4104,#4105,#4106,#4107));
#4104 = ORIENTED_EDGE('',*,*,#1027,.F.);
#4105 = ORIENTED_EDGE('',*,*,#4074,.T.);
#4106 = ORIENTED_EDGE('',*,*,#1734,.F.);
#4107 = ORIENTED_EDGE('',*,*,#4108,.F.);
#4108 = EDGE_CURVE('',#1019,#1724,#4109,.T.);
#4109 = LINE('',#4110,#4111);
#4110 = CARTESIAN_POINT('',(129.280411,-100.342484,0.));
#4111 = VECTOR('',#4112,1.);
#4112 = DIRECTION('',(0.,0.,1.));
#4113 = SURFACE_OF_LINEAR_EXTRUSION('',#4114,#4119);
#4114 = B_SPLINE_CURVE_WITH_KNOTS('',3,(#4115,#4116,#4117,#4118),
  .UNSPECIFIED.,.F.,.F.,(4,4),(0.,1.),.PIECEWISE_BEZIER_KNOTS.);
#4115 = CARTESIAN_POINT('',(129.26441,-100.340484,0.));
#4116 = CARTESIAN_POINT('',(129.26941,-100.341484,0.));
#4117 = CARTESIAN_POINT('',(129.275411,-100.341484,0.));
#4118 = CARTESIAN_POINT('',(129.280411,-100.342484,0.));
#4119 = VECTOR('',#4120,1.);
#4120 = DIRECTION('',(-0.,-0.,-1.));
#4121 = ADVANCED_FACE('',(#4122),#4133,.T.);
#4122 = FACE_BOUND('',#4123,.T.);
#4123 = EDGE_LOOP('',(#4124,#4125,#4131,#4132));
#4124 = ORIENTED_EDGE('',*,*,#809,.F.);
#4125 = ORIENTED_EDGE('',*,*,#4126,.T.);
#4126 = EDGE_CURVE('',#810,#2000,#4127,.T.);
#4127 = LINE('',#4128,#4129);
#4128 = CARTESIAN_POINT('',(82.407209,-21.299243,0.));
#4129 = VECTOR('',#4130,1.);
#4130 = DIRECTION('',(0.,0.,1.));
#4131 = ORIENTED_EDGE('',*,*,#1999,.F.);
#4132 = ORIENTED_EDGE('',*,*,#4089,.F.);
#4133 = SURFACE_OF_LINEAR_EXTRUSION('',#4134,#4139);
#4134 = B_SPLINE_CURVE_WITH_KNOTS('',3,(#4135,#4136,#4137,#4138),
  .UNSPECIFIED.,.F.,.F.,(4,4),(0.,1.),.PIECEWISE_BEZIER_KNOTS.);
#4135 = CARTESIAN_POINT('',(82.407209,-21.299243,0.));
#4136 = CARTESIAN_POINT('',(82.392209,-21.299243,0.));
#4137 = CARTESIAN_POINT('',(82.377209,-21.300243,0.));
#4138 = CARTESIAN_POINT('',(82.362208,-21.301243,0.));
#4139 = VECTOR('',#4140,1.);
#4140 = DIRECTION('',(-0.,-0.,-1.));
#4141 = ADVANCED_FACE('',(#4142),#4153,.T.);
#4142 = FACE_BOUND('',#4143,.T.);
#4143 = EDGE_LOOP('',(#4144,#4145,#4146,#4147));
#4144 = ORIENTED_EDGE('',*,*,#1018,.F.);
#4145 = ORIENTED_EDGE('',*,*,#4108,.T.);
#4146 = ORIENTED_EDGE('',*,*,#1723,.F.);
#4147 = ORIENTED_EDGE('',*,*,#4148,.F.);
#4148 = EDGE_CURVE('',#1011,#1716,#4149,.T.);
#4149 = LINE('',#4150,#4151);
#4150 = CARTESIAN_POINT('',(129.784424,-100.437485,0.));
#4151 = VECTOR('',#4152,1.);
#4152 = DIRECTION('',(0.,0.,1.));
#4153 = SURFACE_OF_LINEAR_EXTRUSION('',#4154,#4159);
#4154 = B_SPLINE_CURVE_WITH_KNOTS('',3,(#4155,#4156,#4157,#4158),
  .UNSPECIFIED.,.F.,.F.,(4,4),(0.,1.),.PIECEWISE_BEZIER_KNOTS.);
#4155 = CARTESIAN_POINT('',(129.280411,-100.342484,0.));
#4156 = CARTESIAN_POINT('',(129.450415,-100.359484,0.));
#4157 = CARTESIAN_POINT('',(129.619419,-100.390484,0.));
#4158 = CARTESIAN_POINT('',(129.784424,-100.437485,0.));
#4159 = VECTOR('',#4160,1.);
#4160 = DIRECTION('',(-0.,-0.,-1.));
#4161 = ADVANCED_FACE('',(#4162),#4173,.T.);
#4162 = FACE_BOUND('',#4163,.T.);
#4163 = EDGE_LOOP('',(#4164,#4165,#4171,#4172));
#4164 = ORIENTED_EDGE('',*,*,#818,.F.);
#4165 = ORIENTED_EDGE('',*,*,#4166,.T.);
#4166 = EDGE_CURVE('',#819,#2013,#4167,.T.);
#4167 = LINE('',#4168,#4169);
#4168 = CARTESIAN_POINT('',(82.407209,-17.573184,0.));
#4169 = VECTOR('',#4170,1.);
#4170 = DIRECTION('',(0.,0.,1.));
#4171 = ORIENTED_EDGE('',*,*,#2012,.F.);
#4172 = ORIENTED_EDGE('',*,*,#4126,.F.);
#4173 = PLANE('',#4174);
#4174 = AXIS2_PLACEMENT_3D('',#4175,#4176,#4177);
#4175 = CARTESIAN_POINT('',(82.407209,-17.573184,0.));
#4176 = DIRECTION('',(1.,0.,0.));
#4177 = DIRECTION('',(0.,-1.,0.));
#4178 = ADVANCED_FACE('',(#4179),#4190,.T.);
#4179 = FACE_BOUND('',#4180,.T.);
#4180 = EDGE_LOOP('',(#4181,#4182,#4183,#4184));
#4181 = ORIENTED_EDGE('',*,*,#1010,.F.);
#4182 = ORIENTED_EDGE('',*,*,#4148,.T.);
#4183 = ORIENTED_EDGE('',*,*,#1715,.F.);
#4184 = ORIENTED_EDGE('',*,*,#4185,.F.);
#4185 = EDGE_CURVE('',#1003,#1708,#4186,.T.);
#4186 = LINE('',#4187,#4188);
#4187 = CARTESIAN_POINT('',(145.552828,-109.600629,0.));
#4188 = VECTOR('',#4189,1.);
#4189 = DIRECTION('',(0.,0.,1.));
#4190 = PLANE('',#4191);
#4191 = AXIS2_PLACEMENT_3D('',#4192,#4193,#4194);
#4192 = CARTESIAN_POINT('',(129.784424,-100.437485,0.));
#4193 = DIRECTION('',(0.502434693757,0.864615162086,0.));
#4194 = DIRECTION('',(0.864615162086,-0.502434693757,0.));
#4195 = ADVANCED_FACE('',(#4196),#4207,.T.);
#4196 = FACE_BOUND('',#4197,.T.);
#4197 = EDGE_LOOP('',(#4198,#4199,#4205,#4206));
#4198 = ORIENTED_EDGE('',*,*,#826,.F.);
#4199 = ORIENTED_EDGE('',*,*,#4200,.T.);
#4200 = EDGE_CURVE('',#827,#2021,#4201,.T.);
#4201 = LINE('',#4202,#4203);
#4202 = CARTESIAN_POINT('',(83.407235,-16.573168,0.));
#4203 = VECTOR('',#4204,1.);
#4204 = DIRECTION('',(0.,0.,1.));
#4205 = ORIENTED_EDGE('',*,*,#2020,.F.);
#4206 = ORIENTED_EDGE('',*,*,#4166,.F.);
#4207 = SURFACE_OF_LINEAR_EXTRUSION('',#4208,#4213);
#4208 = B_SPLINE_CURVE_WITH_KNOTS('',3,(#4209,#4210,#4211,#4212),
  .UNSPECIFIED.,.F.,.F.,(4,4),(0.,1.),.PIECEWISE_BEZIER_KNOTS.);
#4209 = CARTESIAN_POINT('',(83.407235,-16.573168,0.));
#4210 = CARTESIAN_POINT('',(82.855221,-16.573168,0.));
#4211 = CARTESIAN_POINT('',(82.407209,-17.021176,0.));
#4212 = CARTESIAN_POINT('',(82.407209,-17.573184,0.));
#4213 = VECTOR('',#4214,1.);
#4214 = DIRECTION('',(-0.,-0.,-1.));
#4215 = ADVANCED_FACE('',(#4216),#4227,.T.);
#4216 = FACE_BOUND('',#4217,.T.);
#4217 = EDGE_LOOP('',(#4218,#4219,#4220,#4221));
#4218 = ORIENTED_EDGE('',*,*,#1002,.F.);
#4219 = ORIENTED_EDGE('',*,*,#4185,.T.);
#4220 = ORIENTED_EDGE('',*,*,#1707,.F.);
#4221 = ORIENTED_EDGE('',*,*,#4222,.F.);
#4222 = EDGE_CURVE('',#994,#1698,#4223,.T.);
#4223 = LINE('',#4224,#4225);
#4224 = CARTESIAN_POINT('',(157.966146,-121.845821,0.));
#4225 = VECTOR('',#4226,1.);
#4226 = DIRECTION('',(0.,0.,1.));
#4227 = PLANE('',#4228);
#4228 = AXIS2_PLACEMENT_3D('',#4229,#4230,#4231);
#4229 = CARTESIAN_POINT('',(145.552828,-109.600629,0.));
#4230 = DIRECTION('',(0.702269281275,0.711911410625,0.));
#4231 = DIRECTION('',(0.711911410625,-0.702269281275,0.));
#4232 = ADVANCED_FACE('',(#4233),#4244,.T.);
#4233 = FACE_BOUND('',#4234,.T.);
#4234 = EDGE_LOOP('',(#4235,#4236,#4242,#4243));
#4235 = ORIENTED_EDGE('',*,*,#835,.F.);
#4236 = ORIENTED_EDGE('',*,*,#4237,.T.);
#4237 = EDGE_CURVE('',#836,#2052,#4238,.T.);
#4238 = LINE('',#4239,#4240);
#4239 = CARTESIAN_POINT('',(100.407671,-16.573168,0.));
#4240 = VECTOR('',#4241,1.);
#4241 = DIRECTION('',(0.,0.,1.));
#4242 = ORIENTED_EDGE('',*,*,#2051,.F.);
#4243 = ORIENTED_EDGE('',*,*,#4200,.F.);
#4244 = PLANE('',#4245);
#4245 = AXIS2_PLACEMENT_3D('',#4246,#4247,#4248);
#4246 = CARTESIAN_POINT('',(100.407671,-16.573168,0.));
#4247 = DIRECTION('',(0.,-1.,0.));
#4248 = DIRECTION('',(-1.,0.,0.));
#4249 = ADVANCED_FACE('',(#4250),#4261,.T.);
#4250 = FACE_BOUND('',#4251,.T.);
#4251 = EDGE_LOOP('',(#4252,#4253,#4254,#4255));
#4252 = ORIENTED_EDGE('',*,*,#993,.F.);
#4253 = ORIENTED_EDGE('',*,*,#4222,.T.);
#4254 = ORIENTED_EDGE('',*,*,#1697,.F.);
#4255 = ORIENTED_EDGE('',*,*,#4256,.F.);
#4256 = EDGE_CURVE('',#985,#1667,#4257,.T.);
#4257 = LINE('',#4258,#4259);
#4258 = CARTESIAN_POINT('',(158.037148,-121.904822,0.));
#4259 = VECTOR('',#4260,1.);
#4260 = DIRECTION('',(0.,0.,1.));
#4261 = SURFACE_OF_LINEAR_EXTRUSION('',#4262,#4267);
#4262 = B_SPLINE_CURVE_WITH_KNOTS('',3,(#4263,#4264,#4265,#4266),
  .UNSPECIFIED.,.F.,.F.,(4,4),(0.,1.),.PIECEWISE_BEZIER_KNOTS.);
#4263 = CARTESIAN_POINT('',(157.966146,-121.845821,0.));
#4264 = CARTESIAN_POINT('',(157.988147,-121.867822,0.));
#4265 = CARTESIAN_POINT('',(158.012147,-121.887822,0.));
#4266 = CARTESIAN_POINT('',(158.037148,-121.904822,0.));
#4267 = VECTOR('',#4268,1.);
#4268 = DIRECTION('',(-0.,-0.,-1.));
#4269 = ADVANCED_FACE('',(#4270),#4281,.T.);
#4270 = FACE_BOUND('',#4271,.T.);
#4271 = EDGE_LOOP('',(#4272,#4273,#4279,#4280));
#4272 = ORIENTED_EDGE('',*,*,#843,.F.);
#4273 = ORIENTED_EDGE('',*,*,#4274,.T.);
#4274 = EDGE_CURVE('',#844,#2060,#4275,.T.);
#4275 = LINE('',#4276,#4277);
#4276 = CARTESIAN_POINT('',(101.407696,-17.573184,0.));
#4277 = VECTOR('',#4278,1.);
#4278 = DIRECTION('',(0.,0.,1.));
#4279 = ORIENTED_EDGE('',*,*,#2059,.F.);
#4280 = ORIENTED_EDGE('',*,*,#4237,.F.);
#4281 = SURFACE_OF_LINEAR_EXTRUSION('',#4282,#4287);
#4282 = B_SPLINE_CURVE_WITH_KNOTS('',3,(#4283,#4284,#4285,#4286),
  .UNSPECIFIED.,.F.,.F.,(4,4),(0.,1.),.PIECEWISE_BEZIER_KNOTS.);
#4283 = CARTESIAN_POINT('',(101.407696,-17.573184,0.));
#4284 = CARTESIAN_POINT('',(101.407696,-17.021176,0.));
#4285 = CARTESIAN_POINT('',(100.959685,-16.573168,0.));
#4286 = CARTESIAN_POINT('',(100.407671,-16.573168,0.));
#4287 = VECTOR('',#4288,1.);
#4288 = DIRECTION('',(-0.,-0.,-1.));
#4289 = ADVANCED_FACE('',(#4290),#4301,.T.);
#4290 = FACE_BOUND('',#4291,.T.);
#4291 = EDGE_LOOP('',(#4292,#4293,#4294,#4295));
#4292 = ORIENTED_EDGE('',*,*,#984,.F.);
#4293 = ORIENTED_EDGE('',*,*,#4256,.T.);
#4294 = ORIENTED_EDGE('',*,*,#1666,.F.);
#4295 = ORIENTED_EDGE('',*,*,#4296,.F.);
#4296 = EDGE_CURVE('',#977,#1659,#4297,.T.);
#4297 = LINE('',#4298,#4299);
#4298 = CARTESIAN_POINT('',(160.630214,-121.431815,0.));
#4299 = VECTOR('',#4300,1.);
#4300 = DIRECTION('',(0.,0.,1.));
#4301 = SURFACE_OF_LINEAR_EXTRUSION('',#4302,#4307);
#4302 = B_SPLINE_CURVE_WITH_KNOTS('',3,(#4303,#4304,#4305,#4306),
  .UNSPECIFIED.,.F.,.F.,(4,4),(0.,1.),.PIECEWISE_BEZIER_KNOTS.);
#4303 = CARTESIAN_POINT('',(158.037148,-121.904822,0.));
#4304 = CARTESIAN_POINT('',(158.88717,-122.476831,0.));
#4305 = CARTESIAN_POINT('',(160.038199,-122.267828,0.));
#4306 = CARTESIAN_POINT('',(160.630214,-121.431815,0.));
#4307 = VECTOR('',#4308,1.);
#4308 = DIRECTION('',(-0.,-0.,-1.));
#4309 = ADVANCED_FACE('',(#4310),#4321,.T.);
#4310 = FACE_BOUND('',#4311,.T.);
#4311 = EDGE_LOOP('',(#4312,#4313,#4319,#4320));
#4312 = ORIENTED_EDGE('',*,*,#852,.F.);
#4313 = ORIENTED_EDGE('',*,*,#4314,.T.);
#4314 = EDGE_CURVE('',#853,#2091,#4315,.T.);
#4315 = LINE('',#4316,#4317);
#4316 = CARTESIAN_POINT('',(101.407696,-18.823204,0.));
#4317 = VECTOR('',#4318,1.);
#4318 = DIRECTION('',(0.,0.,1.));
#4319 = ORIENTED_EDGE('',*,*,#2090,.F.);
#4320 = ORIENTED_EDGE('',*,*,#4274,.F.);
#4321 = PLANE('',#4322);
#4322 = AXIS2_PLACEMENT_3D('',#4323,#4324,#4325);
#4323 = CARTESIAN_POINT('',(101.407696,-18.823204,0.));
#4324 = DIRECTION('',(-1.,0.,0.));
#4325 = DIRECTION('',(0.,1.,0.));
#4326 = ADVANCED_FACE('',(#4327),#4338,.T.);
#4327 = FACE_BOUND('',#4328,.T.);
#4328 = EDGE_LOOP('',(#4329,#4330,#4331,#4332));
#4329 = ORIENTED_EDGE('',*,*,#976,.F.);
#4330 = ORIENTED_EDGE('',*,*,#4296,.T.);
#4331 = ORIENTED_EDGE('',*,*,#1658,.F.);
#4332 = ORIENTED_EDGE('',*,*,#4333,.F.);
#4333 = EDGE_CURVE('',#968,#1644,#4334,.T.);
#4334 = LINE('',#4335,#4336);
#4335 = CARTESIAN_POINT('',(187.303898,-94.753396,0.));
#4336 = VECTOR('',#4337,1.);
#4337 = DIRECTION('',(0.,0.,1.));
#4338 = PLANE('',#4339);
#4339 = AXIS2_PLACEMENT_3D('',#4340,#4341,#4342);
#4340 = CARTESIAN_POINT('',(160.630214,-121.431815,0.));
#4341 = DIRECTION('',(-0.70716953414,0.707044022664,0.));
#4342 = DIRECTION('',(0.707044022664,0.70716953414,0.));
#4343 = ADVANCED_FACE('',(#4344),#4355,.T.);
#4344 = FACE_BOUND('',#4345,.T.);
#4345 = EDGE_LOOP('',(#4346,#4347,#4353,#4354));
#4346 = ORIENTED_EDGE('',*,*,#860,.F.);
#4347 = ORIENTED_EDGE('',*,*,#4348,.T.);
#4348 = EDGE_CURVE('',#861,#2099,#4349,.T.);
#4349 = LINE('',#4350,#4351);
#4350 = CARTESIAN_POINT('',(119.408158,-18.823204,0.));
#4351 = VECTOR('',#4352,1.);
#4352 = DIRECTION('',(0.,0.,1.));
#4353 = ORIENTED_EDGE('',*,*,#2098,.F.);
#4354 = ORIENTED_EDGE('',*,*,#4314,.F.);
#4355 = PLANE('',#4356);
#4356 = AXIS2_PLACEMENT_3D('',#4357,#4358,#4359);
#4357 = CARTESIAN_POINT('',(119.408158,-18.823204,0.));
#4358 = DIRECTION('',(0.,-1.,0.));
#4359 = DIRECTION('',(-1.,0.,0.));
#4360 = ADVANCED_FACE('',(#4361),#4372,.T.);
#4361 = FACE_BOUND('',#4362,.T.);
#4362 = EDGE_LOOP('',(#4363,#4364,#4365,#4366));
#4363 = ORIENTED_EDGE('',*,*,#967,.F.);
#4364 = ORIENTED_EDGE('',*,*,#4333,.T.);
#4365 = ORIENTED_EDGE('',*,*,#1643,.F.);
#4366 = ORIENTED_EDGE('',*,*,#4367,.F.);
#4367 = EDGE_CURVE('',#960,#1636,#4368,.T.);
#4368 = LINE('',#4369,#4370);
#4369 = CARTESIAN_POINT('',(187.449902,-94.40039,0.));
#4370 = VECTOR('',#4371,1.);
#4371 = DIRECTION('',(0.,0.,1.));
#4372 = SURFACE_OF_LINEAR_EXTRUSION('',#4373,#4378);
#4373 = B_SPLINE_CURVE_WITH_KNOTS('',3,(#4374,#4375,#4376,#4377),
  .UNSPECIFIED.,.F.,.F.,(4,4),(0.,1.),.PIECEWISE_BEZIER_KNOTS.);
#4374 = CARTESIAN_POINT('',(187.303898,-94.753396,0.));
#4375 = CARTESIAN_POINT('',(187.3979,-94.660395,0.));
#4376 = CARTESIAN_POINT('',(187.449902,-94.533393,0.));
#4377 = CARTESIAN_POINT('',(187.449902,-94.40039,0.));
#4378 = VECTOR('',#4379,1.);
#4379 = DIRECTION('',(-0.,-0.,-1.));
#4380 = ADVANCED_FACE('',(#4381),#4392,.T.);
#4381 = FACE_BOUND('',#4382,.T.);
#4382 = EDGE_LOOP('',(#4383,#4384,#4390,#4391));
#4383 = ORIENTED_EDGE('',*,*,#868,.F.);
#4384 = ORIENTED_EDGE('',*,*,#4385,.T.);
#4385 = EDGE_CURVE('',#869,#2107,#4386,.T.);
#4386 = LINE('',#4387,#4388);
#4387 = CARTESIAN_POINT('',(120.408183,-19.82322,0.));
#4388 = VECTOR('',#4389,1.);
#4389 = DIRECTION('',(0.,0.,1.));
#4390 = ORIENTED_EDGE('',*,*,#2106,.F.);
#4391 = ORIENTED_EDGE('',*,*,#4348,.F.);
#4392 = SURFACE_OF_LINEAR_EXTRUSION('',#4393,#4398);
#4393 = B_SPLINE_CURVE_WITH_KNOTS('',3,(#4394,#4395,#4396,#4397),
  .UNSPECIFIED.,.F.,.F.,(4,4),(0.,1.),.PIECEWISE_BEZIER_KNOTS.);
#4394 = CARTESIAN_POINT('',(120.408183,-19.82322,0.));
#4395 = CARTESIAN_POINT('',(120.408183,-19.271211,0.));
#4396 = CARTESIAN_POINT('',(119.960172,-18.823204,0.));
#4397 = CARTESIAN_POINT('',(119.408158,-18.823204,0.));
#4398 = VECTOR('',#4399,1.);
#4399 = DIRECTION('',(-0.,-0.,-1.));
#4400 = ADVANCED_FACE('',(#4401),#4412,.T.);
#4401 = FACE_BOUND('',#4402,.T.);
#4402 = EDGE_LOOP('',(#4403,#4404,#4405,#4406));
#4403 = ORIENTED_EDGE('',*,*,#959,.F.);
#4404 = ORIENTED_EDGE('',*,*,#4367,.T.);
#4405 = ORIENTED_EDGE('',*,*,#1635,.F.);
#4406 = ORIENTED_EDGE('',*,*,#4407,.F.);
#4407 = EDGE_CURVE('',#952,#1628,#4408,.T.);
#4408 = LINE('',#4409,#4410);
#4409 = CARTESIAN_POINT('',(187.454902,-87.004274,0.));
#4410 = VECTOR('',#4411,1.);
#4411 = DIRECTION('',(0.,0.,1.));
#4412 = PLANE('',#4413);
#4413 = AXIS2_PLACEMENT_3D('',#4414,#4415,#4416);
#4414 = CARTESIAN_POINT('',(187.449902,-94.40039,0.));
#4415 = DIRECTION('',(-0.999999771491,6.760303458535E-04,0.));
#4416 = DIRECTION('',(6.760303458535E-04,0.999999771491,0.));
#4417 = ADVANCED_FACE('',(#4418),#4429,.T.);
#4418 = FACE_BOUND('',#4419,.T.);
#4419 = EDGE_LOOP('',(#4420,#4421,#4427,#4428));
#4420 = ORIENTED_EDGE('',*,*,#877,.F.);
#4421 = ORIENTED_EDGE('',*,*,#4422,.T.);
#4422 = EDGE_CURVE('',#878,#2138,#4423,.T.);
#4423 = LINE('',#4424,#4425);
#4424 = CARTESIAN_POINT('',(120.408183,-21.323243,0.));
#4425 = VECTOR('',#4426,1.);
#4426 = DIRECTION('',(0.,0.,1.));
#4427 = ORIENTED_EDGE('',*,*,#2137,.F.);
#4428 = ORIENTED_EDGE('',*,*,#4385,.F.);
#4429 = PLANE('',#4430);
#4430 = AXIS2_PLACEMENT_3D('',#4431,#4432,#4433);
#4431 = CARTESIAN_POINT('',(120.408183,-21.323243,0.));
#4432 = DIRECTION('',(-1.,0.,0.));
#4433 = DIRECTION('',(0.,1.,0.));
#4434 = ADVANCED_FACE('',(#4435),#4462,.T.);
#4435 = FACE_BOUND('',#4436,.T.);
#4436 = EDGE_LOOP('',(#4437,#4438,#4439,#4440,#4448,#4456));
#4437 = ORIENTED_EDGE('',*,*,#951,.F.);
#4438 = ORIENTED_EDGE('',*,*,#4407,.T.);
#4439 = ORIENTED_EDGE('',*,*,#1627,.F.);
#4440 = ORIENTED_EDGE('',*,*,#4441,.F.);
#4441 = EDGE_CURVE('',#4442,#1620,#4444,.T.);
#4442 = VERTEX_POINT('',#4443);
#4443 = CARTESIAN_POINT('',(187.45321472057,-84.97950696418,5.1));
#4444 = LINE('',#4445,#4446);
#4445 = CARTESIAN_POINT('',(187.45321472057,-84.97950696418,4.25));
#4446 = VECTOR('',#4447,1.);
#4447 = DIRECTION('',(0.,-6.E-17,1.));
#4448 = ORIENTED_EDGE('',*,*,#4449,.F.);
#4449 = EDGE_CURVE('',#4450,#4442,#4452,.T.);
#4450 = VERTEX_POINT('',#4451);
#4451 = CARTESIAN_POINT('',(187.449902,-81.00418,5.1));
#4452 = LINE('',#4453,#4454);
#4453 = CARTESIAN_POINT('',(187.45405836028,-85.99189048209,5.1));
#4454 = VECTOR('',#4455,1.);
#4455 = DIRECTION('',(8.333199886434E-04,-0.999999652789,-6.E-17));
#4456 = ORIENTED_EDGE('',*,*,#4457,.F.);
#4457 = EDGE_CURVE('',#944,#4450,#4458,.T.);
#4458 = LINE('',#4459,#4460);
#4459 = CARTESIAN_POINT('',(187.449902,-81.00418,0.));
#4460 = VECTOR('',#4461,1.);
#4461 = DIRECTION('',(0.,0.,1.));
#4462 = PLANE('',#4463);
#4463 = AXIS2_PLACEMENT_3D('',#4464,#4465,#4466);
#4464 = CARTESIAN_POINT('',(187.454902,-87.004274,0.));
#4465 = DIRECTION('',(-0.999999652789,-8.333199886434E-04,0.));
#4466 = DIRECTION('',(-8.333199886434E-04,0.999999652789,0.));
#4467 = ADVANCED_FACE('',(#4468),#4479,.T.);
#4468 = FACE_BOUND('',#4469,.T.);
#4469 = EDGE_LOOP('',(#4470,#4471,#4477,#4478));
#4470 = ORIENTED_EDGE('',*,*,#885,.F.);
#4471 = ORIENTED_EDGE('',*,*,#4472,.T.);
#4472 = EDGE_CURVE('',#886,#2146,#4473,.T.);
#4473 = LINE('',#4474,#4475);
#4474 = CARTESIAN_POINT('',(158.059148,-21.299243,0.));
#4475 = VECTOR('',#4476,1.);
#4476 = DIRECTION('',(0.,0.,1.));
#4477 = ORIENTED_EDGE('',*,*,#2145,.F.);
#4478 = ORIENTED_EDGE('',*,*,#4422,.F.);
#4479 = PLANE('',#4480);
#4480 = AXIS2_PLACEMENT_3D('',#4481,#4482,#4483);
#4481 = CARTESIAN_POINT('',(158.059148,-21.299243,0.));
#4482 = DIRECTION('',(6.374337317553E-04,-0.999999796839,0.));
#4483 = DIRECTION('',(-0.999999796839,-6.374337317553E-04,0.));
#4484 = ADVANCED_FACE('',(#4485),#4519,.T.);
#4485 = FACE_BOUND('',#4486,.T.);
#4486 = EDGE_LOOP('',(#4487,#4488,#4489,#4497,#4505,#4513));
#4487 = ORIENTED_EDGE('',*,*,#943,.F.);
#4488 = ORIENTED_EDGE('',*,*,#4457,.T.);
#4489 = ORIENTED_EDGE('',*,*,#4490,.F.);
#4490 = EDGE_CURVE('',#4491,#4450,#4493,.T.);
#4491 = VERTEX_POINT('',#4492);
#4492 = CARTESIAN_POINT('',(187.44719698071,-77.4795093748,5.1));
#4493 = LINE('',#4494,#4495);
#4494 = CARTESIAN_POINT('',(187.45142731214,-82.99167891211,5.1));
#4495 = VECTOR('',#4496,1.);
#4496 = DIRECTION('',(7.674528430422E-04,-0.999999705508,-6.E-17));
#4497 = ORIENTED_EDGE('',*,*,#4498,.F.);
#4498 = EDGE_CURVE('',#4499,#4491,#4501,.T.);
#4499 = VERTEX_POINT('',#4500);
#4500 = CARTESIAN_POINT('',(187.44719698071,-77.4795093748,8.5));
#4501 = LINE('',#4502,#4503);
#4502 = CARTESIAN_POINT('',(187.44719698071,-77.4795093748,2.55));
#4503 = VECTOR('',#4504,1.);
#4504 = DIRECTION('',(0.,6.E-17,-1.));
#4505 = ORIENTED_EDGE('',*,*,#4506,.F.);
#4506 = EDGE_CURVE('',#4507,#4499,#4509,.T.);
#4507 = VERTEX_POINT('',#4508);
#4508 = CARTESIAN_POINT('',(187.416901,-38.003505,8.5));
#4509 = LINE('',#4510,#4511);
#4510 = CARTESIAN_POINT('',(187.4428167307,-71.77199423856,8.5));
#4511 = VECTOR('',#4512,1.);
#4512 = DIRECTION('',(7.674528430422E-04,-0.999999705508,0.));
#4513 = ORIENTED_EDGE('',*,*,#4514,.F.);
#4514 = EDGE_CURVE('',#936,#4507,#4515,.T.);
#4515 = LINE('',#4516,#4517);
#4516 = CARTESIAN_POINT('',(187.416901,-38.003505,0.));
#4517 = VECTOR('',#4518,1.);
#4518 = DIRECTION('',(0.,0.,1.));
#4519 = PLANE('',#4520);
#4520 = AXIS2_PLACEMENT_3D('',#4521,#4522,#4523);
#4521 = CARTESIAN_POINT('',(187.449902,-81.00418,0.));
#4522 = DIRECTION('',(-0.999999705508,-7.674528430422E-04,0.));
#4523 = DIRECTION('',(-7.674528430422E-04,0.999999705508,0.));
#4524 = ADVANCED_FACE('',(#4525),#4536,.T.);
#4525 = FACE_BOUND('',#4526,.T.);
#4526 = EDGE_LOOP('',(#4527,#4528,#4534,#4535));
#4527 = ORIENTED_EDGE('',*,*,#893,.F.);
#4528 = ORIENTED_EDGE('',*,*,#4529,.T.);
#4529 = EDGE_CURVE('',#894,#2154,#4530,.T.);
#4530 = LINE('',#4531,#4532);
#4531 = CARTESIAN_POINT('',(158.12415,-21.303243,0.));
#4532 = VECTOR('',#4533,1.);
#4533 = DIRECTION('',(0.,0.,1.));
#4534 = ORIENTED_EDGE('',*,*,#2153,.F.);
#4535 = ORIENTED_EDGE('',*,*,#4472,.F.);
#4536 = SURFACE_OF_LINEAR_EXTRUSION('',#4537,#4542);
#4537 = B_SPLINE_CURVE_WITH_KNOTS('',3,(#4538,#4539,#4540,#4541),
  .UNSPECIFIED.,.F.,.F.,(4,4),(0.,1.),.PIECEWISE_BEZIER_KNOTS.);
#4538 = CARTESIAN_POINT('',(158.12415,-21.303243,0.));
#4539 = CARTESIAN_POINT('',(158.102149,-21.300243,0.));
#4540 = CARTESIAN_POINT('',(158.081149,-21.299243,0.));
#4541 = CARTESIAN_POINT('',(158.059148,-21.299243,0.));
#4542 = VECTOR('',#4543,1.);
#4543 = DIRECTION('',(-0.,-0.,-1.));
#4544 = ADVANCED_FACE('',(#4545),#4563,.T.);
#4545 = FACE_BOUND('',#4546,.T.);
#4546 = EDGE_LOOP('',(#4547,#4548,#4549,#4557));
#4547 = ORIENTED_EDGE('',*,*,#935,.F.);
#4548 = ORIENTED_EDGE('',*,*,#4514,.T.);
#4549 = ORIENTED_EDGE('',*,*,#4550,.F.);
#4550 = EDGE_CURVE('',#4551,#4507,#4553,.T.);
#4551 = VERTEX_POINT('',#4552);
#4552 = CARTESIAN_POINT('',(187.412901,-32.003411,8.5));
#4553 = LINE('',#4554,#4555);
#4554 = CARTESIAN_POINT('',(187.42508228068,-50.27561828706,8.5));
#4555 = VECTOR('',#4556,1.);
#4556 = DIRECTION('',(6.666560742432E-04,-0.999999777785,0.));
#4557 = ORIENTED_EDGE('',*,*,#4558,.F.);
#4558 = EDGE_CURVE('',#928,#4551,#4559,.T.);
#4559 = LINE('',#4560,#4561);
#4560 = CARTESIAN_POINT('',(187.412901,-32.003411,0.));
#4561 = VECTOR('',#4562,1.);
#4562 = DIRECTION('',(0.,0.,1.));
#4563 = PLANE('',#4564);
#4564 = AXIS2_PLACEMENT_3D('',#4565,#4566,#4567);
#4565 = CARTESIAN_POINT('',(187.416901,-38.003505,0.));
#4566 = DIRECTION('',(-0.999999777785,-6.666560742432E-04,0.));
#4567 = DIRECTION('',(-6.666560742432E-04,0.999999777785,0.));
#4568 = ADVANCED_FACE('',(#4569),#4580,.T.);
#4569 = FACE_BOUND('',#4570,.T.);
#4570 = EDGE_LOOP('',(#4571,#4572,#4578,#4579));
#4571 = ORIENTED_EDGE('',*,*,#902,.F.);
#4572 = ORIENTED_EDGE('',*,*,#4573,.T.);
#4573 = EDGE_CURVE('',#903,#2164,#4574,.T.);
#4574 = LINE('',#4575,#4576);
#4575 = CARTESIAN_POINT('',(175.992608,-23.627279,0.));
#4576 = VECTOR('',#4577,1.);
#4577 = DIRECTION('',(0.,0.,1.));
#4578 = ORIENTED_EDGE('',*,*,#2163,.F.);
#4579 = ORIENTED_EDGE('',*,*,#4529,.F.);
#4580 = PLANE('',#4581);
#4581 = AXIS2_PLACEMENT_3D('',#4582,#4583,#4584);
#4582 = CARTESIAN_POINT('',(175.992608,-23.627279,0.));
#4583 = DIRECTION('',(-0.128977252061,-0.991647552536,0.));
#4584 = DIRECTION('',(-0.991647552536,0.128977252061,0.));
#4585 = ADVANCED_FACE('',(#4586),#4604,.T.);
#4586 = FACE_BOUND('',#4587,.T.);
#4587 = EDGE_LOOP('',(#4588,#4589,#4590,#4598));
#4588 = ORIENTED_EDGE('',*,*,#927,.F.);
#4589 = ORIENTED_EDGE('',*,*,#4558,.T.);
#4590 = ORIENTED_EDGE('',*,*,#4591,.F.);
#4591 = EDGE_CURVE('',#4592,#4551,#4594,.T.);
#4592 = VERTEX_POINT('',#4593);
#4593 = CARTESIAN_POINT('',(187.406901,-24.627295,8.5));
#4594 = LINE('',#4595,#4596);
#4595 = CARTESIAN_POINT('',(187.4253192356,-47.26980205366,8.5));
#4596 = VECTOR('',#4597,1.);
#4597 = DIRECTION('',(8.134359620925E-04,-0.999999669161,0.));
#4598 = ORIENTED_EDGE('',*,*,#4599,.F.);
#4599 = EDGE_CURVE('',#919,#4592,#4600,.T.);
#4600 = LINE('',#4601,#4602);
#4601 = CARTESIAN_POINT('',(187.406901,-24.627295,0.));
#4602 = VECTOR('',#4603,1.);
#4603 = DIRECTION('',(0.,0.,1.));
#4604 = PLANE('',#4605);
#4605 = AXIS2_PLACEMENT_3D('',#4606,#4607,#4608);
#4606 = CARTESIAN_POINT('',(187.412901,-32.003411,0.));
#4607 = DIRECTION('',(-0.999999669161,-8.134359620925E-04,0.));
#4608 = DIRECTION('',(-8.134359620925E-04,0.999999669161,0.));
#4609 = ADVANCED_FACE('',(#4610),#4653,.T.);
#4610 = FACE_BOUND('',#4611,.T.);
#4611 = EDGE_LOOP('',(#4612,#4613,#4621,#4629,#4637,#4645,#4651,#4652));
#4612 = ORIENTED_EDGE('',*,*,#910,.F.);
#4613 = ORIENTED_EDGE('',*,*,#4614,.T.);
#4614 = EDGE_CURVE('',#911,#4615,#4617,.T.);
#4615 = VERTEX_POINT('',#4616);
#4616 = CARTESIAN_POINT('',(186.406875,-23.627279,8.5));
#4617 = LINE('',#4618,#4619);
#4618 = CARTESIAN_POINT('',(186.406875,-23.627279,0.));
#4619 = VECTOR('',#4620,1.);
#4620 = DIRECTION('',(0.,0.,1.));
#4621 = ORIENTED_EDGE('',*,*,#4622,.F.);
#4622 = EDGE_CURVE('',#4623,#4615,#4625,.T.);
#4623 = VERTEX_POINT('',#4624);
#4624 = CARTESIAN_POINT('',(186.16,-23.627279,8.5));
#4625 = LINE('',#4626,#4627);
#4626 = CARTESIAN_POINT('',(147.62715856554,-23.627279,8.5));
#4627 = VECTOR('',#4628,1.);
#4628 = DIRECTION('',(1.,0.,0.));
#4629 = ORIENTED_EDGE('',*,*,#4630,.F.);
#4630 = EDGE_CURVE('',#4631,#4623,#4633,.T.);
#4631 = VERTEX_POINT('',#4632);
#4632 = CARTESIAN_POINT('',(186.16,-23.627279,4.8));
#4633 = LINE('',#4634,#4635);
#4634 = CARTESIAN_POINT('',(186.16,-23.627279,4.5));
#4635 = VECTOR('',#4636,1.);
#4636 = DIRECTION('',(0.,0.,1.));
#4637 = ORIENTED_EDGE('',*,*,#4638,.F.);
#4638 = EDGE_CURVE('',#4639,#4631,#4641,.T.);
#4639 = VERTEX_POINT('',#4640);
#4640 = CARTESIAN_POINT('',(176.56,-23.627279,4.8));
#4641 = LINE('',#4642,#4643);
#4642 = CARTESIAN_POINT('',(186.2834375,-23.627279,4.8));
#4643 = VECTOR('',#4644,1.);
#4644 = DIRECTION('',(1.,0.,0.));
#4645 = ORIENTED_EDGE('',*,*,#4646,.F.);
#4646 = EDGE_CURVE('',#2172,#4639,#4647,.T.);
#4647 = LINE('',#4648,#4649);
#4648 = CARTESIAN_POINT('',(176.56,-23.627279,2.4));
#4649 = VECTOR('',#4650,1.);
#4650 = DIRECTION('',(-0.,-0.,-1.));
#4651 = ORIENTED_EDGE('',*,*,#2171,.F.);
#4652 = ORIENTED_EDGE('',*,*,#4573,.F.);
#4653 = PLANE('',#4654);
#4654 = AXIS2_PLACEMENT_3D('',#4655,#4656,#4657);
#4655 = CARTESIAN_POINT('',(186.406875,-23.627279,0.));
#4656 = DIRECTION('',(0.,-1.,0.));
#4657 = DIRECTION('',(-1.,0.,0.));
#4658 = ADVANCED_FACE('',(#4659),#4693,.T.);
#4659 = FACE_BOUND('',#4660,.T.);
#4660 = EDGE_LOOP('',(#4661,#4662,#4663,#4692));
#4661 = ORIENTED_EDGE('',*,*,#918,.F.);
#4662 = ORIENTED_EDGE('',*,*,#4599,.T.);
#4663 = ORIENTED_EDGE('',*,*,#4664,.F.);
#4664 = EDGE_CURVE('',#4615,#4592,#4665,.T.);
#4665 = B_SPLINE_CURVE_WITH_KNOTS('',5,(#4666,#4667,#4668,#4669,#4670,
    #4671,#4672,#4673,#4674,#4675,#4676,#4677,#4678,#4679,#4680,#4681,
    #4682,#4683,#4684,#4685,#4686,#4687,#4688,#4689,#4690,#4691),
  .UNSPECIFIED.,.F.,.F.,(6,4,4,4,4,4,6),(0.,6.696327566976E-02,
    0.271030791821,0.500001070692,0.728970817753,0.93303716798,1.),
  .UNSPECIFIED.);
#4666 = CARTESIAN_POINT('',(186.406875,-23.627279,8.5));
#4667 = CARTESIAN_POINT('',(186.42822556281,-23.627279,8.5));
#4668 = CARTESIAN_POINT('',(186.44954150433,-23.62783750519,8.5));
#4669 = CARTESIAN_POINT('',(186.47080519759,-23.62895521686,8.5));
#4670 = CARTESIAN_POINT('',(186.49199895553,-23.63063122662,8.5));
#4671 = CARTESIAN_POINT('',(186.57742482909,-23.63966429335,8.5));
#4672 = CARTESIAN_POINT('',(186.64093292668,-23.65162761827,8.5));
#4673 = CARTESIAN_POINT('',(186.70312011197,-23.66868123687,8.5));
#4674 = CARTESIAN_POINT('',(186.76351150217,-23.69062484229,8.5));
#4675 = CARTESIAN_POINT('',(186.88691072633,-23.74699752909,8.5));
#4676 = CARTESIAN_POINT('',(186.94934119819,-23.78262477389,8.5));
#4677 = CARTESIAN_POINT('',(187.00834028636,-23.82369643348,8.5));
#4678 = CARTESIAN_POINT('',(187.06335785292,-23.86974875141,8.5));
#4679 = CARTESIAN_POINT('',(187.16442852969,-23.97081838121,8.5));
#4680 = CARTESIAN_POINT('',(187.21048129538,-24.02583530695,8.5));
#4681 = CARTESIAN_POINT('',(187.25155341864,-24.08483378596,8.5));
#4682 = CARTESIAN_POINT('',(187.28718110532,-24.14726370092,8.5));
#4683 = CARTESIAN_POINT('',(187.34355442916,-24.27066177567,8.5));
#4684 = CARTESIAN_POINT('',(187.36549827319,-24.33105254779,8.5));
#4685 = CARTESIAN_POINT('',(187.38255209347,-24.393239147,8.5));
#4686 = CARTESIAN_POINT('',(187.3945155636,-24.45674668673,8.5));
#4687 = CARTESIAN_POINT('',(187.40354873593,-24.54217182093,8.5));
#4688 = CARTESIAN_POINT('',(187.40522476436,-24.56336538328,8.5));
#4689 = CARTESIAN_POINT('',(187.40634248855,-24.58462888219,8.5));
#4690 = CARTESIAN_POINT('',(187.406901,-24.60594463022,8.5));
#4691 = CARTESIAN_POINT('',(187.406901,-24.627295,8.5));
#4692 = ORIENTED_EDGE('',*,*,#4614,.F.);
#4693 = SURFACE_OF_LINEAR_EXTRUSION('',#4694,#4699);
#4694 = B_SPLINE_CURVE_WITH_KNOTS('',3,(#4695,#4696,#4697,#4698),
  .UNSPECIFIED.,.F.,.F.,(4,4),(0.,1.),.PIECEWISE_BEZIER_KNOTS.);
#4695 = CARTESIAN_POINT('',(187.406901,-24.627295,0.));
#4696 = CARTESIAN_POINT('',(187.406901,-24.075286,0.));
#4697 = CARTESIAN_POINT('',(186.958889,-23.627279,0.));
#4698 = CARTESIAN_POINT('',(186.406875,-23.627279,0.));
#4699 = VECTOR('',#4700,1.);
#4700 = DIRECTION('',(-0.,-0.,-1.));
#4701 = ADVANCED_FACE('',(#4702),#4713,.F.);
#4702 = FACE_BOUND('',#4703,.T.);
#4703 = EDGE_LOOP('',(#4704,#4705,#4711,#4712));
#4704 = ORIENTED_EDGE('',*,*,#1130,.F.);
#4705 = ORIENTED_EDGE('',*,*,#4706,.T.);
#4706 = EDGE_CURVE('',#1131,#2279,#4707,.T.);
#4707 = LINE('',#4708,#4709);
#4708 = CARTESIAN_POINT('',(144.407698,-112.548516,0.));
#4709 = VECTOR('',#4710,1.);
#4710 = DIRECTION('',(0.,0.,1.));
#4711 = ORIENTED_EDGE('',*,*,#2278,.F.);
#4712 = ORIENTED_EDGE('',*,*,#4706,.F.);
#4713 = CYLINDRICAL_SURFACE('',#4714,1.6);
#4714 = AXIS2_PLACEMENT_3D('',#4715,#4716,#4717);
#4715 = CARTESIAN_POINT('',(142.807698,-112.548516,0.));
#4716 = DIRECTION('',(-0.,-0.,-1.));
#4717 = DIRECTION('',(1.,0.,0.));
#4718 = ADVANCED_FACE('',(#4719),#4730,.F.);
#4719 = FACE_BOUND('',#4720,.T.);
#4720 = EDGE_LOOP('',(#4721,#4722,#4728,#4729));
#4721 = ORIENTED_EDGE('',*,*,#1141,.F.);
#4722 = ORIENTED_EDGE('',*,*,#4723,.T.);
#4723 = EDGE_CURVE('',#1142,#2290,#4724,.T.);
#4724 = LINE('',#4725,#4726);
#4725 = CARTESIAN_POINT('',(189.731757,-99.333538,0.));
#4726 = VECTOR('',#4727,1.);
#4727 = DIRECTION('',(0.,0.,1.));
#4728 = ORIENTED_EDGE('',*,*,#2289,.F.);
#4729 = ORIENTED_EDGE('',*,*,#4723,.F.);
#4730 = CYLINDRICAL_SURFACE('',#4731,1.6);
#4731 = AXIS2_PLACEMENT_3D('',#4732,#4733,#4734);
#4732 = CARTESIAN_POINT('',(188.131757,-99.333538,0.));
#4733 = DIRECTION('',(-0.,-0.,-1.));
#4734 = DIRECTION('',(1.,0.,0.));
#4735 = ADVANCED_FACE('',(#4736),#4747,.F.);
#4736 = FACE_BOUND('',#4737,.T.);
#4737 = EDGE_LOOP('',(#4738,#4739,#4745,#4746));
#4738 = ORIENTED_EDGE('',*,*,#1152,.F.);
#4739 = ORIENTED_EDGE('',*,*,#4740,.T.);
#4740 = EDGE_CURVE('',#1153,#2301,#4741,.T.);
#4741 = LINE('',#4742,#4743);
#4742 = CARTESIAN_POINT('',(23.702017,-29.907082,0.));
#4743 = VECTOR('',#4744,1.);
#4744 = DIRECTION('',(0.,0.,1.));
#4745 = ORIENTED_EDGE('',*,*,#2300,.F.);
#4746 = ORIENTED_EDGE('',*,*,#4740,.F.);
#4747 = CYLINDRICAL_SURFACE('',#4748,1.6);
#4748 = AXIS2_PLACEMENT_3D('',#4749,#4750,#4751);
#4749 = CARTESIAN_POINT('',(22.102017,-29.907082,0.));
#4750 = DIRECTION('',(-0.,-0.,-1.));
#4751 = DIRECTION('',(1.,0.,0.));
#4752 = ADVANCED_FACE('',(#4753),#4764,.F.);
#4753 = FACE_BOUND('',#4754,.T.);
#4754 = EDGE_LOOP('',(#4755,#4756,#4762,#4763));
#4755 = ORIENTED_EDGE('',*,*,#1163,.F.);
#4756 = ORIENTED_EDGE('',*,*,#4757,.T.);
#4757 = EDGE_CURVE('',#1164,#2312,#4758,.T.);
#4758 = LINE('',#4759,#4760);
#4759 = CARTESIAN_POINT('',(93.676908,-12.424245,0.));
#4760 = VECTOR('',#4761,1.);
#4761 = DIRECTION('',(0.,0.,1.));
#4762 = ORIENTED_EDGE('',*,*,#2311,.F.);
#4763 = ORIENTED_EDGE('',*,*,#4757,.F.);
#4764 = CYLINDRICAL_SURFACE('',#4765,1.6);
#4765 = AXIS2_PLACEMENT_3D('',#4766,#4767,#4768);
#4766 = CARTESIAN_POINT('',(92.076908,-12.424245,0.));
#4767 = DIRECTION('',(-0.,-0.,-1.));
#4768 = DIRECTION('',(1.,0.,0.));
#4769 = ADVANCED_FACE('',(#4770),#4789,.F.);
#4770 = FACE_BOUND('',#4771,.T.);
#4771 = EDGE_LOOP('',(#4772,#4773,#4781,#4788));
#4772 = ORIENTED_EDGE('',*,*,#1174,.F.);
#4773 = ORIENTED_EDGE('',*,*,#4774,.T.);
#4774 = EDGE_CURVE('',#1175,#4775,#4777,.T.);
#4775 = VERTEX_POINT('',#4776);
#4776 = CARTESIAN_POINT('',(192.448572,-28.568915,8.5));
#4777 = LINE('',#4778,#4779);
#4778 = CARTESIAN_POINT('',(192.448572,-28.568915,0.));
#4779 = VECTOR('',#4780,1.);
#4780 = DIRECTION('',(0.,0.,1.));
#4781 = ORIENTED_EDGE('',*,*,#4782,.F.);
#4782 = EDGE_CURVE('',#4775,#4775,#4783,.T.);
#4783 = CIRCLE('',#4784,1.6);
#4784 = AXIS2_PLACEMENT_3D('',#4785,#4786,#4787);
#4785 = CARTESIAN_POINT('',(190.848572,-28.568915,8.5));
#4786 = DIRECTION('',(0.,0.,-1.));
#4787 = DIRECTION('',(1.,0.,0.));
#4788 = ORIENTED_EDGE('',*,*,#4774,.F.);
#4789 = CYLINDRICAL_SURFACE('',#4790,1.6);
#4790 = AXIS2_PLACEMENT_3D('',#4791,#4792,#4793);
#4791 = CARTESIAN_POINT('',(190.848572,-28.568915,0.));
#4792 = DIRECTION('',(-0.,-0.,-1.));
#4793 = DIRECTION('',(1.,0.,0.));
#4794 = ADVANCED_FACE('',(#4795),#4806,.F.);
#4795 = FACE_BOUND('',#4796,.T.);
#4796 = EDGE_LOOP('',(#4797,#4798,#4804,#4805));
#4797 = ORIENTED_EDGE('',*,*,#1185,.F.);
#4798 = ORIENTED_EDGE('',*,*,#4799,.T.);
#4799 = EDGE_CURVE('',#1186,#2323,#4800,.T.);
#4800 = LINE('',#4801,#4802);
#4801 = CARTESIAN_POINT('',(156.518248,-17.6122,0.));
#4802 = VECTOR('',#4803,1.);
#4803 = DIRECTION('',(0.,0.,1.));
#4804 = ORIENTED_EDGE('',*,*,#2322,.F.);
#4805 = ORIENTED_EDGE('',*,*,#4799,.F.);
#4806 = CYLINDRICAL_SURFACE('',#4807,1.6);
#4807 = AXIS2_PLACEMENT_3D('',#4808,#4809,#4810);
#4808 = CARTESIAN_POINT('',(154.918248,-17.6122,0.));
#4809 = DIRECTION('',(-0.,-0.,-1.));
#4810 = DIRECTION('',(1.,0.,0.));
#4811 = ADVANCED_FACE('',(#4812),#4823,.F.);
#4812 = FACE_BOUND('',#4813,.F.);
#4813 = EDGE_LOOP('',(#4814,#4815,#4821,#4822));
#4814 = ORIENTED_EDGE('',*,*,#2653,.T.);
#4815 = ORIENTED_EDGE('',*,*,#4816,.T.);
#4816 = EDGE_CURVE('',#2646,#4639,#4817,.T.);
#4817 = LINE('',#4818,#4819);
#4818 = CARTESIAN_POINT('',(176.56,-18.627232,4.8));
#4819 = VECTOR('',#4820,1.);
#4820 = DIRECTION('',(-1.2E-16,-1.,-2.2E-16));
#4821 = ORIENTED_EDGE('',*,*,#4646,.F.);
#4822 = ORIENTED_EDGE('',*,*,#2179,.F.);
#4823 = PLANE('',#4824);
#4824 = AXIS2_PLACEMENT_3D('',#4825,#4826,#4827);
#4825 = CARTESIAN_POINT('',(176.56,-18.627232,4.8));
#4826 = DIRECTION('',(-1.,1.2E-16,0.));
#4827 = DIRECTION('',(-2.64E-32,-2.2E-16,1.));
#4828 = ADVANCED_FACE('',(#4829),#4840,.F.);
#4829 = FACE_BOUND('',#4830,.F.);
#4830 = EDGE_LOOP('',(#4831,#4832,#4833,#4834));
#4831 = ORIENTED_EDGE('',*,*,#3008,.T.);
#4832 = ORIENTED_EDGE('',*,*,#1619,.T.);
#4833 = ORIENTED_EDGE('',*,*,#4441,.F.);
#4834 = ORIENTED_EDGE('',*,*,#4835,.F.);
#4835 = EDGE_CURVE('',#3009,#4442,#4836,.T.);
#4836 = LINE('',#4837,#4838);
#4837 = CARTESIAN_POINT('',(192.45329144278,-84.97534029886,5.1));
#4838 = VECTOR('',#4839,1.);
#4839 = DIRECTION('',(-0.999999652789,-8.333199886388E-04,-1.7E-16));
#4840 = PLANE('',#4841);
#4841 = AXIS2_PLACEMENT_3D('',#4842,#4843,#4844);
#4842 = CARTESIAN_POINT('',(192.45329144278,-84.97534029886,8.5));
#4843 = DIRECTION('',(8.333199886388E-04,-0.999999652789,-6.E-17));
#4844 = DIRECTION('',(1.699998819309E-16,6.014168518154E-17,-1.));
#4845 = ADVANCED_FACE('',(#4846),#4857,.F.);
#4846 = FACE_BOUND('',#4847,.F.);
#4847 = EDGE_LOOP('',(#4848,#4849,#4855,#4856));
#4848 = ORIENTED_EDGE('',*,*,#2645,.T.);
#4849 = ORIENTED_EDGE('',*,*,#4850,.T.);
#4850 = EDGE_CURVE('',#2638,#4631,#4851,.T.);
#4851 = LINE('',#4852,#4853);
#4852 = CARTESIAN_POINT('',(186.16,-18.627232,4.8));
#4853 = VECTOR('',#4854,1.);
#4854 = DIRECTION('',(-1.2E-16,-1.,-2.2E-16));
#4855 = ORIENTED_EDGE('',*,*,#4638,.F.);
#4856 = ORIENTED_EDGE('',*,*,#4816,.F.);
#4857 = PLANE('',#4858);
#4858 = AXIS2_PLACEMENT_3D('',#4859,#4860,#4861);
#4859 = CARTESIAN_POINT('',(186.16,-18.627232,4.8));
#4860 = DIRECTION('',(0.,2.2E-16,-1.));
#4861 = DIRECTION('',(-1.,1.2E-16,2.64E-32));
#4862 = ADVANCED_FACE('',(#4863),#4874,.F.);
#4863 = FACE_BOUND('',#4864,.F.);
#4864 = EDGE_LOOP('',(#4865,#4866,#4867,#4873));
#4865 = ORIENTED_EDGE('',*,*,#4850,.F.);
#4866 = ORIENTED_EDGE('',*,*,#2637,.T.);
#4867 = ORIENTED_EDGE('',*,*,#4868,.F.);
#4868 = EDGE_CURVE('',#4623,#2630,#4869,.T.);
#4869 = LINE('',#4870,#4871);
#4870 = CARTESIAN_POINT('',(186.16,-40.61367665048,8.5));
#4871 = VECTOR('',#4872,1.);
#4872 = DIRECTION('',(1.2E-16,1.,0.));
#4873 = ORIENTED_EDGE('',*,*,#4630,.F.);
#4874 = PLANE('',#4875);
#4875 = AXIS2_PLACEMENT_3D('',#4876,#4877,#4878);
#4876 = CARTESIAN_POINT('',(186.16,-18.627232,9.));
#4877 = DIRECTION('',(1.,-1.2E-16,0.));
#4878 = DIRECTION('',(2.64E-32,2.2E-16,-1.));
#4879 = ADVANCED_FACE('',(#4880,#4902),#4905,.T.);
#4880 = FACE_BOUND('',#4881,.T.);
#4881 = EDGE_LOOP('',(#4882,#4888,#4889,#4890,#4891,#4892,#4893,#4894,
    #4895,#4896,#4897,#4898,#4899,#4900,#4901));
#4882 = ORIENTED_EDGE('',*,*,#4883,.F.);
#4883 = EDGE_CURVE('',#2961,#4499,#4884,.T.);
#4884 = LINE('',#4885,#4886);
#4885 = CARTESIAN_POINT('',(192.44704154287,-77.47534290294,8.5));
#4886 = VECTOR('',#4887,1.);
#4887 = DIRECTION('',(-0.999999652789,-8.333199886388E-04,-1.7E-16));
#4888 = ORIENTED_EDGE('',*,*,#2968,.T.);
#4889 = ORIENTED_EDGE('',*,*,#2907,.T.);
#4890 = ORIENTED_EDGE('',*,*,#2858,.F.);
#4891 = ORIENTED_EDGE('',*,*,#2823,.T.);
#4892 = ORIENTED_EDGE('',*,*,#2781,.T.);
#4893 = ORIENTED_EDGE('',*,*,#2732,.F.);
#4894 = ORIENTED_EDGE('',*,*,#2694,.T.);
#4895 = ORIENTED_EDGE('',*,*,#2629,.T.);
#4896 = ORIENTED_EDGE('',*,*,#4868,.F.);
#4897 = ORIENTED_EDGE('',*,*,#4622,.T.);
#4898 = ORIENTED_EDGE('',*,*,#4664,.T.);
#4899 = ORIENTED_EDGE('',*,*,#4591,.T.);
#4900 = ORIENTED_EDGE('',*,*,#4550,.T.);
#4901 = ORIENTED_EDGE('',*,*,#4506,.T.);
#4902 = FACE_BOUND('',#4903,.T.);
#4903 = EDGE_LOOP('',(#4904));
#4904 = ORIENTED_EDGE('',*,*,#4782,.T.);
#4905 = PLANE('',#4906);
#4906 = AXIS2_PLACEMENT_3D('',#4907,#4908,#4909);
#4907 = CARTESIAN_POINT('',(108.84744213108,-62.60012130097,8.5));
#4908 = DIRECTION('',(0.,0.,1.));
#4909 = DIRECTION('',(1.,0.,0.));
#4910 = ADVANCED_FACE('',(#4911),#4922,.F.);
#4911 = FACE_BOUND('',#4912,.F.);
#4912 = EDGE_LOOP('',(#4913,#4914,#4920,#4921));
#4913 = ORIENTED_EDGE('',*,*,#2960,.T.);
#4914 = ORIENTED_EDGE('',*,*,#4915,.T.);
#4915 = EDGE_CURVE('',#2953,#4491,#4916,.T.);
#4916 = LINE('',#4917,#4918);
#4917 = CARTESIAN_POINT('',(192.44704154287,-77.47534290294,5.1));
#4918 = VECTOR('',#4919,1.);
#4919 = DIRECTION('',(-0.999999652789,-8.333199886388E-04,-1.7E-16));
#4920 = ORIENTED_EDGE('',*,*,#4498,.F.);
#4921 = ORIENTED_EDGE('',*,*,#4883,.F.);
#4922 = PLANE('',#4923);
#4923 = AXIS2_PLACEMENT_3D('',#4924,#4925,#4926);
#4924 = CARTESIAN_POINT('',(192.44704154287,-77.47534290294,5.1));
#4925 = DIRECTION('',(-8.333199886388E-04,0.999999652789,6.E-17));
#4926 = DIRECTION('',(-1.699998819309E-16,-6.014168518154E-17,1.));
#4927 = ADVANCED_FACE('',(#4928),#4936,.F.);
#4928 = FACE_BOUND('',#4929,.F.);
#4929 = EDGE_LOOP('',(#4930,#4931,#4932,#4933,#4934,#4935));
#4930 = ORIENTED_EDGE('',*,*,#3016,.T.);
#4931 = ORIENTED_EDGE('',*,*,#4835,.T.);
#4932 = ORIENTED_EDGE('',*,*,#4449,.F.);
#4933 = ORIENTED_EDGE('',*,*,#4490,.F.);
#4934 = ORIENTED_EDGE('',*,*,#4915,.F.);
#4935 = ORIENTED_EDGE('',*,*,#2952,.T.);
#4936 = PLANE('',#4937);
#4937 = AXIS2_PLACEMENT_3D('',#4938,#4939,#4940);
#4938 = CARTESIAN_POINT('',(192.45329144278,-84.97534029886,5.1));
#4939 = DIRECTION('',(1.7E-16,6.E-17,-1.));
#4940 = DIRECTION('',(-8.33319988639E-04,0.999999652789,
    5.985831476926E-17));
#4941 = ADVANCED_FACE('',(#4942),#4958,.F.);
#4942 = FACE_BOUND('',#4943,.F.);
#4943 = EDGE_LOOP('',(#4944,#4945,#4951,#4952));
#4944 = ORIENTED_EDGE('',*,*,#3150,.T.);
#4945 = ORIENTED_EDGE('',*,*,#4946,.T.);
#4946 = EDGE_CURVE('',#3153,#3750,#4947,.T.);
#4947 = LINE('',#4948,#4949);
#4948 = CARTESIAN_POINT('',(18.70650470599,-72.49736196714,0.5));
#4949 = VECTOR('',#4950,1.);
#4950 = DIRECTION('',(0.985002430408,0.172540465078,-2.2E-16));
#4951 = ORIENTED_EDGE('',*,*,#3747,.F.);
#4952 = ORIENTED_EDGE('',*,*,#4953,.F.);
#4953 = EDGE_CURVE('',#3151,#3748,#4954,.T.);
#4954 = LINE('',#4955,#4956);
#4955 = CARTESIAN_POINT('',(20.259368891693,-81.36238384082,0.5));
#4956 = VECTOR('',#4957,1.);
#4957 = DIRECTION('',(0.985002430408,0.172540465078,-2.2E-16));
#4958 = PLANE('',#4959);
#4959 = AXIS2_PLACEMENT_3D('',#4960,#4961,#4962);
#4960 = CARTESIAN_POINT('',(18.70650470599,-72.49736196714,0.5));
#4961 = DIRECTION('',(-2.2E-16,-4.E-17,-1.));
#4962 = DIRECTION('',(0.172540465078,-0.985002430408,1.441194899152E-18)
  );
#4963 = ADVANCED_FACE('',(#4964),#4975,.F.);
#4964 = FACE_BOUND('',#4965,.F.);
#4965 = EDGE_LOOP('',(#4966,#4967,#4973,#4974));
#4966 = ORIENTED_EDGE('',*,*,#3176,.T.);
#4967 = ORIENTED_EDGE('',*,*,#4968,.T.);
#4968 = EDGE_CURVE('',#3169,#3766,#4969,.T.);
#4969 = LINE('',#4970,#4971);
#4970 = CARTESIAN_POINT('',(18.70650470599,-72.49736196714,3.5));
#4971 = VECTOR('',#4972,1.);
#4972 = DIRECTION('',(0.985002430408,0.172540465078,-2.2E-16));
#4973 = ORIENTED_EDGE('',*,*,#3773,.F.);
#4974 = ORIENTED_EDGE('',*,*,#4946,.F.);
#4975 = PLANE('',#4976);
#4976 = AXIS2_PLACEMENT_3D('',#4977,#4978,#4979);
#4977 = CARTESIAN_POINT('',(18.70650470599,-72.49736196714,3.5));
#4978 = DIRECTION('',(-0.172540465078,0.985002430408,0.));
#4979 = DIRECTION('',(-6.96156129282E-17,-1.21943965421E-17,-1.));
#4980 = ADVANCED_FACE('',(#4981),#4992,.F.);
#4981 = FACE_BOUND('',#4982,.F.);
#4982 = EDGE_LOOP('',(#4983,#4984,#4990,#4991));
#4983 = ORIENTED_EDGE('',*,*,#3168,.T.);
#4984 = ORIENTED_EDGE('',*,*,#4985,.T.);
#4985 = EDGE_CURVE('',#3161,#3758,#4986,.T.);
#4986 = LINE('',#4987,#4988);
#4987 = CARTESIAN_POINT('',(20.259368891693,-81.36238384082,3.5));
#4988 = VECTOR('',#4989,1.);
#4989 = DIRECTION('',(0.985002430408,0.172540465078,-2.2E-16));
#4990 = ORIENTED_EDGE('',*,*,#3765,.F.);
#4991 = ORIENTED_EDGE('',*,*,#4968,.F.);
#4992 = PLANE('',#4993);
#4993 = AXIS2_PLACEMENT_3D('',#4994,#4995,#4996);
#4994 = CARTESIAN_POINT('',(20.259368891693,-81.36238384082,3.5));
#4995 = DIRECTION('',(2.2E-16,4.E-17,1.));
#4996 = DIRECTION('',(-0.172540465078,0.985002430408,-1.441194899152E-18
    ));
#4997 = ADVANCED_FACE('',(#4998),#5004,.F.);
#4998 = FACE_BOUND('',#4999,.F.);
#4999 = EDGE_LOOP('',(#5000,#5001,#5002,#5003));
#5000 = ORIENTED_EDGE('',*,*,#3160,.T.);
#5001 = ORIENTED_EDGE('',*,*,#4953,.T.);
#5002 = ORIENTED_EDGE('',*,*,#3757,.F.);
#5003 = ORIENTED_EDGE('',*,*,#4985,.F.);
#5004 = PLANE('',#5005);
#5005 = AXIS2_PLACEMENT_3D('',#5006,#5007,#5008);
#5006 = CARTESIAN_POINT('',(20.259368891693,-81.36238384082,0.5));
#5007 = DIRECTION('',(0.172540465078,-0.985002430408,0.));
#5008 = DIRECTION('',(6.96156129282E-17,1.21943965421E-17,1.));
#5009 = MANIFOLD_SOLID_BREP('',#5010);
#5010 = CLOSED_SHELL('',(#5011,#5051,#5087,#5120,#6813,#8506,#8523,#8540
    ,#8560,#8577,#8594,#8611,#8628,#8645,#8662,#8679,#8696,#8716,#8733,
    #8750,#8767,#8784,#8804,#8824,#8841,#8858,#8875,#8892,#8909,#8926,
    #8943,#8960,#8977,#8994,#9011,#9028,#9045,#9065,#9082,#9099,#9116,
    #9133,#9150,#9167,#9187,#9204,#9221,#9238,#9258,#9278,#9295,#9315,
    #9335,#9352,#9369,#9389,#9409,#9426,#9443,#9463,#9480,#9497,#9517,
    #9534,#9554,#9571,#9588,#9605,#9622,#9642,#9662,#9674,#9691,#9713,
    #9730,#9747,#9759,#9776,#9798,#9815,#9832,#9844,#9866,#9883,#9900,
    #9912,#9929,#9951,#9968,#9985,#9997,#10019,#10036,#10053,#10065,
    #10082,#10104,#10121,#10138,#10150,#10172,#10189,#10206,#10218,
    #10235,#10252,#10274,#10291,#10308,#10320,#10342,#10359,#10376,
    #10388,#10410,#10427,#10444,#10456,#10478,#10495,#10512,#10524,
    #10546,#10563,#10580,#10592,#10614,#10631,#10648,#10660,#10682,
    #10699,#10716,#10728,#10745,#10767,#10784,#10801,#10813,#10835,
    #10852,#10869,#10881,#10903,#10920,#10937,#10949,#10971,#10988,
    #11005,#11017,#11039,#11056,#11073,#11085,#11102,#11124,#11141,
    #11158,#11170,#11192,#11209,#11226,#11238,#11255,#11277,#11294,
    #11311,#11323,#11345,#11362,#11379,#11391,#11413,#11430,#11447,
    #11459,#11476,#11498,#11515,#11532,#11549,#11566,#11583,#11600,
    #11612,#11634,#11651,#11668,#11680,#11702,#11719,#11736,#11748,
    #11770,#11787,#11804,#11816,#11833));
#5011 = ADVANCED_FACE('',(#5012),#5046,.F.);
#5012 = FACE_BOUND('',#5013,.F.);
#5013 = EDGE_LOOP('',(#5014,#5024,#5032,#5040));
#5014 = ORIENTED_EDGE('',*,*,#5015,.T.);
#5015 = EDGE_CURVE('',#5016,#5018,#5020,.T.);
#5016 = VERTEX_POINT('',#5017);
#5017 = CARTESIAN_POINT('',(100.407671,-13.573121,8.5));
#5018 = VERTEX_POINT('',#5019);
#5019 = CARTESIAN_POINT('',(100.407671,-13.573121,10.5));
#5020 = LINE('',#5021,#5022);
#5021 = CARTESIAN_POINT('',(100.407671,-13.573121,8.5));
#5022 = VECTOR('',#5023,1.);
#5023 = DIRECTION('',(0.,0.,1.));
#5024 = ORIENTED_EDGE('',*,*,#5025,.T.);
#5025 = EDGE_CURVE('',#5018,#5026,#5028,.T.);
#5026 = VERTEX_POINT('',#5027);
#5027 = CARTESIAN_POINT('',(99.090423,-13.57352,10.5));
#5028 = LINE('',#5029,#5030);
#5029 = CARTESIAN_POINT('',(100.407671,-13.573121,10.5));
#5030 = VECTOR('',#5031,1.);
#5031 = DIRECTION('',(-0.999999954125,-3.029042228062E-04,0.));
#5032 = ORIENTED_EDGE('',*,*,#5033,.F.);
#5033 = EDGE_CURVE('',#5034,#5026,#5036,.T.);
#5034 = VERTEX_POINT('',#5035);
#5035 = CARTESIAN_POINT('',(99.090423,-13.57352,8.5));
#5036 = LINE('',#5037,#5038);
#5037 = CARTESIAN_POINT('',(99.090423,-13.57352,8.5));
#5038 = VECTOR('',#5039,1.);
#5039 = DIRECTION('',(0.,0.,1.));
#5040 = ORIENTED_EDGE('',*,*,#5041,.F.);
#5041 = EDGE_CURVE('',#5016,#5034,#5042,.T.);
#5042 = LINE('',#5043,#5044);
#5043 = CARTESIAN_POINT('',(100.407671,-13.573121,8.5));
#5044 = VECTOR('',#5045,1.);
#5045 = DIRECTION('',(-0.999999954125,-3.029042228062E-04,0.));
#5046 = PLANE('',#5047);
#5047 = AXIS2_PLACEMENT_3D('',#5048,#5049,#5050);
#5048 = CARTESIAN_POINT('',(100.407671,-13.573121,8.5));
#5049 = DIRECTION('',(3.029042228062E-04,-0.999999954125,0.));
#5050 = DIRECTION('',(-0.999999954125,-3.029042228062E-04,0.));
#5051 = ADVANCED_FACE('',(#5052),#5079,.F.);
#5052 = FACE_BOUND('',#5053,.F.);
#5053 = EDGE_LOOP('',(#5054,#5064,#5071,#5072));
#5054 = ORIENTED_EDGE('',*,*,#5055,.T.);
#5055 = EDGE_CURVE('',#5056,#5058,#5060,.T.);
#5056 = VERTEX_POINT('',#5057);
#5057 = CARTESIAN_POINT('',(104.004763,-15.823157,8.5));
#5058 = VERTEX_POINT('',#5059);
#5059 = CARTESIAN_POINT('',(104.004763,-15.823157,10.5));
#5060 = LINE('',#5061,#5062);
#5061 = CARTESIAN_POINT('',(104.004763,-15.823157,8.5));
#5062 = VECTOR('',#5063,1.);
#5063 = DIRECTION('',(0.,0.,1.));
#5064 = ORIENTED_EDGE('',*,*,#5065,.T.);
#5065 = EDGE_CURVE('',#5058,#5018,#5066,.T.);
#5066 = B_SPLINE_CURVE_WITH_KNOTS('',3,(#5067,#5068,#5069,#5070),
  .UNSPECIFIED.,.F.,.F.,(4,4),(0.,1.),.PIECEWISE_BEZIER_KNOTS.);
#5067 = CARTESIAN_POINT('',(104.004763,-15.823157,10.5));
#5068 = CARTESIAN_POINT('',(103.334746,-14.447135,10.5));
#5069 = CARTESIAN_POINT('',(101.93871,-13.573121,10.5));
#5070 = CARTESIAN_POINT('',(100.407671,-13.573121,10.5));
#5071 = ORIENTED_EDGE('',*,*,#5015,.F.);
#5072 = ORIENTED_EDGE('',*,*,#5073,.F.);
#5073 = EDGE_CURVE('',#5056,#5016,#5074,.T.);
#5074 = B_SPLINE_CURVE_WITH_KNOTS('',3,(#5075,#5076,#5077,#5078),
  .UNSPECIFIED.,.F.,.F.,(4,4),(0.,1.),.PIECEWISE_BEZIER_KNOTS.);
#5075 = CARTESIAN_POINT('',(104.004763,-15.823157,8.5));
#5076 = CARTESIAN_POINT('',(103.334746,-14.447135,8.5));
#5077 = CARTESIAN_POINT('',(101.93871,-13.573121,8.5));
#5078 = CARTESIAN_POINT('',(100.407671,-13.573121,8.5));
#5079 = SURFACE_OF_LINEAR_EXTRUSION('',#5080,#5085);
#5080 = B_SPLINE_CURVE_WITH_KNOTS('',3,(#5081,#5082,#5083,#5084),
  .UNSPECIFIED.,.F.,.F.,(4,4),(0.,1.),.PIECEWISE_BEZIER_KNOTS.);
#5081 = CARTESIAN_POINT('',(104.004763,-15.823157,8.5));
#5082 = CARTESIAN_POINT('',(103.334746,-14.447135,8.5));
#5083 = CARTESIAN_POINT('',(101.93871,-13.573121,8.5));
#5084 = CARTESIAN_POINT('',(100.407671,-13.573121,8.5));
#5085 = VECTOR('',#5086,1.);
#5086 = DIRECTION('',(-0.,-0.,-1.));
#5087 = ADVANCED_FACE('',(#5088),#5115,.F.);
#5088 = FACE_BOUND('',#5089,.T.);
#5089 = EDGE_LOOP('',(#5090,#5100,#5107,#5108));
#5090 = ORIENTED_EDGE('',*,*,#5091,.T.);
#5091 = EDGE_CURVE('',#5092,#5094,#5096,.T.);
#5092 = VERTEX_POINT('',#5093);
#5093 = CARTESIAN_POINT('',(94.71741,-11.000255,8.5));
#5094 = VERTEX_POINT('',#5095);
#5095 = CARTESIAN_POINT('',(94.71741,-11.000255,10.5));
#5096 = LINE('',#5097,#5098);
#5097 = CARTESIAN_POINT('',(94.71741,-11.000255,8.5));
#5098 = VECTOR('',#5099,1.);
#5099 = DIRECTION('',(0.,0.,1.));
#5100 = ORIENTED_EDGE('',*,*,#5101,.T.);
#5101 = EDGE_CURVE('',#5094,#5026,#5102,.T.);
#5102 = CIRCLE('',#5103,4.999653);
#5103 = AXIS2_PLACEMENT_3D('',#5104,#5105,#5106);
#5104 = CARTESIAN_POINT('',(99.088813967872,-8.573867258916,10.5));
#5105 = DIRECTION('',(0.,0.,1.));
#5106 = DIRECTION('',(1.,0.,0.));
#5107 = ORIENTED_EDGE('',*,*,#5033,.F.);
#5108 = ORIENTED_EDGE('',*,*,#5109,.F.);
#5109 = EDGE_CURVE('',#5092,#5034,#5110,.T.);
#5110 = CIRCLE('',#5111,4.999653);
#5111 = AXIS2_PLACEMENT_3D('',#5112,#5113,#5114);
#5112 = CARTESIAN_POINT('',(99.088813967872,-8.573867258916,8.5));
#5113 = DIRECTION('',(0.,0.,1.));
#5114 = DIRECTION('',(1.,0.,0.));
#5115 = CYLINDRICAL_SURFACE('',#5116,4.999653);
#5116 = AXIS2_PLACEMENT_3D('',#5117,#5118,#5119);
#5117 = CARTESIAN_POINT('',(99.088813967872,-8.573867258916,8.5));
#5118 = DIRECTION('',(-0.,-0.,-1.));
#5119 = DIRECTION('',(1.,0.,0.));
#5120 = ADVANCED_FACE('',(#5121,#5692,#5703,#5737,#5748,#5782,#5816,
    #5827,#5861,#5895,#5906,#5940,#5974,#5985,#5996,#6030,#6064,#6098,
    #6132,#6166,#6200,#6234,#6245,#6279,#6313,#6347,#6381,#6415,#6426,
    #6460,#6494,#6505,#6539,#6573,#6607,#6618,#6684,#6718,#6752,#6786,
    #6797),#6808,.F.);
#5121 = FACE_BOUND('',#5122,.F.);
#5122 = EDGE_LOOP('',(#5123,#5124,#5125,#5126,#5135,#5144,#5153,#5161,
    #5170,#5178,#5186,#5195,#5203,#5211,#5220,#5229,#5238,#5247,#5256,
    #5264,#5272,#5280,#5288,#5296,#5305,#5314,#5323,#5332,#5340,#5349,
    #5358,#5366,#5374,#5383,#5392,#5401,#5410,#5419,#5427,#5436,#5445,
    #5453,#5462,#5471,#5480,#5489,#5498,#5507,#5515,#5524,#5532,#5540,
    #5548,#5556,#5564,#5572,#5581,#5590,#5599,#5608,#5617,#5625,#5633,
    #5642,#5651,#5660,#5669,#5677,#5686));
#5123 = ORIENTED_EDGE('',*,*,#5073,.T.);
#5124 = ORIENTED_EDGE('',*,*,#5041,.T.);
#5125 = ORIENTED_EDGE('',*,*,#5109,.F.);
#5126 = ORIENTED_EDGE('',*,*,#5127,.T.);
#5127 = EDGE_CURVE('',#5092,#5128,#5130,.T.);
#5128 = VERTEX_POINT('',#5129);
#5129 = CARTESIAN_POINT('',(92.076908,-9.424245,8.5));
#5130 = CIRCLE('',#5131,3.);
#5131 = AXIS2_PLACEMENT_3D('',#5132,#5133,#5134);
#5132 = CARTESIAN_POINT('',(92.076907684171,-12.424245,8.5));
#5133 = DIRECTION('',(0.,0.,1.));
#5134 = DIRECTION('',(1.,0.,0.));
#5135 = ORIENTED_EDGE('',*,*,#5136,.T.);
#5136 = EDGE_CURVE('',#5128,#5137,#5139,.T.);
#5137 = VERTEX_POINT('',#5138);
#5138 = CARTESIAN_POINT('',(89.447276,-10.980279,8.5));
#5139 = CIRCLE('',#5140,3.);
#5140 = AXIS2_PLACEMENT_3D('',#5141,#5142,#5143);
#5141 = CARTESIAN_POINT('',(92.076907569411,-12.424245,8.5));
#5142 = DIRECTION('',(0.,0.,1.));
#5143 = DIRECTION('',(1.,0.,0.));
#5144 = ORIENTED_EDGE('',*,*,#5145,.F.);
#5145 = EDGE_CURVE('',#5146,#5137,#5148,.T.);
#5146 = VERTEX_POINT('',#5147);
#5147 = CARTESIAN_POINT('',(85.076012,-13.573655,8.5));
#5148 = CIRCLE('',#5149,5.);
#5149 = AXIS2_PLACEMENT_3D('',#5150,#5151,#5152);
#5150 = CARTESIAN_POINT('',(85.064557200175,-8.573668121261,8.5));
#5151 = DIRECTION('',(0.,0.,1.));
#5152 = DIRECTION('',(1.,0.,0.));
#5153 = ORIENTED_EDGE('',*,*,#5154,.T.);
#5154 = EDGE_CURVE('',#5146,#5155,#5157,.T.);
#5155 = VERTEX_POINT('',#5156);
#5156 = CARTESIAN_POINT('',(83.407235,-13.573121,8.5));
#5157 = LINE('',#5158,#5159);
#5158 = CARTESIAN_POINT('',(85.076012,-13.573655,8.5));
#5159 = VECTOR('',#5160,1.);
#5160 = DIRECTION('',(-0.999999948802,3.19994806165E-04,0.));
#5161 = ORIENTED_EDGE('',*,*,#5162,.T.);
#5162 = EDGE_CURVE('',#5155,#5163,#5165,.T.);
#5163 = VERTEX_POINT('',#5164);
#5164 = CARTESIAN_POINT('',(79.407132,-17.573184,8.5));
#5165 = B_SPLINE_CURVE_WITH_KNOTS('',3,(#5166,#5167,#5168,#5169),
  .UNSPECIFIED.,.F.,.F.,(4,4),(0.,1.),.PIECEWISE_BEZIER_KNOTS.);
#5166 = CARTESIAN_POINT('',(83.407235,-13.573121,8.5));
#5167 = CARTESIAN_POINT('',(81.198178,-13.573121,8.5));
#5168 = CARTESIAN_POINT('',(79.407132,-15.36415,8.5));
#5169 = CARTESIAN_POINT('',(79.407132,-17.573184,8.5));
#5170 = ORIENTED_EDGE('',*,*,#5171,.T.);
#5171 = EDGE_CURVE('',#5163,#5172,#5174,.T.);
#5172 = VERTEX_POINT('',#5173);
#5173 = CARTESIAN_POINT('',(79.407132,-18.5532,8.5));
#5174 = LINE('',#5175,#5176);
#5175 = CARTESIAN_POINT('',(79.407132,-17.573184,8.5));
#5176 = VECTOR('',#5177,1.);
#5177 = DIRECTION('',(0.,-1.,0.));
#5178 = ORIENTED_EDGE('',*,*,#5179,.T.);
#5179 = EDGE_CURVE('',#5172,#5180,#5182,.T.);
#5180 = VERTEX_POINT('',#5181);
#5181 = CARTESIAN_POINT('',(59.745629,-20.313227,8.5));
#5182 = LINE('',#5183,#5184);
#5183 = CARTESIAN_POINT('',(79.407132,-18.5532,8.5));
#5184 = VECTOR('',#5185,1.);
#5185 = DIRECTION('',(-0.996017326425,-8.915988706336E-02,0.));
#5186 = ORIENTED_EDGE('',*,*,#5187,.T.);
#5187 = EDGE_CURVE('',#5180,#5188,#5190,.T.);
#5188 = VERTEX_POINT('',#5189);
#5189 = CARTESIAN_POINT('',(56.556547,-23.799282,8.5));
#5190 = B_SPLINE_CURVE_WITH_KNOTS('',3,(#5191,#5192,#5193,#5194),
  .UNSPECIFIED.,.F.,.F.,(4,4),(0.,1.),.PIECEWISE_BEZIER_KNOTS.);
#5191 = CARTESIAN_POINT('',(59.745629,-20.313227,8.5));
#5192 = CARTESIAN_POINT('',(57.940582,-20.47423,8.5));
#5193 = CARTESIAN_POINT('',(56.556547,-21.987254,8.5));
#5194 = CARTESIAN_POINT('',(56.556547,-23.799282,8.5));
#5195 = ORIENTED_EDGE('',*,*,#5196,.T.);
#5196 = EDGE_CURVE('',#5188,#5197,#5199,.T.);
#5197 = VERTEX_POINT('',#5198);
#5198 = CARTESIAN_POINT('',(56.556547,-24.672296,8.5));
#5199 = LINE('',#5200,#5201);
#5200 = CARTESIAN_POINT('',(56.556547,-23.799282,8.5));
#5201 = VECTOR('',#5202,1.);
#5202 = DIRECTION('',(0.,-1.,0.));
#5203 = ORIENTED_EDGE('',*,*,#5204,.T.);
#5204 = EDGE_CURVE('',#5197,#5205,#5207,.T.);
#5205 = VERTEX_POINT('',#5206);
#5206 = CARTESIAN_POINT('',(29.053138,-29.6138,8.5));
#5207 = LINE('',#5208,#5209);
#5208 = CARTESIAN_POINT('',(56.556547,-24.672296,8.5));
#5209 = VECTOR('',#5210,1.);
#5210 = DIRECTION('',(-0.984240111386,-0.176837222156,0.));
#5211 = ORIENTED_EDGE('',*,*,#5212,.F.);
#5212 = EDGE_CURVE('',#5213,#5205,#5215,.T.);
#5213 = VERTEX_POINT('',#5214);
#5214 = CARTESIAN_POINT('',(24.372237,-27.945934,8.5));
#5215 = CIRCLE('',#5216,4.999708);
#5216 = AXIS2_PLACEMENT_3D('',#5217,#5218,#5219);
#5217 = CARTESIAN_POINT('',(28.168926859581,-24.6929006163,8.5));
#5218 = DIRECTION('',(0.,0.,1.));
#5219 = DIRECTION('',(1.,0.,0.));
#5220 = ORIENTED_EDGE('',*,*,#5221,.T.);
#5221 = EDGE_CURVE('',#5213,#5222,#5224,.T.);
#5222 = VERTEX_POINT('',#5223);
#5223 = CARTESIAN_POINT('',(22.102017,-26.907082,8.5));
#5224 = CIRCLE('',#5225,3.);
#5225 = AXIS2_PLACEMENT_3D('',#5226,#5227,#5228);
#5226 = CARTESIAN_POINT('',(22.102017071866,-29.907082,8.5));
#5227 = DIRECTION('',(0.,0.,1.));
#5228 = DIRECTION('',(1.,0.,0.));
#5229 = ORIENTED_EDGE('',*,*,#5230,.T.);
#5230 = EDGE_CURVE('',#5222,#5231,#5233,.T.);
#5231 = VERTEX_POINT('',#5232);
#5232 = CARTESIAN_POINT('',(19.261011,-28.943398,8.5));
#5233 = CIRCLE('',#5234,3.);
#5234 = AXIS2_PLACEMENT_3D('',#5235,#5236,#5237);
#5235 = CARTESIAN_POINT('',(22.102016657887,-29.907082,8.5));
#5236 = DIRECTION('',(0.,0.,1.));
#5237 = DIRECTION('',(1.,0.,0.));
#5238 = ORIENTED_EDGE('',*,*,#5239,.F.);
#5239 = EDGE_CURVE('',#5240,#5231,#5242,.T.);
#5240 = VERTEX_POINT('',#5241);
#5241 = CARTESIAN_POINT('',(16.477837,-31.940481,8.5));
#5242 = CIRCLE('',#5243,4.999611);
#5243 = AXIS2_PLACEMENT_3D('',#5244,#5245,#5246);
#5244 = CARTESIAN_POINT('',(14.526343055455,-27.33746225837,8.5));
#5245 = DIRECTION('',(0.,0.,1.));
#5246 = DIRECTION('',(1.,0.,0.));
#5247 = ORIENTED_EDGE('',*,*,#5248,.T.);
#5248 = EDGE_CURVE('',#5240,#5249,#5251,.T.);
#5249 = VERTEX_POINT('',#5250);
#5250 = CARTESIAN_POINT('',(14.308464,-35.80347,8.5));
#5251 = B_SPLINE_CURVE_WITH_KNOTS('',3,(#5252,#5253,#5254,#5255),
  .UNSPECIFIED.,.F.,.F.,(4,4),(0.,1.),.PIECEWISE_BEZIER_KNOTS.);
#5252 = CARTESIAN_POINT('',(16.477837,-31.940481,8.5));
#5253 = CARTESIAN_POINT('',(14.957523,-32.535108,8.5));
#5254 = CARTESIAN_POINT('',(14.015784,-34.1353,8.5));
#5255 = CARTESIAN_POINT('',(14.308464,-35.80347,8.5));
#5256 = ORIENTED_EDGE('',*,*,#5257,.T.);
#5257 = EDGE_CURVE('',#5249,#5258,#5260,.T.);
#5258 = VERTEX_POINT('',#5259);
#5259 = CARTESIAN_POINT('',(15.222487,-41.023552,8.5));
#5260 = LINE('',#5261,#5262);
#5261 = CARTESIAN_POINT('',(14.308464,-35.80347,8.5));
#5262 = VECTOR('',#5263,1.);
#5263 = DIRECTION('',(0.172473459679,-0.985014165231,0.));
#5264 = ORIENTED_EDGE('',*,*,#5265,.T.);
#5265 = EDGE_CURVE('',#5258,#5266,#5268,.T.);
#5266 = VERTEX_POINT('',#5267);
#5267 = CARTESIAN_POINT('',(16.274514,-47.023647,8.5));
#5268 = LINE('',#5269,#5270);
#5269 = CARTESIAN_POINT('',(15.222487,-41.023552,8.5));
#5270 = VECTOR('',#5271,1.);
#5271 = DIRECTION('',(0.172700538777,-0.984974377284,0.));
#5272 = ORIENTED_EDGE('',*,*,#5273,.T.);
#5273 = EDGE_CURVE('',#5266,#5274,#5276,.T.);
#5274 = VERTEX_POINT('',#5275);
#5275 = CARTESIAN_POINT('',(18.102561,-57.46381,8.5));
#5276 = LINE('',#5277,#5278);
#5277 = CARTESIAN_POINT('',(16.274514,-47.023647,8.5));
#5278 = VECTOR('',#5279,1.);
#5279 = DIRECTION('',(0.17247356725,-0.985014146396,0.));
#5280 = ORIENTED_EDGE('',*,*,#5281,.T.);
#5281 = EDGE_CURVE('',#5274,#5282,#5284,.T.);
#5282 = VERTEX_POINT('',#5283);
#5283 = CARTESIAN_POINT('',(19.154588,-63.463905,8.5));
#5284 = LINE('',#5285,#5286);
#5285 = CARTESIAN_POINT('',(18.102561,-57.46381,8.5));
#5286 = VECTOR('',#5287,1.);
#5287 = DIRECTION('',(0.172700538777,-0.984974377284,0.));
#5288 = ORIENTED_EDGE('',*,*,#5289,.T.);
#5289 = EDGE_CURVE('',#5282,#5290,#5292,.T.);
#5290 = VERTEX_POINT('',#5291);
#5291 = CARTESIAN_POINT('',(23.90871,-90.604331,8.5));
#5292 = LINE('',#5293,#5294);
#5293 = CARTESIAN_POINT('',(19.154588,-63.463905,8.5));
#5294 = VECTOR('',#5295,1.);
#5295 = DIRECTION('',(0.172540465078,-0.985002430408,0.));
#5296 = ORIENTED_EDGE('',*,*,#5297,.T.);
#5297 = EDGE_CURVE('',#5290,#5298,#5300,.T.);
#5298 = VERTEX_POINT('',#5299);
#5299 = CARTESIAN_POINT('',(25.350747,-92.869366,8.5));
#5300 = B_SPLINE_CURVE_WITH_KNOTS('',3,(#5301,#5302,#5303,#5304),
  .UNSPECIFIED.,.F.,.F.,(4,4),(0.,1.),.PIECEWISE_BEZIER_KNOTS.);
#5301 = CARTESIAN_POINT('',(23.90871,-90.604331,8.5));
#5302 = CARTESIAN_POINT('',(24.069714,-91.521345,8.5));
#5303 = CARTESIAN_POINT('',(24.588727,-92.335358,8.5));
#5304 = CARTESIAN_POINT('',(25.350747,-92.869366,8.5));
#5305 = ORIENTED_EDGE('',*,*,#5306,.T.);
#5306 = EDGE_CURVE('',#5298,#5307,#5309,.T.);
#5307 = VERTEX_POINT('',#5308);
#5308 = CARTESIAN_POINT('',(26.97652,-93.479687,8.5));
#5309 = B_SPLINE_CURVE_WITH_KNOTS('',3,(#5310,#5311,#5312,#5313),
  .UNSPECIFIED.,.F.,.F.,(4,4),(0.,1.),.PIECEWISE_BEZIER_KNOTS.);
#5310 = CARTESIAN_POINT('',(25.350747,-92.869366,8.5));
#5311 = CARTESIAN_POINT('',(25.837358,-93.209289,8.5));
#5312 = CARTESIAN_POINT('',(26.39718,-93.41662,8.5));
#5313 = CARTESIAN_POINT('',(26.97652,-93.479687,8.5));
#5314 = ORIENTED_EDGE('',*,*,#5315,.F.);
#5315 = EDGE_CURVE('',#5316,#5307,#5318,.T.);
#5316 = VERTEX_POINT('',#5317);
#5317 = CARTESIAN_POINT('',(42.532807,-104.075784,8.5));
#5318 = CIRCLE('',#5319,19.999941);
#5319 = AXIS2_PLACEMENT_3D('',#5320,#5321,#5322);
#5320 = CARTESIAN_POINT('',(24.819961246343,-113.3630190735,8.5));
#5321 = DIRECTION('',(0.,0.,1.));
#5322 = DIRECTION('',(1.,0.,0.));
#5323 = ORIENTED_EDGE('',*,*,#5324,.T.);
#5324 = EDGE_CURVE('',#5316,#5325,#5327,.T.);
#5325 = VERTEX_POINT('',#5326);
#5326 = CARTESIAN_POINT('',(48.919351,-107.220592,8.5));
#5327 = B_SPLINE_CURVE_WITH_KNOTS('',3,(#5328,#5329,#5330,#5331),
  .UNSPECIFIED.,.F.,.F.,(4,4),(0.,1.),.PIECEWISE_BEZIER_KNOTS.);
#5328 = CARTESIAN_POINT('',(42.532807,-104.075784,8.5));
#5329 = CARTESIAN_POINT('',(43.710081,-106.349032,8.5));
#5330 = CARTESIAN_POINT('',(46.267119,-107.695419,8.5));
#5331 = CARTESIAN_POINT('',(48.919351,-107.220592,8.5));
#5332 = ORIENTED_EDGE('',*,*,#5333,.T.);
#5333 = EDGE_CURVE('',#5325,#5334,#5336,.T.);
#5334 = VERTEX_POINT('',#5335);
#5335 = CARTESIAN_POINT('',(83.372234,-101.052495,8.5));
#5336 = LINE('',#5337,#5338);
#5337 = CARTESIAN_POINT('',(48.919351,-107.220592,8.5));
#5338 = VECTOR('',#5339,1.);
#5339 = DIRECTION('',(0.984349376177,0.17622799329,0.));
#5340 = ORIENTED_EDGE('',*,*,#5341,.T.);
#5341 = EDGE_CURVE('',#5334,#5342,#5344,.T.);
#5342 = VERTEX_POINT('',#5343);
#5343 = CARTESIAN_POINT('',(83.779303,-100.965073,8.5));
#5344 = B_SPLINE_CURVE_WITH_KNOTS('',3,(#5345,#5346,#5347,#5348),
  .UNSPECIFIED.,.F.,.F.,(4,4),(0.,1.),.PIECEWISE_BEZIER_KNOTS.);
#5345 = CARTESIAN_POINT('',(83.372234,-101.052495,8.5));
#5346 = CARTESIAN_POINT('',(83.50974,-101.027873,8.5));
#5347 = CARTESIAN_POINT('',(83.64548,-100.998675,8.5));
#5348 = CARTESIAN_POINT('',(83.779303,-100.965073,8.5));
#5349 = ORIENTED_EDGE('',*,*,#5350,.F.);
#5350 = EDGE_CURVE('',#5351,#5342,#5353,.T.);
#5351 = VERTEX_POINT('',#5352);
#5352 = CARTESIAN_POINT('',(102.551073,-99.891035,8.5));
#5353 = CIRCLE('',#5354,50.);
#5354 = AXIS2_PLACEMENT_3D('',#5355,#5356,#5357);
#5355 = CARTESIAN_POINT('',(95.97035598173,-149.4560848186,8.5));
#5356 = DIRECTION('',(0.,0.,1.));
#5357 = DIRECTION('',(1.,0.,0.));
#5358 = ORIENTED_EDGE('',*,*,#5359,.T.);
#5359 = EDGE_CURVE('',#5351,#5360,#5362,.T.);
#5360 = VERTEX_POINT('',#5361);
#5361 = CARTESIAN_POINT('',(128.735397,-103.29753,8.5));
#5362 = LINE('',#5363,#5364);
#5363 = CARTESIAN_POINT('',(102.551073,-99.891035,8.5));
#5364 = VECTOR('',#5365,1.);
#5365 = DIRECTION('',(0.991643349938,-0.129009559817,0.));
#5366 = ORIENTED_EDGE('',*,*,#5367,.T.);
#5367 = EDGE_CURVE('',#5360,#5368,#5370,.T.);
#5368 = VERTEX_POINT('',#5369);
#5369 = CARTESIAN_POINT('',(137.319913,-108.285074,8.5));
#5370 = LINE('',#5371,#5372);
#5371 = CARTESIAN_POINT('',(128.735397,-103.29753,8.5));
#5372 = VECTOR('',#5373,1.);
#5373 = DIRECTION('',(0.86465830132,-0.502360450234,0.));
#5374 = ORIENTED_EDGE('',*,*,#5375,.F.);
#5375 = EDGE_CURVE('',#5376,#5368,#5378,.T.);
#5376 = VERTEX_POINT('',#5377);
#5377 = CARTESIAN_POINT('',(139.807699,-112.545673,8.5));
#5378 = CIRCLE('',#5379,4.999931);
#5379 = AXIS2_PLACEMENT_3D('',#5380,#5381,#5382);
#5380 = CARTESIAN_POINT('',(134.80816041736,-112.6083145633,8.5));
#5381 = DIRECTION('',(0.,0.,1.));
#5382 = DIRECTION('',(1.,0.,0.));
#5383 = ORIENTED_EDGE('',*,*,#5384,.T.);
#5384 = EDGE_CURVE('',#5376,#5385,#5387,.T.);
#5385 = VERTEX_POINT('',#5386);
#5386 = CARTESIAN_POINT('',(139.807698,-112.548516,8.5));
#5387 = B_SPLINE_CURVE_WITH_KNOTS('',3,(#5388,#5389,#5390,#5391),
  .UNSPECIFIED.,.F.,.F.,(4,4),(0.,1.),.PIECEWISE_BEZIER_KNOTS.);
#5388 = CARTESIAN_POINT('',(139.807699,-112.545673,8.5));
#5389 = CARTESIAN_POINT('',(139.807698,-112.546621,8.5));
#5390 = CARTESIAN_POINT('',(139.807698,-112.547568,8.5));
#5391 = CARTESIAN_POINT('',(139.807698,-112.548516,8.5));
#5392 = ORIENTED_EDGE('',*,*,#5393,.T.);
#5393 = EDGE_CURVE('',#5385,#5394,#5396,.T.);
#5394 = VERTEX_POINT('',#5395);
#5395 = CARTESIAN_POINT('',(142.807698,-115.548516,8.5));
#5396 = CIRCLE('',#5397,3.);
#5397 = AXIS2_PLACEMENT_3D('',#5398,#5399,#5400);
#5398 = CARTESIAN_POINT('',(142.807698,-112.548516,8.5));
#5399 = DIRECTION('',(0.,0.,1.));
#5400 = DIRECTION('',(1.,0.,0.));
#5401 = ORIENTED_EDGE('',*,*,#5402,.T.);
#5402 = EDGE_CURVE('',#5394,#5403,#5405,.T.);
#5403 = VERTEX_POINT('',#5404);
#5404 = CARTESIAN_POINT('',(143.615509,-115.438509,8.5));
#5405 = B_SPLINE_CURVE_WITH_KNOTS('',3,(#5406,#5407,#5408,#5409),
  .UNSPECIFIED.,.F.,.F.,(4,4),(0.,1.),.PIECEWISE_BEZIER_KNOTS.);
#5406 = CARTESIAN_POINT('',(142.807698,-115.548516,8.5));
#5407 = CARTESIAN_POINT('',(143.087577,-115.548516,8.5));
#5408 = CARTESIAN_POINT('',(143.358505,-115.51019,8.5));
#5409 = CARTESIAN_POINT('',(143.615509,-115.438509,8.5));
#5410 = ORIENTED_EDGE('',*,*,#5411,.F.);
#5411 = EDGE_CURVE('',#5412,#5403,#5414,.T.);
#5412 = VERTEX_POINT('',#5413);
#5413 = CARTESIAN_POINT('',(148.488787,-116.710097,8.5));
#5414 = CIRCLE('',#5415,5.);
#5415 = AXIS2_PLACEMENT_3D('',#5416,#5417,#5418);
#5416 = CARTESIAN_POINT('',(144.96155833788,-120.2539166857,8.5));
#5417 = DIRECTION('',(0.,0.,1.));
#5418 = DIRECTION('',(1.,0.,0.));
#5419 = ORIENTED_EDGE('',*,*,#5420,.T.);
#5420 = EDGE_CURVE('',#5412,#5421,#5423,.T.);
#5421 = VERTEX_POINT('',#5422);
#5422 = CARTESIAN_POINT('',(155.859092,-123.981855,8.5));
#5423 = LINE('',#5424,#5425);
#5424 = CARTESIAN_POINT('',(148.488787,-116.710097,8.5));
#5425 = VECTOR('',#5426,1.);
#5426 = DIRECTION('',(0.711849772901,-0.702331759797,0.));
#5427 = ORIENTED_EDGE('',*,*,#5428,.T.);
#5428 = EDGE_CURVE('',#5421,#5429,#5431,.T.);
#5429 = VERTEX_POINT('',#5430);
#5430 = CARTESIAN_POINT('',(156.361105,-124.392861,8.5));
#5431 = B_SPLINE_CURVE_WITH_KNOTS('',3,(#5432,#5433,#5434,#5435),
  .UNSPECIFIED.,.F.,.F.,(4,4),(0.,1.),.PIECEWISE_BEZIER_KNOTS.);
#5432 = CARTESIAN_POINT('',(155.859092,-123.981855,8.5));
#5433 = CARTESIAN_POINT('',(156.013096,-124.133857,8.5));
#5434 = CARTESIAN_POINT('',(156.1811,-124.271859,8.5));
#5435 = CARTESIAN_POINT('',(156.361105,-124.392861,8.5));
#5436 = ORIENTED_EDGE('',*,*,#5437,.T.);
#5437 = EDGE_CURVE('',#5429,#5438,#5440,.T.);
#5438 = VERTEX_POINT('',#5439);
#5439 = CARTESIAN_POINT('',(162.889272,-123.416846,8.5));
#5440 = B_SPLINE_CURVE_WITH_KNOTS('',3,(#5441,#5442,#5443,#5444),
  .UNSPECIFIED.,.F.,.F.,(4,4),(0.,1.),.PIECEWISE_BEZIER_KNOTS.);
#5441 = CARTESIAN_POINT('',(156.361105,-124.392861,8.5));
#5442 = CARTESIAN_POINT('',(158.461159,-125.807884,8.5));
#5443 = CARTESIAN_POINT('',(161.294231,-125.383877,8.5));
#5444 = CARTESIAN_POINT('',(162.889272,-123.416846,8.5));
#5445 = ORIENTED_EDGE('',*,*,#5446,.T.);
#5446 = EDGE_CURVE('',#5438,#5447,#5449,.T.);
#5447 = VERTEX_POINT('',#5448);
#5448 = CARTESIAN_POINT('',(182.724104,-103.576942,8.5));
#5449 = LINE('',#5450,#5451);
#5450 = CARTESIAN_POINT('',(162.889272,-123.416846,8.5));
#5451 = VECTOR('',#5452,1.);
#5452 = DIRECTION('',(0.707016379204,0.707197171613,0.));
#5453 = ORIENTED_EDGE('',*,*,#5454,.F.);
#5454 = EDGE_CURVE('',#5455,#5447,#5457,.T.);
#5455 = VERTEX_POINT('',#5456);
#5456 = CARTESIAN_POINT('',(187.406821,-102.245325,8.5));
#5457 = CIRCLE('',#5458,4.999902);
#5458 = AXIS2_PLACEMENT_3D('',#5459,#5460,#5461);
#5459 = CARTESIAN_POINT('',(186.26003842581,-107.1119367306,8.5));
#5460 = DIRECTION('',(0.,0.,1.));
#5461 = DIRECTION('',(1.,0.,0.));
#5462 = ORIENTED_EDGE('',*,*,#5463,.T.);
#5463 = EDGE_CURVE('',#5455,#5464,#5466,.T.);
#5464 = VERTEX_POINT('',#5465);
#5465 = CARTESIAN_POINT('',(188.131757,-102.333538,8.5));
#5466 = B_SPLINE_CURVE_WITH_KNOTS('',3,(#5467,#5468,#5469,#5470),
  .UNSPECIFIED.,.F.,.F.,(4,4),(0.,1.),.PIECEWISE_BEZIER_KNOTS.);
#5467 = CARTESIAN_POINT('',(187.406821,-102.245325,8.5));
#5468 = CARTESIAN_POINT('',(187.63894,-102.302963,8.5));
#5469 = CARTESIAN_POINT('',(187.881778,-102.333538,8.5));
#5470 = CARTESIAN_POINT('',(188.131757,-102.333538,8.5));
#5471 = ORIENTED_EDGE('',*,*,#5472,.T.);
#5472 = EDGE_CURVE('',#5464,#5473,#5475,.T.);
#5473 = VERTEX_POINT('',#5474);
#5474 = CARTESIAN_POINT('',(191.131757,-99.333538,8.5));
#5475 = CIRCLE('',#5476,3.);
#5476 = AXIS2_PLACEMENT_3D('',#5477,#5478,#5479);
#5477 = CARTESIAN_POINT('',(188.131757,-99.333538,8.5));
#5478 = DIRECTION('',(0.,0.,1.));
#5479 = DIRECTION('',(1.,0.,0.));
#5480 = ORIENTED_EDGE('',*,*,#5481,.T.);
#5481 = EDGE_CURVE('',#5473,#5482,#5484,.T.);
#5482 = VERTEX_POINT('',#5483);
#5483 = CARTESIAN_POINT('',(190.832026,-98.025489,8.5));
#5484 = B_SPLINE_CURVE_WITH_KNOTS('',3,(#5485,#5486,#5487,#5488),
  .UNSPECIFIED.,.F.,.F.,(4,4),(0.,1.),.PIECEWISE_BEZIER_KNOTS.);
#5485 = CARTESIAN_POINT('',(191.131757,-99.333538,8.5));
#5486 = CARTESIAN_POINT('',(191.131757,-98.864497,8.5));
#5487 = CARTESIAN_POINT('',(191.024116,-98.420598,8.5));
#5488 = CARTESIAN_POINT('',(190.832026,-98.025489,8.5));
#5489 = ORIENTED_EDGE('',*,*,#5490,.F.);
#5490 = EDGE_CURVE('',#5491,#5482,#5493,.T.);
#5491 = VERTEX_POINT('',#5492);
#5492 = CARTESIAN_POINT('',(190.393212,-95.029605,8.5));
#5493 = CIRCLE('',#5494,4.99976);
#5494 = AXIS2_PLACEMENT_3D('',#5495,#5496,#5497);
#5495 = CARTESIAN_POINT('',(195.32735464683,-95.83696885741,8.5));
#5496 = DIRECTION('',(0.,0.,1.));
#5497 = DIRECTION('',(1.,0.,0.));
#5498 = ORIENTED_EDGE('',*,*,#5499,.T.);
#5499 = EDGE_CURVE('',#5491,#5500,#5502,.T.);
#5500 = VERTEX_POINT('',#5501);
#5501 = CARTESIAN_POINT('',(190.449979,-94.40239,8.5));
#5502 = B_SPLINE_CURVE_WITH_KNOTS('',3,(#5503,#5504,#5505,#5506),
  .UNSPECIFIED.,.F.,.F.,(4,4),(0.,1.),.PIECEWISE_BEZIER_KNOTS.);
#5503 = CARTESIAN_POINT('',(190.393212,-95.029605,8.5));
#5504 = CARTESIAN_POINT('',(190.430714,-94.824074,8.5));
#5505 = CARTESIAN_POINT('',(190.449979,-94.614198,8.5));
#5506 = CARTESIAN_POINT('',(190.449979,-94.40239,8.5));
#5507 = ORIENTED_EDGE('',*,*,#5508,.T.);
#5508 = EDGE_CURVE('',#5500,#5509,#5511,.T.);
#5509 = VERTEX_POINT('',#5510);
#5510 = CARTESIAN_POINT('',(190.454979,-87.006274,8.5));
#5511 = LINE('',#5512,#5513);
#5512 = CARTESIAN_POINT('',(190.449979,-94.40239,8.5));
#5513 = VECTOR('',#5514,1.);
#5514 = DIRECTION('',(6.760303458574E-04,0.999999771491,0.));
#5515 = ORIENTED_EDGE('',*,*,#5516,.T.);
#5516 = EDGE_CURVE('',#5509,#5517,#5519,.T.);
#5517 = VERTEX_POINT('',#5518);
#5518 = CARTESIAN_POINT('',(190.454979,-87.001274,8.5));
#5519 = B_SPLINE_CURVE_WITH_KNOTS('',3,(#5520,#5521,#5522,#5523),
  .UNSPECIFIED.,.F.,.F.,(4,4),(0.,1.),.PIECEWISE_BEZIER_KNOTS.);
#5520 = CARTESIAN_POINT('',(190.454979,-87.006274,8.5));
#5521 = CARTESIAN_POINT('',(190.454979,-87.004274,8.5));
#5522 = CARTESIAN_POINT('',(190.454979,-87.003274,8.5));
#5523 = CARTESIAN_POINT('',(190.454979,-87.001274,8.5));
#5524 = ORIENTED_EDGE('',*,*,#5525,.T.);
#5525 = EDGE_CURVE('',#5517,#5526,#5528,.T.);
#5526 = VERTEX_POINT('',#5527);
#5527 = CARTESIAN_POINT('',(190.45329213721,-84.97700693884,8.5));
#5528 = LINE('',#5529,#5530);
#5529 = CARTESIAN_POINT('',(190.454979,-87.001274,8.5));
#5530 = VECTOR('',#5531,1.);
#5531 = DIRECTION('',(-8.333199886482E-04,0.999999652789,0.));
#5532 = ORIENTED_EDGE('',*,*,#5533,.F.);
#5533 = EDGE_CURVE('',#5534,#5526,#5536,.T.);
#5534 = VERTEX_POINT('',#5535);
#5535 = CARTESIAN_POINT('',(174.45329769258,-84.99034005865,8.5));
#5536 = LINE('',#5537,#5538);
#5537 = CARTESIAN_POINT('',(174.45329769258,-84.99034005865,8.5));
#5538 = VECTOR('',#5539,1.);
#5539 = DIRECTION('',(0.999999652789,8.33319988639E-04,0.));
#5540 = ORIENTED_EDGE('',*,*,#5541,.F.);
#5541 = EDGE_CURVE('',#5542,#5534,#5544,.T.);
#5542 = VERTEX_POINT('',#5543);
#5543 = CARTESIAN_POINT('',(174.44704779267,-77.49034266274,8.5));
#5544 = LINE('',#5545,#5546);
#5545 = CARTESIAN_POINT('',(174.44704779267,-77.49034266274,8.5));
#5546 = VECTOR('',#5547,1.);
#5547 = DIRECTION('',(8.33319988639E-04,-0.999999652789,0.));
#5548 = ORIENTED_EDGE('',*,*,#5549,.F.);
#5549 = EDGE_CURVE('',#5550,#5542,#5552,.T.);
#5550 = VERTEX_POINT('',#5551);
#5551 = CARTESIAN_POINT('',(190.44727436441,-77.47700934948,8.5));
#5552 = LINE('',#5553,#5554);
#5553 = CARTESIAN_POINT('',(192.44704154287,-77.47534290294,8.5));
#5554 = VECTOR('',#5555,1.);
#5555 = DIRECTION('',(-0.999999652789,-8.33319988639E-04,0.));
#5556 = ORIENTED_EDGE('',*,*,#5557,.T.);
#5557 = EDGE_CURVE('',#5550,#5558,#5560,.T.);
#5558 = VERTEX_POINT('',#5559);
#5559 = CARTESIAN_POINT('',(190.416978,-38.000505,8.5));
#5560 = LINE('',#5561,#5562);
#5561 = CARTESIAN_POINT('',(190.449979,-81.00118,8.5));
#5562 = VECTOR('',#5563,1.);
#5563 = DIRECTION('',(-7.674528430415E-04,0.999999705508,0.));
#5564 = ORIENTED_EDGE('',*,*,#5565,.T.);
#5565 = EDGE_CURVE('',#5558,#5566,#5568,.T.);
#5566 = VERTEX_POINT('',#5567);
#5567 = CARTESIAN_POINT('',(190.415071,-35.14086,8.5));
#5568 = LINE('',#5569,#5570);
#5569 = CARTESIAN_POINT('',(190.416978,-38.000505,8.5));
#5570 = VECTOR('',#5571,1.);
#5571 = DIRECTION('',(-6.668658438224E-04,0.999999777645,0.));
#5572 = ORIENTED_EDGE('',*,*,#5573,.F.);
#5573 = EDGE_CURVE('',#5574,#5566,#5576,.T.);
#5574 = VERTEX_POINT('',#5575);
#5575 = CARTESIAN_POINT('',(192.561472,-31.031835,8.5));
#5576 = CIRCLE('',#5577,4.99988);
#5577 = AXIS2_PLACEMENT_3D('',#5578,#5579,#5580);
#5578 = CARTESIAN_POINT('',(195.41494986929,-35.1374974391,8.5));
#5579 = DIRECTION('',(0.,0.,1.));
#5580 = DIRECTION('',(1.,0.,0.));
#5581 = ORIENTED_EDGE('',*,*,#5582,.T.);
#5582 = EDGE_CURVE('',#5574,#5583,#5585,.T.);
#5583 = VERTEX_POINT('',#5584);
#5584 = CARTESIAN_POINT('',(193.848572,-28.56891499913,8.5));
#5585 = CIRCLE('',#5586,3.);
#5586 = AXIS2_PLACEMENT_3D('',#5587,#5588,#5589);
#5587 = CARTESIAN_POINT('',(190.848572,-28.5689152713,8.5));
#5588 = DIRECTION('',(0.,0.,1.));
#5589 = DIRECTION('',(1.,0.,0.));
#5590 = ORIENTED_EDGE('',*,*,#5591,.T.);
#5591 = EDGE_CURVE('',#5583,#5592,#5594,.T.);
#5592 = VERTEX_POINT('',#5593);
#5593 = CARTESIAN_POINT('',(192.37187599925,-25.98443299956,8.5));
#5594 = CIRCLE('',#5595,3.);
#5595 = AXIS2_PLACEMENT_3D('',#5596,#5597,#5598);
#5596 = CARTESIAN_POINT('',(190.848572,-28.56891455798,8.5));
#5597 = DIRECTION('',(0.,0.,1.));
#5598 = DIRECTION('',(1.,0.,0.));
#5599 = ORIENTED_EDGE('',*,*,#5600,.F.);
#5600 = EDGE_CURVE('',#5601,#5592,#5603,.T.);
#5601 = VERTEX_POINT('',#5602);
#5602 = CARTESIAN_POINT('',(190.190822,-23.326947,8.5));
#5603 = CIRCLE('',#5604,4.999868);
#5604 = AXIS2_PLACEMENT_3D('',#5605,#5606,#5607);
#5605 = CARTESIAN_POINT('',(194.91062813709,-21.67706517221,8.5));
#5606 = DIRECTION('',(0.,0.,1.));
#5607 = DIRECTION('',(1.,0.,0.));
#5608 = ORIENTED_EDGE('',*,*,#5609,.T.);
#5609 = EDGE_CURVE('',#5601,#5610,#5612,.T.);
#5610 = VERTEX_POINT('',#5611);
#5611 = CARTESIAN_POINT('',(186.406875,-20.627232,8.5));
#5612 = B_SPLINE_CURVE_WITH_KNOTS('',3,(#5613,#5614,#5615,#5616),
  .UNSPECIFIED.,.F.,.F.,(4,4),(0.,1.),.PIECEWISE_BEZIER_KNOTS.);
#5613 = CARTESIAN_POINT('',(190.190822,-23.326947,8.5));
#5614 = CARTESIAN_POINT('',(189.651008,-21.756213,8.5));
#5615 = CARTESIAN_POINT('',(188.160447,-20.627232,8.5));
#5616 = CARTESIAN_POINT('',(186.406875,-20.627232,8.5));
#5617 = ORIENTED_EDGE('',*,*,#5618,.T.);
#5618 = EDGE_CURVE('',#5610,#5619,#5621,.T.);
#5619 = VERTEX_POINT('',#5620);
#5620 = CARTESIAN_POINT('',(176.186613,-20.627232,8.5));
#5621 = LINE('',#5622,#5623);
#5622 = CARTESIAN_POINT('',(186.406875,-20.627232,8.5));
#5623 = VECTOR('',#5624,1.);
#5624 = DIRECTION('',(-1.,0.,0.));
#5625 = ORIENTED_EDGE('',*,*,#5626,.T.);
#5626 = EDGE_CURVE('',#5619,#5627,#5629,.T.);
#5627 = VERTEX_POINT('',#5628);
#5628 = CARTESIAN_POINT('',(161.267293,-18.686685,8.5));
#5629 = LINE('',#5630,#5631);
#5630 = CARTESIAN_POINT('',(176.186613,-20.627232,8.5));
#5631 = VECTOR('',#5632,1.);
#5632 = DIRECTION('',(-0.991646817089,0.128982906457,0.));
#5633 = ORIENTED_EDGE('',*,*,#5634,.F.);
#5634 = EDGE_CURVE('',#5635,#5627,#5637,.T.);
#5635 = VERTEX_POINT('',#5636);
#5636 = CARTESIAN_POINT('',(157.53906,-16.152288,8.5));
#5637 = CIRCLE('',#5638,4.999724);
#5638 = AXIS2_PLACEMENT_3D('',#5639,#5640,#5641);
#5639 = CARTESIAN_POINT('',(161.91210694656,-13.72871615676,8.5));
#5640 = DIRECTION('',(0.,0.,1.));
#5641 = DIRECTION('',(1.,0.,0.));
#5642 = ORIENTED_EDGE('',*,*,#5643,.T.);
#5643 = EDGE_CURVE('',#5635,#5644,#5646,.T.);
#5644 = VERTEX_POINT('',#5645);
#5645 = CARTESIAN_POINT('',(154.918248,-14.6122,8.5));
#5646 = CIRCLE('',#5647,3.);
#5647 = AXIS2_PLACEMENT_3D('',#5648,#5649,#5650);
#5648 = CARTESIAN_POINT('',(154.91824773044,-17.6122,8.5));
#5649 = DIRECTION('',(0.,0.,1.));
#5650 = DIRECTION('',(1.,0.,0.));
#5651 = ORIENTED_EDGE('',*,*,#5652,.T.);
#5652 = EDGE_CURVE('',#5644,#5653,#5655,.T.);
#5653 = VERTEX_POINT('',#5654);
#5654 = CARTESIAN_POINT('',(152.389848,-15.99752,8.5));
#5655 = CIRCLE('',#5656,3.);
#5656 = AXIS2_PLACEMENT_3D('',#5657,#5658,#5659);
#5657 = CARTESIAN_POINT('',(154.91824838316,-17.6122,8.5));
#5658 = DIRECTION('',(0.,0.,1.));
#5659 = DIRECTION('',(1.,0.,0.));
#5660 = ORIENTED_EDGE('',*,*,#5661,.F.);
#5661 = EDGE_CURVE('',#5662,#5653,#5664,.T.);
#5662 = VERTEX_POINT('',#5663);
#5663 = CARTESIAN_POINT('',(148.156578,-18.306349,8.5));
#5664 = CIRCLE('',#5665,5.);
#5665 = AXIS2_PLACEMENT_3D('',#5666,#5667,#5668);
#5666 = CARTESIAN_POINT('',(148.17584770265,-13.30638613228,8.5));
#5667 = DIRECTION('',(0.,0.,1.));
#5668 = DIRECTION('',(1.,0.,0.));
#5669 = ORIENTED_EDGE('',*,*,#5670,.T.);
#5670 = EDGE_CURVE('',#5662,#5671,#5673,.T.);
#5671 = VERTEX_POINT('',#5672);
#5672 = CARTESIAN_POINT('',(123.115253,-18.321196,8.5));
#5673 = LINE('',#5674,#5675);
#5674 = CARTESIAN_POINT('',(148.156578,-18.306349,8.5));
#5675 = VECTOR('',#5676,1.);
#5676 = DIRECTION('',(-0.999999824235,-5.928998321941E-04,0.));
#5677 = ORIENTED_EDGE('',*,*,#5678,.T.);
#5678 = EDGE_CURVE('',#5671,#5679,#5681,.T.);
#5679 = VERTEX_POINT('',#5680);
#5680 = CARTESIAN_POINT('',(119.408158,-15.823157,8.5));
#5681 = B_SPLINE_CURVE_WITH_KNOTS('',3,(#5682,#5683,#5684,#5685),
  .UNSPECIFIED.,.F.,.F.,(4,4),(0.,1.),.PIECEWISE_BEZIER_KNOTS.);
#5682 = CARTESIAN_POINT('',(123.115253,-18.321196,8.5));
#5683 = CARTESIAN_POINT('',(122.504237,-16.811172,8.5));
#5684 = CARTESIAN_POINT('',(121.037199,-15.823157,8.5));
#5685 = CARTESIAN_POINT('',(119.408158,-15.823157,8.5));
#5686 = ORIENTED_EDGE('',*,*,#5687,.T.);
#5687 = EDGE_CURVE('',#5679,#5056,#5688,.T.);
#5688 = LINE('',#5689,#5690);
#5689 = CARTESIAN_POINT('',(119.408158,-15.823157,8.5));
#5690 = VECTOR('',#5691,1.);
#5691 = DIRECTION('',(-1.,0.,0.));
#5692 = FACE_BOUND('',#5693,.F.);
#5693 = EDGE_LOOP('',(#5694));
#5694 = ORIENTED_EDGE('',*,*,#5695,.F.);
#5695 = EDGE_CURVE('',#5696,#5696,#5698,.T.);
#5696 = VERTEX_POINT('',#5697);
#5697 = CARTESIAN_POINT('',(42.087843,-92.211337,8.5));
#5698 = CIRCLE('',#5699,1.6);
#5699 = AXIS2_PLACEMENT_3D('',#5700,#5701,#5702);
#5700 = CARTESIAN_POINT('',(40.487843,-92.211337,8.5));
#5701 = DIRECTION('',(0.,0.,1.));
#5702 = DIRECTION('',(1.,0.,0.));
#5703 = FACE_BOUND('',#5704,.F.);
#5704 = EDGE_LOOP('',(#5705,#5715,#5723,#5731));
#5705 = ORIENTED_EDGE('',*,*,#5706,.F.);
#5706 = EDGE_CURVE('',#5707,#5709,#5711,.T.);
#5707 = VERTEX_POINT('',#5708);
#5708 = CARTESIAN_POINT('',(82.446271,-97.360454,8.5));
#5709 = VERTEX_POINT('',#5710);
#5710 = CARTESIAN_POINT('',(79.640404,-81.608403,8.5));
#5711 = LINE('',#5712,#5713);
#5712 = CARTESIAN_POINT('',(82.446271,-97.360454,8.5));
#5713 = VECTOR('',#5714,1.);
#5714 = DIRECTION('',(-0.175366687388,0.984503186869,0.));
#5715 = ORIENTED_EDGE('',*,*,#5716,.F.);
#5716 = EDGE_CURVE('',#5717,#5707,#5719,.T.);
#5717 = VERTEX_POINT('',#5718);
#5718 = CARTESIAN_POINT('',(48.973163,-103.322923,8.5));
#5719 = LINE('',#5720,#5721);
#5720 = CARTESIAN_POINT('',(48.973163,-103.322923,8.5));
#5721 = VECTOR('',#5722,1.);
#5722 = DIRECTION('',(0.984503178278,0.175366735616,0.));
#5723 = ORIENTED_EDGE('',*,*,#5724,.F.);
#5724 = EDGE_CURVE('',#5725,#5717,#5727,.T.);
#5725 = VERTEX_POINT('',#5726);
#5726 = CARTESIAN_POINT('',(46.167296,-87.570872,8.5));
#5727 = LINE('',#5728,#5729);
#5728 = CARTESIAN_POINT('',(46.167296,-87.570872,8.5));
#5729 = VECTOR('',#5730,1.);
#5730 = DIRECTION('',(0.175366687388,-0.984503186869,0.));
#5731 = ORIENTED_EDGE('',*,*,#5732,.F.);
#5732 = EDGE_CURVE('',#5709,#5725,#5733,.T.);
#5733 = LINE('',#5734,#5735);
#5734 = CARTESIAN_POINT('',(79.640404,-81.608403,8.5));
#5735 = VECTOR('',#5736,1.);
#5736 = DIRECTION('',(-0.984503178278,-0.175366735616,0.));
#5737 = FACE_BOUND('',#5738,.F.);
#5738 = EDGE_LOOP('',(#5739));
#5739 = ORIENTED_EDGE('',*,*,#5740,.F.);
#5740 = EDGE_CURVE('',#5741,#5741,#5743,.T.);
#5741 = VERTEX_POINT('',#5742);
#5742 = CARTESIAN_POINT('',(88.92261,-94.82474,8.5));
#5743 = CIRCLE('',#5744,1.6);
#5744 = AXIS2_PLACEMENT_3D('',#5745,#5746,#5747);
#5745 = CARTESIAN_POINT('',(87.32261,-94.82474,8.5));
#5746 = DIRECTION('',(0.,0.,1.));
#5747 = DIRECTION('',(1.,0.,0.));
#5748 = FACE_BOUND('',#5749,.F.);
#5749 = EDGE_LOOP('',(#5750,#5760,#5768,#5776));
#5750 = ORIENTED_EDGE('',*,*,#5751,.T.);
#5751 = EDGE_CURVE('',#5752,#5754,#5756,.T.);
#5752 = VERTEX_POINT('',#5753);
#5753 = CARTESIAN_POINT('',(41.576163,-71.174026,8.5));
#5754 = VERTEX_POINT('',#5755);
#5755 = CARTESIAN_POINT('',(44.016225,-84.954242,8.5));
#5756 = LINE('',#5757,#5758);
#5757 = CARTESIAN_POINT('',(41.576163,-71.174026,8.5));
#5758 = VECTOR('',#5759,1.);
#5759 = DIRECTION('',(0.174357650319,-0.984682390304,0.));
#5760 = ORIENTED_EDGE('',*,*,#5761,.T.);
#5761 = EDGE_CURVE('',#5754,#5762,#5764,.T.);
#5762 = VERTEX_POINT('',#5763);
#5763 = CARTESIAN_POINT('',(30.225872,-87.39428,8.5));
#5764 = LINE('',#5765,#5766);
#5765 = CARTESIAN_POINT('',(44.016225,-84.954242,8.5));
#5766 = VECTOR('',#5767,1.);
#5767 = DIRECTION('',(-0.984704681512,-0.174231714131,0.));
#5768 = ORIENTED_EDGE('',*,*,#5769,.T.);
#5769 = EDGE_CURVE('',#5762,#5770,#5772,.T.);
#5770 = VERTEX_POINT('',#5771);
#5771 = CARTESIAN_POINT('',(27.79581,-73.604064,8.5));
#5772 = LINE('',#5773,#5774);
#5773 = CARTESIAN_POINT('',(30.225872,-87.39428,8.5));
#5774 = VECTOR('',#5775,1.);
#5775 = DIRECTION('',(-0.173542542541,0.984826373494,0.));
#5776 = ORIENTED_EDGE('',*,*,#5777,.T.);
#5777 = EDGE_CURVE('',#5770,#5752,#5778,.T.);
#5778 = LINE('',#5779,#5780);
#5779 = CARTESIAN_POINT('',(27.79581,-73.604064,8.5));
#5780 = VECTOR('',#5781,1.);
#5781 = DIRECTION('',(0.984805431367,0.173661343859,0.));
#5782 = FACE_BOUND('',#5783,.F.);
#5783 = EDGE_LOOP('',(#5784,#5794,#5802,#5810));
#5784 = ORIENTED_EDGE('',*,*,#5785,.T.);
#5785 = EDGE_CURVE('',#5786,#5788,#5790,.T.);
#5786 = VERTEX_POINT('',#5787);
#5787 = CARTESIAN_POINT('',(60.296643,-67.873974,8.5));
#5788 = VERTEX_POINT('',#5789);
#5789 = CARTESIAN_POINT('',(62.726705,-81.66419,8.5));
#5790 = LINE('',#5791,#5792);
#5791 = CARTESIAN_POINT('',(60.296643,-67.873974,8.5));
#5792 = VECTOR('',#5793,1.);
#5793 = DIRECTION('',(0.173542542541,-0.984826373494,0.));
#5794 = ORIENTED_EDGE('',*,*,#5795,.T.);
#5795 = EDGE_CURVE('',#5788,#5796,#5798,.T.);
#5796 = VERTEX_POINT('',#5797);
#5797 = CARTESIAN_POINT('',(48.936351,-84.094229,8.5));
#5798 = LINE('',#5799,#5800);
#5799 = CARTESIAN_POINT('',(62.726705,-81.66419,8.5));
#5800 = VECTOR('',#5801,1.);
#5801 = DIRECTION('',(-0.984826951019,-0.173539265143,0.));
#5802 = ORIENTED_EDGE('',*,*,#5803,.T.);
#5803 = EDGE_CURVE('',#5796,#5804,#5806,.T.);
#5804 = VERTEX_POINT('',#5805);
#5805 = CARTESIAN_POINT('',(46.506289,-70.304012,8.5));
#5806 = LINE('',#5807,#5808);
#5807 = CARTESIAN_POINT('',(48.936351,-84.094229,8.5));
#5808 = VECTOR('',#5809,1.);
#5809 = DIRECTION('',(-0.173542530335,0.984826375644,0.));
#5810 = ORIENTED_EDGE('',*,*,#5811,.T.);
#5811 = EDGE_CURVE('',#5804,#5786,#5812,.T.);
#5812 = LINE('',#5813,#5814);
#5813 = CARTESIAN_POINT('',(46.506289,-70.304012,8.5));
#5814 = VECTOR('',#5815,1.);
#5815 = DIRECTION('',(0.984826963224,0.17353919588,0.));
#5816 = FACE_BOUND('',#5817,.F.);
#5817 = EDGE_LOOP('',(#5818));
#5818 = ORIENTED_EDGE('',*,*,#5819,.F.);
#5819 = EDGE_CURVE('',#5820,#5820,#5822,.T.);
#5820 = VERTEX_POINT('',#5821);
#5821 = CARTESIAN_POINT('',(45.25,-68.23,8.5));
#5822 = CIRCLE('',#5823,1.6);
#5823 = AXIS2_PLACEMENT_3D('',#5824,#5825,#5826);
#5824 = CARTESIAN_POINT('',(43.65,-68.23,8.5));
#5825 = DIRECTION('',(0.,0.,1.));
#5826 = DIRECTION('',(1.,0.,0.));
#5827 = FACE_BOUND('',#5828,.F.);
#5828 = EDGE_LOOP('',(#5829,#5839,#5847,#5855));
#5829 = ORIENTED_EDGE('',*,*,#5830,.T.);
#5830 = EDGE_CURVE('',#5831,#5833,#5835,.T.);
#5831 = VERTEX_POINT('',#5832);
#5832 = CARTESIAN_POINT('',(108.407876,-79.07415,8.5));
#5833 = VERTEX_POINT('',#5834);
#5834 = CARTESIAN_POINT('',(108.407876,-93.07437,8.5));
#5835 = LINE('',#5836,#5837);
#5836 = CARTESIAN_POINT('',(108.407876,-79.07415,8.5));
#5837 = VECTOR('',#5838,1.);
#5838 = DIRECTION('',(0.,-1.,0.));
#5839 = ORIENTED_EDGE('',*,*,#5840,.T.);
#5840 = EDGE_CURVE('',#5833,#5841,#5843,.T.);
#5841 = VERTEX_POINT('',#5842);
#5842 = CARTESIAN_POINT('',(94.407517,-93.07437,8.5));
#5843 = LINE('',#5844,#5845);
#5844 = CARTESIAN_POINT('',(108.407876,-93.07437,8.5));
#5845 = VECTOR('',#5846,1.);
#5846 = DIRECTION('',(-1.,0.,0.));
#5847 = ORIENTED_EDGE('',*,*,#5848,.T.);
#5848 = EDGE_CURVE('',#5841,#5849,#5851,.T.);
#5849 = VERTEX_POINT('',#5850);
#5850 = CARTESIAN_POINT('',(94.407517,-79.07415,8.5));
#5851 = LINE('',#5852,#5853);
#5852 = CARTESIAN_POINT('',(94.407517,-93.07437,8.5));
#5853 = VECTOR('',#5854,1.);
#5854 = DIRECTION('',(0.,1.,0.));
#5855 = ORIENTED_EDGE('',*,*,#5856,.T.);
#5856 = EDGE_CURVE('',#5849,#5831,#5857,.T.);
#5857 = LINE('',#5858,#5859);
#5858 = CARTESIAN_POINT('',(94.407517,-79.07415,8.5));
#5859 = VECTOR('',#5860,1.);
#5860 = DIRECTION('',(1.,0.,0.));
#5861 = FACE_BOUND('',#5862,.F.);
#5862 = EDGE_LOOP('',(#5863,#5873,#5881,#5889));
#5863 = ORIENTED_EDGE('',*,*,#5864,.T.);
#5864 = EDGE_CURVE('',#5865,#5867,#5869,.T.);
#5865 = VERTEX_POINT('',#5866);
#5866 = CARTESIAN_POINT('',(79.577137,-61.843879,8.5));
#5867 = VERTEX_POINT('',#5868);
#5868 = CARTESIAN_POINT('',(80.797168,-75.794098,8.5));
#5869 = LINE('',#5870,#5871);
#5870 = CARTESIAN_POINT('',(79.577137,-61.843879,8.5));
#5871 = VECTOR('',#5872,1.);
#5872 = DIRECTION('',(8.712349641276E-02,-0.996197518755,0.));
#5873 = ORIENTED_EDGE('',*,*,#5874,.T.);
#5874 = EDGE_CURVE('',#5867,#5875,#5877,.T.);
#5875 = VERTEX_POINT('',#5876);
#5876 = CARTESIAN_POINT('',(66.846811,-77.014117,8.5));
#5877 = LINE('',#5878,#5879);
#5878 = CARTESIAN_POINT('',(80.797168,-75.794098,8.5));
#5879 = VECTOR('',#5880,1.);
#5880 = DIRECTION('',(-0.996197667929,-8.712179069172E-02,0.));
#5881 = ORIENTED_EDGE('',*,*,#5882,.T.);
#5882 = EDGE_CURVE('',#5875,#5883,#5885,.T.);
#5883 = VERTEX_POINT('',#5884);
#5884 = CARTESIAN_POINT('',(65.626779,-63.063898,8.5));
#5885 = LINE('',#5886,#5887);
#5886 = CARTESIAN_POINT('',(66.846811,-77.014117,8.5));
#5887 = VECTOR('',#5888,1.);
#5888 = DIRECTION('',(-8.71235672816E-02,0.996197512557,0.));
#5889 = ORIENTED_EDGE('',*,*,#5890,.T.);
#5890 = EDGE_CURVE('',#5883,#5865,#5891,.T.);
#5891 = LINE('',#5892,#5893);
#5892 = CARTESIAN_POINT('',(65.626779,-63.063898,8.5));
#5893 = VECTOR('',#5894,1.);
#5894 = DIRECTION('',(0.996197668471,8.712178449399E-02,0.));
#5895 = FACE_BOUND('',#5896,.F.);
#5896 = EDGE_LOOP('',(#5897));
#5897 = ORIENTED_EDGE('',*,*,#5898,.F.);
#5898 = EDGE_CURVE('',#5899,#5899,#5901,.T.);
#5899 = VERTEX_POINT('',#5900);
#5900 = CARTESIAN_POINT('',(144.407698,-112.548516,8.5));
#5901 = CIRCLE('',#5902,1.6);
#5902 = AXIS2_PLACEMENT_3D('',#5903,#5904,#5905);
#5903 = CARTESIAN_POINT('',(142.807698,-112.548516,8.5));
#5904 = DIRECTION('',(0.,0.,1.));
#5905 = DIRECTION('',(1.,0.,0.));
#5906 = FACE_BOUND('',#5907,.F.);
#5907 = EDGE_LOOP('',(#5908,#5918,#5926,#5934));
#5908 = ORIENTED_EDGE('',*,*,#5909,.T.);
#5909 = EDGE_CURVE('',#5910,#5912,#5914,.T.);
#5910 = VERTEX_POINT('',#5911);
#5911 = CARTESIAN_POINT('',(151.818988,-93.954383,8.5));
#5912 = VERTEX_POINT('',#5913);
#5913 = CARTESIAN_POINT('',(144.818809,-106.074574,8.5));
#5914 = LINE('',#5915,#5916);
#5915 = CARTESIAN_POINT('',(151.818988,-93.954383,8.5));
#5916 = VECTOR('',#5917,1.);
#5917 = DIRECTION('',(-0.50013842822,-0.865945467462,0.));
#5918 = ORIENTED_EDGE('',*,*,#5919,.T.);
#5919 = EDGE_CURVE('',#5912,#5920,#5922,.T.);
#5920 = VERTEX_POINT('',#5921);
#5921 = CARTESIAN_POINT('',(132.698498,-99.074464,8.5));
#5922 = LINE('',#5923,#5924);
#5923 = CARTESIAN_POINT('',(144.818809,-106.074574,8.5));
#5924 = VECTOR('',#5925,1.);
#5925 = DIRECTION('',(-0.865949747055,0.500131018409,0.));
#5926 = ORIENTED_EDGE('',*,*,#5927,.T.);
#5927 = EDGE_CURVE('',#5920,#5928,#5930,.T.);
#5928 = VERTEX_POINT('',#5929);
#5929 = CARTESIAN_POINT('',(139.698678,-86.954274,8.5));
#5930 = LINE('',#5931,#5932);
#5931 = CARTESIAN_POINT('',(132.698498,-99.074464,8.5));
#5932 = VECTOR('',#5933,1.);
#5933 = DIRECTION('',(0.500138512738,0.865945418647,0.));
#5934 = ORIENTED_EDGE('',*,*,#5935,.T.);
#5935 = EDGE_CURVE('',#5928,#5910,#5936,.T.);
#5936 = LINE('',#5937,#5938);
#5937 = CARTESIAN_POINT('',(139.698678,-86.954274,8.5));
#5938 = VECTOR('',#5939,1.);
#5939 = DIRECTION('',(0.865949760127,-0.500130995776,0.));
#5940 = FACE_BOUND('',#5941,.F.);
#5941 = EDGE_LOOP('',(#5942,#5952,#5960,#5968));
#5942 = ORIENTED_EDGE('',*,*,#5943,.T.);
#5943 = EDGE_CURVE('',#5944,#5946,#5948,.T.);
#5944 = VERTEX_POINT('',#5945);
#5945 = CARTESIAN_POINT('',(168.959428,-109.304624,8.5));
#5946 = VERTEX_POINT('',#5947);
#5947 = CARTESIAN_POINT('',(159.059174,-119.20478,8.5));
#5948 = LINE('',#5949,#5950);
#5949 = CARTESIAN_POINT('',(168.959428,-109.304624,8.5));
#5950 = VECTOR('',#5951,1.);
#5951 = DIRECTION('',(-0.707110280927,-0.707103281429,0.));
#5952 = ORIENTED_EDGE('',*,*,#5953,.T.);
#5953 = EDGE_CURVE('',#5946,#5954,#5956,.T.);
#5954 = VERTEX_POINT('',#5955);
#5955 = CARTESIAN_POINT('',(149.15892,-109.304624,8.5));
#5956 = LINE('',#5957,#5958);
#5957 = CARTESIAN_POINT('',(159.059174,-119.20478,8.5));
#5958 = VECTOR('',#5959,1.);
#5959 = DIRECTION('',(-0.707110280927,0.707103281429,0.));
#5960 = ORIENTED_EDGE('',*,*,#5961,.T.);
#5961 = EDGE_CURVE('',#5954,#5962,#5964,.T.);
#5962 = VERTEX_POINT('',#5963);
#5963 = CARTESIAN_POINT('',(159.059174,-99.404469,8.5));
#5964 = LINE('',#5965,#5966);
#5965 = CARTESIAN_POINT('',(149.15892,-109.304624,8.5));
#5966 = VECTOR('',#5967,1.);
#5967 = DIRECTION('',(0.707110316639,0.707103245717,0.));
#5968 = ORIENTED_EDGE('',*,*,#5969,.T.);
#5969 = EDGE_CURVE('',#5962,#5944,#5970,.T.);
#5970 = LINE('',#5971,#5972);
#5971 = CARTESIAN_POINT('',(159.059174,-99.404469,8.5));
#5972 = VECTOR('',#5973,1.);
#5973 = DIRECTION('',(0.707110316639,-0.707103245717,0.));
#5974 = FACE_BOUND('',#5975,.F.);
#5975 = EDGE_LOOP('',(#5976));
#5976 = ORIENTED_EDGE('',*,*,#5977,.F.);
#5977 = EDGE_CURVE('',#5978,#5978,#5980,.T.);
#5978 = VERTEX_POINT('',#5979);
#5979 = CARTESIAN_POINT('',(159.45,-94.03,8.5));
#5980 = CIRCLE('',#5981,1.6);
#5981 = AXIS2_PLACEMENT_3D('',#5982,#5983,#5984);
#5982 = CARTESIAN_POINT('',(157.85,-94.03,8.5));
#5983 = DIRECTION('',(0.,0.,1.));
#5984 = DIRECTION('',(1.,0.,0.));
#5985 = FACE_BOUND('',#5986,.F.);
#5986 = EDGE_LOOP('',(#5987));
#5987 = ORIENTED_EDGE('',*,*,#5988,.F.);
#5988 = EDGE_CURVE('',#5989,#5989,#5991,.T.);
#5989 = VERTEX_POINT('',#5990);
#5990 = CARTESIAN_POINT('',(189.731757,-99.333538,8.5));
#5991 = CIRCLE('',#5992,1.6);
#5992 = AXIS2_PLACEMENT_3D('',#5993,#5994,#5995);
#5993 = CARTESIAN_POINT('',(188.131757,-99.333538,8.5));
#5994 = DIRECTION('',(0.,0.,1.));
#5995 = DIRECTION('',(1.,0.,0.));
#5996 = FACE_BOUND('',#5997,.F.);
#5997 = EDGE_LOOP('',(#5998,#6008,#6016,#6024));
#5998 = ORIENTED_EDGE('',*,*,#5999,.T.);
#5999 = EDGE_CURVE('',#6000,#6002,#6004,.T.);
#6000 = VERTEX_POINT('',#6001);
#6001 = CARTESIAN_POINT('',(182.609778,-95.714411,8.5));
#6002 = VERTEX_POINT('',#6003);
#6003 = CARTESIAN_POINT('',(172.709524,-105.614566,8.5));
#6004 = LINE('',#6005,#6006);
#6005 = CARTESIAN_POINT('',(182.609778,-95.714411,8.5));
#6006 = VECTOR('',#6007,1.);
#6007 = DIRECTION('',(-0.707110316639,-0.707103245717,0.));
#6008 = ORIENTED_EDGE('',*,*,#6009,.T.);
#6009 = EDGE_CURVE('',#6002,#6010,#6012,.T.);
#6010 = VERTEX_POINT('',#6011);
#6011 = CARTESIAN_POINT('',(162.80927,-95.714411,8.5));
#6012 = LINE('',#6013,#6014);
#6013 = CARTESIAN_POINT('',(172.709524,-105.614566,8.5));
#6014 = VECTOR('',#6015,1.);
#6015 = DIRECTION('',(-0.707110316639,0.707103245717,0.));
#6016 = ORIENTED_EDGE('',*,*,#6017,.T.);
#6017 = EDGE_CURVE('',#6010,#6018,#6020,.T.);
#6018 = VERTEX_POINT('',#6019);
#6019 = CARTESIAN_POINT('',(172.709524,-85.814256,8.5));
#6020 = LINE('',#6021,#6022);
#6021 = CARTESIAN_POINT('',(162.80927,-95.714411,8.5));
#6022 = VECTOR('',#6023,1.);
#6023 = DIRECTION('',(0.707110316639,0.707103245717,0.));
#6024 = ORIENTED_EDGE('',*,*,#6025,.T.);
#6025 = EDGE_CURVE('',#6018,#6000,#6026,.T.);
#6026 = LINE('',#6027,#6028);
#6027 = CARTESIAN_POINT('',(172.709524,-85.814256,8.5));
#6028 = VECTOR('',#6029,1.);
#6029 = DIRECTION('',(0.707110316639,-0.707103245717,0.));
#6030 = FACE_BOUND('',#6031,.F.);
#6031 = EDGE_LOOP('',(#6032,#6042,#6050,#6058));
#6032 = ORIENTED_EDGE('',*,*,#6033,.T.);
#6033 = EDGE_CURVE('',#6034,#6036,#6038,.T.);
#6034 = VERTEX_POINT('',#6035);
#6035 = CARTESIAN_POINT('',(130.978454,-83.874225,8.5));
#6036 = VERTEX_POINT('',#6037);
#6037 = CARTESIAN_POINT('',(127.358361,-97.394437,8.5));
#6038 = LINE('',#6039,#6040);
#6039 = CARTESIAN_POINT('',(130.978454,-83.874225,8.5));
#6040 = VECTOR('',#6041,1.);
#6041 = DIRECTION('',(-0.258643264442,-0.965972909433,0.));
#6042 = ORIENTED_EDGE('',*,*,#6043,.T.);
#6043 = EDGE_CURVE('',#6036,#6044,#6046,.T.);
#6044 = VERTEX_POINT('',#6045);
#6045 = CARTESIAN_POINT('',(113.838015,-93.774381,8.5));
#6046 = LINE('',#6047,#6048);
#6047 = CARTESIAN_POINT('',(127.358361,-97.394437,8.5));
#6048 = VECTOR('',#6049,1.);
#6049 = DIRECTION('',(-0.965974210329,0.258638405848,0.));
#6050 = ORIENTED_EDGE('',*,*,#6051,.T.);
#6051 = EDGE_CURVE('',#6044,#6052,#6054,.T.);
#6052 = VERTEX_POINT('',#6053);
#6053 = CARTESIAN_POINT('',(117.458108,-80.254168,8.5));
#6054 = LINE('',#6055,#6056);
#6055 = CARTESIAN_POINT('',(113.838015,-93.774381,8.5));
#6056 = VECTOR('',#6057,1.);
#6057 = DIRECTION('',(0.258643246592,0.965972914213,0.));
#6058 = ORIENTED_EDGE('',*,*,#6059,.T.);
#6059 = EDGE_CURVE('',#6052,#6034,#6060,.T.);
#6060 = LINE('',#6061,#6062);
#6061 = CARTESIAN_POINT('',(117.458108,-80.254168,8.5));
#6062 = VECTOR('',#6063,1.);
#6063 = DIRECTION('',(0.965974192479,-0.258638472514,0.));
#6064 = FACE_BOUND('',#6065,.F.);
#6065 = EDGE_LOOP('',(#6066,#6076,#6084,#6092));
#6066 = ORIENTED_EDGE('',*,*,#6067,.T.);
#6067 = EDGE_CURVE('',#6068,#6070,#6072,.T.);
#6068 = VERTEX_POINT('',#6069);
#6069 = CARTESIAN_POINT('',(117.908119,-59.443842,8.5));
#6070 = VERTEX_POINT('',#6071);
#6071 = CARTESIAN_POINT('',(117.908119,-73.444061,8.5));
#6072 = LINE('',#6073,#6074);
#6073 = CARTESIAN_POINT('',(117.908119,-59.443842,8.5));
#6074 = VECTOR('',#6075,1.);
#6075 = DIRECTION('',(0.,-1.,0.));
#6076 = ORIENTED_EDGE('',*,*,#6077,.T.);
#6077 = EDGE_CURVE('',#6070,#6078,#6080,.T.);
#6078 = VERTEX_POINT('',#6079);
#6079 = CARTESIAN_POINT('',(103.90776,-73.444061,8.5));
#6080 = LINE('',#6081,#6082);
#6081 = CARTESIAN_POINT('',(117.908119,-73.444061,8.5));
#6082 = VECTOR('',#6083,1.);
#6083 = DIRECTION('',(-1.,0.,0.));
#6084 = ORIENTED_EDGE('',*,*,#6085,.T.);
#6085 = EDGE_CURVE('',#6078,#6086,#6088,.T.);
#6086 = VERTEX_POINT('',#6087);
#6087 = CARTESIAN_POINT('',(103.90776,-59.443842,8.5));
#6088 = LINE('',#6089,#6090);
#6089 = CARTESIAN_POINT('',(103.90776,-73.444061,8.5));
#6090 = VECTOR('',#6091,1.);
#6091 = DIRECTION('',(0.,1.,0.));
#6092 = ORIENTED_EDGE('',*,*,#6093,.T.);
#6093 = EDGE_CURVE('',#6086,#6068,#6094,.T.);
#6094 = LINE('',#6095,#6096);
#6095 = CARTESIAN_POINT('',(103.90776,-59.443842,8.5));
#6096 = VECTOR('',#6097,1.);
#6097 = DIRECTION('',(1.,0.,0.));
#6098 = FACE_BOUND('',#6099,.F.);
#6099 = EDGE_LOOP('',(#6100,#6110,#6118,#6126));
#6100 = ORIENTED_EDGE('',*,*,#6101,.T.);
#6101 = EDGE_CURVE('',#6102,#6104,#6106,.T.);
#6102 = VERTEX_POINT('',#6103);
#6103 = CARTESIAN_POINT('',(136.908606,-61.823879,8.5));
#6104 = VERTEX_POINT('',#6105);
#6105 = CARTESIAN_POINT('',(136.908606,-75.824099,8.5));
#6106 = LINE('',#6107,#6108);
#6107 = CARTESIAN_POINT('',(136.908606,-61.823879,8.5));
#6108 = VECTOR('',#6109,1.);
#6109 = DIRECTION('',(0.,-1.,0.));
#6110 = ORIENTED_EDGE('',*,*,#6111,.T.);
#6111 = EDGE_CURVE('',#6104,#6112,#6114,.T.);
#6112 = VERTEX_POINT('',#6113);
#6113 = CARTESIAN_POINT('',(122.908247,-75.824099,8.5));
#6114 = LINE('',#6115,#6116);
#6115 = CARTESIAN_POINT('',(136.908606,-75.824099,8.5));
#6116 = VECTOR('',#6117,1.);
#6117 = DIRECTION('',(-1.,0.,0.));
#6118 = ORIENTED_EDGE('',*,*,#6119,.T.);
#6119 = EDGE_CURVE('',#6112,#6120,#6122,.T.);
#6120 = VERTEX_POINT('',#6121);
#6121 = CARTESIAN_POINT('',(122.908247,-61.823879,8.5));
#6122 = LINE('',#6123,#6124);
#6123 = CARTESIAN_POINT('',(122.908247,-75.824099,8.5));
#6124 = VECTOR('',#6125,1.);
#6125 = DIRECTION('',(0.,1.,0.));
#6126 = ORIENTED_EDGE('',*,*,#6127,.T.);
#6127 = EDGE_CURVE('',#6120,#6102,#6128,.T.);
#6128 = LINE('',#6129,#6130);
#6129 = CARTESIAN_POINT('',(122.908247,-61.823879,8.5));
#6130 = VECTOR('',#6131,1.);
#6131 = DIRECTION('',(1.,0.,0.));
#6132 = FACE_BOUND('',#6133,.F.);
#6133 = EDGE_LOOP('',(#6134,#6144,#6152,#6160));
#6134 = ORIENTED_EDGE('',*,*,#6135,.T.);
#6135 = EDGE_CURVE('',#6136,#6138,#6140,.T.);
#6136 = VERTEX_POINT('',#6137);
#6137 = CARTESIAN_POINT('',(161.519237,-77.334122,8.5));
#6138 = VERTEX_POINT('',#6139);
#6139 = CARTESIAN_POINT('',(154.519058,-89.464313,8.5));
#6140 = LINE('',#6141,#6142);
#6141 = CARTESIAN_POINT('',(161.519237,-77.334122,8.5));
#6142 = VECTOR('',#6143,1.);
#6143 = DIRECTION('',(-0.499829158077,-0.866124016949,0.));
#6144 = ORIENTED_EDGE('',*,*,#6145,.T.);
#6145 = EDGE_CURVE('',#6138,#6146,#6148,.T.);
#6146 = VERTEX_POINT('',#6147);
#6147 = CARTESIAN_POINT('',(142.398747,-82.464203,8.5));
#6148 = LINE('',#6149,#6150);
#6149 = CARTESIAN_POINT('',(154.519058,-89.464313,8.5));
#6150 = VECTOR('',#6151,1.);
#6151 = DIRECTION('',(-0.865949747055,0.500131018409,0.));
#6152 = ORIENTED_EDGE('',*,*,#6153,.T.);
#6153 = EDGE_CURVE('',#6146,#6154,#6156,.T.);
#6154 = VERTEX_POINT('',#6155);
#6155 = CARTESIAN_POINT('',(149.398926,-70.334013,8.5));
#6156 = LINE('',#6157,#6158);
#6157 = CARTESIAN_POINT('',(142.398747,-82.464203,8.5));
#6158 = VECTOR('',#6159,1.);
#6159 = DIRECTION('',(0.499829188988,0.866123999111,0.));
#6160 = ORIENTED_EDGE('',*,*,#6161,.T.);
#6161 = EDGE_CURVE('',#6154,#6136,#6162,.T.);
#6162 = LINE('',#6163,#6164);
#6163 = CARTESIAN_POINT('',(149.398926,-70.334013,8.5));
#6164 = VECTOR('',#6165,1.);
#6165 = DIRECTION('',(0.865949777998,-0.500130964833,0.));
#6166 = FACE_BOUND('',#6167,.F.);
#6167 = EDGE_LOOP('',(#6168,#6178,#6186,#6194));
#6168 = ORIENTED_EDGE('',*,*,#6169,.T.);
#6169 = EDGE_CURVE('',#6170,#6172,#6174,.T.);
#6170 = VERTEX_POINT('',#6171);
#6171 = CARTESIAN_POINT('',(38.286079,-52.463732,8.5));
#6172 = VERTEX_POINT('',#6173);
#6173 = CARTESIAN_POINT('',(40.716141,-66.243948,8.5));
#6174 = LINE('',#6175,#6176);
#6175 = CARTESIAN_POINT('',(38.286079,-52.463732,8.5));
#6176 = VECTOR('',#6177,1.);
#6177 = DIRECTION('',(0.173664681729,-0.984804842758,0.));
#6178 = ORIENTED_EDGE('',*,*,#6179,.T.);
#6179 = EDGE_CURVE('',#6172,#6180,#6182,.T.);
#6180 = VERTEX_POINT('',#6181);
#6181 = CARTESIAN_POINT('',(26.925787,-68.673987,8.5));
#6182 = LINE('',#6183,#6184);
#6183 = CARTESIAN_POINT('',(40.716141,-66.243948,8.5));
#6184 = VECTOR('',#6185,1.);
#6185 = DIRECTION('',(-0.984826951019,-0.173539265143,0.));
#6186 = ORIENTED_EDGE('',*,*,#6187,.T.);
#6187 = EDGE_CURVE('',#6180,#6188,#6190,.T.);
#6188 = VERTEX_POINT('',#6189);
#6189 = CARTESIAN_POINT('',(24.495725,-54.89377,8.5));
#6190 = LINE('',#6191,#6192);
#6191 = CARTESIAN_POINT('',(26.925787,-68.673987,8.5));
#6192 = VECTOR('',#6193,1.);
#6193 = DIRECTION('',(-0.173664669507,0.984804844913,0.));
#6194 = ORIENTED_EDGE('',*,*,#6195,.T.);
#6195 = EDGE_CURVE('',#6188,#6170,#6196,.T.);
#6196 = LINE('',#6197,#6198);
#6197 = CARTESIAN_POINT('',(24.495725,-54.89377,8.5));
#6198 = VECTOR('',#6199,1.);
#6199 = DIRECTION('',(0.984826963224,0.17353919588,0.));
#6200 = FACE_BOUND('',#6201,.F.);
#6201 = EDGE_LOOP('',(#6202,#6212,#6220,#6228));
#6202 = ORIENTED_EDGE('',*,*,#6203,.T.);
#6203 = EDGE_CURVE('',#6204,#6206,#6208,.T.);
#6204 = VERTEX_POINT('',#6205);
#6205 = CARTESIAN_POINT('',(56.996558,-49.16368,8.5));
#6206 = VERTEX_POINT('',#6207);
#6207 = CARTESIAN_POINT('',(59.42662,-62.943897,8.5));
#6208 = LINE('',#6209,#6210);
#6209 = CARTESIAN_POINT('',(56.996558,-49.16368,8.5));
#6210 = VECTOR('',#6211,1.);
#6211 = DIRECTION('',(0.173664669507,-0.984804844913,0.));
#6212 = ORIENTED_EDGE('',*,*,#6213,.T.);
#6213 = EDGE_CURVE('',#6206,#6214,#6216,.T.);
#6214 = VERTEX_POINT('',#6215);
#6215 = CARTESIAN_POINT('',(45.636267,-65.383935,8.5));
#6216 = LINE('',#6217,#6218);
#6217 = CARTESIAN_POINT('',(59.42662,-62.943897,8.5));
#6218 = VECTOR('',#6219,1.);
#6219 = DIRECTION('',(-0.984704681512,-0.174231714131,0.));
#6220 = ORIENTED_EDGE('',*,*,#6221,.T.);
#6221 = EDGE_CURVE('',#6214,#6222,#6224,.T.);
#6222 = VERTEX_POINT('',#6223);
#6223 = CARTESIAN_POINT('',(43.206205,-51.593718,8.5));
#6224 = LINE('',#6225,#6226);
#6225 = CARTESIAN_POINT('',(45.636267,-65.383935,8.5));
#6226 = VECTOR('',#6227,1.);
#6227 = DIRECTION('',(-0.173542530335,0.984826375644,0.));
#6228 = ORIENTED_EDGE('',*,*,#6229,.T.);
#6229 = EDGE_CURVE('',#6222,#6204,#6230,.T.);
#6230 = LINE('',#6231,#6232);
#6231 = CARTESIAN_POINT('',(43.206205,-51.593718,8.5));
#6232 = VECTOR('',#6233,1.);
#6233 = DIRECTION('',(0.984826961073,0.173539208085,0.));
#6234 = FACE_BOUND('',#6235,.F.);
#6235 = EDGE_LOOP('',(#6236));
#6236 = ORIENTED_EDGE('',*,*,#6237,.F.);
#6237 = EDGE_CURVE('',#6238,#6238,#6240,.T.);
#6238 = VERTEX_POINT('',#6239);
#6239 = CARTESIAN_POINT('',(41.85,-49.63,8.5));
#6240 = CIRCLE('',#6241,1.6);
#6241 = AXIS2_PLACEMENT_3D('',#6242,#6243,#6244);
#6242 = CARTESIAN_POINT('',(40.25,-49.63,8.5));
#6243 = DIRECTION('',(0.,0.,1.));
#6244 = DIRECTION('',(1.,0.,0.));
#6245 = FACE_BOUND('',#6246,.F.);
#6246 = EDGE_LOOP('',(#6247,#6257,#6265,#6273));
#6247 = ORIENTED_EDGE('',*,*,#6248,.T.);
#6248 = EDGE_CURVE('',#6249,#6251,#6253,.T.);
#6249 = VERTEX_POINT('',#6250);
#6250 = CARTESIAN_POINT('',(34.985994,-33.743438,8.5));
#6251 = VERTEX_POINT('',#6252);
#6252 = CARTESIAN_POINT('',(37.416056,-47.533655,8.5));
#6253 = LINE('',#6254,#6255);
#6254 = CARTESIAN_POINT('',(34.985994,-33.743438,8.5));
#6255 = VECTOR('',#6256,1.);
#6256 = DIRECTION('',(0.173542530335,-0.984826375644,0.));
#6257 = ORIENTED_EDGE('',*,*,#6258,.T.);
#6258 = EDGE_CURVE('',#6251,#6259,#6261,.T.);
#6259 = VERTEX_POINT('',#6260);
#6260 = CARTESIAN_POINT('',(23.625703,-49.963693,8.5));
#6261 = LINE('',#6262,#6263);
#6262 = CARTESIAN_POINT('',(37.416056,-47.533655,8.5));
#6263 = VECTOR('',#6264,1.);
#6264 = DIRECTION('',(-0.984826961073,-0.173539208085,0.));
#6265 = ORIENTED_EDGE('',*,*,#6266,.T.);
#6266 = EDGE_CURVE('',#6259,#6267,#6269,.T.);
#6267 = VERTEX_POINT('',#6268);
#6268 = CARTESIAN_POINT('',(21.19564,-36.183476,8.5));
#6269 = LINE('',#6270,#6271);
#6270 = CARTESIAN_POINT('',(23.625703,-49.963693,8.5));
#6271 = VECTOR('',#6272,1.);
#6272 = DIRECTION('',(-0.173664738817,0.984804832691,0.));
#6273 = ORIENTED_EDGE('',*,*,#6274,.T.);
#6274 = EDGE_CURVE('',#6267,#6249,#6275,.T.);
#6275 = LINE('',#6276,#6277);
#6276 = CARTESIAN_POINT('',(21.19564,-36.183476,8.5));
#6277 = VECTOR('',#6278,1.);
#6278 = DIRECTION('',(0.984704683679,0.174231701881,0.));
#6279 = FACE_BOUND('',#6280,.F.);
#6280 = EDGE_LOOP('',(#6281,#6291,#6299,#6307));
#6281 = ORIENTED_EDGE('',*,*,#6282,.T.);
#6282 = EDGE_CURVE('',#6283,#6285,#6287,.T.);
#6283 = VERTEX_POINT('',#6284);
#6284 = CARTESIAN_POINT('',(53.696473,-30.453386,8.5));
#6285 = VERTEX_POINT('',#6286);
#6286 = CARTESIAN_POINT('',(56.126536,-44.233603,8.5));
#6287 = LINE('',#6288,#6289);
#6288 = CARTESIAN_POINT('',(53.696473,-30.453386,8.5));
#6289 = VECTOR('',#6290,1.);
#6290 = DIRECTION('',(0.173664738817,-0.984804832691,0.));
#6291 = ORIENTED_EDGE('',*,*,#6292,.T.);
#6292 = EDGE_CURVE('',#6285,#6293,#6295,.T.);
#6293 = VERTEX_POINT('',#6294);
#6294 = CARTESIAN_POINT('',(42.336182,-46.663641,8.5));
#6295 = LINE('',#6296,#6297);
#6296 = CARTESIAN_POINT('',(56.126536,-44.233603,8.5));
#6297 = VECTOR('',#6298,1.);
#6298 = DIRECTION('',(-0.984826963224,-0.17353919588,0.));
#6299 = ORIENTED_EDGE('',*,*,#6300,.T.);
#6300 = EDGE_CURVE('',#6293,#6301,#6303,.T.);
#6301 = VERTEX_POINT('',#6302);
#6302 = CARTESIAN_POINT('',(39.90612,-32.883425,8.5));
#6303 = LINE('',#6304,#6305);
#6304 = CARTESIAN_POINT('',(42.336182,-46.663641,8.5));
#6305 = VECTOR('',#6306,1.);
#6306 = DIRECTION('',(-0.173664681729,0.984804842758,0.));
#6307 = ORIENTED_EDGE('',*,*,#6308,.T.);
#6308 = EDGE_CURVE('',#6301,#6283,#6309,.T.);
#6309 = LINE('',#6310,#6311);
#6310 = CARTESIAN_POINT('',(39.90612,-32.883425,8.5));
#6311 = VECTOR('',#6312,1.);
#6312 = DIRECTION('',(0.984826948868,0.173539277349,0.));
#6313 = FACE_BOUND('',#6314,.F.);
#6314 = EDGE_LOOP('',(#6315,#6325,#6333,#6341));
#6315 = ORIENTED_EDGE('',*,*,#6316,.T.);
#6316 = EDGE_CURVE('',#6317,#6319,#6321,.T.);
#6317 = VERTEX_POINT('',#6318);
#6318 = CARTESIAN_POINT('',(98.907632,-57.073804,8.5));
#6319 = VERTEX_POINT('',#6320);
#6320 = CARTESIAN_POINT('',(98.907632,-71.074024,8.5));
#6321 = LINE('',#6322,#6323);
#6322 = CARTESIAN_POINT('',(98.907632,-57.073804,8.5));
#6323 = VECTOR('',#6324,1.);
#6324 = DIRECTION('',(0.,-1.,0.));
#6325 = ORIENTED_EDGE('',*,*,#6326,.T.);
#6326 = EDGE_CURVE('',#6319,#6327,#6329,.T.);
#6327 = VERTEX_POINT('',#6328);
#6328 = CARTESIAN_POINT('',(84.907273,-71.074024,8.5));
#6329 = LINE('',#6330,#6331);
#6330 = CARTESIAN_POINT('',(98.907632,-71.074024,8.5));
#6331 = VECTOR('',#6332,1.);
#6332 = DIRECTION('',(-1.,0.,0.));
#6333 = ORIENTED_EDGE('',*,*,#6334,.T.);
#6334 = EDGE_CURVE('',#6327,#6335,#6337,.T.);
#6335 = VERTEX_POINT('',#6336);
#6336 = CARTESIAN_POINT('',(84.907273,-57.073804,8.5));
#6337 = LINE('',#6338,#6339);
#6338 = CARTESIAN_POINT('',(84.907273,-71.074024,8.5));
#6339 = VECTOR('',#6340,1.);
#6340 = DIRECTION('',(0.,1.,0.));
#6341 = ORIENTED_EDGE('',*,*,#6342,.T.);
#6342 = EDGE_CURVE('',#6335,#6317,#6343,.T.);
#6343 = LINE('',#6344,#6345);
#6344 = CARTESIAN_POINT('',(84.907273,-57.073804,8.5));
#6345 = VECTOR('',#6346,1.);
#6346 = DIRECTION('',(1.,0.,0.));
#6347 = FACE_BOUND('',#6348,.F.);
#6348 = EDGE_LOOP('',(#6349,#6359,#6367,#6375));
#6349 = ORIENTED_EDGE('',*,*,#6350,.T.);
#6350 = EDGE_CURVE('',#6351,#6353,#6355,.T.);
#6351 = VERTEX_POINT('',#6352);
#6352 = CARTESIAN_POINT('',(77.917094,-42.913582,8.5));
#6353 = VERTEX_POINT('',#6354);
#6354 = CARTESIAN_POINT('',(79.137126,-56.863801,8.5));
#6355 = LINE('',#6356,#6357);
#6356 = CARTESIAN_POINT('',(77.917094,-42.913582,8.5));
#6357 = VECTOR('',#6358,1.);
#6358 = DIRECTION('',(8.71235672816E-02,-0.996197512557,0.));
#6359 = ORIENTED_EDGE('',*,*,#6360,.T.);
#6360 = EDGE_CURVE('',#6353,#6361,#6363,.T.);
#6361 = VERTEX_POINT('',#6362);
#6362 = CARTESIAN_POINT('',(65.196768,-58.08382,8.5));
#6363 = LINE('',#6364,#6365);
#6364 = CARTESIAN_POINT('',(79.137126,-56.863801,8.5));
#6365 = VECTOR('',#6366,1.);
#6366 = DIRECTION('',(-0.996192242502,-8.718380571752E-02,0.));
#6367 = ORIENTED_EDGE('',*,*,#6368,.T.);
#6368 = EDGE_CURVE('',#6361,#6369,#6371,.T.);
#6369 = VERTEX_POINT('',#6370);
#6370 = CARTESIAN_POINT('',(63.976737,-44.133601,8.5));
#6371 = LINE('',#6372,#6373);
#6372 = CARTESIAN_POINT('',(65.196768,-58.08382,8.5));
#6373 = VECTOR('',#6374,1.);
#6374 = DIRECTION('',(-8.712349641276E-02,0.996197518755,0.));
#6375 = ORIENTED_EDGE('',*,*,#6376,.T.);
#6376 = EDGE_CURVE('',#6369,#6351,#6377,.T.);
#6377 = LINE('',#6378,#6379);
#6378 = CARTESIAN_POINT('',(63.976737,-44.133601,8.5));
#6379 = VECTOR('',#6380,1.);
#6380 = DIRECTION('',(0.996192241959,8.718381192404E-02,0.));
#6381 = FACE_BOUND('',#6382,.F.);
#6382 = EDGE_LOOP('',(#6383,#6393,#6401,#6409));
#6383 = ORIENTED_EDGE('',*,*,#6384,.T.);
#6384 = EDGE_CURVE('',#6385,#6387,#6389,.T.);
#6385 = VERTEX_POINT('',#6386);
#6386 = CARTESIAN_POINT('',(98.907632,-38.073506,8.5));
#6387 = VERTEX_POINT('',#6388);
#6388 = CARTESIAN_POINT('',(98.907632,-52.073726,8.5));
#6389 = LINE('',#6390,#6391);
#6390 = CARTESIAN_POINT('',(98.907632,-38.073506,8.5));
#6391 = VECTOR('',#6392,1.);
#6392 = DIRECTION('',(0.,-1.,0.));
#6393 = ORIENTED_EDGE('',*,*,#6394,.T.);
#6394 = EDGE_CURVE('',#6387,#6395,#6397,.T.);
#6395 = VERTEX_POINT('',#6396);
#6396 = CARTESIAN_POINT('',(84.907273,-52.073726,8.5));
#6397 = LINE('',#6398,#6399);
#6398 = CARTESIAN_POINT('',(98.907632,-52.073726,8.5));
#6399 = VECTOR('',#6400,1.);
#6400 = DIRECTION('',(-1.,0.,0.));
#6401 = ORIENTED_EDGE('',*,*,#6402,.T.);
#6402 = EDGE_CURVE('',#6395,#6403,#6405,.T.);
#6403 = VERTEX_POINT('',#6404);
#6404 = CARTESIAN_POINT('',(84.907273,-38.073506,8.5));
#6405 = LINE('',#6406,#6407);
#6406 = CARTESIAN_POINT('',(84.907273,-52.073726,8.5));
#6407 = VECTOR('',#6408,1.);
#6408 = DIRECTION('',(0.,1.,0.));
#6409 = ORIENTED_EDGE('',*,*,#6410,.T.);
#6410 = EDGE_CURVE('',#6403,#6385,#6411,.T.);
#6411 = LINE('',#6412,#6413);
#6412 = CARTESIAN_POINT('',(84.907273,-38.073506,8.5));
#6413 = VECTOR('',#6414,1.);
#6414 = DIRECTION('',(1.,0.,0.));
#6415 = FACE_BOUND('',#6416,.F.);
#6416 = EDGE_LOOP('',(#6417));
#6417 = ORIENTED_EDGE('',*,*,#6418,.F.);
#6418 = EDGE_CURVE('',#6419,#6419,#6421,.T.);
#6419 = VERTEX_POINT('',#6420);
#6420 = CARTESIAN_POINT('',(23.702017,-29.907082,8.5));
#6421 = CIRCLE('',#6422,1.6);
#6422 = AXIS2_PLACEMENT_3D('',#6423,#6424,#6425);
#6423 = CARTESIAN_POINT('',(22.102017,-29.907082,8.5));
#6424 = DIRECTION('',(0.,0.,1.));
#6425 = DIRECTION('',(1.,0.,0.));
#6426 = FACE_BOUND('',#6427,.F.);
#6427 = EDGE_LOOP('',(#6428,#6438,#6446,#6454));
#6428 = ORIENTED_EDGE('',*,*,#6429,.T.);
#6429 = EDGE_CURVE('',#6430,#6432,#6434,.T.);
#6430 = VERTEX_POINT('',#6431);
#6431 = CARTESIAN_POINT('',(76.267052,-23.983285,8.5));
#6432 = VERTEX_POINT('',#6433);
#6433 = CARTESIAN_POINT('',(77.487083,-37.933504,8.5));
#6434 = LINE('',#6435,#6436);
#6435 = CARTESIAN_POINT('',(76.267052,-23.983285,8.5));
#6436 = VECTOR('',#6437,1.);
#6437 = DIRECTION('',(8.712349641276E-02,-0.996197518755,0.));
#6438 = ORIENTED_EDGE('',*,*,#6439,.T.);
#6439 = EDGE_CURVE('',#6432,#6440,#6442,.T.);
#6440 = VERTEX_POINT('',#6441);
#6441 = CARTESIAN_POINT('',(63.536726,-39.153523,8.5));
#6442 = LINE('',#6443,#6444);
#6443 = CARTESIAN_POINT('',(77.487083,-37.933504,8.5));
#6444 = VECTOR('',#6445,1.);
#6445 = DIRECTION('',(-0.996197667929,-8.712179069172E-02,0.));
#6446 = ORIENTED_EDGE('',*,*,#6447,.T.);
#6447 = EDGE_CURVE('',#6440,#6448,#6450,.T.);
#6448 = VERTEX_POINT('',#6449);
#6449 = CARTESIAN_POINT('',(62.316694,-25.213304,8.5));
#6450 = LINE('',#6451,#6452);
#6451 = CARTESIAN_POINT('',(63.536726,-39.153523,8.5));
#6452 = VECTOR('',#6453,1.);
#6453 = DIRECTION('',(-8.718559037328E-02,0.996192086312,0.));
#6454 = ORIENTED_EDGE('',*,*,#6455,.T.);
#6455 = EDGE_CURVE('',#6448,#6430,#6456,.T.);
#6456 = LINE('',#6457,#6458);
#6457 = CARTESIAN_POINT('',(62.316694,-25.213304,8.5));
#6458 = VECTOR('',#6459,1.);
#6459 = DIRECTION('',(0.996135443029,8.78303998721E-02,0.));
#6460 = FACE_BOUND('',#6461,.F.);
#6461 = EDGE_LOOP('',(#6462,#6472,#6480,#6488));
#6462 = ORIENTED_EDGE('',*,*,#6463,.T.);
#6463 = EDGE_CURVE('',#6464,#6466,#6468,.T.);
#6464 = VERTEX_POINT('',#6465);
#6465 = CARTESIAN_POINT('',(98.907632,-19.073208,8.5));
#6466 = VERTEX_POINT('',#6467);
#6467 = CARTESIAN_POINT('',(98.907632,-33.073428,8.5));
#6468 = LINE('',#6469,#6470);
#6469 = CARTESIAN_POINT('',(98.907632,-19.073208,8.5));
#6470 = VECTOR('',#6471,1.);
#6471 = DIRECTION('',(0.,-1.,0.));
#6472 = ORIENTED_EDGE('',*,*,#6473,.T.);
#6473 = EDGE_CURVE('',#6466,#6474,#6476,.T.);
#6474 = VERTEX_POINT('',#6475);
#6475 = CARTESIAN_POINT('',(84.907273,-33.073428,8.5));
#6476 = LINE('',#6477,#6478);
#6477 = CARTESIAN_POINT('',(98.907632,-33.073428,8.5));
#6478 = VECTOR('',#6479,1.);
#6479 = DIRECTION('',(-1.,0.,0.));
#6480 = ORIENTED_EDGE('',*,*,#6481,.T.);
#6481 = EDGE_CURVE('',#6474,#6482,#6484,.T.);
#6482 = VERTEX_POINT('',#6483);
#6483 = CARTESIAN_POINT('',(84.907273,-19.073208,8.5));
#6484 = LINE('',#6485,#6486);
#6485 = CARTESIAN_POINT('',(84.907273,-33.073428,8.5));
#6486 = VECTOR('',#6487,1.);
#6487 = DIRECTION('',(0.,1.,0.));
#6488 = ORIENTED_EDGE('',*,*,#6489,.T.);
#6489 = EDGE_CURVE('',#6482,#6464,#6490,.T.);
#6490 = LINE('',#6491,#6492);
#6491 = CARTESIAN_POINT('',(84.907273,-19.073208,8.5));
#6492 = VECTOR('',#6493,1.);
#6493 = DIRECTION('',(1.,0.,0.));
#6494 = FACE_BOUND('',#6495,.F.);
#6495 = EDGE_LOOP('',(#6496));
#6496 = ORIENTED_EDGE('',*,*,#6497,.F.);
#6497 = EDGE_CURVE('',#6498,#6498,#6500,.T.);
#6498 = VERTEX_POINT('',#6499);
#6499 = CARTESIAN_POINT('',(93.676908,-12.424245,8.5));
#6500 = CIRCLE('',#6501,1.6);
#6501 = AXIS2_PLACEMENT_3D('',#6502,#6503,#6504);
#6502 = CARTESIAN_POINT('',(92.076908,-12.424245,8.5));
#6503 = DIRECTION('',(0.,0.,1.));
#6504 = DIRECTION('',(1.,0.,0.));
#6505 = FACE_BOUND('',#6506,.F.);
#6506 = EDGE_LOOP('',(#6507,#6517,#6525,#6533));
#6507 = ORIENTED_EDGE('',*,*,#6508,.T.);
#6508 = EDGE_CURVE('',#6509,#6511,#6513,.T.);
#6509 = VERTEX_POINT('',#6510);
#6510 = CARTESIAN_POINT('',(117.908119,-40.453543,8.5));
#6511 = VERTEX_POINT('',#6512);
#6512 = CARTESIAN_POINT('',(117.908119,-54.453763,8.5));
#6513 = LINE('',#6514,#6515);
#6514 = CARTESIAN_POINT('',(117.908119,-40.453543,8.5));
#6515 = VECTOR('',#6516,1.);
#6516 = DIRECTION('',(0.,-1.,0.));
#6517 = ORIENTED_EDGE('',*,*,#6518,.T.);
#6518 = EDGE_CURVE('',#6511,#6519,#6521,.T.);
#6519 = VERTEX_POINT('',#6520);
#6520 = CARTESIAN_POINT('',(103.90776,-54.453763,8.5));
#6521 = LINE('',#6522,#6523);
#6522 = CARTESIAN_POINT('',(117.908119,-54.453763,8.5));
#6523 = VECTOR('',#6524,1.);
#6524 = DIRECTION('',(-1.,0.,0.));
#6525 = ORIENTED_EDGE('',*,*,#6526,.T.);
#6526 = EDGE_CURVE('',#6519,#6527,#6529,.T.);
#6527 = VERTEX_POINT('',#6528);
#6528 = CARTESIAN_POINT('',(103.90776,-40.453543,8.5));
#6529 = LINE('',#6530,#6531);
#6530 = CARTESIAN_POINT('',(103.90776,-54.453763,8.5));
#6531 = VECTOR('',#6532,1.);
#6532 = DIRECTION('',(0.,1.,0.));
#6533 = ORIENTED_EDGE('',*,*,#6534,.T.);
#6534 = EDGE_CURVE('',#6527,#6509,#6535,.T.);
#6535 = LINE('',#6536,#6537);
#6536 = CARTESIAN_POINT('',(103.90776,-40.453543,8.5));
#6537 = VECTOR('',#6538,1.);
#6538 = DIRECTION('',(1.,0.,0.));
#6539 = FACE_BOUND('',#6540,.F.);
#6540 = EDGE_LOOP('',(#6541,#6551,#6559,#6567));
#6541 = ORIENTED_EDGE('',*,*,#6542,.T.);
#6542 = EDGE_CURVE('',#6543,#6545,#6547,.T.);
#6543 = VERTEX_POINT('',#6544);
#6544 = CARTESIAN_POINT('',(136.908606,-42.823581,8.5));
#6545 = VERTEX_POINT('',#6546);
#6546 = CARTESIAN_POINT('',(136.908606,-56.8238,8.5));
#6547 = LINE('',#6548,#6549);
#6548 = CARTESIAN_POINT('',(136.908606,-42.823581,8.5));
#6549 = VECTOR('',#6550,1.);
#6550 = DIRECTION('',(0.,-1.,0.));
#6551 = ORIENTED_EDGE('',*,*,#6552,.T.);
#6552 = EDGE_CURVE('',#6545,#6553,#6555,.T.);
#6553 = VERTEX_POINT('',#6554);
#6554 = CARTESIAN_POINT('',(122.908247,-56.8238,8.5));
#6555 = LINE('',#6556,#6557);
#6556 = CARTESIAN_POINT('',(136.908606,-56.8238,8.5));
#6557 = VECTOR('',#6558,1.);
#6558 = DIRECTION('',(-1.,0.,0.));
#6559 = ORIENTED_EDGE('',*,*,#6560,.T.);
#6560 = EDGE_CURVE('',#6553,#6561,#6563,.T.);
#6561 = VERTEX_POINT('',#6562);
#6562 = CARTESIAN_POINT('',(122.908247,-42.823581,8.5));
#6563 = LINE('',#6564,#6565);
#6564 = CARTESIAN_POINT('',(122.908247,-56.8238,8.5));
#6565 = VECTOR('',#6566,1.);
#6566 = DIRECTION('',(0.,1.,0.));
#6567 = ORIENTED_EDGE('',*,*,#6568,.T.);
#6568 = EDGE_CURVE('',#6561,#6543,#6569,.T.);
#6569 = LINE('',#6570,#6571);
#6570 = CARTESIAN_POINT('',(122.908247,-42.823581,8.5));
#6571 = VECTOR('',#6572,1.);
#6572 = DIRECTION('',(1.,0.,0.));
#6573 = FACE_BOUND('',#6574,.F.);
#6574 = EDGE_LOOP('',(#6575,#6585,#6593,#6601));
#6575 = ORIENTED_EDGE('',*,*,#6576,.T.);
#6576 = EDGE_CURVE('',#6577,#6579,#6581,.T.);
#6577 = VERTEX_POINT('',#6578);
#6578 = CARTESIAN_POINT('',(155.959095,-42.80358,8.5));
#6579 = VERTEX_POINT('',#6580);
#6580 = CARTESIAN_POINT('',(155.959095,-56.8038,8.5));
#6581 = LINE('',#6582,#6583);
#6582 = CARTESIAN_POINT('',(155.959095,-42.80358,8.5));
#6583 = VECTOR('',#6584,1.);
#6584 = DIRECTION('',(0.,-1.,0.));
#6585 = ORIENTED_EDGE('',*,*,#6586,.T.);
#6586 = EDGE_CURVE('',#6579,#6587,#6589,.T.);
#6587 = VERTEX_POINT('',#6588);
#6588 = CARTESIAN_POINT('',(141.958736,-56.8038,8.5));
#6589 = LINE('',#6590,#6591);
#6590 = CARTESIAN_POINT('',(155.959095,-56.8038,8.5));
#6591 = VECTOR('',#6592,1.);
#6592 = DIRECTION('',(-1.,0.,0.));
#6593 = ORIENTED_EDGE('',*,*,#6594,.T.);
#6594 = EDGE_CURVE('',#6587,#6595,#6597,.T.);
#6595 = VERTEX_POINT('',#6596);
#6596 = CARTESIAN_POINT('',(141.958736,-42.80358,8.5));
#6597 = LINE('',#6598,#6599);
#6598 = CARTESIAN_POINT('',(141.958736,-56.8038,8.5));
#6599 = VECTOR('',#6600,1.);
#6600 = DIRECTION('',(0.,1.,0.));
#6601 = ORIENTED_EDGE('',*,*,#6602,.T.);
#6602 = EDGE_CURVE('',#6595,#6577,#6603,.T.);
#6603 = LINE('',#6604,#6605);
#6604 = CARTESIAN_POINT('',(141.958736,-42.80358,8.5));
#6605 = VECTOR('',#6606,1.);
#6606 = DIRECTION('',(1.,0.,0.));
#6607 = FACE_BOUND('',#6608,.F.);
#6608 = EDGE_LOOP('',(#6609));
#6609 = ORIENTED_EDGE('',*,*,#6610,.F.);
#6610 = EDGE_CURVE('',#6611,#6611,#6613,.T.);
#6611 = VERTEX_POINT('',#6612);
#6612 = CARTESIAN_POINT('',(141.05,-40.33,8.5));
#6613 = CIRCLE('',#6614,1.6);
#6614 = AXIS2_PLACEMENT_3D('',#6615,#6616,#6617);
#6615 = CARTESIAN_POINT('',(139.45,-40.33,8.5));
#6616 = DIRECTION('',(0.,0.,1.));
#6617 = DIRECTION('',(1.,0.,0.));
#6618 = FACE_BOUND('',#6619,.F.);
#6619 = EDGE_LOOP('',(#6620,#6630,#6638,#6646,#6654,#6662,#6670,#6678));
#6620 = ORIENTED_EDGE('',*,*,#6621,.F.);
#6621 = EDGE_CURVE('',#6622,#6624,#6626,.T.);
#6622 = VERTEX_POINT('',#6623);
#6623 = CARTESIAN_POINT('',(157.76,-68.28,8.5));
#6624 = VERTEX_POINT('',#6625);
#6625 = CARTESIAN_POINT('',(164.51,-68.28,8.5));
#6626 = LINE('',#6627,#6628);
#6627 = CARTESIAN_POINT('',(157.76,-68.28,8.5));
#6628 = VECTOR('',#6629,1.);
#6629 = DIRECTION('',(1.,0.,0.));
#6630 = ORIENTED_EDGE('',*,*,#6631,.F.);
#6631 = EDGE_CURVE('',#6632,#6622,#6634,.T.);
#6632 = VERTEX_POINT('',#6633);
#6633 = CARTESIAN_POINT('',(157.76,-39.08,8.5));
#6634 = LINE('',#6635,#6636);
#6635 = CARTESIAN_POINT('',(157.76,-39.08,8.5));
#6636 = VECTOR('',#6637,1.);
#6637 = DIRECTION('',(0.,-1.,0.));
#6638 = ORIENTED_EDGE('',*,*,#6639,.F.);
#6639 = EDGE_CURVE('',#6640,#6632,#6642,.T.);
#6640 = VERTEX_POINT('',#6641);
#6641 = CARTESIAN_POINT('',(186.56,-39.08,8.5));
#6642 = LINE('',#6643,#6644);
#6643 = CARTESIAN_POINT('',(186.56,-39.08,8.5));
#6644 = VECTOR('',#6645,1.);
#6645 = DIRECTION('',(-1.,0.,0.));
#6646 = ORIENTED_EDGE('',*,*,#6647,.F.);
#6647 = EDGE_CURVE('',#6648,#6640,#6650,.T.);
#6648 = VERTEX_POINT('',#6649);
#6649 = CARTESIAN_POINT('',(186.56,-68.28,8.5));
#6650 = LINE('',#6651,#6652);
#6651 = CARTESIAN_POINT('',(186.56,-68.28,8.5));
#6652 = VECTOR('',#6653,1.);
#6653 = DIRECTION('',(0.,1.,0.));
#6654 = ORIENTED_EDGE('',*,*,#6655,.F.);
#6655 = EDGE_CURVE('',#6656,#6648,#6658,.T.);
#6656 = VERTEX_POINT('',#6657);
#6657 = CARTESIAN_POINT('',(178.41,-68.28,8.5));
#6658 = LINE('',#6659,#6660);
#6659 = CARTESIAN_POINT('',(157.76,-68.28,8.5));
#6660 = VECTOR('',#6661,1.);
#6661 = DIRECTION('',(1.,0.,0.));
#6662 = ORIENTED_EDGE('',*,*,#6663,.F.);
#6663 = EDGE_CURVE('',#6664,#6656,#6666,.T.);
#6664 = VERTEX_POINT('',#6665);
#6665 = CARTESIAN_POINT('',(178.41,-71.83,8.5));
#6666 = LINE('',#6667,#6668);
#6667 = CARTESIAN_POINT('',(178.41,-71.83,8.5));
#6668 = VECTOR('',#6669,1.);
#6669 = DIRECTION('',(0.,1.,0.));
#6670 = ORIENTED_EDGE('',*,*,#6671,.F.);
#6671 = EDGE_CURVE('',#6672,#6664,#6674,.T.);
#6672 = VERTEX_POINT('',#6673);
#6673 = CARTESIAN_POINT('',(164.51,-71.83,8.5));
#6674 = LINE('',#6675,#6676);
#6675 = CARTESIAN_POINT('',(164.51,-71.83,8.5));
#6676 = VECTOR('',#6677,1.);
#6677 = DIRECTION('',(1.,0.,0.));
#6678 = ORIENTED_EDGE('',*,*,#6679,.F.);
#6679 = EDGE_CURVE('',#6624,#6672,#6680,.T.);
#6680 = LINE('',#6681,#6682);
#6681 = CARTESIAN_POINT('',(164.51,-68.13,8.5));
#6682 = VECTOR('',#6683,1.);
#6683 = DIRECTION('',(0.,-1.,0.));
#6684 = FACE_BOUND('',#6685,.F.);
#6685 = EDGE_LOOP('',(#6686,#6696,#6704,#6712));
#6686 = ORIENTED_EDGE('',*,*,#6687,.T.);
#6687 = EDGE_CURVE('',#6688,#6690,#6692,.T.);
#6688 = VERTEX_POINT('',#6689);
#6689 = CARTESIAN_POINT('',(117.908119,-21.453245,8.5));
#6690 = VERTEX_POINT('',#6691);
#6691 = CARTESIAN_POINT('',(117.908119,-35.453465,8.5));
#6692 = LINE('',#6693,#6694);
#6693 = CARTESIAN_POINT('',(117.908119,-21.453245,8.5));
#6694 = VECTOR('',#6695,1.);
#6695 = DIRECTION('',(0.,-1.,0.));
#6696 = ORIENTED_EDGE('',*,*,#6697,.T.);
#6697 = EDGE_CURVE('',#6690,#6698,#6700,.T.);
#6698 = VERTEX_POINT('',#6699);
#6699 = CARTESIAN_POINT('',(103.90776,-35.453465,8.5));
#6700 = LINE('',#6701,#6702);
#6701 = CARTESIAN_POINT('',(117.908119,-35.453465,8.5));
#6702 = VECTOR('',#6703,1.);
#6703 = DIRECTION('',(-1.,0.,0.));
#6704 = ORIENTED_EDGE('',*,*,#6705,.T.);
#6705 = EDGE_CURVE('',#6698,#6706,#6708,.T.);
#6706 = VERTEX_POINT('',#6707);
#6707 = CARTESIAN_POINT('',(103.90776,-21.453245,8.5));
#6708 = LINE('',#6709,#6710);
#6709 = CARTESIAN_POINT('',(103.90776,-35.453465,8.5));
#6710 = VECTOR('',#6711,1.);
#6711 = DIRECTION('',(0.,1.,0.));
#6712 = ORIENTED_EDGE('',*,*,#6713,.T.);
#6713 = EDGE_CURVE('',#6706,#6688,#6714,.T.);
#6714 = LINE('',#6715,#6716);
#6715 = CARTESIAN_POINT('',(103.90776,-21.453245,8.5));
#6716 = VECTOR('',#6717,1.);
#6717 = DIRECTION('',(1.,0.,0.));
#6718 = FACE_BOUND('',#6719,.F.);
#6719 = EDGE_LOOP('',(#6720,#6730,#6738,#6746));
#6720 = ORIENTED_EDGE('',*,*,#6721,.T.);
#6721 = EDGE_CURVE('',#6722,#6724,#6726,.T.);
#6722 = VERTEX_POINT('',#6723);
#6723 = CARTESIAN_POINT('',(136.908606,-23.823282,8.5));
#6724 = VERTEX_POINT('',#6725);
#6725 = CARTESIAN_POINT('',(136.908606,-37.823502,8.5));
#6726 = LINE('',#6727,#6728);
#6727 = CARTESIAN_POINT('',(136.908606,-23.823282,8.5));
#6728 = VECTOR('',#6729,1.);
#6729 = DIRECTION('',(0.,-1.,0.));
#6730 = ORIENTED_EDGE('',*,*,#6731,.T.);
#6731 = EDGE_CURVE('',#6724,#6732,#6734,.T.);
#6732 = VERTEX_POINT('',#6733);
#6733 = CARTESIAN_POINT('',(122.908247,-37.823502,8.5));
#6734 = LINE('',#6735,#6736);
#6735 = CARTESIAN_POINT('',(136.908606,-37.823502,8.5));
#6736 = VECTOR('',#6737,1.);
#6737 = DIRECTION('',(-1.,0.,0.));
#6738 = ORIENTED_EDGE('',*,*,#6739,.T.);
#6739 = EDGE_CURVE('',#6732,#6740,#6742,.T.);
#6740 = VERTEX_POINT('',#6741);
#6741 = CARTESIAN_POINT('',(122.908247,-23.823282,8.5));
#6742 = LINE('',#6743,#6744);
#6743 = CARTESIAN_POINT('',(122.908247,-37.823502,8.5));
#6744 = VECTOR('',#6745,1.);
#6745 = DIRECTION('',(0.,1.,0.));
#6746 = ORIENTED_EDGE('',*,*,#6747,.T.);
#6747 = EDGE_CURVE('',#6740,#6722,#6748,.T.);
#6748 = LINE('',#6749,#6750);
#6749 = CARTESIAN_POINT('',(122.908247,-23.823282,8.5));
#6750 = VECTOR('',#6751,1.);
#6751 = DIRECTION('',(1.,0.,0.));
#6752 = FACE_BOUND('',#6753,.F.);
#6753 = EDGE_LOOP('',(#6754,#6764,#6772,#6780));
#6754 = ORIENTED_EDGE('',*,*,#6755,.T.);
#6755 = EDGE_CURVE('',#6756,#6758,#6760,.T.);
#6756 = VERTEX_POINT('',#6757);
#6757 = CARTESIAN_POINT('',(155.959095,-23.883283,8.5));
#6758 = VERTEX_POINT('',#6759);
#6759 = CARTESIAN_POINT('',(155.959095,-37.883503,8.5));
#6760 = LINE('',#6761,#6762);
#6761 = CARTESIAN_POINT('',(155.959095,-23.883283,8.5));
#6762 = VECTOR('',#6763,1.);
#6763 = DIRECTION('',(0.,-1.,0.));
#6764 = ORIENTED_EDGE('',*,*,#6765,.T.);
#6765 = EDGE_CURVE('',#6758,#6766,#6768,.T.);
#6766 = VERTEX_POINT('',#6767);
#6767 = CARTESIAN_POINT('',(141.958736,-37.883503,8.5));
#6768 = LINE('',#6769,#6770);
#6769 = CARTESIAN_POINT('',(155.959095,-37.883503,8.5));
#6770 = VECTOR('',#6771,1.);
#6771 = DIRECTION('',(-1.,0.,0.));
#6772 = ORIENTED_EDGE('',*,*,#6773,.T.);
#6773 = EDGE_CURVE('',#6766,#6774,#6776,.T.);
#6774 = VERTEX_POINT('',#6775);
#6775 = CARTESIAN_POINT('',(141.958736,-23.883283,8.5));
#6776 = LINE('',#6777,#6778);
#6777 = CARTESIAN_POINT('',(141.958736,-37.883503,8.5));
#6778 = VECTOR('',#6779,1.);
#6779 = DIRECTION('',(0.,1.,0.));
#6780 = ORIENTED_EDGE('',*,*,#6781,.T.);
#6781 = EDGE_CURVE('',#6774,#6756,#6782,.T.);
#6782 = LINE('',#6783,#6784);
#6783 = CARTESIAN_POINT('',(141.958736,-23.883283,8.5));
#6784 = VECTOR('',#6785,1.);
#6785 = DIRECTION('',(1.,0.,0.));
#6786 = FACE_BOUND('',#6787,.F.);
#6787 = EDGE_LOOP('',(#6788));
#6788 = ORIENTED_EDGE('',*,*,#6789,.F.);
#6789 = EDGE_CURVE('',#6790,#6790,#6792,.T.);
#6790 = VERTEX_POINT('',#6791);
#6791 = CARTESIAN_POINT('',(192.448572,-28.568915,8.5));
#6792 = CIRCLE('',#6793,1.6);
#6793 = AXIS2_PLACEMENT_3D('',#6794,#6795,#6796);
#6794 = CARTESIAN_POINT('',(190.848572,-28.568915,8.5));
#6795 = DIRECTION('',(0.,0.,1.));
#6796 = DIRECTION('',(1.,0.,0.));
#6797 = FACE_BOUND('',#6798,.F.);
#6798 = EDGE_LOOP('',(#6799));
#6799 = ORIENTED_EDGE('',*,*,#6800,.F.);
#6800 = EDGE_CURVE('',#6801,#6801,#6803,.T.);
#6801 = VERTEX_POINT('',#6802);
#6802 = CARTESIAN_POINT('',(156.518248,-17.6122,8.5));
#6803 = CIRCLE('',#6804,1.6);
#6804 = AXIS2_PLACEMENT_3D('',#6805,#6806,#6807);
#6805 = CARTESIAN_POINT('',(154.918248,-17.6122,8.5));
#6806 = DIRECTION('',(0.,0.,1.));
#6807 = DIRECTION('',(1.,0.,0.));
#6808 = PLANE('',#6809);
#6809 = AXIS2_PLACEMENT_3D('',#6810,#6811,#6812);
#6810 = CARTESIAN_POINT('',(108.84744213108,-62.60012130097,8.5));
#6811 = DIRECTION('',(0.,0.,1.));
#6812 = DIRECTION('',(1.,0.,0.));
#6813 = ADVANCED_FACE('',(#6814,#7385,#7396,#7430,#7441,#7475,#7509,
    #7520,#7554,#7588,#7599,#7633,#7667,#7678,#7689,#7723,#7757,#7791,
    #7825,#7859,#7893,#7927,#7938,#7972,#8006,#8040,#8074,#8108,#8119,
    #8153,#8187,#8198,#8232,#8266,#8300,#8311,#8377,#8411,#8445,#8479,
    #8490),#8501,.T.);
#6814 = FACE_BOUND('',#6815,.T.);
#6815 = EDGE_LOOP('',(#6816,#6817,#6818,#6819,#6828,#6837,#6846,#6854,
    #6863,#6871,#6879,#6888,#6896,#6904,#6913,#6922,#6931,#6940,#6949,
    #6957,#6965,#6973,#6981,#6989,#6998,#7007,#7016,#7025,#7033,#7042,
    #7051,#7059,#7067,#7076,#7085,#7094,#7103,#7112,#7120,#7129,#7138,
    #7146,#7155,#7164,#7173,#7182,#7191,#7200,#7208,#7217,#7225,#7233,
    #7241,#7249,#7257,#7265,#7274,#7283,#7292,#7301,#7310,#7318,#7326,
    #7335,#7344,#7353,#7362,#7370,#7379));
#6816 = ORIENTED_EDGE('',*,*,#5065,.T.);
#6817 = ORIENTED_EDGE('',*,*,#5025,.T.);
#6818 = ORIENTED_EDGE('',*,*,#5101,.F.);
#6819 = ORIENTED_EDGE('',*,*,#6820,.T.);
#6820 = EDGE_CURVE('',#5094,#6821,#6823,.T.);
#6821 = VERTEX_POINT('',#6822);
#6822 = CARTESIAN_POINT('',(92.076908,-9.424245,10.5));
#6823 = CIRCLE('',#6824,3.);
#6824 = AXIS2_PLACEMENT_3D('',#6825,#6826,#6827);
#6825 = CARTESIAN_POINT('',(92.076907684171,-12.424245,10.5));
#6826 = DIRECTION('',(0.,0.,1.));
#6827 = DIRECTION('',(1.,0.,0.));
#6828 = ORIENTED_EDGE('',*,*,#6829,.T.);
#6829 = EDGE_CURVE('',#6821,#6830,#6832,.T.);
#6830 = VERTEX_POINT('',#6831);
#6831 = CARTESIAN_POINT('',(89.447276,-10.980279,10.5));
#6832 = CIRCLE('',#6833,3.);
#6833 = AXIS2_PLACEMENT_3D('',#6834,#6835,#6836);
#6834 = CARTESIAN_POINT('',(92.076907569411,-12.424245,10.5));
#6835 = DIRECTION('',(0.,0.,1.));
#6836 = DIRECTION('',(1.,0.,0.));
#6837 = ORIENTED_EDGE('',*,*,#6838,.F.);
#6838 = EDGE_CURVE('',#6839,#6830,#6841,.T.);
#6839 = VERTEX_POINT('',#6840);
#6840 = CARTESIAN_POINT('',(85.076012,-13.573655,10.5));
#6841 = CIRCLE('',#6842,5.);
#6842 = AXIS2_PLACEMENT_3D('',#6843,#6844,#6845);
#6843 = CARTESIAN_POINT('',(85.064557200175,-8.573668121261,10.5));
#6844 = DIRECTION('',(0.,0.,1.));
#6845 = DIRECTION('',(1.,0.,0.));
#6846 = ORIENTED_EDGE('',*,*,#6847,.T.);
#6847 = EDGE_CURVE('',#6839,#6848,#6850,.T.);
#6848 = VERTEX_POINT('',#6849);
#6849 = CARTESIAN_POINT('',(83.407235,-13.573121,10.5));
#6850 = LINE('',#6851,#6852);
#6851 = CARTESIAN_POINT('',(85.076012,-13.573655,10.5));
#6852 = VECTOR('',#6853,1.);
#6853 = DIRECTION('',(-0.999999948802,3.19994806165E-04,0.));
#6854 = ORIENTED_EDGE('',*,*,#6855,.T.);
#6855 = EDGE_CURVE('',#6848,#6856,#6858,.T.);
#6856 = VERTEX_POINT('',#6857);
#6857 = CARTESIAN_POINT('',(79.407132,-17.573184,10.5));
#6858 = B_SPLINE_CURVE_WITH_KNOTS('',3,(#6859,#6860,#6861,#6862),
  .UNSPECIFIED.,.F.,.F.,(4,4),(0.,1.),.PIECEWISE_BEZIER_KNOTS.);
#6859 = CARTESIAN_POINT('',(83.407235,-13.573121,10.5));
#6860 = CARTESIAN_POINT('',(81.198178,-13.573121,10.5));
#6861 = CARTESIAN_POINT('',(79.407132,-15.36415,10.5));
#6862 = CARTESIAN_POINT('',(79.407132,-17.573184,10.5));
#6863 = ORIENTED_EDGE('',*,*,#6864,.T.);
#6864 = EDGE_CURVE('',#6856,#6865,#6867,.T.);
#6865 = VERTEX_POINT('',#6866);
#6866 = CARTESIAN_POINT('',(79.407132,-18.5532,10.5));
#6867 = LINE('',#6868,#6869);
#6868 = CARTESIAN_POINT('',(79.407132,-17.573184,10.5));
#6869 = VECTOR('',#6870,1.);
#6870 = DIRECTION('',(0.,-1.,0.));
#6871 = ORIENTED_EDGE('',*,*,#6872,.T.);
#6872 = EDGE_CURVE('',#6865,#6873,#6875,.T.);
#6873 = VERTEX_POINT('',#6874);
#6874 = CARTESIAN_POINT('',(59.745629,-20.313227,10.5));
#6875 = LINE('',#6876,#6877);
#6876 = CARTESIAN_POINT('',(79.407132,-18.5532,10.5));
#6877 = VECTOR('',#6878,1.);
#6878 = DIRECTION('',(-0.996017326425,-8.915988706336E-02,0.));
#6879 = ORIENTED_EDGE('',*,*,#6880,.T.);
#6880 = EDGE_CURVE('',#6873,#6881,#6883,.T.);
#6881 = VERTEX_POINT('',#6882);
#6882 = CARTESIAN_POINT('',(56.556547,-23.799282,10.5));
#6883 = B_SPLINE_CURVE_WITH_KNOTS('',3,(#6884,#6885,#6886,#6887),
  .UNSPECIFIED.,.F.,.F.,(4,4),(0.,1.),.PIECEWISE_BEZIER_KNOTS.);
#6884 = CARTESIAN_POINT('',(59.745629,-20.313227,10.5));
#6885 = CARTESIAN_POINT('',(57.940582,-20.47423,10.5));
#6886 = CARTESIAN_POINT('',(56.556547,-21.987254,10.5));
#6887 = CARTESIAN_POINT('',(56.556547,-23.799282,10.5));
#6888 = ORIENTED_EDGE('',*,*,#6889,.T.);
#6889 = EDGE_CURVE('',#6881,#6890,#6892,.T.);
#6890 = VERTEX_POINT('',#6891);
#6891 = CARTESIAN_POINT('',(56.556547,-24.672296,10.5));
#6892 = LINE('',#6893,#6894);
#6893 = CARTESIAN_POINT('',(56.556547,-23.799282,10.5));
#6894 = VECTOR('',#6895,1.);
#6895 = DIRECTION('',(0.,-1.,0.));
#6896 = ORIENTED_EDGE('',*,*,#6897,.T.);
#6897 = EDGE_CURVE('',#6890,#6898,#6900,.T.);
#6898 = VERTEX_POINT('',#6899);
#6899 = CARTESIAN_POINT('',(29.053138,-29.6138,10.5));
#6900 = LINE('',#6901,#6902);
#6901 = CARTESIAN_POINT('',(56.556547,-24.672296,10.5));
#6902 = VECTOR('',#6903,1.);
#6903 = DIRECTION('',(-0.984240111386,-0.176837222156,0.));
#6904 = ORIENTED_EDGE('',*,*,#6905,.F.);
#6905 = EDGE_CURVE('',#6906,#6898,#6908,.T.);
#6906 = VERTEX_POINT('',#6907);
#6907 = CARTESIAN_POINT('',(24.372237,-27.945934,10.5));
#6908 = CIRCLE('',#6909,4.999708);
#6909 = AXIS2_PLACEMENT_3D('',#6910,#6911,#6912);
#6910 = CARTESIAN_POINT('',(28.168926859581,-24.6929006163,10.5));
#6911 = DIRECTION('',(0.,0.,1.));
#6912 = DIRECTION('',(1.,0.,0.));
#6913 = ORIENTED_EDGE('',*,*,#6914,.T.);
#6914 = EDGE_CURVE('',#6906,#6915,#6917,.T.);
#6915 = VERTEX_POINT('',#6916);
#6916 = CARTESIAN_POINT('',(22.102017,-26.907082,10.5));
#6917 = CIRCLE('',#6918,3.);
#6918 = AXIS2_PLACEMENT_3D('',#6919,#6920,#6921);
#6919 = CARTESIAN_POINT('',(22.102017071866,-29.907082,10.5));
#6920 = DIRECTION('',(0.,0.,1.));
#6921 = DIRECTION('',(1.,0.,0.));
#6922 = ORIENTED_EDGE('',*,*,#6923,.T.);
#6923 = EDGE_CURVE('',#6915,#6924,#6926,.T.);
#6924 = VERTEX_POINT('',#6925);
#6925 = CARTESIAN_POINT('',(19.261011,-28.943398,10.5));
#6926 = CIRCLE('',#6927,3.);
#6927 = AXIS2_PLACEMENT_3D('',#6928,#6929,#6930);
#6928 = CARTESIAN_POINT('',(22.102016657887,-29.907082,10.5));
#6929 = DIRECTION('',(0.,0.,1.));
#6930 = DIRECTION('',(1.,0.,0.));
#6931 = ORIENTED_EDGE('',*,*,#6932,.F.);
#6932 = EDGE_CURVE('',#6933,#6924,#6935,.T.);
#6933 = VERTEX_POINT('',#6934);
#6934 = CARTESIAN_POINT('',(16.477837,-31.940481,10.5));
#6935 = CIRCLE('',#6936,4.999611);
#6936 = AXIS2_PLACEMENT_3D('',#6937,#6938,#6939);
#6937 = CARTESIAN_POINT('',(14.526343055455,-27.33746225837,10.5));
#6938 = DIRECTION('',(0.,0.,1.));
#6939 = DIRECTION('',(1.,0.,0.));
#6940 = ORIENTED_EDGE('',*,*,#6941,.T.);
#6941 = EDGE_CURVE('',#6933,#6942,#6944,.T.);
#6942 = VERTEX_POINT('',#6943);
#6943 = CARTESIAN_POINT('',(14.308464,-35.80347,10.5));
#6944 = B_SPLINE_CURVE_WITH_KNOTS('',3,(#6945,#6946,#6947,#6948),
  .UNSPECIFIED.,.F.,.F.,(4,4),(0.,1.),.PIECEWISE_BEZIER_KNOTS.);
#6945 = CARTESIAN_POINT('',(16.477837,-31.940481,10.5));
#6946 = CARTESIAN_POINT('',(14.957523,-32.535108,10.5));
#6947 = CARTESIAN_POINT('',(14.015784,-34.1353,10.5));
#6948 = CARTESIAN_POINT('',(14.308464,-35.80347,10.5));
#6949 = ORIENTED_EDGE('',*,*,#6950,.T.);
#6950 = EDGE_CURVE('',#6942,#6951,#6953,.T.);
#6951 = VERTEX_POINT('',#6952);
#6952 = CARTESIAN_POINT('',(15.222487,-41.023552,10.5));
#6953 = LINE('',#6954,#6955);
#6954 = CARTESIAN_POINT('',(14.308464,-35.80347,10.5));
#6955 = VECTOR('',#6956,1.);
#6956 = DIRECTION('',(0.172473459679,-0.985014165231,0.));
#6957 = ORIENTED_EDGE('',*,*,#6958,.T.);
#6958 = EDGE_CURVE('',#6951,#6959,#6961,.T.);
#6959 = VERTEX_POINT('',#6960);
#6960 = CARTESIAN_POINT('',(16.274514,-47.023647,10.5));
#6961 = LINE('',#6962,#6963);
#6962 = CARTESIAN_POINT('',(15.222487,-41.023552,10.5));
#6963 = VECTOR('',#6964,1.);
#6964 = DIRECTION('',(0.172700538777,-0.984974377284,0.));
#6965 = ORIENTED_EDGE('',*,*,#6966,.T.);
#6966 = EDGE_CURVE('',#6959,#6967,#6969,.T.);
#6967 = VERTEX_POINT('',#6968);
#6968 = CARTESIAN_POINT('',(18.102561,-57.46381,10.5));
#6969 = LINE('',#6970,#6971);
#6970 = CARTESIAN_POINT('',(16.274514,-47.023647,10.5));
#6971 = VECTOR('',#6972,1.);
#6972 = DIRECTION('',(0.17247356725,-0.985014146396,0.));
#6973 = ORIENTED_EDGE('',*,*,#6974,.T.);
#6974 = EDGE_CURVE('',#6967,#6975,#6977,.T.);
#6975 = VERTEX_POINT('',#6976);
#6976 = CARTESIAN_POINT('',(19.154588,-63.463905,10.5));
#6977 = LINE('',#6978,#6979);
#6978 = CARTESIAN_POINT('',(18.102561,-57.46381,10.5));
#6979 = VECTOR('',#6980,1.);
#6980 = DIRECTION('',(0.172700538777,-0.984974377284,0.));
#6981 = ORIENTED_EDGE('',*,*,#6982,.T.);
#6982 = EDGE_CURVE('',#6975,#6983,#6985,.T.);
#6983 = VERTEX_POINT('',#6984);
#6984 = CARTESIAN_POINT('',(23.90871,-90.604331,10.5));
#6985 = LINE('',#6986,#6987);
#6986 = CARTESIAN_POINT('',(19.154588,-63.463905,10.5));
#6987 = VECTOR('',#6988,1.);
#6988 = DIRECTION('',(0.172540465078,-0.985002430408,0.));
#6989 = ORIENTED_EDGE('',*,*,#6990,.T.);
#6990 = EDGE_CURVE('',#6983,#6991,#6993,.T.);
#6991 = VERTEX_POINT('',#6992);
#6992 = CARTESIAN_POINT('',(25.350747,-92.869366,10.5));
#6993 = B_SPLINE_CURVE_WITH_KNOTS('',3,(#6994,#6995,#6996,#6997),
  .UNSPECIFIED.,.F.,.F.,(4,4),(0.,1.),.PIECEWISE_BEZIER_KNOTS.);
#6994 = CARTESIAN_POINT('',(23.90871,-90.604331,10.5));
#6995 = CARTESIAN_POINT('',(24.069714,-91.521345,10.5));
#6996 = CARTESIAN_POINT('',(24.588727,-92.335358,10.5));
#6997 = CARTESIAN_POINT('',(25.350747,-92.869366,10.5));
#6998 = ORIENTED_EDGE('',*,*,#6999,.T.);
#6999 = EDGE_CURVE('',#6991,#7000,#7002,.T.);
#7000 = VERTEX_POINT('',#7001);
#7001 = CARTESIAN_POINT('',(26.97652,-93.479687,10.5));
#7002 = B_SPLINE_CURVE_WITH_KNOTS('',3,(#7003,#7004,#7005,#7006),
  .UNSPECIFIED.,.F.,.F.,(4,4),(0.,1.),.PIECEWISE_BEZIER_KNOTS.);
#7003 = CARTESIAN_POINT('',(25.350747,-92.869366,10.5));
#7004 = CARTESIAN_POINT('',(25.837358,-93.209289,10.5));
#7005 = CARTESIAN_POINT('',(26.39718,-93.41662,10.5));
#7006 = CARTESIAN_POINT('',(26.97652,-93.479687,10.5));
#7007 = ORIENTED_EDGE('',*,*,#7008,.F.);
#7008 = EDGE_CURVE('',#7009,#7000,#7011,.T.);
#7009 = VERTEX_POINT('',#7010);
#7010 = CARTESIAN_POINT('',(42.532807,-104.075784,10.5));
#7011 = CIRCLE('',#7012,19.999941);
#7012 = AXIS2_PLACEMENT_3D('',#7013,#7014,#7015);
#7013 = CARTESIAN_POINT('',(24.819961246343,-113.3630190735,10.5));
#7014 = DIRECTION('',(0.,0.,1.));
#7015 = DIRECTION('',(1.,0.,0.));
#7016 = ORIENTED_EDGE('',*,*,#7017,.T.);
#7017 = EDGE_CURVE('',#7009,#7018,#7020,.T.);
#7018 = VERTEX_POINT('',#7019);
#7019 = CARTESIAN_POINT('',(48.919351,-107.220592,10.5));
#7020 = B_SPLINE_CURVE_WITH_KNOTS('',3,(#7021,#7022,#7023,#7024),
  .UNSPECIFIED.,.F.,.F.,(4,4),(0.,1.),.PIECEWISE_BEZIER_KNOTS.);
#7021 = CARTESIAN_POINT('',(42.532807,-104.075784,10.5));
#7022 = CARTESIAN_POINT('',(43.710081,-106.349032,10.5));
#7023 = CARTESIAN_POINT('',(46.267119,-107.695419,10.5));
#7024 = CARTESIAN_POINT('',(48.919351,-107.220592,10.5));
#7025 = ORIENTED_EDGE('',*,*,#7026,.T.);
#7026 = EDGE_CURVE('',#7018,#7027,#7029,.T.);
#7027 = VERTEX_POINT('',#7028);
#7028 = CARTESIAN_POINT('',(83.372234,-101.052495,10.5));
#7029 = LINE('',#7030,#7031);
#7030 = CARTESIAN_POINT('',(48.919351,-107.220592,10.5));
#7031 = VECTOR('',#7032,1.);
#7032 = DIRECTION('',(0.984349376177,0.17622799329,0.));
#7033 = ORIENTED_EDGE('',*,*,#7034,.T.);
#7034 = EDGE_CURVE('',#7027,#7035,#7037,.T.);
#7035 = VERTEX_POINT('',#7036);
#7036 = CARTESIAN_POINT('',(83.779303,-100.965073,10.5));
#7037 = B_SPLINE_CURVE_WITH_KNOTS('',3,(#7038,#7039,#7040,#7041),
  .UNSPECIFIED.,.F.,.F.,(4,4),(0.,1.),.PIECEWISE_BEZIER_KNOTS.);
#7038 = CARTESIAN_POINT('',(83.372234,-101.052495,10.5));
#7039 = CARTESIAN_POINT('',(83.50974,-101.027873,10.5));
#7040 = CARTESIAN_POINT('',(83.64548,-100.998675,10.5));
#7041 = CARTESIAN_POINT('',(83.779303,-100.965073,10.5));
#7042 = ORIENTED_EDGE('',*,*,#7043,.F.);
#7043 = EDGE_CURVE('',#7044,#7035,#7046,.T.);
#7044 = VERTEX_POINT('',#7045);
#7045 = CARTESIAN_POINT('',(102.551073,-99.891035,10.5));
#7046 = CIRCLE('',#7047,50.);
#7047 = AXIS2_PLACEMENT_3D('',#7048,#7049,#7050);
#7048 = CARTESIAN_POINT('',(95.97035598173,-149.4560848186,10.5));
#7049 = DIRECTION('',(0.,0.,1.));
#7050 = DIRECTION('',(1.,0.,0.));
#7051 = ORIENTED_EDGE('',*,*,#7052,.T.);
#7052 = EDGE_CURVE('',#7044,#7053,#7055,.T.);
#7053 = VERTEX_POINT('',#7054);
#7054 = CARTESIAN_POINT('',(128.735397,-103.29753,10.5));
#7055 = LINE('',#7056,#7057);
#7056 = CARTESIAN_POINT('',(102.551073,-99.891035,10.5));
#7057 = VECTOR('',#7058,1.);
#7058 = DIRECTION('',(0.991643349938,-0.129009559817,0.));
#7059 = ORIENTED_EDGE('',*,*,#7060,.T.);
#7060 = EDGE_CURVE('',#7053,#7061,#7063,.T.);
#7061 = VERTEX_POINT('',#7062);
#7062 = CARTESIAN_POINT('',(137.319913,-108.285074,10.5));
#7063 = LINE('',#7064,#7065);
#7064 = CARTESIAN_POINT('',(128.735397,-103.29753,10.5));
#7065 = VECTOR('',#7066,1.);
#7066 = DIRECTION('',(0.86465830132,-0.502360450234,0.));
#7067 = ORIENTED_EDGE('',*,*,#7068,.F.);
#7068 = EDGE_CURVE('',#7069,#7061,#7071,.T.);
#7069 = VERTEX_POINT('',#7070);
#7070 = CARTESIAN_POINT('',(139.807699,-112.545673,10.5));
#7071 = CIRCLE('',#7072,4.999931);
#7072 = AXIS2_PLACEMENT_3D('',#7073,#7074,#7075);
#7073 = CARTESIAN_POINT('',(134.80816041736,-112.6083145633,10.5));
#7074 = DIRECTION('',(0.,0.,1.));
#7075 = DIRECTION('',(1.,0.,0.));
#7076 = ORIENTED_EDGE('',*,*,#7077,.T.);
#7077 = EDGE_CURVE('',#7069,#7078,#7080,.T.);
#7078 = VERTEX_POINT('',#7079);
#7079 = CARTESIAN_POINT('',(139.807698,-112.548516,10.5));
#7080 = B_SPLINE_CURVE_WITH_KNOTS('',3,(#7081,#7082,#7083,#7084),
  .UNSPECIFIED.,.F.,.F.,(4,4),(0.,1.),.PIECEWISE_BEZIER_KNOTS.);
#7081 = CARTESIAN_POINT('',(139.807699,-112.545673,10.5));
#7082 = CARTESIAN_POINT('',(139.807698,-112.546621,10.5));
#7083 = CARTESIAN_POINT('',(139.807698,-112.547568,10.5));
#7084 = CARTESIAN_POINT('',(139.807698,-112.548516,10.5));
#7085 = ORIENTED_EDGE('',*,*,#7086,.T.);
#7086 = EDGE_CURVE('',#7078,#7087,#7089,.T.);
#7087 = VERTEX_POINT('',#7088);
#7088 = CARTESIAN_POINT('',(142.807698,-115.548516,10.5));
#7089 = CIRCLE('',#7090,3.);
#7090 = AXIS2_PLACEMENT_3D('',#7091,#7092,#7093);
#7091 = CARTESIAN_POINT('',(142.807698,-112.548516,10.5));
#7092 = DIRECTION('',(0.,0.,1.));
#7093 = DIRECTION('',(1.,0.,0.));
#7094 = ORIENTED_EDGE('',*,*,#7095,.T.);
#7095 = EDGE_CURVE('',#7087,#7096,#7098,.T.);
#7096 = VERTEX_POINT('',#7097);
#7097 = CARTESIAN_POINT('',(143.615509,-115.438509,10.5));
#7098 = B_SPLINE_CURVE_WITH_KNOTS('',3,(#7099,#7100,#7101,#7102),
  .UNSPECIFIED.,.F.,.F.,(4,4),(0.,1.),.PIECEWISE_BEZIER_KNOTS.);
#7099 = CARTESIAN_POINT('',(142.807698,-115.548516,10.5));
#7100 = CARTESIAN_POINT('',(143.087577,-115.548516,10.5));
#7101 = CARTESIAN_POINT('',(143.358505,-115.51019,10.5));
#7102 = CARTESIAN_POINT('',(143.615509,-115.438509,10.5));
#7103 = ORIENTED_EDGE('',*,*,#7104,.F.);
#7104 = EDGE_CURVE('',#7105,#7096,#7107,.T.);
#7105 = VERTEX_POINT('',#7106);
#7106 = CARTESIAN_POINT('',(148.488787,-116.710097,10.5));
#7107 = CIRCLE('',#7108,5.);
#7108 = AXIS2_PLACEMENT_3D('',#7109,#7110,#7111);
#7109 = CARTESIAN_POINT('',(144.96155833788,-120.2539166857,10.5));
#7110 = DIRECTION('',(0.,0.,1.));
#7111 = DIRECTION('',(1.,0.,0.));
#7112 = ORIENTED_EDGE('',*,*,#7113,.T.);
#7113 = EDGE_CURVE('',#7105,#7114,#7116,.T.);
#7114 = VERTEX_POINT('',#7115);
#7115 = CARTESIAN_POINT('',(155.859092,-123.981855,10.5));
#7116 = LINE('',#7117,#7118);
#7117 = CARTESIAN_POINT('',(148.488787,-116.710097,10.5));
#7118 = VECTOR('',#7119,1.);
#7119 = DIRECTION('',(0.711849772901,-0.702331759797,0.));
#7120 = ORIENTED_EDGE('',*,*,#7121,.T.);
#7121 = EDGE_CURVE('',#7114,#7122,#7124,.T.);
#7122 = VERTEX_POINT('',#7123);
#7123 = CARTESIAN_POINT('',(156.361105,-124.392861,10.5));
#7124 = B_SPLINE_CURVE_WITH_KNOTS('',3,(#7125,#7126,#7127,#7128),
  .UNSPECIFIED.,.F.,.F.,(4,4),(0.,1.),.PIECEWISE_BEZIER_KNOTS.);
#7125 = CARTESIAN_POINT('',(155.859092,-123.981855,10.5));
#7126 = CARTESIAN_POINT('',(156.013096,-124.133857,10.5));
#7127 = CARTESIAN_POINT('',(156.1811,-124.271859,10.5));
#7128 = CARTESIAN_POINT('',(156.361105,-124.392861,10.5));
#7129 = ORIENTED_EDGE('',*,*,#7130,.T.);
#7130 = EDGE_CURVE('',#7122,#7131,#7133,.T.);
#7131 = VERTEX_POINT('',#7132);
#7132 = CARTESIAN_POINT('',(162.889272,-123.416846,10.5));
#7133 = B_SPLINE_CURVE_WITH_KNOTS('',3,(#7134,#7135,#7136,#7137),
  .UNSPECIFIED.,.F.,.F.,(4,4),(0.,1.),.PIECEWISE_BEZIER_KNOTS.);
#7134 = CARTESIAN_POINT('',(156.361105,-124.392861,10.5));
#7135 = CARTESIAN_POINT('',(158.461159,-125.807884,10.5));
#7136 = CARTESIAN_POINT('',(161.294231,-125.383877,10.5));
#7137 = CARTESIAN_POINT('',(162.889272,-123.416846,10.5));
#7138 = ORIENTED_EDGE('',*,*,#7139,.T.);
#7139 = EDGE_CURVE('',#7131,#7140,#7142,.T.);
#7140 = VERTEX_POINT('',#7141);
#7141 = CARTESIAN_POINT('',(182.724104,-103.576942,10.5));
#7142 = LINE('',#7143,#7144);
#7143 = CARTESIAN_POINT('',(162.889272,-123.416846,10.5));
#7144 = VECTOR('',#7145,1.);
#7145 = DIRECTION('',(0.707016379204,0.707197171613,0.));
#7146 = ORIENTED_EDGE('',*,*,#7147,.F.);
#7147 = EDGE_CURVE('',#7148,#7140,#7150,.T.);
#7148 = VERTEX_POINT('',#7149);
#7149 = CARTESIAN_POINT('',(187.406821,-102.245325,10.5));
#7150 = CIRCLE('',#7151,4.999902);
#7151 = AXIS2_PLACEMENT_3D('',#7152,#7153,#7154);
#7152 = CARTESIAN_POINT('',(186.26003842581,-107.1119367306,10.5));
#7153 = DIRECTION('',(0.,0.,1.));
#7154 = DIRECTION('',(1.,0.,0.));
#7155 = ORIENTED_EDGE('',*,*,#7156,.T.);
#7156 = EDGE_CURVE('',#7148,#7157,#7159,.T.);
#7157 = VERTEX_POINT('',#7158);
#7158 = CARTESIAN_POINT('',(188.131757,-102.333538,10.5));
#7159 = B_SPLINE_CURVE_WITH_KNOTS('',3,(#7160,#7161,#7162,#7163),
  .UNSPECIFIED.,.F.,.F.,(4,4),(0.,1.),.PIECEWISE_BEZIER_KNOTS.);
#7160 = CARTESIAN_POINT('',(187.406821,-102.245325,10.5));
#7161 = CARTESIAN_POINT('',(187.63894,-102.302963,10.5));
#7162 = CARTESIAN_POINT('',(187.881778,-102.333538,10.5));
#7163 = CARTESIAN_POINT('',(188.131757,-102.333538,10.5));
#7164 = ORIENTED_EDGE('',*,*,#7165,.T.);
#7165 = EDGE_CURVE('',#7157,#7166,#7168,.T.);
#7166 = VERTEX_POINT('',#7167);
#7167 = CARTESIAN_POINT('',(191.131757,-99.333538,10.5));
#7168 = CIRCLE('',#7169,3.);
#7169 = AXIS2_PLACEMENT_3D('',#7170,#7171,#7172);
#7170 = CARTESIAN_POINT('',(188.131757,-99.333538,10.5));
#7171 = DIRECTION('',(0.,0.,1.));
#7172 = DIRECTION('',(1.,0.,0.));
#7173 = ORIENTED_EDGE('',*,*,#7174,.T.);
#7174 = EDGE_CURVE('',#7166,#7175,#7177,.T.);
#7175 = VERTEX_POINT('',#7176);
#7176 = CARTESIAN_POINT('',(190.832026,-98.025489,10.5));
#7177 = B_SPLINE_CURVE_WITH_KNOTS('',3,(#7178,#7179,#7180,#7181),
  .UNSPECIFIED.,.F.,.F.,(4,4),(0.,1.),.PIECEWISE_BEZIER_KNOTS.);
#7178 = CARTESIAN_POINT('',(191.131757,-99.333538,10.5));
#7179 = CARTESIAN_POINT('',(191.131757,-98.864497,10.5));
#7180 = CARTESIAN_POINT('',(191.024116,-98.420598,10.5));
#7181 = CARTESIAN_POINT('',(190.832026,-98.025489,10.5));
#7182 = ORIENTED_EDGE('',*,*,#7183,.F.);
#7183 = EDGE_CURVE('',#7184,#7175,#7186,.T.);
#7184 = VERTEX_POINT('',#7185);
#7185 = CARTESIAN_POINT('',(190.393212,-95.029605,10.5));
#7186 = CIRCLE('',#7187,4.99976);
#7187 = AXIS2_PLACEMENT_3D('',#7188,#7189,#7190);
#7188 = CARTESIAN_POINT('',(195.32735464683,-95.83696885741,10.5));
#7189 = DIRECTION('',(0.,0.,1.));
#7190 = DIRECTION('',(1.,0.,0.));
#7191 = ORIENTED_EDGE('',*,*,#7192,.T.);
#7192 = EDGE_CURVE('',#7184,#7193,#7195,.T.);
#7193 = VERTEX_POINT('',#7194);
#7194 = CARTESIAN_POINT('',(190.449979,-94.40239,10.5));
#7195 = B_SPLINE_CURVE_WITH_KNOTS('',3,(#7196,#7197,#7198,#7199),
  .UNSPECIFIED.,.F.,.F.,(4,4),(0.,1.),.PIECEWISE_BEZIER_KNOTS.);
#7196 = CARTESIAN_POINT('',(190.393212,-95.029605,10.5));
#7197 = CARTESIAN_POINT('',(190.430714,-94.824074,10.5));
#7198 = CARTESIAN_POINT('',(190.449979,-94.614198,10.5));
#7199 = CARTESIAN_POINT('',(190.449979,-94.40239,10.5));
#7200 = ORIENTED_EDGE('',*,*,#7201,.T.);
#7201 = EDGE_CURVE('',#7193,#7202,#7204,.T.);
#7202 = VERTEX_POINT('',#7203);
#7203 = CARTESIAN_POINT('',(190.454979,-87.006274,10.5));
#7204 = LINE('',#7205,#7206);
#7205 = CARTESIAN_POINT('',(190.449979,-94.40239,10.5));
#7206 = VECTOR('',#7207,1.);
#7207 = DIRECTION('',(6.760303458574E-04,0.999999771491,0.));
#7208 = ORIENTED_EDGE('',*,*,#7209,.T.);
#7209 = EDGE_CURVE('',#7202,#7210,#7212,.T.);
#7210 = VERTEX_POINT('',#7211);
#7211 = CARTESIAN_POINT('',(190.454979,-87.001274,10.5));
#7212 = B_SPLINE_CURVE_WITH_KNOTS('',3,(#7213,#7214,#7215,#7216),
  .UNSPECIFIED.,.F.,.F.,(4,4),(0.,1.),.PIECEWISE_BEZIER_KNOTS.);
#7213 = CARTESIAN_POINT('',(190.454979,-87.006274,10.5));
#7214 = CARTESIAN_POINT('',(190.454979,-87.004274,10.5));
#7215 = CARTESIAN_POINT('',(190.454979,-87.003274,10.5));
#7216 = CARTESIAN_POINT('',(190.454979,-87.001274,10.5));
#7217 = ORIENTED_EDGE('',*,*,#7218,.T.);
#7218 = EDGE_CURVE('',#7210,#7219,#7221,.T.);
#7219 = VERTEX_POINT('',#7220);
#7220 = CARTESIAN_POINT('',(190.45329213721,-84.97700693884,10.5));
#7221 = LINE('',#7222,#7223);
#7222 = CARTESIAN_POINT('',(190.454979,-87.001274,10.5));
#7223 = VECTOR('',#7224,1.);
#7224 = DIRECTION('',(-8.333199886482E-04,0.999999652789,0.));
#7225 = ORIENTED_EDGE('',*,*,#7226,.T.);
#7226 = EDGE_CURVE('',#7219,#7227,#7229,.T.);
#7227 = VERTEX_POINT('',#7228);
#7228 = CARTESIAN_POINT('',(174.45329769258,-84.99034005865,10.5));
#7229 = LINE('',#7230,#7231);
#7230 = CARTESIAN_POINT('',(141.65972179609,-85.01766761044,10.5));
#7231 = VECTOR('',#7232,1.);
#7232 = DIRECTION('',(-0.999999652789,-8.333199886387E-04,0.));
#7233 = ORIENTED_EDGE('',*,*,#7234,.T.);
#7234 = EDGE_CURVE('',#7227,#7235,#7237,.T.);
#7235 = VERTEX_POINT('',#7236);
#7236 = CARTESIAN_POINT('',(174.44704779267,-77.49034266274,10.5));
#7237 = LINE('',#7238,#7239);
#7238 = CARTESIAN_POINT('',(174.44082085836,-70.01790443007,10.5));
#7239 = VECTOR('',#7240,1.);
#7240 = DIRECTION('',(-8.333199886387E-04,0.999999652789,0.));
#7241 = ORIENTED_EDGE('',*,*,#7242,.T.);
#7242 = EDGE_CURVE('',#7235,#7243,#7245,.T.);
#7243 = VERTEX_POINT('',#7244);
#7244 = CARTESIAN_POINT('',(190.44727436441,-77.47700934948,10.5));
#7245 = LINE('',#7246,#7247);
#7246 = CARTESIAN_POINT('',(150.65346877128,-77.51017033462,10.5));
#7247 = VECTOR('',#7248,1.);
#7248 = DIRECTION('',(0.999999652789,8.333199886387E-04,0.));
#7249 = ORIENTED_EDGE('',*,*,#7250,.T.);
#7250 = EDGE_CURVE('',#7243,#7251,#7253,.T.);
#7251 = VERTEX_POINT('',#7252);
#7252 = CARTESIAN_POINT('',(190.416978,-38.000505,10.5));
#7253 = LINE('',#7254,#7255);
#7254 = CARTESIAN_POINT('',(190.449979,-81.00118,10.5));
#7255 = VECTOR('',#7256,1.);
#7256 = DIRECTION('',(-7.674528430415E-04,0.999999705508,0.));
#7257 = ORIENTED_EDGE('',*,*,#7258,.T.);
#7258 = EDGE_CURVE('',#7251,#7259,#7261,.T.);
#7259 = VERTEX_POINT('',#7260);
#7260 = CARTESIAN_POINT('',(190.415071,-35.14086,10.5));
#7261 = LINE('',#7262,#7263);
#7262 = CARTESIAN_POINT('',(190.416978,-38.000505,10.5));
#7263 = VECTOR('',#7264,1.);
#7264 = DIRECTION('',(-6.668658438224E-04,0.999999777645,0.));
#7265 = ORIENTED_EDGE('',*,*,#7266,.F.);
#7266 = EDGE_CURVE('',#7267,#7259,#7269,.T.);
#7267 = VERTEX_POINT('',#7268);
#7268 = CARTESIAN_POINT('',(192.561472,-31.031835,10.5));
#7269 = CIRCLE('',#7270,4.99988);
#7270 = AXIS2_PLACEMENT_3D('',#7271,#7272,#7273);
#7271 = CARTESIAN_POINT('',(195.41494986929,-35.1374974391,10.5));
#7272 = DIRECTION('',(0.,0.,1.));
#7273 = DIRECTION('',(1.,0.,0.));
#7274 = ORIENTED_EDGE('',*,*,#7275,.T.);
#7275 = EDGE_CURVE('',#7267,#7276,#7278,.T.);
#7276 = VERTEX_POINT('',#7277);
#7277 = CARTESIAN_POINT('',(193.848572,-28.56891499913,10.5));
#7278 = CIRCLE('',#7279,3.);
#7279 = AXIS2_PLACEMENT_3D('',#7280,#7281,#7282);
#7280 = CARTESIAN_POINT('',(190.848572,-28.5689152713,10.5));
#7281 = DIRECTION('',(0.,0.,1.));
#7282 = DIRECTION('',(1.,0.,0.));
#7283 = ORIENTED_EDGE('',*,*,#7284,.T.);
#7284 = EDGE_CURVE('',#7276,#7285,#7287,.T.);
#7285 = VERTEX_POINT('',#7286);
#7286 = CARTESIAN_POINT('',(192.37187599925,-25.98443299956,10.5));
#7287 = CIRCLE('',#7288,3.);
#7288 = AXIS2_PLACEMENT_3D('',#7289,#7290,#7291);
#7289 = CARTESIAN_POINT('',(190.848572,-28.56891455798,10.5));
#7290 = DIRECTION('',(0.,0.,1.));
#7291 = DIRECTION('',(1.,0.,0.));
#7292 = ORIENTED_EDGE('',*,*,#7293,.F.);
#7293 = EDGE_CURVE('',#7294,#7285,#7296,.T.);
#7294 = VERTEX_POINT('',#7295);
#7295 = CARTESIAN_POINT('',(190.190822,-23.326947,10.5));
#7296 = CIRCLE('',#7297,4.999868);
#7297 = AXIS2_PLACEMENT_3D('',#7298,#7299,#7300);
#7298 = CARTESIAN_POINT('',(194.91062813709,-21.67706517221,10.5));
#7299 = DIRECTION('',(0.,0.,1.));
#7300 = DIRECTION('',(1.,0.,0.));
#7301 = ORIENTED_EDGE('',*,*,#7302,.T.);
#7302 = EDGE_CURVE('',#7294,#7303,#7305,.T.);
#7303 = VERTEX_POINT('',#7304);
#7304 = CARTESIAN_POINT('',(186.406875,-20.627232,10.5));
#7305 = B_SPLINE_CURVE_WITH_KNOTS('',3,(#7306,#7307,#7308,#7309),
  .UNSPECIFIED.,.F.,.F.,(4,4),(0.,1.),.PIECEWISE_BEZIER_KNOTS.);
#7306 = CARTESIAN_POINT('',(190.190822,-23.326947,10.5));
#7307 = CARTESIAN_POINT('',(189.651008,-21.756213,10.5));
#7308 = CARTESIAN_POINT('',(188.160447,-20.627232,10.5));
#7309 = CARTESIAN_POINT('',(186.406875,-20.627232,10.5));
#7310 = ORIENTED_EDGE('',*,*,#7311,.T.);
#7311 = EDGE_CURVE('',#7303,#7312,#7314,.T.);
#7312 = VERTEX_POINT('',#7313);
#7313 = CARTESIAN_POINT('',(176.186613,-20.627232,10.5));
#7314 = LINE('',#7315,#7316);
#7315 = CARTESIAN_POINT('',(186.406875,-20.627232,10.5));
#7316 = VECTOR('',#7317,1.);
#7317 = DIRECTION('',(-1.,0.,0.));
#7318 = ORIENTED_EDGE('',*,*,#7319,.T.);
#7319 = EDGE_CURVE('',#7312,#7320,#7322,.T.);
#7320 = VERTEX_POINT('',#7321);
#7321 = CARTESIAN_POINT('',(161.267293,-18.686685,10.5));
#7322 = LINE('',#7323,#7324);
#7323 = CARTESIAN_POINT('',(176.186613,-20.627232,10.5));
#7324 = VECTOR('',#7325,1.);
#7325 = DIRECTION('',(-0.991646817089,0.128982906457,0.));
#7326 = ORIENTED_EDGE('',*,*,#7327,.F.);
#7327 = EDGE_CURVE('',#7328,#7320,#7330,.T.);
#7328 = VERTEX_POINT('',#7329);
#7329 = CARTESIAN_POINT('',(157.53906,-16.152288,10.5));
#7330 = CIRCLE('',#7331,4.999724);
#7331 = AXIS2_PLACEMENT_3D('',#7332,#7333,#7334);
#7332 = CARTESIAN_POINT('',(161.91210694656,-13.72871615676,10.5));
#7333 = DIRECTION('',(0.,0.,1.));
#7334 = DIRECTION('',(1.,0.,0.));
#7335 = ORIENTED_EDGE('',*,*,#7336,.T.);
#7336 = EDGE_CURVE('',#7328,#7337,#7339,.T.);
#7337 = VERTEX_POINT('',#7338);
#7338 = CARTESIAN_POINT('',(154.918248,-14.6122,10.5));
#7339 = CIRCLE('',#7340,3.);
#7340 = AXIS2_PLACEMENT_3D('',#7341,#7342,#7343);
#7341 = CARTESIAN_POINT('',(154.91824773044,-17.6122,10.5));
#7342 = DIRECTION('',(0.,0.,1.));
#7343 = DIRECTION('',(1.,0.,0.));
#7344 = ORIENTED_EDGE('',*,*,#7345,.T.);
#7345 = EDGE_CURVE('',#7337,#7346,#7348,.T.);
#7346 = VERTEX_POINT('',#7347);
#7347 = CARTESIAN_POINT('',(152.389848,-15.99752,10.5));
#7348 = CIRCLE('',#7349,3.);
#7349 = AXIS2_PLACEMENT_3D('',#7350,#7351,#7352);
#7350 = CARTESIAN_POINT('',(154.91824838316,-17.6122,10.5));
#7351 = DIRECTION('',(0.,0.,1.));
#7352 = DIRECTION('',(1.,0.,0.));
#7353 = ORIENTED_EDGE('',*,*,#7354,.F.);
#7354 = EDGE_CURVE('',#7355,#7346,#7357,.T.);
#7355 = VERTEX_POINT('',#7356);
#7356 = CARTESIAN_POINT('',(148.156578,-18.306349,10.5));
#7357 = CIRCLE('',#7358,5.);
#7358 = AXIS2_PLACEMENT_3D('',#7359,#7360,#7361);
#7359 = CARTESIAN_POINT('',(148.17584770265,-13.30638613228,10.5));
#7360 = DIRECTION('',(0.,0.,1.));
#7361 = DIRECTION('',(1.,0.,0.));
#7362 = ORIENTED_EDGE('',*,*,#7363,.T.);
#7363 = EDGE_CURVE('',#7355,#7364,#7366,.T.);
#7364 = VERTEX_POINT('',#7365);
#7365 = CARTESIAN_POINT('',(123.115253,-18.321196,10.5));
#7366 = LINE('',#7367,#7368);
#7367 = CARTESIAN_POINT('',(148.156578,-18.306349,10.5));
#7368 = VECTOR('',#7369,1.);
#7369 = DIRECTION('',(-0.999999824235,-5.928998321941E-04,0.));
#7370 = ORIENTED_EDGE('',*,*,#7371,.T.);
#7371 = EDGE_CURVE('',#7364,#7372,#7374,.T.);
#7372 = VERTEX_POINT('',#7373);
#7373 = CARTESIAN_POINT('',(119.408158,-15.823157,10.5));
#7374 = B_SPLINE_CURVE_WITH_KNOTS('',3,(#7375,#7376,#7377,#7378),
  .UNSPECIFIED.,.F.,.F.,(4,4),(0.,1.),.PIECEWISE_BEZIER_KNOTS.);
#7375 = CARTESIAN_POINT('',(123.115253,-18.321196,10.5));
#7376 = CARTESIAN_POINT('',(122.504237,-16.811172,10.5));
#7377 = CARTESIAN_POINT('',(121.037199,-15.823157,10.5));
#7378 = CARTESIAN_POINT('',(119.408158,-15.823157,10.5));
#7379 = ORIENTED_EDGE('',*,*,#7380,.T.);
#7380 = EDGE_CURVE('',#7372,#5058,#7381,.T.);
#7381 = LINE('',#7382,#7383);
#7382 = CARTESIAN_POINT('',(119.408158,-15.823157,10.5));
#7383 = VECTOR('',#7384,1.);
#7384 = DIRECTION('',(-1.,0.,0.));
#7385 = FACE_BOUND('',#7386,.T.);
#7386 = EDGE_LOOP('',(#7387));
#7387 = ORIENTED_EDGE('',*,*,#7388,.T.);
#7388 = EDGE_CURVE('',#7389,#7389,#7391,.T.);
#7389 = VERTEX_POINT('',#7390);
#7390 = CARTESIAN_POINT('',(42.087843,-92.211337,10.5));
#7391 = CIRCLE('',#7392,1.6);
#7392 = AXIS2_PLACEMENT_3D('',#7393,#7394,#7395);
#7393 = CARTESIAN_POINT('',(40.487843,-92.211337,10.5));
#7394 = DIRECTION('',(0.,0.,-1.));
#7395 = DIRECTION('',(1.,0.,0.));
#7396 = FACE_BOUND('',#7397,.T.);
#7397 = EDGE_LOOP('',(#7398,#7408,#7416,#7424));
#7398 = ORIENTED_EDGE('',*,*,#7399,.T.);
#7399 = EDGE_CURVE('',#7400,#7402,#7404,.T.);
#7400 = VERTEX_POINT('',#7401);
#7401 = CARTESIAN_POINT('',(46.167296,-87.570872,10.5));
#7402 = VERTEX_POINT('',#7403);
#7403 = CARTESIAN_POINT('',(79.640404,-81.608403,10.5));
#7404 = LINE('',#7405,#7406);
#7405 = CARTESIAN_POINT('',(95.435695304834,-78.79483293202,10.5));
#7406 = VECTOR('',#7407,1.);
#7407 = DIRECTION('',(0.984503178278,0.175366735616,0.));
#7408 = ORIENTED_EDGE('',*,*,#7409,.T.);
#7409 = EDGE_CURVE('',#7402,#7410,#7412,.T.);
#7410 = VERTEX_POINT('',#7411);
#7411 = CARTESIAN_POINT('',(82.446271,-97.360454,10.5));
#7412 = LINE('',#7413,#7414);
#7413 = CARTESIAN_POINT('',(79.851565450634,-82.79385688631,10.5));
#7414 = VECTOR('',#7415,1.);
#7415 = DIRECTION('',(0.175366687388,-0.984503186869,0.));
#7416 = ORIENTED_EDGE('',*,*,#7417,.T.);
#7417 = EDGE_CURVE('',#7410,#7418,#7420,.T.);
#7418 = VERTEX_POINT('',#7419);
#7419 = CARTESIAN_POINT('',(48.973163,-103.322923,10.5));
#7420 = LINE('',#7421,#7422);
#7421 = CARTESIAN_POINT('',(81.505008690662,-97.52811836329,10.5));
#7422 = VECTOR('',#7423,1.);
#7423 = DIRECTION('',(-0.984503178278,-0.175366735616,0.));
#7424 = ORIENTED_EDGE('',*,*,#7425,.T.);
#7425 = EDGE_CURVE('',#7418,#7400,#7426,.T.);
#7426 = LINE('',#7427,#7428);
#7427 = CARTESIAN_POINT('',(44.97552380459,-80.88029956642,10.5));
#7428 = VECTOR('',#7429,1.);
#7429 = DIRECTION('',(-0.175366687388,0.984503186869,0.));
#7430 = FACE_BOUND('',#7431,.T.);
#7431 = EDGE_LOOP('',(#7432));
#7432 = ORIENTED_EDGE('',*,*,#7433,.T.);
#7433 = EDGE_CURVE('',#7434,#7434,#7436,.T.);
#7434 = VERTEX_POINT('',#7435);
#7435 = CARTESIAN_POINT('',(88.92261,-94.82474,10.5));
#7436 = CIRCLE('',#7437,1.6);
#7437 = AXIS2_PLACEMENT_3D('',#7438,#7439,#7440);
#7438 = CARTESIAN_POINT('',(87.32261,-94.82474,10.5));
#7439 = DIRECTION('',(0.,0.,-1.));
#7440 = DIRECTION('',(1.,0.,0.));
#7441 = FACE_BOUND('',#7442,.T.);
#7442 = EDGE_LOOP('',(#7443,#7453,#7461,#7469));
#7443 = ORIENTED_EDGE('',*,*,#7444,.F.);
#7444 = EDGE_CURVE('',#7445,#7447,#7449,.T.);
#7445 = VERTEX_POINT('',#7446);
#7446 = CARTESIAN_POINT('',(30.225872,-87.39428,10.5));
#7447 = VERTEX_POINT('',#7448);
#7448 = CARTESIAN_POINT('',(44.016225,-84.954242,10.5));
#7449 = LINE('',#7450,#7451);
#7450 = CARTESIAN_POINT('',(77.365415283521,-79.05350170995,10.5));
#7451 = VECTOR('',#7452,1.);
#7452 = DIRECTION('',(0.984704681512,0.174231714131,0.));
#7453 = ORIENTED_EDGE('',*,*,#7454,.F.);
#7454 = EDGE_CURVE('',#7455,#7445,#7457,.T.);
#7455 = VERTEX_POINT('',#7456);
#7456 = CARTESIAN_POINT('',(27.79581,-73.604064,10.5));
#7457 = LINE('',#7458,#7459);
#7458 = CARTESIAN_POINT('',(29.291019650298,-82.08914135312,10.5));
#7459 = VECTOR('',#7460,1.);
#7460 = DIRECTION('',(0.173542542541,-0.984826373494,0.));
#7461 = ORIENTED_EDGE('',*,*,#7462,.F.);
#7462 = EDGE_CURVE('',#7463,#7455,#7465,.T.);
#7463 = VERTEX_POINT('',#7464);
#7464 = CARTESIAN_POINT('',(41.576163,-71.174026,10.5));
#7465 = LINE('',#7466,#7467);
#7466 = CARTESIAN_POINT('',(68.040399508622,-66.5073022697,10.5));
#7467 = VECTOR('',#7468,1.);
#7468 = DIRECTION('',(-0.984805431367,-0.173661343859,0.));
#7469 = ORIENTED_EDGE('',*,*,#7470,.F.);
#7470 = EDGE_CURVE('',#7447,#7463,#7471,.T.);
#7471 = LINE('',#7472,#7473);
#7472 = CARTESIAN_POINT('',(41.862692702247,-72.79219848388,10.5));
#7473 = VECTOR('',#7474,1.);
#7474 = DIRECTION('',(-0.174357650319,0.984682390304,0.));
#7475 = FACE_BOUND('',#7476,.T.);
#7476 = EDGE_LOOP('',(#7477,#7487,#7495,#7503));
#7477 = ORIENTED_EDGE('',*,*,#7478,.F.);
#7478 = EDGE_CURVE('',#7479,#7481,#7483,.T.);
#7479 = VERTEX_POINT('',#7480);
#7480 = CARTESIAN_POINT('',(48.936351,-84.094229,10.5));
#7481 = VERTEX_POINT('',#7482);
#7482 = CARTESIAN_POINT('',(62.726705,-81.66419,10.5));
#7483 = LINE('',#7484,#7485);
#7484 = CARTESIAN_POINT('',(86.721673600946,-77.43596572786,10.5));
#7485 = VECTOR('',#7486,1.);
#7486 = DIRECTION('',(0.984826951019,0.173539265143,0.));
#7487 = ORIENTED_EDGE('',*,*,#7488,.F.);
#7488 = EDGE_CURVE('',#7489,#7479,#7491,.T.);
#7489 = VERTEX_POINT('',#7490);
#7490 = CARTESIAN_POINT('',(46.506289,-70.304012,10.5));
#7491 = LINE('',#7492,#7493);
#7492 = CARTESIAN_POINT('',(48.001751427238,-78.79052443752,10.5));
#7493 = VECTOR('',#7494,1.);
#7494 = DIRECTION('',(0.173542530335,-0.984826375644,0.));
#7495 = ORIENTED_EDGE('',*,*,#7496,.F.);
#7496 = EDGE_CURVE('',#7497,#7489,#7499,.T.);
#7497 = VERTEX_POINT('',#7498);
#7498 = CARTESIAN_POINT('',(60.296643,-67.873974,10.5));
#7499 = LINE('',#7500,#7501);
#7500 = CARTESIAN_POINT('',(77.396457956429,-64.86076635231,10.5));
#7501 = VECTOR('',#7502,1.);
#7502 = DIRECTION('',(-0.984826963224,-0.17353919588,0.));
#7503 = ORIENTED_EDGE('',*,*,#7504,.F.);
#7504 = EDGE_CURVE('',#7481,#7497,#7505,.T.);
#7505 = LINE('',#7506,#7507);
#7506 = CARTESIAN_POINT('',(60.577070385438,-69.46535488555,10.5));
#7507 = VECTOR('',#7508,1.);
#7508 = DIRECTION('',(-0.173542542541,0.984826373494,0.));
#7509 = FACE_BOUND('',#7510,.T.);
#7510 = EDGE_LOOP('',(#7511));
#7511 = ORIENTED_EDGE('',*,*,#7512,.T.);
#7512 = EDGE_CURVE('',#7513,#7513,#7515,.T.);
#7513 = VERTEX_POINT('',#7514);
#7514 = CARTESIAN_POINT('',(45.25,-68.23,10.5));
#7515 = CIRCLE('',#7516,1.6);
#7516 = AXIS2_PLACEMENT_3D('',#7517,#7518,#7519);
#7517 = CARTESIAN_POINT('',(43.65,-68.23,10.5));
#7518 = DIRECTION('',(0.,0.,-1.));
#7519 = DIRECTION('',(1.,0.,0.));
#7520 = FACE_BOUND('',#7521,.T.);
#7521 = EDGE_LOOP('',(#7522,#7532,#7540,#7548));
#7522 = ORIENTED_EDGE('',*,*,#7523,.F.);
#7523 = EDGE_CURVE('',#7524,#7526,#7528,.T.);
#7524 = VERTEX_POINT('',#7525);
#7525 = CARTESIAN_POINT('',(94.407517,-93.07437,10.5));
#7526 = VERTEX_POINT('',#7527);
#7527 = CARTESIAN_POINT('',(108.407876,-93.07437,10.5));
#7528 = LINE('',#7529,#7530);
#7529 = CARTESIAN_POINT('',(108.62765906554,-93.07437,10.5));
#7530 = VECTOR('',#7531,1.);
#7531 = DIRECTION('',(1.,0.,0.));
#7532 = ORIENTED_EDGE('',*,*,#7533,.F.);
#7533 = EDGE_CURVE('',#7534,#7524,#7536,.T.);
#7534 = VERTEX_POINT('',#7535);
#7535 = CARTESIAN_POINT('',(94.407517,-79.07415,10.5));
#7536 = LINE('',#7537,#7538);
#7537 = CARTESIAN_POINT('',(94.407517,-77.83724565048,10.5));
#7538 = VECTOR('',#7539,1.);
#7539 = DIRECTION('',(0.,-1.,0.));
#7540 = ORIENTED_EDGE('',*,*,#7541,.F.);
#7541 = EDGE_CURVE('',#7542,#7534,#7544,.T.);
#7542 = VERTEX_POINT('',#7543);
#7543 = CARTESIAN_POINT('',(108.407876,-79.07415,10.5));
#7544 = LINE('',#7545,#7546);
#7545 = CARTESIAN_POINT('',(101.62747956554,-79.07415,10.5));
#7546 = VECTOR('',#7547,1.);
#7547 = DIRECTION('',(-1.,0.,0.));
#7548 = ORIENTED_EDGE('',*,*,#7549,.F.);
#7549 = EDGE_CURVE('',#7526,#7542,#7550,.T.);
#7550 = LINE('',#7551,#7552);
#7551 = CARTESIAN_POINT('',(108.407876,-70.83713565048,10.5));
#7552 = VECTOR('',#7553,1.);
#7553 = DIRECTION('',(0.,1.,0.));
#7554 = FACE_BOUND('',#7555,.T.);
#7555 = EDGE_LOOP('',(#7556,#7566,#7574,#7582));
#7556 = ORIENTED_EDGE('',*,*,#7557,.F.);
#7557 = EDGE_CURVE('',#7558,#7560,#7562,.T.);
#7558 = VERTEX_POINT('',#7559);
#7559 = CARTESIAN_POINT('',(66.846811,-77.014117,10.5));
#7560 = VERTEX_POINT('',#7561);
#7561 = CARTESIAN_POINT('',(80.797168,-75.794098,10.5));
#7562 = LINE('',#7563,#7564);
#7563 = CARTESIAN_POINT('',(95.288407460619,-74.52677649163,10.5));
#7564 = VECTOR('',#7565,1.);
#7565 = DIRECTION('',(0.996197667929,8.712179069172E-02,0.));
#7566 = ORIENTED_EDGE('',*,*,#7567,.F.);
#7567 = EDGE_CURVE('',#7568,#7558,#7570,.T.);
#7568 = VERTEX_POINT('',#7569);
#7569 = CARTESIAN_POINT('',(65.626779,-63.063898,10.5));
#7570 = LINE('',#7571,#7572);
#7571 = CARTESIAN_POINT('',(66.380702448198,-71.68448927268,10.5));
#7572 = VECTOR('',#7573,1.);
#7573 = DIRECTION('',(8.71235672816E-02,-0.996197512557,0.));
#7574 = ORIENTED_EDGE('',*,*,#7575,.F.);
#7575 = EDGE_CURVE('',#7576,#7568,#7578,.T.);
#7576 = VERTEX_POINT('',#7577);
#7577 = CARTESIAN_POINT('',(79.577137,-61.843879,10.5));
#7578 = LINE('',#7579,#7580);
#7579 = CARTESIAN_POINT('',(87.093209421745,-61.18656603642,10.5));
#7580 = VECTOR('',#7581,1.);
#7581 = DIRECTION('',(-0.996197668471,-8.712178449399E-02,0.));
#7582 = ORIENTED_EDGE('',*,*,#7583,.F.);
#7583 = EDGE_CURVE('',#7560,#7576,#7584,.T.);
#7584 = LINE('',#7585,#7586);
#7585 = CARTESIAN_POINT('',(79.721043149291,-63.4893472693,10.5));
#7586 = VECTOR('',#7587,1.);
#7587 = DIRECTION('',(-8.712349641276E-02,0.996197518755,0.));
#7588 = FACE_BOUND('',#7589,.T.);
#7589 = EDGE_LOOP('',(#7590));
#7590 = ORIENTED_EDGE('',*,*,#7591,.T.);
#7591 = EDGE_CURVE('',#7592,#7592,#7594,.T.);
#7592 = VERTEX_POINT('',#7593);
#7593 = CARTESIAN_POINT('',(144.407698,-112.548516,10.5));
#7594 = CIRCLE('',#7595,1.6);
#7595 = AXIS2_PLACEMENT_3D('',#7596,#7597,#7598);
#7596 = CARTESIAN_POINT('',(142.807698,-112.548516,10.5));
#7597 = DIRECTION('',(0.,0.,-1.));
#7598 = DIRECTION('',(1.,0.,0.));
#7599 = FACE_BOUND('',#7600,.T.);
#7600 = EDGE_LOOP('',(#7601,#7611,#7619,#7627));
#7601 = ORIENTED_EDGE('',*,*,#7602,.F.);
#7602 = EDGE_CURVE('',#7603,#7605,#7607,.T.);
#7603 = VERTEX_POINT('',#7604);
#7604 = CARTESIAN_POINT('',(132.698498,-99.074464,10.5));
#7605 = VERTEX_POINT('',#7606);
#7606 = CARTESIAN_POINT('',(144.818809,-106.074574,10.5));
#7607 = LINE('',#7608,#7609);
#7608 = CARTESIAN_POINT('',(121.9177641542,-92.84802948018,10.5));
#7609 = VECTOR('',#7610,1.);
#7610 = DIRECTION('',(0.865949747055,-0.500131018409,0.));
#7611 = ORIENTED_EDGE('',*,*,#7612,.F.);
#7612 = EDGE_CURVE('',#7613,#7603,#7615,.T.);
#7613 = VERTEX_POINT('',#7614);
#7614 = CARTESIAN_POINT('',(139.698678,-86.954274,10.5));
#7615 = LINE('',#7616,#7617);
#7616 = CARTESIAN_POINT('',(137.61384888752,-90.56397045933,10.5));
#7617 = VECTOR('',#7618,1.);
#7618 = DIRECTION('',(-0.500138512738,-0.865945418647,0.));
#7619 = ORIENTED_EDGE('',*,*,#7620,.F.);
#7620 = EDGE_CURVE('',#7621,#7613,#7623,.T.);
#7621 = VERTEX_POINT('',#7622);
#7622 = CARTESIAN_POINT('',(151.818988,-93.954383,10.5));
#7623 = LINE('',#7624,#7625);
#7624 = CARTESIAN_POINT('',(122.85773601677,-77.22775466631,10.5));
#7625 = VECTOR('',#7626,1.);
#7626 = DIRECTION('',(-0.865949760127,0.500130995776,0.));
#7627 = ORIENTED_EDGE('',*,*,#7628,.F.);
#7628 = EDGE_CURVE('',#7605,#7621,#7629,.T.);
#7629 = LINE('',#7630,#7631);
#7630 = CARTESIAN_POINT('',(153.23421955622,-91.50403469166,10.5));
#7631 = VECTOR('',#7632,1.);
#7632 = DIRECTION('',(0.50013842822,0.865945467462,0.));
#7633 = FACE_BOUND('',#7634,.T.);
#7634 = EDGE_LOOP('',(#7635,#7645,#7653,#7661));
#7635 = ORIENTED_EDGE('',*,*,#7636,.F.);
#7636 = EDGE_CURVE('',#7637,#7639,#7641,.T.);
#7637 = VERTEX_POINT('',#7638);
#7638 = CARTESIAN_POINT('',(149.15892,-109.304624,10.5));
#7639 = VERTEX_POINT('',#7640);
#7640 = CARTESIAN_POINT('',(159.059174,-119.20478,10.5));
#7641 = LINE('',#7642,#7643);
#7642 = CARTESIAN_POINT('',(132.35495209992,-92.50082243796,10.5));
#7643 = VECTOR('',#7644,1.);
#7644 = DIRECTION('',(0.707110280927,-0.707103281429,0.));
#7645 = ORIENTED_EDGE('',*,*,#7646,.F.);
#7646 = EDGE_CURVE('',#7647,#7637,#7649,.T.);
#7647 = VERTEX_POINT('',#7648);
#7648 = CARTESIAN_POINT('',(159.059174,-99.404469,10.5));
#7649 = LINE('',#7650,#7651);
#7650 = CARTESIAN_POINT('',(150.75707543033,-107.7064845508,10.5));
#7651 = VECTOR('',#7652,1.);
#7652 = DIRECTION('',(-0.707110316639,-0.707103245717,0.));
#7653 = ORIENTED_EDGE('',*,*,#7654,.F.);
#7654 = EDGE_CURVE('',#7655,#7647,#7657,.T.);
#7655 = VERTEX_POINT('',#7656);
#7656 = CARTESIAN_POINT('',(168.959428,-109.304624,10.5));
#7657 = LINE('',#7658,#7659);
#7658 = CARTESIAN_POINT('',(137.30502858173,-77.65054111761,10.5));
#7659 = VECTOR('',#7660,1.);
#7660 = DIRECTION('',(-0.707110316639,0.707103245717,0.));
#7661 = ORIENTED_EDGE('',*,*,#7662,.F.);
#7662 = EDGE_CURVE('',#7639,#7655,#7663,.T.);
#7663 = LINE('',#7664,#7665);
#7664 = CARTESIAN_POINT('',(165.60740844805,-112.6566103711,10.5));
#7665 = VECTOR('',#7666,1.);
#7666 = DIRECTION('',(0.707110280927,0.707103281429,0.));
#7667 = FACE_BOUND('',#7668,.T.);
#7668 = EDGE_LOOP('',(#7669));
#7669 = ORIENTED_EDGE('',*,*,#7670,.T.);
#7670 = EDGE_CURVE('',#7671,#7671,#7673,.T.);
#7671 = VERTEX_POINT('',#7672);
#7672 = CARTESIAN_POINT('',(159.45,-94.03,10.5));
#7673 = CIRCLE('',#7674,1.6);
#7674 = AXIS2_PLACEMENT_3D('',#7675,#7676,#7677);
#7675 = CARTESIAN_POINT('',(157.85,-94.03,10.5));
#7676 = DIRECTION('',(0.,0.,-1.));
#7677 = DIRECTION('',(1.,0.,0.));
#7678 = FACE_BOUND('',#7679,.T.);
#7679 = EDGE_LOOP('',(#7680));
#7680 = ORIENTED_EDGE('',*,*,#7681,.T.);
#7681 = EDGE_CURVE('',#7682,#7682,#7684,.T.);
#7682 = VERTEX_POINT('',#7683);
#7683 = CARTESIAN_POINT('',(189.731757,-99.333538,10.5));
#7684 = CIRCLE('',#7685,1.6);
#7685 = AXIS2_PLACEMENT_3D('',#7686,#7687,#7688);
#7686 = CARTESIAN_POINT('',(188.131757,-99.333538,10.5));
#7687 = DIRECTION('',(0.,0.,-1.));
#7688 = DIRECTION('',(1.,0.,0.));
#7689 = FACE_BOUND('',#7690,.T.);
#7690 = EDGE_LOOP('',(#7691,#7701,#7709,#7717));
#7691 = ORIENTED_EDGE('',*,*,#7692,.F.);
#7692 = EDGE_CURVE('',#7693,#7695,#7697,.T.);
#7693 = VERTEX_POINT('',#7694);
#7694 = CARTESIAN_POINT('',(162.80927,-95.714411,10.5));
#7695 = VERTEX_POINT('',#7696);
#7696 = CARTESIAN_POINT('',(172.709524,-105.614566,10.5));
#7697 = LINE('',#7698,#7699);
#7698 = CARTESIAN_POINT('',(145.99023270664,-78.8955418927,10.5));
#7699 = VECTOR('',#7700,1.);
#7700 = DIRECTION('',(0.707110316639,-0.707103245717,0.));
#7701 = ORIENTED_EDGE('',*,*,#7702,.F.);
#7702 = EDGE_CURVE('',#7703,#7693,#7705,.T.);
#7703 = VERTEX_POINT('',#7704);
#7704 = CARTESIAN_POINT('',(172.709524,-85.814256,10.5));
#7705 = LINE('',#7706,#7707);
#7706 = CARTESIAN_POINT('',(157.59725055533,-100.9263783258,10.5));
#7707 = VECTOR('',#7708,1.);
#7708 = DIRECTION('',(-0.707110316639,-0.707103245717,0.));
#7709 = ORIENTED_EDGE('',*,*,#7710,.F.);
#7710 = EDGE_CURVE('',#7711,#7703,#7713,.T.);
#7711 = VERTEX_POINT('',#7712);
#7712 = CARTESIAN_POINT('',(182.609778,-95.714411,10.5));
#7713 = LINE('',#7714,#7715);
#7714 = CARTESIAN_POINT('',(150.94031020639,-64.04525989295,10.5));
#7715 = VECTOR('',#7716,1.);
#7716 = DIRECTION('',(-0.707110316639,0.707103245717,0.));
#7717 = ORIENTED_EDGE('',*,*,#7718,.F.);
#7718 = EDGE_CURVE('',#7695,#7711,#7719,.T.);
#7719 = LINE('',#7720,#7721);
#7720 = CARTESIAN_POINT('',(172.44758205508,-105.8765053255,10.5));
#7721 = VECTOR('',#7722,1.);
#7722 = DIRECTION('',(0.707110316639,0.707103245717,0.));
#7723 = FACE_BOUND('',#7724,.T.);
#7724 = EDGE_LOOP('',(#7725,#7735,#7743,#7751));
#7725 = ORIENTED_EDGE('',*,*,#7726,.F.);
#7726 = EDGE_CURVE('',#7727,#7729,#7731,.T.);
#7727 = VERTEX_POINT('',#7728);
#7728 = CARTESIAN_POINT('',(113.838015,-93.774381,10.5));
#7729 = VERTEX_POINT('',#7730);
#7730 = CARTESIAN_POINT('',(127.358361,-97.394437,10.5));
#7731 = LINE('',#7732,#7733);
#7732 = CARTESIAN_POINT('',(114.37556300695,-93.91830881722,10.5));
#7733 = VECTOR('',#7734,1.);
#7734 = DIRECTION('',(0.965974210329,-0.258638405848,0.));
#7735 = ORIENTED_EDGE('',*,*,#7736,.F.);
#7736 = EDGE_CURVE('',#7737,#7727,#7739,.T.);
#7737 = VERTEX_POINT('',#7738);
#7738 = CARTESIAN_POINT('',(117.458108,-80.254168,10.5));
#7739 = LINE('',#7740,#7741);
#7740 = CARTESIAN_POINT('',(117.56541497096,-79.85340119542,10.5));
#7741 = VECTOR('',#7742,1.);
#7742 = DIRECTION('',(-0.258643246592,-0.965972914213,0.));
#7743 = ORIENTED_EDGE('',*,*,#7744,.F.);
#7744 = EDGE_CURVE('',#7745,#7737,#7747,.T.);
#7745 = VERTEX_POINT('',#7746);
#7746 = CARTESIAN_POINT('',(130.978454,-83.874225,10.5));
#7747 = LINE('',#7748,#7749);
#7748 = CARTESIAN_POINT('',(111.23544875103,-78.58805818499,10.5));
#7749 = VECTOR('',#7750,1.);
#7750 = DIRECTION('',(-0.965974192479,0.258638472514,0.));
#7751 = ORIENTED_EDGE('',*,*,#7752,.F.);
#7752 = EDGE_CURVE('',#7729,#7745,#7753,.T.);
#7753 = LINE('',#7754,#7755);
#7754 = CARTESIAN_POINT('',(132.89579859328,-76.71338538114,10.5));
#7755 = VECTOR('',#7756,1.);
#7756 = DIRECTION('',(0.258643264442,0.965972909433,0.));
#7757 = FACE_BOUND('',#7758,.T.);
#7758 = EDGE_LOOP('',(#7759,#7769,#7777,#7785));
#7759 = ORIENTED_EDGE('',*,*,#7760,.F.);
#7760 = EDGE_CURVE('',#7761,#7763,#7765,.T.);
#7761 = VERTEX_POINT('',#7762);
#7762 = CARTESIAN_POINT('',(103.90776,-73.444061,10.5));
#7763 = VERTEX_POINT('',#7764);
#7764 = CARTESIAN_POINT('',(117.908119,-73.444061,10.5));
#7765 = LINE('',#7766,#7767);
#7766 = CARTESIAN_POINT('',(113.37778056554,-73.444061,10.5));
#7767 = VECTOR('',#7768,1.);
#7768 = DIRECTION('',(1.,0.,0.));
#7769 = ORIENTED_EDGE('',*,*,#7770,.F.);
#7770 = EDGE_CURVE('',#7771,#7761,#7773,.T.);
#7771 = VERTEX_POINT('',#7772);
#7772 = CARTESIAN_POINT('',(103.90776,-59.443842,10.5));
#7773 = LINE('',#7774,#7775);
#7774 = CARTESIAN_POINT('',(103.90776,-68.02209115048,10.5));
#7775 = VECTOR('',#7776,1.);
#7776 = DIRECTION('',(0.,-1.,0.));
#7777 = ORIENTED_EDGE('',*,*,#7778,.F.);
#7778 = EDGE_CURVE('',#7779,#7771,#7781,.T.);
#7779 = VERTEX_POINT('',#7780);
#7780 = CARTESIAN_POINT('',(117.908119,-59.443842,10.5));
#7781 = LINE('',#7782,#7783);
#7782 = CARTESIAN_POINT('',(106.37760106554,-59.443842,10.5));
#7783 = VECTOR('',#7784,1.);
#7784 = DIRECTION('',(-1.,0.,0.));
#7785 = ORIENTED_EDGE('',*,*,#7786,.F.);
#7786 = EDGE_CURVE('',#7763,#7779,#7787,.T.);
#7787 = LINE('',#7788,#7789);
#7788 = CARTESIAN_POINT('',(117.908119,-61.02198165048,10.5));
#7789 = VECTOR('',#7790,1.);
#7790 = DIRECTION('',(0.,1.,0.));
#7791 = FACE_BOUND('',#7792,.T.);
#7792 = EDGE_LOOP('',(#7793,#7803,#7811,#7819));
#7793 = ORIENTED_EDGE('',*,*,#7794,.F.);
#7794 = EDGE_CURVE('',#7795,#7797,#7799,.T.);
#7795 = VERTEX_POINT('',#7796);
#7796 = CARTESIAN_POINT('',(122.908247,-75.824099,10.5));
#7797 = VERTEX_POINT('',#7798);
#7798 = CARTESIAN_POINT('',(136.908606,-75.824099,10.5));
#7799 = LINE('',#7800,#7801);
#7800 = CARTESIAN_POINT('',(122.87802406554,-75.824099,10.5));
#7801 = VECTOR('',#7802,1.);
#7802 = DIRECTION('',(1.,0.,0.));
#7803 = ORIENTED_EDGE('',*,*,#7804,.F.);
#7804 = EDGE_CURVE('',#7805,#7795,#7807,.T.);
#7805 = VERTEX_POINT('',#7806);
#7806 = CARTESIAN_POINT('',(122.908247,-61.823879,10.5));
#7807 = LINE('',#7808,#7809);
#7808 = CARTESIAN_POINT('',(122.908247,-69.21211015048,10.5));
#7809 = VECTOR('',#7810,1.);
#7810 = DIRECTION('',(0.,-1.,0.));
#7811 = ORIENTED_EDGE('',*,*,#7812,.F.);
#7812 = EDGE_CURVE('',#7813,#7805,#7815,.T.);
#7813 = VERTEX_POINT('',#7814);
#7814 = CARTESIAN_POINT('',(136.908606,-61.823879,10.5));
#7815 = LINE('',#7816,#7817);
#7816 = CARTESIAN_POINT('',(115.87784456554,-61.823879,10.5));
#7817 = VECTOR('',#7818,1.);
#7818 = DIRECTION('',(-1.,0.,0.));
#7819 = ORIENTED_EDGE('',*,*,#7820,.F.);
#7820 = EDGE_CURVE('',#7797,#7813,#7821,.T.);
#7821 = LINE('',#7822,#7823);
#7822 = CARTESIAN_POINT('',(136.908606,-62.21200015048,10.5));
#7823 = VECTOR('',#7824,1.);
#7824 = DIRECTION('',(0.,1.,0.));
#7825 = FACE_BOUND('',#7826,.T.);
#7826 = EDGE_LOOP('',(#7827,#7837,#7845,#7853));
#7827 = ORIENTED_EDGE('',*,*,#7828,.F.);
#7828 = EDGE_CURVE('',#7829,#7831,#7833,.T.);
#7829 = VERTEX_POINT('',#7830);
#7830 = CARTESIAN_POINT('',(142.398747,-82.464203,10.5));
#7831 = VERTEX_POINT('',#7832);
#7832 = CARTESIAN_POINT('',(154.519058,-89.464313,10.5));
#7833 = LINE('',#7834,#7835);
#7834 = CARTESIAN_POINT('',(131.57791040747,-76.21460705813,10.5));
#7835 = VECTOR('',#7836,1.);
#7836 = DIRECTION('',(0.865949747055,-0.500131018409,0.));
#7837 = ORIENTED_EDGE('',*,*,#7838,.F.);
#7838 = EDGE_CURVE('',#7839,#7829,#7841,.T.);
#7839 = VERTEX_POINT('',#7840);
#7840 = CARTESIAN_POINT('',(149.398926,-70.334013,10.5));
#7841 = LINE('',#7842,#7843);
#7842 = CARTESIAN_POINT('',(142.507418957,-82.27589188879,10.5));
#7843 = VECTOR('',#7844,1.);
#7844 = DIRECTION('',(-0.499829188988,-0.866123999111,0.));
#7845 = ORIENTED_EDGE('',*,*,#7846,.F.);
#7846 = EDGE_CURVE('',#7847,#7839,#7849,.T.);
#7847 = VERTEX_POINT('',#7848);
#7848 = CARTESIAN_POINT('',(161.519237,-77.334122,10.5));
#7849 = LINE('',#7850,#7851);
#7850 = CARTESIAN_POINT('',(132.52004630979,-60.58558347295,10.5));
#7851 = VECTOR('',#7852,1.);
#7852 = DIRECTION('',(-0.865949777998,0.500130964833,0.));
#7853 = ORIENTED_EDGE('',*,*,#7854,.F.);
#7854 = EDGE_CURVE('',#7831,#7847,#7855,.T.);
#7855 = LINE('',#7856,#7857);
#7856 = CARTESIAN_POINT('',(158.12903901867,-83.20879306787,10.5));
#7857 = VECTOR('',#7858,1.);
#7858 = DIRECTION('',(0.499829158077,0.866124016949,0.));
#7859 = FACE_BOUND('',#7860,.T.);
#7860 = EDGE_LOOP('',(#7861,#7871,#7879,#7887));
#7861 = ORIENTED_EDGE('',*,*,#7862,.F.);
#7862 = EDGE_CURVE('',#7863,#7865,#7867,.T.);
#7863 = VERTEX_POINT('',#7864);
#7864 = CARTESIAN_POINT('',(26.925787,-68.673987,10.5));
#7865 = VERTEX_POINT('',#7866);
#7866 = CARTESIAN_POINT('',(40.716141,-66.243948,10.5));
#7867 = LINE('',#7868,#7869);
#7868 = CARTESIAN_POINT('',(74.067250826403,-60.36705045469,10.5));
#7869 = VECTOR('',#7870,1.);
#7870 = DIRECTION('',(0.984826951019,0.173539265143,0.));
#7871 = ORIENTED_EDGE('',*,*,#7872,.F.);
#7872 = EDGE_CURVE('',#7873,#7863,#7875,.T.);
#7873 = VERTEX_POINT('',#7874);
#7874 = CARTESIAN_POINT('',(24.495725,-54.89377,10.5));
#7875 = LINE('',#7876,#7877);
#7876 = CARTESIAN_POINT('',(27.641747802842,-72.73400490351,10.5));
#7877 = VECTOR('',#7878,1.);
#7878 = DIRECTION('',(0.173664669507,-0.984804844913,0.));
#7879 = ORIENTED_EDGE('',*,*,#7880,.F.);
#7880 = EDGE_CURVE('',#7881,#7873,#7883,.T.);
#7881 = VERTEX_POINT('',#7882);
#7882 = CARTESIAN_POINT('',(38.286079,-52.463732,10.5));
#7883 = LINE('',#7884,#7885);
#7884 = CARTESIAN_POINT('',(64.742890486444,-47.80170104191,10.5));
#7885 = VECTOR('',#7886,1.);
#7886 = DIRECTION('',(-0.984826963224,-0.17353919588,0.));
#7887 = ORIENTED_EDGE('',*,*,#7888,.F.);
#7888 = EDGE_CURVE('',#7865,#7881,#7889,.T.);
#7889 = LINE('',#7890,#7891);
#7890 = CARTESIAN_POINT('',(40.216916096406,-63.41298031106,10.5));
#7891 = VECTOR('',#7892,1.);
#7892 = DIRECTION('',(-0.173664681729,0.984804842758,0.));
#7893 = FACE_BOUND('',#7894,.T.);
#7894 = EDGE_LOOP('',(#7895,#7905,#7913,#7921));
#7895 = ORIENTED_EDGE('',*,*,#7896,.F.);
#7896 = EDGE_CURVE('',#7897,#7899,#7901,.T.);
#7897 = VERTEX_POINT('',#7898);
#7898 = CARTESIAN_POINT('',(45.636267,-65.383935,10.5));
#7899 = VERTEX_POINT('',#7900);
#7900 = CARTESIAN_POINT('',(59.42662,-62.943897,10.5));
#7901 = LINE('',#7902,#7903);
#7902 = CARTESIAN_POINT('',(83.416395017533,-58.69919328181,10.5));
#7903 = VECTOR('',#7904,1.);
#7904 = DIRECTION('',(0.984704681512,0.174231714131,0.));
#7905 = ORIENTED_EDGE('',*,*,#7906,.F.);
#7906 = EDGE_CURVE('',#7907,#7897,#7909,.T.);
#7907 = VERTEX_POINT('',#7908);
#7908 = CARTESIAN_POINT('',(43.206205,-51.593718,10.5));
#7909 = LINE('',#7910,#7911);
#7910 = CARTESIAN_POINT('',(46.350243020289,-69.43563584243,10.5));
#7911 = VECTOR('',#7912,1.);
#7912 = DIRECTION('',(0.173542530335,-0.984826375644,0.));
#7913 = ORIENTED_EDGE('',*,*,#7914,.F.);
#7914 = EDGE_CURVE('',#7915,#7907,#7917,.T.);
#7915 = VERTEX_POINT('',#7916);
#7916 = CARTESIAN_POINT('',(56.996558,-49.16368,10.5));
#7917 = LINE('',#7918,#7919);
#7918 = CARTESIAN_POINT('',(74.097871836954,-46.15020801174,10.5));
#7919 = VECTOR('',#7920,1.);
#7920 = DIRECTION('',(-0.984826961073,-0.173539208085,0.));
#7921 = ORIENTED_EDGE('',*,*,#7922,.F.);
#7922 = EDGE_CURVE('',#7899,#7915,#7923,.T.);
#7923 = LINE('',#7924,#7925);
#7924 = CARTESIAN_POINT('',(58.927443343981,-60.11320270443,10.5));
#7925 = VECTOR('',#7926,1.);
#7926 = DIRECTION('',(-0.173664669507,0.984804844913,0.));
#7927 = FACE_BOUND('',#7928,.T.);
#7928 = EDGE_LOOP('',(#7929));
#7929 = ORIENTED_EDGE('',*,*,#7930,.T.);
#7930 = EDGE_CURVE('',#7931,#7931,#7933,.T.);
#7931 = VERTEX_POINT('',#7932);
#7932 = CARTESIAN_POINT('',(41.85,-49.63,10.5));
#7933 = CIRCLE('',#7934,1.6);
#7934 = AXIS2_PLACEMENT_3D('',#7935,#7936,#7937);
#7935 = CARTESIAN_POINT('',(40.25,-49.63,10.5));
#7936 = DIRECTION('',(0.,0.,-1.));
#7937 = DIRECTION('',(1.,0.,0.));
#7938 = FACE_BOUND('',#7939,.T.);
#7939 = EDGE_LOOP('',(#7940,#7950,#7958,#7966));
#7940 = ORIENTED_EDGE('',*,*,#7941,.F.);
#7941 = EDGE_CURVE('',#7942,#7944,#7946,.T.);
#7942 = VERTEX_POINT('',#7943);
#7943 = CARTESIAN_POINT('',(23.625703,-49.963693,10.5));
#7944 = VERTEX_POINT('',#7945);
#7945 = CARTESIAN_POINT('',(37.416056,-47.533655,10.5));
#7946 = LINE('',#7947,#7948);
#7947 = CARTESIAN_POINT('',(70.768664939931,-41.65649528384,10.5));
#7948 = VECTOR('',#7949,1.);
#7949 = DIRECTION('',(0.984826961073,0.173539208085,0.));
#7950 = ORIENTED_EDGE('',*,*,#7951,.F.);
#7951 = EDGE_CURVE('',#7952,#7942,#7954,.T.);
#7952 = VERTEX_POINT('',#7953);
#7953 = CARTESIAN_POINT('',(21.19564,-36.183476,10.5));
#7954 = LINE('',#7955,#7956);
#7955 = CARTESIAN_POINT('',(25.991401125833,-63.37891455206,10.5));
#7956 = VECTOR('',#7957,1.);
#7957 = DIRECTION('',(0.173664738817,-0.984804832691,0.));
#7958 = ORIENTED_EDGE('',*,*,#7959,.F.);
#7959 = EDGE_CURVE('',#7960,#7952,#7962,.T.);
#7960 = VERTEX_POINT('',#7961);
#7961 = CARTESIAN_POINT('',(34.985994,-33.743438,10.5));
#7962 = LINE('',#7963,#7964);
#7963 = CARTESIAN_POINT('',(61.425022658453,-29.0653684878,10.5));
#7964 = VECTOR('',#7965,1.);
#7965 = DIRECTION('',(-0.984704683679,-0.174231701881,0.));
#7966 = ORIENTED_EDGE('',*,*,#7967,.F.);
#7967 = EDGE_CURVE('',#7944,#7960,#7968,.T.);
#7968 = LINE('',#7969,#7970);
#7969 = CARTESIAN_POINT('',(38.564174191296,-54.04904390761,10.5));
#7970 = VECTOR('',#7971,1.);
#7971 = DIRECTION('',(-0.173542530335,0.984826375644,0.));
#7972 = FACE_BOUND('',#7973,.T.);
#7973 = EDGE_LOOP('',(#7974,#7984,#7992,#8000));
#7974 = ORIENTED_EDGE('',*,*,#7975,.F.);
#7975 = EDGE_CURVE('',#7976,#7978,#7980,.T.);
#7976 = VERTEX_POINT('',#7977);
#7977 = CARTESIAN_POINT('',(42.336182,-46.663641,10.5));
#7978 = VERTEX_POINT('',#7979);
#7979 = CARTESIAN_POINT('',(56.126536,-44.233603,10.5));
#7980 = LINE('',#7981,#7982);
#7981 = CARTESIAN_POINT('',(80.123646732601,-40.00500299666,10.5));
#7982 = VECTOR('',#7983,1.);
#7983 = DIRECTION('',(0.984826963224,0.17353919588,0.));
#7984 = ORIENTED_EDGE('',*,*,#7985,.F.);
#7985 = EDGE_CURVE('',#7986,#7976,#7988,.T.);
#7986 = VERTEX_POINT('',#7987);
#7987 = CARTESIAN_POINT('',(39.90612,-32.883425,10.5));
#7988 = LINE('',#7989,#7990);
#7989 = CARTESIAN_POINT('',(44.701927372759,-60.07913502345,10.5));
#7990 = VECTOR('',#7991,1.);
#7991 = DIRECTION('',(0.173664681729,-0.984804842758,0.));
#7992 = ORIENTED_EDGE('',*,*,#7993,.F.);
#7993 = EDGE_CURVE('',#7994,#7986,#7996,.T.);
#7994 = VERTEX_POINT('',#7995);
#7995 = CARTESIAN_POINT('',(53.696473,-30.453386,10.5));
#7996 = LINE('',#7997,#7998);
#7997 = CARTESIAN_POINT('',(70.799283564329,-27.43964902887,10.5));
#7998 = VECTOR('',#7999,1.);
#7999 = DIRECTION('',(-0.984826948868,-0.173539277349,0.));
#8000 = ORIENTED_EDGE('',*,*,#8001,.F.);
#8001 = EDGE_CURVE('',#7978,#7994,#8002,.T.);
#8002 = LINE('',#8003,#8004);
#8003 = CARTESIAN_POINT('',(57.277095965247,-50.75811120929,10.5));
#8004 = VECTOR('',#8005,1.);
#8005 = DIRECTION('',(-0.173664738817,0.984804832691,0.));
#8006 = FACE_BOUND('',#8007,.T.);
#8007 = EDGE_LOOP('',(#8008,#8018,#8026,#8034));
#8008 = ORIENTED_EDGE('',*,*,#8009,.F.);
#8009 = EDGE_CURVE('',#8010,#8012,#8014,.T.);
#8010 = VERTEX_POINT('',#8011);
#8011 = CARTESIAN_POINT('',(84.907273,-71.074024,10.5));
#8012 = VERTEX_POINT('',#8013);
#8013 = CARTESIAN_POINT('',(98.907632,-71.074024,10.5));
#8014 = LINE('',#8015,#8016);
#8015 = CARTESIAN_POINT('',(103.87753706554,-71.074024,10.5));
#8016 = VECTOR('',#8017,1.);
#8017 = DIRECTION('',(1.,0.,0.));
#8018 = ORIENTED_EDGE('',*,*,#8019,.F.);
#8019 = EDGE_CURVE('',#8020,#8010,#8022,.T.);
#8020 = VERTEX_POINT('',#8021);
#8021 = CARTESIAN_POINT('',(84.907273,-57.073804,10.5));
#8022 = LINE('',#8023,#8024);
#8023 = CARTESIAN_POINT('',(84.907273,-66.83707265048,10.5));
#8024 = VECTOR('',#8025,1.);
#8025 = DIRECTION('',(0.,-1.,0.));
#8026 = ORIENTED_EDGE('',*,*,#8027,.F.);
#8027 = EDGE_CURVE('',#8028,#8020,#8030,.T.);
#8028 = VERTEX_POINT('',#8029);
#8029 = CARTESIAN_POINT('',(98.907632,-57.073804,10.5));
#8030 = LINE('',#8031,#8032);
#8031 = CARTESIAN_POINT('',(96.877357565542,-57.073804,10.5));
#8032 = VECTOR('',#8033,1.);
#8033 = DIRECTION('',(-1.,0.,0.));
#8034 = ORIENTED_EDGE('',*,*,#8035,.F.);
#8035 = EDGE_CURVE('',#8012,#8028,#8036,.T.);
#8036 = LINE('',#8037,#8038);
#8037 = CARTESIAN_POINT('',(98.907632,-59.83696265048,10.5));
#8038 = VECTOR('',#8039,1.);
#8039 = DIRECTION('',(0.,1.,0.));
#8040 = FACE_BOUND('',#8041,.T.);
#8041 = EDGE_LOOP('',(#8042,#8052,#8060,#8068));
#8042 = ORIENTED_EDGE('',*,*,#8043,.F.);
#8043 = EDGE_CURVE('',#8044,#8046,#8048,.T.);
#8044 = VERTEX_POINT('',#8045);
#8045 = CARTESIAN_POINT('',(65.196768,-58.08382,10.5));
#8046 = VERTEX_POINT('',#8047);
#8047 = CARTESIAN_POINT('',(79.137126,-56.863801,10.5));
#8048 = LINE('',#8049,#8050);
#8049 = CARTESIAN_POINT('',(93.630264811246,-55.59540425442,10.5));
#8050 = VECTOR('',#8051,1.);
#8051 = DIRECTION('',(0.996192242502,8.718380571752E-02,0.));
#8052 = ORIENTED_EDGE('',*,*,#8053,.F.);
#8053 = EDGE_CURVE('',#8054,#8044,#8056,.T.);
#8054 = VERTEX_POINT('',#8055);
#8055 = CARTESIAN_POINT('',(63.976737,-44.133601,10.5));
#8056 = LINE('',#8057,#8058);
#8057 = CARTESIAN_POINT('',(65.558423187778,-62.21909940846,10.5));
#8058 = VECTOR('',#8059,1.);
#8059 = DIRECTION('',(8.712349641276E-02,-0.996197518755,0.));
#8060 = ORIENTED_EDGE('',*,*,#8061,.F.);
#8061 = EDGE_CURVE('',#8062,#8054,#8064,.T.);
#8062 = VERTEX_POINT('',#8063);
#8063 = CARTESIAN_POINT('',(77.917094,-42.913582,10.5));
#8064 = LINE('',#8065,#8066);
#8065 = CARTESIAN_POINT('',(85.439632461757,-42.25523158246,10.5));
#8066 = VECTOR('',#8067,1.);
#8067 = DIRECTION('',(-0.996192241959,-8.718381192404E-02,0.));
#8068 = ORIENTED_EDGE('',*,*,#8069,.F.);
#8069 = EDGE_CURVE('',#8046,#8062,#8070,.T.);
#8070 = LINE('',#8071,#8072);
#8071 = CARTESIAN_POINT('',(78.888802476386,-54.02439388833,10.5));
#8072 = VECTOR('',#8073,1.);
#8073 = DIRECTION('',(-8.71235672816E-02,0.996197512557,0.));
#8074 = FACE_BOUND('',#8075,.T.);
#8075 = EDGE_LOOP('',(#8076,#8086,#8094,#8102));
#8076 = ORIENTED_EDGE('',*,*,#8077,.F.);
#8077 = EDGE_CURVE('',#8078,#8080,#8082,.T.);
#8078 = VERTEX_POINT('',#8079);
#8079 = CARTESIAN_POINT('',(84.907273,-52.073726,10.5));
#8080 = VERTEX_POINT('',#8081);
#8081 = CARTESIAN_POINT('',(98.907632,-52.073726,10.5));
#8082 = LINE('',#8083,#8084);
#8083 = CARTESIAN_POINT('',(103.87753706554,-52.073726,10.5));
#8084 = VECTOR('',#8085,1.);
#8085 = DIRECTION('',(1.,0.,0.));
#8086 = ORIENTED_EDGE('',*,*,#8087,.F.);
#8087 = EDGE_CURVE('',#8088,#8078,#8090,.T.);
#8088 = VERTEX_POINT('',#8089);
#8089 = CARTESIAN_POINT('',(84.907273,-38.073506,10.5));
#8090 = LINE('',#8091,#8092);
#8091 = CARTESIAN_POINT('',(84.907273,-57.33692365048,10.5));
#8092 = VECTOR('',#8093,1.);
#8093 = DIRECTION('',(0.,-1.,0.));
#8094 = ORIENTED_EDGE('',*,*,#8095,.F.);
#8095 = EDGE_CURVE('',#8096,#8088,#8098,.T.);
#8096 = VERTEX_POINT('',#8097);
#8097 = CARTESIAN_POINT('',(98.907632,-38.073506,10.5));
#8098 = LINE('',#8099,#8100);
#8099 = CARTESIAN_POINT('',(96.877357565542,-38.073506,10.5));
#8100 = VECTOR('',#8101,1.);
#8101 = DIRECTION('',(-1.,0.,0.));
#8102 = ORIENTED_EDGE('',*,*,#8103,.F.);
#8103 = EDGE_CURVE('',#8080,#8096,#8104,.T.);
#8104 = LINE('',#8105,#8106);
#8105 = CARTESIAN_POINT('',(98.907632,-50.33681365048,10.5));
#8106 = VECTOR('',#8107,1.);
#8107 = DIRECTION('',(0.,1.,0.));
#8108 = FACE_BOUND('',#8109,.T.);
#8109 = EDGE_LOOP('',(#8110));
#8110 = ORIENTED_EDGE('',*,*,#8111,.T.);
#8111 = EDGE_CURVE('',#8112,#8112,#8114,.T.);
#8112 = VERTEX_POINT('',#8113);
#8113 = CARTESIAN_POINT('',(23.702017,-29.907082,10.5));
#8114 = CIRCLE('',#8115,1.6);
#8115 = AXIS2_PLACEMENT_3D('',#8116,#8117,#8118);
#8116 = CARTESIAN_POINT('',(22.102017,-29.907082,10.5));
#8117 = DIRECTION('',(0.,0.,-1.));
#8118 = DIRECTION('',(1.,0.,0.));
#8119 = FACE_BOUND('',#8120,.T.);
#8120 = EDGE_LOOP('',(#8121,#8131,#8139,#8147));
#8121 = ORIENTED_EDGE('',*,*,#8122,.F.);
#8122 = EDGE_CURVE('',#8123,#8125,#8127,.T.);
#8123 = VERTEX_POINT('',#8124);
#8124 = CARTESIAN_POINT('',(63.536726,-39.153523,10.5));
#8125 = VERTEX_POINT('',#8126);
#8126 = CARTESIAN_POINT('',(77.487083,-37.933504,10.5));
#8127 = LINE('',#8128,#8129);
#8128 = CARTESIAN_POINT('',(91.97783243682,-36.66622534633,10.5));
#8129 = VECTOR('',#8130,1.);
#8130 = DIRECTION('',(0.996197667929,8.712179069172E-02,0.));
#8131 = ORIENTED_EDGE('',*,*,#8132,.F.);
#8132 = EDGE_CURVE('',#8133,#8123,#8135,.T.);
#8133 = VERTEX_POINT('',#8134);
#8134 = CARTESIAN_POINT('',(62.316694,-25.213304,10.5));
#8135 = LINE('',#8136,#8137);
#8136 = CARTESIAN_POINT('',(64.727147467258,-52.75540881601,10.5));
#8137 = VECTOR('',#8138,1.);
#8138 = DIRECTION('',(8.718559037328E-02,-0.996192086312,0.));
#8139 = ORIENTED_EDGE('',*,*,#8140,.F.);
#8140 = EDGE_CURVE('',#8141,#8133,#8143,.T.);
#8141 = VERTEX_POINT('',#8142);
#8142 = CARTESIAN_POINT('',(76.267052,-23.983285,10.5));
#8143 = LINE('',#8144,#8145);
#8144 = CARTESIAN_POINT('',(83.767090266608,-23.32199805893,10.5));
#8145 = VECTOR('',#8146,1.);
#8146 = DIRECTION('',(-0.996135443029,-8.78303998721E-02,0.));
#8147 = ORIENTED_EDGE('',*,*,#8148,.F.);
#8148 = EDGE_CURVE('',#8125,#8141,#8149,.T.);
#8149 = LINE('',#8150,#8151);
#8150 = CARTESIAN_POINT('',(78.066523085992,-44.55900457905,10.5));
#8151 = VECTOR('',#8152,1.);
#8152 = DIRECTION('',(-8.712349641276E-02,0.996197518755,0.));
#8153 = FACE_BOUND('',#8154,.T.);
#8154 = EDGE_LOOP('',(#8155,#8165,#8173,#8181));
#8155 = ORIENTED_EDGE('',*,*,#8156,.F.);
#8156 = EDGE_CURVE('',#8157,#8159,#8161,.T.);
#8157 = VERTEX_POINT('',#8158);
#8158 = CARTESIAN_POINT('',(84.907273,-33.073428,10.5));
#8159 = VERTEX_POINT('',#8160);
#8160 = CARTESIAN_POINT('',(98.907632,-33.073428,10.5));
#8161 = LINE('',#8162,#8163);
#8162 = CARTESIAN_POINT('',(103.87753706554,-33.073428,10.5));
#8163 = VECTOR('',#8164,1.);
#8164 = DIRECTION('',(1.,0.,0.));
#8165 = ORIENTED_EDGE('',*,*,#8166,.F.);
#8166 = EDGE_CURVE('',#8167,#8157,#8169,.T.);
#8167 = VERTEX_POINT('',#8168);
#8168 = CARTESIAN_POINT('',(84.907273,-19.073208,10.5));
#8169 = LINE('',#8170,#8171);
#8170 = CARTESIAN_POINT('',(84.907273,-47.83677465048,10.5));
#8171 = VECTOR('',#8172,1.);
#8172 = DIRECTION('',(0.,-1.,0.));
#8173 = ORIENTED_EDGE('',*,*,#8174,.F.);
#8174 = EDGE_CURVE('',#8175,#8167,#8177,.T.);
#8175 = VERTEX_POINT('',#8176);
#8176 = CARTESIAN_POINT('',(98.907632,-19.073208,10.5));
#8177 = LINE('',#8178,#8179);
#8178 = CARTESIAN_POINT('',(96.877357565542,-19.073208,10.5));
#8179 = VECTOR('',#8180,1.);
#8180 = DIRECTION('',(-1.,0.,0.));
#8181 = ORIENTED_EDGE('',*,*,#8182,.F.);
#8182 = EDGE_CURVE('',#8159,#8175,#8183,.T.);
#8183 = LINE('',#8184,#8185);
#8184 = CARTESIAN_POINT('',(98.907632,-40.83666465048,10.5));
#8185 = VECTOR('',#8186,1.);
#8186 = DIRECTION('',(0.,1.,0.));
#8187 = FACE_BOUND('',#8188,.T.);
#8188 = EDGE_LOOP('',(#8189));
#8189 = ORIENTED_EDGE('',*,*,#8190,.T.);
#8190 = EDGE_CURVE('',#8191,#8191,#8193,.T.);
#8191 = VERTEX_POINT('',#8192);
#8192 = CARTESIAN_POINT('',(93.676908,-12.424245,10.5));
#8193 = CIRCLE('',#8194,1.6);
#8194 = AXIS2_PLACEMENT_3D('',#8195,#8196,#8197);
#8195 = CARTESIAN_POINT('',(92.076908,-12.424245,10.5));
#8196 = DIRECTION('',(0.,0.,-1.));
#8197 = DIRECTION('',(1.,0.,0.));
#8198 = FACE_BOUND('',#8199,.T.);
#8199 = EDGE_LOOP('',(#8200,#8210,#8218,#8226));
#8200 = ORIENTED_EDGE('',*,*,#8201,.F.);
#8201 = EDGE_CURVE('',#8202,#8204,#8206,.T.);
#8202 = VERTEX_POINT('',#8203);
#8203 = CARTESIAN_POINT('',(103.90776,-54.453763,10.5));
#8204 = VERTEX_POINT('',#8205);
#8205 = CARTESIAN_POINT('',(117.908119,-54.453763,10.5));
#8206 = LINE('',#8207,#8208);
#8207 = CARTESIAN_POINT('',(113.37778056554,-54.453763,10.5));
#8208 = VECTOR('',#8209,1.);
#8209 = DIRECTION('',(1.,0.,0.));
#8210 = ORIENTED_EDGE('',*,*,#8211,.F.);
#8211 = EDGE_CURVE('',#8212,#8202,#8214,.T.);
#8212 = VERTEX_POINT('',#8213);
#8213 = CARTESIAN_POINT('',(103.90776,-40.453543,10.5));
#8214 = LINE('',#8215,#8216);
#8215 = CARTESIAN_POINT('',(103.90776,-58.52694215048,10.5));
#8216 = VECTOR('',#8217,1.);
#8217 = DIRECTION('',(0.,-1.,0.));
#8218 = ORIENTED_EDGE('',*,*,#8219,.F.);
#8219 = EDGE_CURVE('',#8220,#8212,#8222,.T.);
#8220 = VERTEX_POINT('',#8221);
#8221 = CARTESIAN_POINT('',(117.908119,-40.453543,10.5));
#8222 = LINE('',#8223,#8224);
#8223 = CARTESIAN_POINT('',(106.37760106554,-40.453543,10.5));
#8224 = VECTOR('',#8225,1.);
#8225 = DIRECTION('',(-1.,0.,0.));
#8226 = ORIENTED_EDGE('',*,*,#8227,.F.);
#8227 = EDGE_CURVE('',#8204,#8220,#8228,.T.);
#8228 = LINE('',#8229,#8230);
#8229 = CARTESIAN_POINT('',(117.908119,-51.52683215048,10.5));
#8230 = VECTOR('',#8231,1.);
#8231 = DIRECTION('',(0.,1.,0.));
#8232 = FACE_BOUND('',#8233,.T.);
#8233 = EDGE_LOOP('',(#8234,#8244,#8252,#8260));
#8234 = ORIENTED_EDGE('',*,*,#8235,.F.);
#8235 = EDGE_CURVE('',#8236,#8238,#8240,.T.);
#8236 = VERTEX_POINT('',#8237);
#8237 = CARTESIAN_POINT('',(122.908247,-56.8238,10.5));
#8238 = VERTEX_POINT('',#8239);
#8239 = CARTESIAN_POINT('',(136.908606,-56.8238,10.5));
#8240 = LINE('',#8241,#8242);
#8241 = CARTESIAN_POINT('',(122.87802406554,-56.8238,10.5));
#8242 = VECTOR('',#8243,1.);
#8243 = DIRECTION('',(1.,0.,0.));
#8244 = ORIENTED_EDGE('',*,*,#8245,.F.);
#8245 = EDGE_CURVE('',#8246,#8236,#8248,.T.);
#8246 = VERTEX_POINT('',#8247);
#8247 = CARTESIAN_POINT('',(122.908247,-42.823581,10.5));
#8248 = LINE('',#8249,#8250);
#8249 = CARTESIAN_POINT('',(122.908247,-59.71196065048,10.5));
#8250 = VECTOR('',#8251,1.);
#8251 = DIRECTION('',(0.,-1.,0.));
#8252 = ORIENTED_EDGE('',*,*,#8253,.F.);
#8253 = EDGE_CURVE('',#8254,#8246,#8256,.T.);
#8254 = VERTEX_POINT('',#8255);
#8255 = CARTESIAN_POINT('',(136.908606,-42.823581,10.5));
#8256 = LINE('',#8257,#8258);
#8257 = CARTESIAN_POINT('',(115.87784456554,-42.823581,10.5));
#8258 = VECTOR('',#8259,1.);
#8259 = DIRECTION('',(-1.,0.,0.));
#8260 = ORIENTED_EDGE('',*,*,#8261,.F.);
#8261 = EDGE_CURVE('',#8238,#8254,#8262,.T.);
#8262 = LINE('',#8263,#8264);
#8263 = CARTESIAN_POINT('',(136.908606,-52.71185115048,10.5));
#8264 = VECTOR('',#8265,1.);
#8265 = DIRECTION('',(0.,1.,0.));
#8266 = FACE_BOUND('',#8267,.T.);
#8267 = EDGE_LOOP('',(#8268,#8278,#8286,#8294));
#8268 = ORIENTED_EDGE('',*,*,#8269,.F.);
#8269 = EDGE_CURVE('',#8270,#8272,#8274,.T.);
#8270 = VERTEX_POINT('',#8271);
#8271 = CARTESIAN_POINT('',(141.958736,-56.8038,10.5));
#8272 = VERTEX_POINT('',#8273);
#8273 = CARTESIAN_POINT('',(155.959095,-56.8038,10.5));
#8274 = LINE('',#8275,#8276);
#8275 = CARTESIAN_POINT('',(132.40326856554,-56.8038,10.5));
#8276 = VECTOR('',#8277,1.);
#8277 = DIRECTION('',(1.,0.,0.));
#8278 = ORIENTED_EDGE('',*,*,#8279,.F.);
#8279 = EDGE_CURVE('',#8280,#8270,#8282,.T.);
#8280 = VERTEX_POINT('',#8281);
#8281 = CARTESIAN_POINT('',(141.958736,-42.80358,10.5));
#8282 = LINE('',#8283,#8284);
#8283 = CARTESIAN_POINT('',(141.958736,-59.70196065048,10.5));
#8284 = VECTOR('',#8285,1.);
#8285 = DIRECTION('',(0.,-1.,0.));
#8286 = ORIENTED_EDGE('',*,*,#8287,.F.);
#8287 = EDGE_CURVE('',#8288,#8280,#8290,.T.);
#8288 = VERTEX_POINT('',#8289);
#8289 = CARTESIAN_POINT('',(155.959095,-42.80358,10.5));
#8290 = LINE('',#8291,#8292);
#8291 = CARTESIAN_POINT('',(125.40308906554,-42.80358,10.5));
#8292 = VECTOR('',#8293,1.);
#8293 = DIRECTION('',(-1.,0.,0.));
#8294 = ORIENTED_EDGE('',*,*,#8295,.F.);
#8295 = EDGE_CURVE('',#8272,#8288,#8296,.T.);
#8296 = LINE('',#8297,#8298);
#8297 = CARTESIAN_POINT('',(155.959095,-52.70185065048,10.5));
#8298 = VECTOR('',#8299,1.);
#8299 = DIRECTION('',(0.,1.,0.));
#8300 = FACE_BOUND('',#8301,.T.);
#8301 = EDGE_LOOP('',(#8302));
#8302 = ORIENTED_EDGE('',*,*,#8303,.T.);
#8303 = EDGE_CURVE('',#8304,#8304,#8306,.T.);
#8304 = VERTEX_POINT('',#8305);
#8305 = CARTESIAN_POINT('',(141.05,-40.33,10.5));
#8306 = CIRCLE('',#8307,1.6);
#8307 = AXIS2_PLACEMENT_3D('',#8308,#8309,#8310);
#8308 = CARTESIAN_POINT('',(139.45,-40.33,10.5));
#8309 = DIRECTION('',(0.,0.,-1.));
#8310 = DIRECTION('',(1.,0.,0.));
#8311 = FACE_BOUND('',#8312,.T.);
#8312 = EDGE_LOOP('',(#8313,#8323,#8331,#8339,#8347,#8355,#8363,#8371));
#8313 = ORIENTED_EDGE('',*,*,#8314,.T.);
#8314 = EDGE_CURVE('',#8315,#8317,#8319,.T.);
#8315 = VERTEX_POINT('',#8316);
#8316 = CARTESIAN_POINT('',(157.76,-39.08,10.5));
#8317 = VERTEX_POINT('',#8318);
#8318 = CARTESIAN_POINT('',(186.56,-39.08,10.5));
#8319 = LINE('',#8320,#8321);
#8320 = CARTESIAN_POINT('',(147.70372106554,-39.08,10.5));
#8321 = VECTOR('',#8322,1.);
#8322 = DIRECTION('',(1.,0.,0.));
#8323 = ORIENTED_EDGE('',*,*,#8324,.T.);
#8324 = EDGE_CURVE('',#8317,#8325,#8327,.T.);
#8325 = VERTEX_POINT('',#8326);
#8326 = CARTESIAN_POINT('',(186.56,-68.28,10.5));
#8327 = LINE('',#8328,#8329);
#8328 = CARTESIAN_POINT('',(186.56,-65.44006065048,10.5));
#8329 = VECTOR('',#8330,1.);
#8330 = DIRECTION('',(0.,-1.,0.));
#8331 = ORIENTED_EDGE('',*,*,#8332,.T.);
#8332 = EDGE_CURVE('',#8325,#8333,#8335,.T.);
#8333 = VERTEX_POINT('',#8334);
#8334 = CARTESIAN_POINT('',(178.41,-68.28,10.5));
#8335 = LINE('',#8336,#8337);
#8336 = CARTESIAN_POINT('',(133.30372106554,-68.28,10.5));
#8337 = VECTOR('',#8338,1.);
#8338 = DIRECTION('',(-1.,0.,0.));
#8339 = ORIENTED_EDGE('',*,*,#8340,.T.);
#8340 = EDGE_CURVE('',#8333,#8341,#8343,.T.);
#8341 = VERTEX_POINT('',#8342);
#8342 = CARTESIAN_POINT('',(178.41,-71.83,10.5));
#8343 = LINE('',#8344,#8345);
#8344 = CARTESIAN_POINT('',(178.41,-67.21506065048,10.5));
#8345 = VECTOR('',#8346,1.);
#8346 = DIRECTION('',(-2.2E-16,-1.,0.));
#8347 = ORIENTED_EDGE('',*,*,#8348,.T.);
#8348 = EDGE_CURVE('',#8341,#8349,#8351,.T.);
#8349 = VERTEX_POINT('',#8350);
#8350 = CARTESIAN_POINT('',(164.51,-71.83,10.5));
#8351 = LINE('',#8352,#8353);
#8352 = CARTESIAN_POINT('',(136.67872106554,-71.83,10.5));
#8353 = VECTOR('',#8354,1.);
#8354 = DIRECTION('',(-1.,2.2E-16,0.));
#8355 = ORIENTED_EDGE('',*,*,#8356,.T.);
#8356 = EDGE_CURVE('',#8349,#8357,#8359,.T.);
#8357 = VERTEX_POINT('',#8358);
#8358 = CARTESIAN_POINT('',(164.51,-68.28,10.5));
#8359 = LINE('',#8360,#8361);
#8360 = CARTESIAN_POINT('',(164.51,-65.36506065048,10.5));
#8361 = VECTOR('',#8362,1.);
#8362 = DIRECTION('',(2.2E-16,1.,0.));
#8363 = ORIENTED_EDGE('',*,*,#8364,.T.);
#8364 = EDGE_CURVE('',#8357,#8365,#8367,.T.);
#8365 = VERTEX_POINT('',#8366);
#8366 = CARTESIAN_POINT('',(157.76,-68.28,10.5));
#8367 = LINE('',#8368,#8369);
#8368 = CARTESIAN_POINT('',(133.30372106554,-68.28,10.5));
#8369 = VECTOR('',#8370,1.);
#8370 = DIRECTION('',(-1.,0.,0.));
#8371 = ORIENTED_EDGE('',*,*,#8372,.T.);
#8372 = EDGE_CURVE('',#8365,#8315,#8373,.T.);
#8373 = LINE('',#8374,#8375);
#8374 = CARTESIAN_POINT('',(157.76,-50.84006065048,10.5));
#8375 = VECTOR('',#8376,1.);
#8376 = DIRECTION('',(0.,1.,0.));
#8377 = FACE_BOUND('',#8378,.T.);
#8378 = EDGE_LOOP('',(#8379,#8389,#8397,#8405));
#8379 = ORIENTED_EDGE('',*,*,#8380,.F.);
#8380 = EDGE_CURVE('',#8381,#8383,#8385,.T.);
#8381 = VERTEX_POINT('',#8382);
#8382 = CARTESIAN_POINT('',(103.90776,-35.453465,10.5));
#8383 = VERTEX_POINT('',#8384);
#8384 = CARTESIAN_POINT('',(117.908119,-35.453465,10.5));
#8385 = LINE('',#8386,#8387);
#8386 = CARTESIAN_POINT('',(113.37778056554,-35.453465,10.5));
#8387 = VECTOR('',#8388,1.);
#8388 = DIRECTION('',(1.,0.,0.));
#8389 = ORIENTED_EDGE('',*,*,#8390,.F.);
#8390 = EDGE_CURVE('',#8391,#8381,#8393,.T.);
#8391 = VERTEX_POINT('',#8392);
#8392 = CARTESIAN_POINT('',(103.90776,-21.453245,10.5));
#8393 = LINE('',#8394,#8395);
#8394 = CARTESIAN_POINT('',(103.90776,-49.02679315048,10.5));
#8395 = VECTOR('',#8396,1.);
#8396 = DIRECTION('',(0.,-1.,0.));
#8397 = ORIENTED_EDGE('',*,*,#8398,.F.);
#8398 = EDGE_CURVE('',#8399,#8391,#8401,.T.);
#8399 = VERTEX_POINT('',#8400);
#8400 = CARTESIAN_POINT('',(117.908119,-21.453245,10.5));
#8401 = LINE('',#8402,#8403);
#8402 = CARTESIAN_POINT('',(106.37760106554,-21.453245,10.5));
#8403 = VECTOR('',#8404,1.);
#8404 = DIRECTION('',(-1.,0.,0.));
#8405 = ORIENTED_EDGE('',*,*,#8406,.F.);
#8406 = EDGE_CURVE('',#8383,#8399,#8407,.T.);
#8407 = LINE('',#8408,#8409);
#8408 = CARTESIAN_POINT('',(117.908119,-42.02668315048,10.5));
#8409 = VECTOR('',#8410,1.);
#8410 = DIRECTION('',(0.,1.,0.));
#8411 = FACE_BOUND('',#8412,.T.);
#8412 = EDGE_LOOP('',(#8413,#8423,#8431,#8439));
#8413 = ORIENTED_EDGE('',*,*,#8414,.F.);
#8414 = EDGE_CURVE('',#8415,#8417,#8419,.T.);
#8415 = VERTEX_POINT('',#8416);
#8416 = CARTESIAN_POINT('',(122.908247,-37.823502,10.5));
#8417 = VERTEX_POINT('',#8418);
#8418 = CARTESIAN_POINT('',(136.908606,-37.823502,10.5));
#8419 = LINE('',#8420,#8421);
#8420 = CARTESIAN_POINT('',(122.87802406554,-37.823502,10.5));
#8421 = VECTOR('',#8422,1.);
#8422 = DIRECTION('',(1.,0.,0.));
#8423 = ORIENTED_EDGE('',*,*,#8424,.F.);
#8424 = EDGE_CURVE('',#8425,#8415,#8427,.T.);
#8425 = VERTEX_POINT('',#8426);
#8426 = CARTESIAN_POINT('',(122.908247,-23.823282,10.5));
#8427 = LINE('',#8428,#8429);
#8428 = CARTESIAN_POINT('',(122.908247,-50.21181165048,10.5));
#8429 = VECTOR('',#8430,1.);
#8430 = DIRECTION('',(0.,-1.,0.));
#8431 = ORIENTED_EDGE('',*,*,#8432,.F.);
#8432 = EDGE_CURVE('',#8433,#8425,#8435,.T.);
#8433 = VERTEX_POINT('',#8434);
#8434 = CARTESIAN_POINT('',(136.908606,-23.823282,10.5));
#8435 = LINE('',#8436,#8437);
#8436 = CARTESIAN_POINT('',(115.87784456554,-23.823282,10.5));
#8437 = VECTOR('',#8438,1.);
#8438 = DIRECTION('',(-1.,0.,0.));
#8439 = ORIENTED_EDGE('',*,*,#8440,.F.);
#8440 = EDGE_CURVE('',#8417,#8433,#8441,.T.);
#8441 = LINE('',#8442,#8443);
#8442 = CARTESIAN_POINT('',(136.908606,-43.21170165048,10.5));
#8443 = VECTOR('',#8444,1.);
#8444 = DIRECTION('',(0.,1.,0.));
#8445 = FACE_BOUND('',#8446,.T.);
#8446 = EDGE_LOOP('',(#8447,#8457,#8465,#8473));
#8447 = ORIENTED_EDGE('',*,*,#8448,.F.);
#8448 = EDGE_CURVE('',#8449,#8451,#8453,.T.);
#8449 = VERTEX_POINT('',#8450);
#8450 = CARTESIAN_POINT('',(141.958736,-37.883503,10.5));
#8451 = VERTEX_POINT('',#8452);
#8452 = CARTESIAN_POINT('',(155.959095,-37.883503,10.5));
#8453 = LINE('',#8454,#8455);
#8454 = CARTESIAN_POINT('',(132.40326856554,-37.883503,10.5));
#8455 = VECTOR('',#8456,1.);
#8456 = DIRECTION('',(1.,0.,0.));
#8457 = ORIENTED_EDGE('',*,*,#8458,.F.);
#8458 = EDGE_CURVE('',#8459,#8449,#8461,.T.);
#8459 = VERTEX_POINT('',#8460);
#8460 = CARTESIAN_POINT('',(141.958736,-23.883283,10.5));
#8461 = LINE('',#8462,#8463);
#8462 = CARTESIAN_POINT('',(141.958736,-50.24181215048,10.5));
#8463 = VECTOR('',#8464,1.);
#8464 = DIRECTION('',(0.,-1.,0.));
#8465 = ORIENTED_EDGE('',*,*,#8466,.F.);
#8466 = EDGE_CURVE('',#8467,#8459,#8469,.T.);
#8467 = VERTEX_POINT('',#8468);
#8468 = CARTESIAN_POINT('',(155.959095,-23.883283,10.5));
#8469 = LINE('',#8470,#8471);
#8470 = CARTESIAN_POINT('',(125.40308906554,-23.883283,10.5));
#8471 = VECTOR('',#8472,1.);
#8472 = DIRECTION('',(-1.,0.,0.));
#8473 = ORIENTED_EDGE('',*,*,#8474,.F.);
#8474 = EDGE_CURVE('',#8451,#8467,#8475,.T.);
#8475 = LINE('',#8476,#8477);
#8476 = CARTESIAN_POINT('',(155.959095,-43.24170215048,10.5));
#8477 = VECTOR('',#8478,1.);
#8478 = DIRECTION('',(0.,1.,0.));
#8479 = FACE_BOUND('',#8480,.T.);
#8480 = EDGE_LOOP('',(#8481));
#8481 = ORIENTED_EDGE('',*,*,#8482,.T.);
#8482 = EDGE_CURVE('',#8483,#8483,#8485,.T.);
#8483 = VERTEX_POINT('',#8484);
#8484 = CARTESIAN_POINT('',(192.448572,-28.568915,10.5));
#8485 = CIRCLE('',#8486,1.6);
#8486 = AXIS2_PLACEMENT_3D('',#8487,#8488,#8489);
#8487 = CARTESIAN_POINT('',(190.848572,-28.568915,10.5));
#8488 = DIRECTION('',(0.,0.,-1.));
#8489 = DIRECTION('',(1.,0.,0.));
#8490 = FACE_BOUND('',#8491,.T.);
#8491 = EDGE_LOOP('',(#8492));
#8492 = ORIENTED_EDGE('',*,*,#8493,.T.);
#8493 = EDGE_CURVE('',#8494,#8494,#8496,.T.);
#8494 = VERTEX_POINT('',#8495);
#8495 = CARTESIAN_POINT('',(156.518248,-17.6122,10.5));
#8496 = CIRCLE('',#8497,1.6);
#8497 = AXIS2_PLACEMENT_3D('',#8498,#8499,#8500);
#8498 = CARTESIAN_POINT('',(154.918248,-17.6122,10.5));
#8499 = DIRECTION('',(0.,0.,-1.));
#8500 = DIRECTION('',(1.,0.,0.));
#8501 = PLANE('',#8502);
#8502 = AXIS2_PLACEMENT_3D('',#8503,#8504,#8505);
#8503 = CARTESIAN_POINT('',(108.84744213108,-62.60012130097,10.5));
#8504 = DIRECTION('',(0.,0.,1.));
#8505 = DIRECTION('',(1.,0.,0.));
#8506 = ADVANCED_FACE('',(#8507),#8518,.F.);
#8507 = FACE_BOUND('',#8508,.F.);
#8508 = EDGE_LOOP('',(#8509,#8515,#8516,#8517));
#8509 = ORIENTED_EDGE('',*,*,#8510,.T.);
#8510 = EDGE_CURVE('',#5679,#7372,#8511,.T.);
#8511 = LINE('',#8512,#8513);
#8512 = CARTESIAN_POINT('',(119.408158,-15.823157,8.5));
#8513 = VECTOR('',#8514,1.);
#8514 = DIRECTION('',(0.,0.,1.));
#8515 = ORIENTED_EDGE('',*,*,#7380,.T.);
#8516 = ORIENTED_EDGE('',*,*,#5055,.F.);
#8517 = ORIENTED_EDGE('',*,*,#5687,.F.);
#8518 = PLANE('',#8519);
#8519 = AXIS2_PLACEMENT_3D('',#8520,#8521,#8522);
#8520 = CARTESIAN_POINT('',(119.408158,-15.823157,8.5));
#8521 = DIRECTION('',(0.,-1.,0.));
#8522 = DIRECTION('',(-1.,0.,0.));
#8523 = ADVANCED_FACE('',(#8524),#8535,.T.);
#8524 = FACE_BOUND('',#8525,.F.);
#8525 = EDGE_LOOP('',(#8526,#8527,#8528,#8534));
#8526 = ORIENTED_EDGE('',*,*,#5091,.T.);
#8527 = ORIENTED_EDGE('',*,*,#6820,.T.);
#8528 = ORIENTED_EDGE('',*,*,#8529,.F.);
#8529 = EDGE_CURVE('',#5128,#6821,#8530,.T.);
#8530 = LINE('',#8531,#8532);
#8531 = CARTESIAN_POINT('',(92.076908,-9.424245,8.5));
#8532 = VECTOR('',#8533,1.);
#8533 = DIRECTION('',(0.,0.,1.));
#8534 = ORIENTED_EDGE('',*,*,#5127,.F.);
#8535 = CYLINDRICAL_SURFACE('',#8536,3.);
#8536 = AXIS2_PLACEMENT_3D('',#8537,#8538,#8539);
#8537 = CARTESIAN_POINT('',(92.076907684171,-12.424245,8.5));
#8538 = DIRECTION('',(-0.,-0.,-1.));
#8539 = DIRECTION('',(1.,0.,0.));
#8540 = ADVANCED_FACE('',(#8541),#8552,.F.);
#8541 = FACE_BOUND('',#8542,.F.);
#8542 = EDGE_LOOP('',(#8543,#8549,#8550,#8551));
#8543 = ORIENTED_EDGE('',*,*,#8544,.T.);
#8544 = EDGE_CURVE('',#5671,#7364,#8545,.T.);
#8545 = LINE('',#8546,#8547);
#8546 = CARTESIAN_POINT('',(123.115253,-18.321196,8.5));
#8547 = VECTOR('',#8548,1.);
#8548 = DIRECTION('',(0.,0.,1.));
#8549 = ORIENTED_EDGE('',*,*,#7371,.T.);
#8550 = ORIENTED_EDGE('',*,*,#8510,.F.);
#8551 = ORIENTED_EDGE('',*,*,#5678,.F.);
#8552 = SURFACE_OF_LINEAR_EXTRUSION('',#8553,#8558);
#8553 = B_SPLINE_CURVE_WITH_KNOTS('',3,(#8554,#8555,#8556,#8557),
  .UNSPECIFIED.,.F.,.F.,(4,4),(0.,1.),.PIECEWISE_BEZIER_KNOTS.);
#8554 = CARTESIAN_POINT('',(123.115253,-18.321196,8.5));
#8555 = CARTESIAN_POINT('',(122.504237,-16.811172,8.5));
#8556 = CARTESIAN_POINT('',(121.037199,-15.823157,8.5));
#8557 = CARTESIAN_POINT('',(119.408158,-15.823157,8.5));
#8558 = VECTOR('',#8559,1.);
#8559 = DIRECTION('',(-0.,-0.,-1.));
#8560 = ADVANCED_FACE('',(#8561),#8572,.F.);
#8561 = FACE_BOUND('',#8562,.F.);
#8562 = EDGE_LOOP('',(#8563,#8569,#8570,#8571));
#8563 = ORIENTED_EDGE('',*,*,#8564,.T.);
#8564 = EDGE_CURVE('',#5662,#7355,#8565,.T.);
#8565 = LINE('',#8566,#8567);
#8566 = CARTESIAN_POINT('',(148.156578,-18.306349,8.5));
#8567 = VECTOR('',#8568,1.);
#8568 = DIRECTION('',(0.,0.,1.));
#8569 = ORIENTED_EDGE('',*,*,#7363,.T.);
#8570 = ORIENTED_EDGE('',*,*,#8544,.F.);
#8571 = ORIENTED_EDGE('',*,*,#5670,.F.);
#8572 = PLANE('',#8573);
#8573 = AXIS2_PLACEMENT_3D('',#8574,#8575,#8576);
#8574 = CARTESIAN_POINT('',(148.156578,-18.306349,8.5));
#8575 = DIRECTION('',(5.928998321941E-04,-0.999999824235,0.));
#8576 = DIRECTION('',(-0.999999824235,-5.928998321941E-04,0.));
#8577 = ADVANCED_FACE('',(#8578),#8589,.F.);
#8578 = FACE_BOUND('',#8579,.T.);
#8579 = EDGE_LOOP('',(#8580,#8581,#8582,#8588));
#8580 = ORIENTED_EDGE('',*,*,#8564,.T.);
#8581 = ORIENTED_EDGE('',*,*,#7354,.T.);
#8582 = ORIENTED_EDGE('',*,*,#8583,.F.);
#8583 = EDGE_CURVE('',#5653,#7346,#8584,.T.);
#8584 = LINE('',#8585,#8586);
#8585 = CARTESIAN_POINT('',(152.389848,-15.99752,8.5));
#8586 = VECTOR('',#8587,1.);
#8587 = DIRECTION('',(0.,0.,1.));
#8588 = ORIENTED_EDGE('',*,*,#5661,.F.);
#8589 = CYLINDRICAL_SURFACE('',#8590,5.);
#8590 = AXIS2_PLACEMENT_3D('',#8591,#8592,#8593);
#8591 = CARTESIAN_POINT('',(148.17584770265,-13.30638613228,8.5));
#8592 = DIRECTION('',(-0.,-0.,-1.));
#8593 = DIRECTION('',(1.,0.,0.));
#8594 = ADVANCED_FACE('',(#8595),#8606,.T.);
#8595 = FACE_BOUND('',#8596,.F.);
#8596 = EDGE_LOOP('',(#8597,#8598,#8599,#8605));
#8597 = ORIENTED_EDGE('',*,*,#8529,.T.);
#8598 = ORIENTED_EDGE('',*,*,#6829,.T.);
#8599 = ORIENTED_EDGE('',*,*,#8600,.F.);
#8600 = EDGE_CURVE('',#5137,#6830,#8601,.T.);
#8601 = LINE('',#8602,#8603);
#8602 = CARTESIAN_POINT('',(89.447276,-10.980279,8.5));
#8603 = VECTOR('',#8604,1.);
#8604 = DIRECTION('',(0.,0.,1.));
#8605 = ORIENTED_EDGE('',*,*,#5136,.F.);
#8606 = CYLINDRICAL_SURFACE('',#8607,3.);
#8607 = AXIS2_PLACEMENT_3D('',#8608,#8609,#8610);
#8608 = CARTESIAN_POINT('',(92.076907569411,-12.424245,8.5));
#8609 = DIRECTION('',(-0.,-0.,-1.));
#8610 = DIRECTION('',(1.,0.,0.));
#8611 = ADVANCED_FACE('',(#8612),#8623,.T.);
#8612 = FACE_BOUND('',#8613,.F.);
#8613 = EDGE_LOOP('',(#8614,#8620,#8621,#8622));
#8614 = ORIENTED_EDGE('',*,*,#8615,.T.);
#8615 = EDGE_CURVE('',#5644,#7337,#8616,.T.);
#8616 = LINE('',#8617,#8618);
#8617 = CARTESIAN_POINT('',(154.918248,-14.6122,8.5));
#8618 = VECTOR('',#8619,1.);
#8619 = DIRECTION('',(0.,0.,1.));
#8620 = ORIENTED_EDGE('',*,*,#7345,.T.);
#8621 = ORIENTED_EDGE('',*,*,#8583,.F.);
#8622 = ORIENTED_EDGE('',*,*,#5652,.F.);
#8623 = CYLINDRICAL_SURFACE('',#8624,3.);
#8624 = AXIS2_PLACEMENT_3D('',#8625,#8626,#8627);
#8625 = CARTESIAN_POINT('',(154.91824838316,-17.6122,8.5));
#8626 = DIRECTION('',(-0.,-0.,-1.));
#8627 = DIRECTION('',(1.,0.,0.));
#8628 = ADVANCED_FACE('',(#8629),#8640,.F.);
#8629 = FACE_BOUND('',#8630,.T.);
#8630 = EDGE_LOOP('',(#8631,#8637,#8638,#8639));
#8631 = ORIENTED_EDGE('',*,*,#8632,.T.);
#8632 = EDGE_CURVE('',#5146,#6839,#8633,.T.);
#8633 = LINE('',#8634,#8635);
#8634 = CARTESIAN_POINT('',(85.076012,-13.573655,8.5));
#8635 = VECTOR('',#8636,1.);
#8636 = DIRECTION('',(0.,0.,1.));
#8637 = ORIENTED_EDGE('',*,*,#6838,.T.);
#8638 = ORIENTED_EDGE('',*,*,#8600,.F.);
#8639 = ORIENTED_EDGE('',*,*,#5145,.F.);
#8640 = CYLINDRICAL_SURFACE('',#8641,5.);
#8641 = AXIS2_PLACEMENT_3D('',#8642,#8643,#8644);
#8642 = CARTESIAN_POINT('',(85.064557200175,-8.573668121261,8.5));
#8643 = DIRECTION('',(-0.,-0.,-1.));
#8644 = DIRECTION('',(1.,0.,0.));
#8645 = ADVANCED_FACE('',(#8646),#8657,.T.);
#8646 = FACE_BOUND('',#8647,.F.);
#8647 = EDGE_LOOP('',(#8648,#8654,#8655,#8656));
#8648 = ORIENTED_EDGE('',*,*,#8649,.T.);
#8649 = EDGE_CURVE('',#5635,#7328,#8650,.T.);
#8650 = LINE('',#8651,#8652);
#8651 = CARTESIAN_POINT('',(157.53906,-16.152288,8.5));
#8652 = VECTOR('',#8653,1.);
#8653 = DIRECTION('',(0.,0.,1.));
#8654 = ORIENTED_EDGE('',*,*,#7336,.T.);
#8655 = ORIENTED_EDGE('',*,*,#8615,.F.);
#8656 = ORIENTED_EDGE('',*,*,#5643,.F.);
#8657 = CYLINDRICAL_SURFACE('',#8658,3.);
#8658 = AXIS2_PLACEMENT_3D('',#8659,#8660,#8661);
#8659 = CARTESIAN_POINT('',(154.91824773044,-17.6122,8.5));
#8660 = DIRECTION('',(-0.,-0.,-1.));
#8661 = DIRECTION('',(1.,0.,0.));
#8662 = ADVANCED_FACE('',(#8663),#8674,.F.);
#8663 = FACE_BOUND('',#8664,.F.);
#8664 = EDGE_LOOP('',(#8665,#8666,#8667,#8673));
#8665 = ORIENTED_EDGE('',*,*,#8632,.T.);
#8666 = ORIENTED_EDGE('',*,*,#6847,.T.);
#8667 = ORIENTED_EDGE('',*,*,#8668,.F.);
#8668 = EDGE_CURVE('',#5155,#6848,#8669,.T.);
#8669 = LINE('',#8670,#8671);
#8670 = CARTESIAN_POINT('',(83.407235,-13.573121,8.5));
#8671 = VECTOR('',#8672,1.);
#8672 = DIRECTION('',(0.,0.,1.));
#8673 = ORIENTED_EDGE('',*,*,#5154,.F.);
#8674 = PLANE('',#8675);
#8675 = AXIS2_PLACEMENT_3D('',#8676,#8677,#8678);
#8676 = CARTESIAN_POINT('',(85.076012,-13.573655,8.5));
#8677 = DIRECTION('',(-3.19994806165E-04,-0.999999948802,0.));
#8678 = DIRECTION('',(-0.999999948802,3.19994806165E-04,0.));
#8679 = ADVANCED_FACE('',(#8680),#8691,.F.);
#8680 = FACE_BOUND('',#8681,.T.);
#8681 = EDGE_LOOP('',(#8682,#8683,#8684,#8690));
#8682 = ORIENTED_EDGE('',*,*,#8649,.T.);
#8683 = ORIENTED_EDGE('',*,*,#7327,.T.);
#8684 = ORIENTED_EDGE('',*,*,#8685,.F.);
#8685 = EDGE_CURVE('',#5627,#7320,#8686,.T.);
#8686 = LINE('',#8687,#8688);
#8687 = CARTESIAN_POINT('',(161.267293,-18.686685,8.5));
#8688 = VECTOR('',#8689,1.);
#8689 = DIRECTION('',(0.,0.,1.));
#8690 = ORIENTED_EDGE('',*,*,#5634,.F.);
#8691 = CYLINDRICAL_SURFACE('',#8692,4.999724);
#8692 = AXIS2_PLACEMENT_3D('',#8693,#8694,#8695);
#8693 = CARTESIAN_POINT('',(161.91210694656,-13.72871615676,8.5));
#8694 = DIRECTION('',(-0.,-0.,-1.));
#8695 = DIRECTION('',(1.,0.,0.));
#8696 = ADVANCED_FACE('',(#8697),#8708,.F.);
#8697 = FACE_BOUND('',#8698,.F.);
#8698 = EDGE_LOOP('',(#8699,#8700,#8701,#8707));
#8699 = ORIENTED_EDGE('',*,*,#8668,.T.);
#8700 = ORIENTED_EDGE('',*,*,#6855,.T.);
#8701 = ORIENTED_EDGE('',*,*,#8702,.F.);
#8702 = EDGE_CURVE('',#5163,#6856,#8703,.T.);
#8703 = LINE('',#8704,#8705);
#8704 = CARTESIAN_POINT('',(79.407132,-17.573184,8.5));
#8705 = VECTOR('',#8706,1.);
#8706 = DIRECTION('',(0.,0.,1.));
#8707 = ORIENTED_EDGE('',*,*,#5162,.F.);
#8708 = SURFACE_OF_LINEAR_EXTRUSION('',#8709,#8714);
#8709 = B_SPLINE_CURVE_WITH_KNOTS('',3,(#8710,#8711,#8712,#8713),
  .UNSPECIFIED.,.F.,.F.,(4,4),(0.,1.),.PIECEWISE_BEZIER_KNOTS.);
#8710 = CARTESIAN_POINT('',(83.407235,-13.573121,8.5));
#8711 = CARTESIAN_POINT('',(81.198178,-13.573121,8.5));
#8712 = CARTESIAN_POINT('',(79.407132,-15.36415,8.5));
#8713 = CARTESIAN_POINT('',(79.407132,-17.573184,8.5));
#8714 = VECTOR('',#8715,1.);
#8715 = DIRECTION('',(-0.,-0.,-1.));
#8716 = ADVANCED_FACE('',(#8717),#8728,.F.);
#8717 = FACE_BOUND('',#8718,.F.);
#8718 = EDGE_LOOP('',(#8719,#8725,#8726,#8727));
#8719 = ORIENTED_EDGE('',*,*,#8720,.T.);
#8720 = EDGE_CURVE('',#5619,#7312,#8721,.T.);
#8721 = LINE('',#8722,#8723);
#8722 = CARTESIAN_POINT('',(176.186613,-20.627232,8.5));
#8723 = VECTOR('',#8724,1.);
#8724 = DIRECTION('',(0.,0.,1.));
#8725 = ORIENTED_EDGE('',*,*,#7319,.T.);
#8726 = ORIENTED_EDGE('',*,*,#8685,.F.);
#8727 = ORIENTED_EDGE('',*,*,#5626,.F.);
#8728 = PLANE('',#8729);
#8729 = AXIS2_PLACEMENT_3D('',#8730,#8731,#8732);
#8730 = CARTESIAN_POINT('',(176.186613,-20.627232,8.5));
#8731 = DIRECTION('',(-0.128982906457,-0.991646817089,0.));
#8732 = DIRECTION('',(-0.991646817089,0.128982906457,0.));
#8733 = ADVANCED_FACE('',(#8734),#8745,.F.);
#8734 = FACE_BOUND('',#8735,.F.);
#8735 = EDGE_LOOP('',(#8736,#8737,#8738,#8744));
#8736 = ORIENTED_EDGE('',*,*,#8702,.T.);
#8737 = ORIENTED_EDGE('',*,*,#6864,.T.);
#8738 = ORIENTED_EDGE('',*,*,#8739,.F.);
#8739 = EDGE_CURVE('',#5172,#6865,#8740,.T.);
#8740 = LINE('',#8741,#8742);
#8741 = CARTESIAN_POINT('',(79.407132,-18.5532,8.5));
#8742 = VECTOR('',#8743,1.);
#8743 = DIRECTION('',(0.,0.,1.));
#8744 = ORIENTED_EDGE('',*,*,#5171,.F.);
#8745 = PLANE('',#8746);
#8746 = AXIS2_PLACEMENT_3D('',#8747,#8748,#8749);
#8747 = CARTESIAN_POINT('',(79.407132,-17.573184,8.5));
#8748 = DIRECTION('',(1.,0.,0.));
#8749 = DIRECTION('',(0.,-1.,0.));
#8750 = ADVANCED_FACE('',(#8751),#8762,.F.);
#8751 = FACE_BOUND('',#8752,.F.);
#8752 = EDGE_LOOP('',(#8753,#8759,#8760,#8761));
#8753 = ORIENTED_EDGE('',*,*,#8754,.T.);
#8754 = EDGE_CURVE('',#5610,#7303,#8755,.T.);
#8755 = LINE('',#8756,#8757);
#8756 = CARTESIAN_POINT('',(186.406875,-20.627232,8.5));
#8757 = VECTOR('',#8758,1.);
#8758 = DIRECTION('',(0.,0.,1.));
#8759 = ORIENTED_EDGE('',*,*,#7311,.T.);
#8760 = ORIENTED_EDGE('',*,*,#8720,.F.);
#8761 = ORIENTED_EDGE('',*,*,#5618,.F.);
#8762 = PLANE('',#8763);
#8763 = AXIS2_PLACEMENT_3D('',#8764,#8765,#8766);
#8764 = CARTESIAN_POINT('',(186.406875,-20.627232,8.5));
#8765 = DIRECTION('',(0.,-1.,0.));
#8766 = DIRECTION('',(-1.,0.,0.));
#8767 = ADVANCED_FACE('',(#8768),#8779,.F.);
#8768 = FACE_BOUND('',#8769,.F.);
#8769 = EDGE_LOOP('',(#8770,#8771,#8772,#8778));
#8770 = ORIENTED_EDGE('',*,*,#8739,.T.);
#8771 = ORIENTED_EDGE('',*,*,#6872,.T.);
#8772 = ORIENTED_EDGE('',*,*,#8773,.F.);
#8773 = EDGE_CURVE('',#5180,#6873,#8774,.T.);
#8774 = LINE('',#8775,#8776);
#8775 = CARTESIAN_POINT('',(59.745629,-20.313227,8.5));
#8776 = VECTOR('',#8777,1.);
#8777 = DIRECTION('',(0.,0.,1.));
#8778 = ORIENTED_EDGE('',*,*,#5179,.F.);
#8779 = PLANE('',#8780);
#8780 = AXIS2_PLACEMENT_3D('',#8781,#8782,#8783);
#8781 = CARTESIAN_POINT('',(79.407132,-18.5532,8.5));
#8782 = DIRECTION('',(8.915988706336E-02,-0.996017326425,0.));
#8783 = DIRECTION('',(-0.996017326425,-8.915988706336E-02,0.));
#8784 = ADVANCED_FACE('',(#8785),#8796,.F.);
#8785 = FACE_BOUND('',#8786,.F.);
#8786 = EDGE_LOOP('',(#8787,#8793,#8794,#8795));
#8787 = ORIENTED_EDGE('',*,*,#8788,.T.);
#8788 = EDGE_CURVE('',#5601,#7294,#8789,.T.);
#8789 = LINE('',#8790,#8791);
#8790 = CARTESIAN_POINT('',(190.190822,-23.326947,8.5));
#8791 = VECTOR('',#8792,1.);
#8792 = DIRECTION('',(0.,0.,1.));
#8793 = ORIENTED_EDGE('',*,*,#7302,.T.);
#8794 = ORIENTED_EDGE('',*,*,#8754,.F.);
#8795 = ORIENTED_EDGE('',*,*,#5609,.F.);
#8796 = SURFACE_OF_LINEAR_EXTRUSION('',#8797,#8802);
#8797 = B_SPLINE_CURVE_WITH_KNOTS('',3,(#8798,#8799,#8800,#8801),
  .UNSPECIFIED.,.F.,.F.,(4,4),(0.,1.),.PIECEWISE_BEZIER_KNOTS.);
#8798 = CARTESIAN_POINT('',(190.190822,-23.326947,8.5));
#8799 = CARTESIAN_POINT('',(189.651008,-21.756213,8.5));
#8800 = CARTESIAN_POINT('',(188.160447,-20.627232,8.5));
#8801 = CARTESIAN_POINT('',(186.406875,-20.627232,8.5));
#8802 = VECTOR('',#8803,1.);
#8803 = DIRECTION('',(-0.,-0.,-1.));
#8804 = ADVANCED_FACE('',(#8805),#8816,.F.);
#8805 = FACE_BOUND('',#8806,.F.);
#8806 = EDGE_LOOP('',(#8807,#8808,#8809,#8815));
#8807 = ORIENTED_EDGE('',*,*,#8773,.T.);
#8808 = ORIENTED_EDGE('',*,*,#6880,.T.);
#8809 = ORIENTED_EDGE('',*,*,#8810,.F.);
#8810 = EDGE_CURVE('',#5188,#6881,#8811,.T.);
#8811 = LINE('',#8812,#8813);
#8812 = CARTESIAN_POINT('',(56.556547,-23.799282,8.5));
#8813 = VECTOR('',#8814,1.);
#8814 = DIRECTION('',(0.,0.,1.));
#8815 = ORIENTED_EDGE('',*,*,#5187,.F.);
#8816 = SURFACE_OF_LINEAR_EXTRUSION('',#8817,#8822);
#8817 = B_SPLINE_CURVE_WITH_KNOTS('',3,(#8818,#8819,#8820,#8821),
  .UNSPECIFIED.,.F.,.F.,(4,4),(0.,1.),.PIECEWISE_BEZIER_KNOTS.);
#8818 = CARTESIAN_POINT('',(59.745629,-20.313227,8.5));
#8819 = CARTESIAN_POINT('',(57.940582,-20.47423,8.5));
#8820 = CARTESIAN_POINT('',(56.556547,-21.987254,8.5));
#8821 = CARTESIAN_POINT('',(56.556547,-23.799282,8.5));
#8822 = VECTOR('',#8823,1.);
#8823 = DIRECTION('',(-0.,-0.,-1.));
#8824 = ADVANCED_FACE('',(#8825),#8836,.F.);
#8825 = FACE_BOUND('',#8826,.T.);
#8826 = EDGE_LOOP('',(#8827,#8828,#8829,#8835));
#8827 = ORIENTED_EDGE('',*,*,#8788,.T.);
#8828 = ORIENTED_EDGE('',*,*,#7293,.T.);
#8829 = ORIENTED_EDGE('',*,*,#8830,.F.);
#8830 = EDGE_CURVE('',#5592,#7285,#8831,.T.);
#8831 = LINE('',#8832,#8833);
#8832 = CARTESIAN_POINT('',(192.37187599925,-25.98443299956,8.5));
#8833 = VECTOR('',#8834,1.);
#8834 = DIRECTION('',(0.,0.,1.));
#8835 = ORIENTED_EDGE('',*,*,#5600,.F.);
#8836 = CYLINDRICAL_SURFACE('',#8837,4.999868);
#8837 = AXIS2_PLACEMENT_3D('',#8838,#8839,#8840);
#8838 = CARTESIAN_POINT('',(194.91062813709,-21.67706517221,8.5));
#8839 = DIRECTION('',(-0.,-0.,-1.));
#8840 = DIRECTION('',(1.,0.,0.));
#8841 = ADVANCED_FACE('',(#8842),#8853,.F.);
#8842 = FACE_BOUND('',#8843,.F.);
#8843 = EDGE_LOOP('',(#8844,#8845,#8846,#8852));
#8844 = ORIENTED_EDGE('',*,*,#8810,.T.);
#8845 = ORIENTED_EDGE('',*,*,#6889,.T.);
#8846 = ORIENTED_EDGE('',*,*,#8847,.F.);
#8847 = EDGE_CURVE('',#5197,#6890,#8848,.T.);
#8848 = LINE('',#8849,#8850);
#8849 = CARTESIAN_POINT('',(56.556547,-24.672296,8.5));
#8850 = VECTOR('',#8851,1.);
#8851 = DIRECTION('',(0.,0.,1.));
#8852 = ORIENTED_EDGE('',*,*,#5196,.F.);
#8853 = PLANE('',#8854);
#8854 = AXIS2_PLACEMENT_3D('',#8855,#8856,#8857);
#8855 = CARTESIAN_POINT('',(56.556547,-23.799282,8.5));
#8856 = DIRECTION('',(1.,0.,0.));
#8857 = DIRECTION('',(0.,-1.,0.));
#8858 = ADVANCED_FACE('',(#8859),#8870,.T.);
#8859 = FACE_BOUND('',#8860,.F.);
#8860 = EDGE_LOOP('',(#8861,#8867,#8868,#8869));
#8861 = ORIENTED_EDGE('',*,*,#8862,.T.);
#8862 = EDGE_CURVE('',#5583,#7276,#8863,.T.);
#8863 = LINE('',#8864,#8865);
#8864 = CARTESIAN_POINT('',(193.848572,-28.56891499913,8.5));
#8865 = VECTOR('',#8866,1.);
#8866 = DIRECTION('',(0.,0.,1.));
#8867 = ORIENTED_EDGE('',*,*,#7284,.T.);
#8868 = ORIENTED_EDGE('',*,*,#8830,.F.);
#8869 = ORIENTED_EDGE('',*,*,#5591,.F.);
#8870 = CYLINDRICAL_SURFACE('',#8871,3.);
#8871 = AXIS2_PLACEMENT_3D('',#8872,#8873,#8874);
#8872 = CARTESIAN_POINT('',(190.848572,-28.56891455798,8.5));
#8873 = DIRECTION('',(-0.,-0.,-1.));
#8874 = DIRECTION('',(1.,0.,0.));
#8875 = ADVANCED_FACE('',(#8876),#8887,.F.);
#8876 = FACE_BOUND('',#8877,.F.);
#8877 = EDGE_LOOP('',(#8878,#8879,#8880,#8886));
#8878 = ORIENTED_EDGE('',*,*,#8847,.T.);
#8879 = ORIENTED_EDGE('',*,*,#6897,.T.);
#8880 = ORIENTED_EDGE('',*,*,#8881,.F.);
#8881 = EDGE_CURVE('',#5205,#6898,#8882,.T.);
#8882 = LINE('',#8883,#8884);
#8883 = CARTESIAN_POINT('',(29.053138,-29.6138,8.5));
#8884 = VECTOR('',#8885,1.);
#8885 = DIRECTION('',(0.,0.,1.));
#8886 = ORIENTED_EDGE('',*,*,#5204,.F.);
#8887 = PLANE('',#8888);
#8888 = AXIS2_PLACEMENT_3D('',#8889,#8890,#8891);
#8889 = CARTESIAN_POINT('',(56.556547,-24.672296,8.5));
#8890 = DIRECTION('',(0.176837222156,-0.984240111386,0.));
#8891 = DIRECTION('',(-0.984240111386,-0.176837222156,0.));
#8892 = ADVANCED_FACE('',(#8893),#8904,.T.);
#8893 = FACE_BOUND('',#8894,.F.);
#8894 = EDGE_LOOP('',(#8895,#8901,#8902,#8903));
#8895 = ORIENTED_EDGE('',*,*,#8896,.T.);
#8896 = EDGE_CURVE('',#5574,#7267,#8897,.T.);
#8897 = LINE('',#8898,#8899);
#8898 = CARTESIAN_POINT('',(192.561472,-31.031835,8.5));
#8899 = VECTOR('',#8900,1.);
#8900 = DIRECTION('',(0.,0.,1.));
#8901 = ORIENTED_EDGE('',*,*,#7275,.T.);
#8902 = ORIENTED_EDGE('',*,*,#8862,.F.);
#8903 = ORIENTED_EDGE('',*,*,#5582,.F.);
#8904 = CYLINDRICAL_SURFACE('',#8905,3.);
#8905 = AXIS2_PLACEMENT_3D('',#8906,#8907,#8908);
#8906 = CARTESIAN_POINT('',(190.848572,-28.5689152713,8.5));
#8907 = DIRECTION('',(-0.,-0.,-1.));
#8908 = DIRECTION('',(1.,0.,0.));
#8909 = ADVANCED_FACE('',(#8910),#8921,.F.);
#8910 = FACE_BOUND('',#8911,.T.);
#8911 = EDGE_LOOP('',(#8912,#8918,#8919,#8920));
#8912 = ORIENTED_EDGE('',*,*,#8913,.T.);
#8913 = EDGE_CURVE('',#5213,#6906,#8914,.T.);
#8914 = LINE('',#8915,#8916);
#8915 = CARTESIAN_POINT('',(24.372237,-27.945934,8.5));
#8916 = VECTOR('',#8917,1.);
#8917 = DIRECTION('',(0.,0.,1.));
#8918 = ORIENTED_EDGE('',*,*,#6905,.T.);
#8919 = ORIENTED_EDGE('',*,*,#8881,.F.);
#8920 = ORIENTED_EDGE('',*,*,#5212,.F.);
#8921 = CYLINDRICAL_SURFACE('',#8922,4.999708);
#8922 = AXIS2_PLACEMENT_3D('',#8923,#8924,#8925);
#8923 = CARTESIAN_POINT('',(28.168926859581,-24.6929006163,8.5));
#8924 = DIRECTION('',(-0.,-0.,-1.));
#8925 = DIRECTION('',(1.,0.,0.));
#8926 = ADVANCED_FACE('',(#8927),#8938,.F.);
#8927 = FACE_BOUND('',#8928,.T.);
#8928 = EDGE_LOOP('',(#8929,#8930,#8931,#8937));
#8929 = ORIENTED_EDGE('',*,*,#8896,.T.);
#8930 = ORIENTED_EDGE('',*,*,#7266,.T.);
#8931 = ORIENTED_EDGE('',*,*,#8932,.F.);
#8932 = EDGE_CURVE('',#5566,#7259,#8933,.T.);
#8933 = LINE('',#8934,#8935);
#8934 = CARTESIAN_POINT('',(190.415071,-35.14086,8.5));
#8935 = VECTOR('',#8936,1.);
#8936 = DIRECTION('',(0.,0.,1.));
#8937 = ORIENTED_EDGE('',*,*,#5573,.F.);
#8938 = CYLINDRICAL_SURFACE('',#8939,4.99988);
#8939 = AXIS2_PLACEMENT_3D('',#8940,#8941,#8942);
#8940 = CARTESIAN_POINT('',(195.41494986929,-35.1374974391,8.5));
#8941 = DIRECTION('',(-0.,-0.,-1.));
#8942 = DIRECTION('',(1.,0.,0.));
#8943 = ADVANCED_FACE('',(#8944),#8955,.T.);
#8944 = FACE_BOUND('',#8945,.F.);
#8945 = EDGE_LOOP('',(#8946,#8947,#8948,#8954));
#8946 = ORIENTED_EDGE('',*,*,#8913,.T.);
#8947 = ORIENTED_EDGE('',*,*,#6914,.T.);
#8948 = ORIENTED_EDGE('',*,*,#8949,.F.);
#8949 = EDGE_CURVE('',#5222,#6915,#8950,.T.);
#8950 = LINE('',#8951,#8952);
#8951 = CARTESIAN_POINT('',(22.102017,-26.907082,8.5));
#8952 = VECTOR('',#8953,1.);
#8953 = DIRECTION('',(0.,0.,1.));
#8954 = ORIENTED_EDGE('',*,*,#5221,.F.);
#8955 = CYLINDRICAL_SURFACE('',#8956,3.);
#8956 = AXIS2_PLACEMENT_3D('',#8957,#8958,#8959);
#8957 = CARTESIAN_POINT('',(22.102017071866,-29.907082,8.5));
#8958 = DIRECTION('',(-0.,-0.,-1.));
#8959 = DIRECTION('',(1.,0.,0.));
#8960 = ADVANCED_FACE('',(#8961),#8972,.F.);
#8961 = FACE_BOUND('',#8962,.F.);
#8962 = EDGE_LOOP('',(#8963,#8969,#8970,#8971));
#8963 = ORIENTED_EDGE('',*,*,#8964,.T.);
#8964 = EDGE_CURVE('',#5558,#7251,#8965,.T.);
#8965 = LINE('',#8966,#8967);
#8966 = CARTESIAN_POINT('',(190.416978,-38.000505,8.5));
#8967 = VECTOR('',#8968,1.);
#8968 = DIRECTION('',(0.,0.,1.));
#8969 = ORIENTED_EDGE('',*,*,#7258,.T.);
#8970 = ORIENTED_EDGE('',*,*,#8932,.F.);
#8971 = ORIENTED_EDGE('',*,*,#5565,.F.);
#8972 = PLANE('',#8973);
#8973 = AXIS2_PLACEMENT_3D('',#8974,#8975,#8976);
#8974 = CARTESIAN_POINT('',(190.416978,-38.000505,8.5));
#8975 = DIRECTION('',(-0.999999777645,-6.668658438224E-04,0.));
#8976 = DIRECTION('',(-6.668658438224E-04,0.999999777645,0.));
#8977 = ADVANCED_FACE('',(#8978),#8989,.T.);
#8978 = FACE_BOUND('',#8979,.F.);
#8979 = EDGE_LOOP('',(#8980,#8981,#8982,#8988));
#8980 = ORIENTED_EDGE('',*,*,#8949,.T.);
#8981 = ORIENTED_EDGE('',*,*,#6923,.T.);
#8982 = ORIENTED_EDGE('',*,*,#8983,.F.);
#8983 = EDGE_CURVE('',#5231,#6924,#8984,.T.);
#8984 = LINE('',#8985,#8986);
#8985 = CARTESIAN_POINT('',(19.261011,-28.943398,8.5));
#8986 = VECTOR('',#8987,1.);
#8987 = DIRECTION('',(0.,0.,1.));
#8988 = ORIENTED_EDGE('',*,*,#5230,.F.);
#8989 = CYLINDRICAL_SURFACE('',#8990,3.);
#8990 = AXIS2_PLACEMENT_3D('',#8991,#8992,#8993);
#8991 = CARTESIAN_POINT('',(22.102016657887,-29.907082,8.5));
#8992 = DIRECTION('',(-0.,-0.,-1.));
#8993 = DIRECTION('',(1.,0.,0.));
#8994 = ADVANCED_FACE('',(#8995),#9006,.F.);
#8995 = FACE_BOUND('',#8996,.F.);
#8996 = EDGE_LOOP('',(#8997,#8998,#9004,#9005));
#8997 = ORIENTED_EDGE('',*,*,#5557,.F.);
#8998 = ORIENTED_EDGE('',*,*,#8999,.T.);
#8999 = EDGE_CURVE('',#5550,#7243,#9000,.T.);
#9000 = LINE('',#9001,#9002);
#9001 = CARTESIAN_POINT('',(190.44727436441,-77.47700934948,8.5));
#9002 = VECTOR('',#9003,1.);
#9003 = DIRECTION('',(0.,0.,1.));
#9004 = ORIENTED_EDGE('',*,*,#7250,.T.);
#9005 = ORIENTED_EDGE('',*,*,#8964,.F.);
#9006 = PLANE('',#9007);
#9007 = AXIS2_PLACEMENT_3D('',#9008,#9009,#9010);
#9008 = CARTESIAN_POINT('',(190.449979,-81.00118,8.5));
#9009 = DIRECTION('',(-0.999999705508,-7.674528430415E-04,0.));
#9010 = DIRECTION('',(-7.674528430415E-04,0.999999705508,0.));
#9011 = ADVANCED_FACE('',(#9012),#9023,.F.);
#9012 = FACE_BOUND('',#9013,.T.);
#9013 = EDGE_LOOP('',(#9014,#9020,#9021,#9022));
#9014 = ORIENTED_EDGE('',*,*,#9015,.T.);
#9015 = EDGE_CURVE('',#5240,#6933,#9016,.T.);
#9016 = LINE('',#9017,#9018);
#9017 = CARTESIAN_POINT('',(16.477837,-31.940481,8.5));
#9018 = VECTOR('',#9019,1.);
#9019 = DIRECTION('',(0.,0.,1.));
#9020 = ORIENTED_EDGE('',*,*,#6932,.T.);
#9021 = ORIENTED_EDGE('',*,*,#8983,.F.);
#9022 = ORIENTED_EDGE('',*,*,#5239,.F.);
#9023 = CYLINDRICAL_SURFACE('',#9024,4.999611);
#9024 = AXIS2_PLACEMENT_3D('',#9025,#9026,#9027);
#9025 = CARTESIAN_POINT('',(14.526343055455,-27.33746225837,8.5));
#9026 = DIRECTION('',(-0.,-0.,-1.));
#9027 = DIRECTION('',(1.,0.,0.));
#9028 = ADVANCED_FACE('',(#9029),#9040,.T.);
#9029 = FACE_BOUND('',#9030,.T.);
#9030 = EDGE_LOOP('',(#9031,#9032,#9033,#9034));
#9031 = ORIENTED_EDGE('',*,*,#5549,.F.);
#9032 = ORIENTED_EDGE('',*,*,#8999,.T.);
#9033 = ORIENTED_EDGE('',*,*,#7242,.F.);
#9034 = ORIENTED_EDGE('',*,*,#9035,.F.);
#9035 = EDGE_CURVE('',#5542,#7235,#9036,.T.);
#9036 = LINE('',#9037,#9038);
#9037 = CARTESIAN_POINT('',(174.44704779267,-77.49034266274,8.5));
#9038 = VECTOR('',#9039,1.);
#9039 = DIRECTION('',(0.,0.,1.));
#9040 = PLANE('',#9041);
#9041 = AXIS2_PLACEMENT_3D('',#9042,#9043,#9044);
#9042 = CARTESIAN_POINT('',(192.44704154287,-77.47534290294,8.5));
#9043 = DIRECTION('',(8.333199886387E-04,-0.999999652789,0.));
#9044 = DIRECTION('',(-0.999999652789,-8.333199886387E-04,0.));
#9045 = ADVANCED_FACE('',(#9046),#9057,.F.);
#9046 = FACE_BOUND('',#9047,.F.);
#9047 = EDGE_LOOP('',(#9048,#9049,#9050,#9056));
#9048 = ORIENTED_EDGE('',*,*,#9015,.T.);
#9049 = ORIENTED_EDGE('',*,*,#6941,.T.);
#9050 = ORIENTED_EDGE('',*,*,#9051,.F.);
#9051 = EDGE_CURVE('',#5249,#6942,#9052,.T.);
#9052 = LINE('',#9053,#9054);
#9053 = CARTESIAN_POINT('',(14.308464,-35.80347,8.5));
#9054 = VECTOR('',#9055,1.);
#9055 = DIRECTION('',(0.,0.,1.));
#9056 = ORIENTED_EDGE('',*,*,#5248,.F.);
#9057 = SURFACE_OF_LINEAR_EXTRUSION('',#9058,#9063);
#9058 = B_SPLINE_CURVE_WITH_KNOTS('',3,(#9059,#9060,#9061,#9062),
  .UNSPECIFIED.,.F.,.F.,(4,4),(0.,1.),.PIECEWISE_BEZIER_KNOTS.);
#9059 = CARTESIAN_POINT('',(16.477837,-31.940481,8.5));
#9060 = CARTESIAN_POINT('',(14.957523,-32.535108,8.5));
#9061 = CARTESIAN_POINT('',(14.015784,-34.1353,8.5));
#9062 = CARTESIAN_POINT('',(14.308464,-35.80347,8.5));
#9063 = VECTOR('',#9064,1.);
#9064 = DIRECTION('',(-0.,-0.,-1.));
#9065 = ADVANCED_FACE('',(#9066),#9077,.T.);
#9066 = FACE_BOUND('',#9067,.T.);
#9067 = EDGE_LOOP('',(#9068,#9069,#9070,#9071));
#9068 = ORIENTED_EDGE('',*,*,#5541,.F.);
#9069 = ORIENTED_EDGE('',*,*,#9035,.T.);
#9070 = ORIENTED_EDGE('',*,*,#7234,.F.);
#9071 = ORIENTED_EDGE('',*,*,#9072,.F.);
#9072 = EDGE_CURVE('',#5534,#7227,#9073,.T.);
#9073 = LINE('',#9074,#9075);
#9074 = CARTESIAN_POINT('',(174.45329769258,-84.99034005865,8.5));
#9075 = VECTOR('',#9076,1.);
#9076 = DIRECTION('',(0.,0.,1.));
#9077 = PLANE('',#9078);
#9078 = AXIS2_PLACEMENT_3D('',#9079,#9080,#9081);
#9079 = CARTESIAN_POINT('',(174.44704779267,-77.49034266274,8.5));
#9080 = DIRECTION('',(0.999999652789,8.333199886387E-04,0.));
#9081 = DIRECTION('',(8.333199886387E-04,-0.999999652789,0.));
#9082 = ADVANCED_FACE('',(#9083),#9094,.F.);
#9083 = FACE_BOUND('',#9084,.F.);
#9084 = EDGE_LOOP('',(#9085,#9086,#9087,#9093));
#9085 = ORIENTED_EDGE('',*,*,#9051,.T.);
#9086 = ORIENTED_EDGE('',*,*,#6950,.T.);
#9087 = ORIENTED_EDGE('',*,*,#9088,.F.);
#9088 = EDGE_CURVE('',#5258,#6951,#9089,.T.);
#9089 = LINE('',#9090,#9091);
#9090 = CARTESIAN_POINT('',(15.222487,-41.023552,8.5));
#9091 = VECTOR('',#9092,1.);
#9092 = DIRECTION('',(0.,0.,1.));
#9093 = ORIENTED_EDGE('',*,*,#5257,.F.);
#9094 = PLANE('',#9095);
#9095 = AXIS2_PLACEMENT_3D('',#9096,#9097,#9098);
#9096 = CARTESIAN_POINT('',(14.308464,-35.80347,8.5));
#9097 = DIRECTION('',(0.985014165231,0.172473459679,0.));
#9098 = DIRECTION('',(0.172473459679,-0.985014165231,0.));
#9099 = ADVANCED_FACE('',(#9100),#9111,.T.);
#9100 = FACE_BOUND('',#9101,.T.);
#9101 = EDGE_LOOP('',(#9102,#9103,#9104,#9105));
#9102 = ORIENTED_EDGE('',*,*,#5533,.F.);
#9103 = ORIENTED_EDGE('',*,*,#9072,.T.);
#9104 = ORIENTED_EDGE('',*,*,#7226,.F.);
#9105 = ORIENTED_EDGE('',*,*,#9106,.T.);
#9106 = EDGE_CURVE('',#7219,#5526,#9107,.T.);
#9107 = LINE('',#9108,#9109);
#9108 = CARTESIAN_POINT('',(190.45329213721,-84.97700693884,8.5));
#9109 = VECTOR('',#9110,1.);
#9110 = DIRECTION('',(0.,0.,-1.));
#9111 = PLANE('',#9112);
#9112 = AXIS2_PLACEMENT_3D('',#9113,#9114,#9115);
#9113 = CARTESIAN_POINT('',(174.45329769258,-84.99034005865,8.5));
#9114 = DIRECTION('',(-8.333199886387E-04,0.999999652789,0.));
#9115 = DIRECTION('',(0.999999652789,8.333199886387E-04,0.));
#9116 = ADVANCED_FACE('',(#9117),#9128,.F.);
#9117 = FACE_BOUND('',#9118,.F.);
#9118 = EDGE_LOOP('',(#9119,#9120,#9121,#9127));
#9119 = ORIENTED_EDGE('',*,*,#9088,.T.);
#9120 = ORIENTED_EDGE('',*,*,#6958,.T.);
#9121 = ORIENTED_EDGE('',*,*,#9122,.F.);
#9122 = EDGE_CURVE('',#5266,#6959,#9123,.T.);
#9123 = LINE('',#9124,#9125);
#9124 = CARTESIAN_POINT('',(16.274514,-47.023647,8.5));
#9125 = VECTOR('',#9126,1.);
#9126 = DIRECTION('',(0.,0.,1.));
#9127 = ORIENTED_EDGE('',*,*,#5265,.F.);
#9128 = PLANE('',#9129);
#9129 = AXIS2_PLACEMENT_3D('',#9130,#9131,#9132);
#9130 = CARTESIAN_POINT('',(15.222487,-41.023552,8.5));
#9131 = DIRECTION('',(0.984974377284,0.172700538777,0.));
#9132 = DIRECTION('',(0.172700538777,-0.984974377284,0.));
#9133 = ADVANCED_FACE('',(#9134),#9145,.F.);
#9134 = FACE_BOUND('',#9135,.F.);
#9135 = EDGE_LOOP('',(#9136,#9137,#9143,#9144));
#9136 = ORIENTED_EDGE('',*,*,#5525,.F.);
#9137 = ORIENTED_EDGE('',*,*,#9138,.T.);
#9138 = EDGE_CURVE('',#5517,#7210,#9139,.T.);
#9139 = LINE('',#9140,#9141);
#9140 = CARTESIAN_POINT('',(190.454979,-87.001274,8.5));
#9141 = VECTOR('',#9142,1.);
#9142 = DIRECTION('',(0.,0.,1.));
#9143 = ORIENTED_EDGE('',*,*,#7218,.T.);
#9144 = ORIENTED_EDGE('',*,*,#9106,.T.);
#9145 = PLANE('',#9146);
#9146 = AXIS2_PLACEMENT_3D('',#9147,#9148,#9149);
#9147 = CARTESIAN_POINT('',(190.454979,-87.001274,8.5));
#9148 = DIRECTION('',(-0.999999652789,-8.333199886482E-04,0.));
#9149 = DIRECTION('',(-8.333199886482E-04,0.999999652789,0.));
#9150 = ADVANCED_FACE('',(#9151),#9162,.F.);
#9151 = FACE_BOUND('',#9152,.F.);
#9152 = EDGE_LOOP('',(#9153,#9154,#9155,#9161));
#9153 = ORIENTED_EDGE('',*,*,#9122,.T.);
#9154 = ORIENTED_EDGE('',*,*,#6966,.T.);
#9155 = ORIENTED_EDGE('',*,*,#9156,.F.);
#9156 = EDGE_CURVE('',#5274,#6967,#9157,.T.);
#9157 = LINE('',#9158,#9159);
#9158 = CARTESIAN_POINT('',(18.102561,-57.46381,8.5));
#9159 = VECTOR('',#9160,1.);
#9160 = DIRECTION('',(0.,0.,1.));
#9161 = ORIENTED_EDGE('',*,*,#5273,.F.);
#9162 = PLANE('',#9163);
#9163 = AXIS2_PLACEMENT_3D('',#9164,#9165,#9166);
#9164 = CARTESIAN_POINT('',(16.274514,-47.023647,8.5));
#9165 = DIRECTION('',(0.985014146396,0.17247356725,0.));
#9166 = DIRECTION('',(0.17247356725,-0.985014146396,0.));
#9167 = ADVANCED_FACE('',(#9168),#9179,.F.);
#9168 = FACE_BOUND('',#9169,.F.);
#9169 = EDGE_LOOP('',(#9170,#9176,#9177,#9178));
#9170 = ORIENTED_EDGE('',*,*,#9171,.T.);
#9171 = EDGE_CURVE('',#5509,#7202,#9172,.T.);
#9172 = LINE('',#9173,#9174);
#9173 = CARTESIAN_POINT('',(190.454979,-87.006274,8.5));
#9174 = VECTOR('',#9175,1.);
#9175 = DIRECTION('',(0.,0.,1.));
#9176 = ORIENTED_EDGE('',*,*,#7209,.T.);
#9177 = ORIENTED_EDGE('',*,*,#9138,.F.);
#9178 = ORIENTED_EDGE('',*,*,#5516,.F.);
#9179 = SURFACE_OF_LINEAR_EXTRUSION('',#9180,#9185);
#9180 = B_SPLINE_CURVE_WITH_KNOTS('',3,(#9181,#9182,#9183,#9184),
  .UNSPECIFIED.,.F.,.F.,(4,4),(0.,1.),.PIECEWISE_BEZIER_KNOTS.);
#9181 = CARTESIAN_POINT('',(190.454979,-87.006274,8.5));
#9182 = CARTESIAN_POINT('',(190.454979,-87.004274,8.5));
#9183 = CARTESIAN_POINT('',(190.454979,-87.003274,8.5));
#9184 = CARTESIAN_POINT('',(190.454979,-87.001274,8.5));
#9185 = VECTOR('',#9186,1.);
#9186 = DIRECTION('',(-0.,-0.,-1.));
#9187 = ADVANCED_FACE('',(#9188),#9199,.F.);
#9188 = FACE_BOUND('',#9189,.F.);
#9189 = EDGE_LOOP('',(#9190,#9191,#9192,#9198));
#9190 = ORIENTED_EDGE('',*,*,#9156,.T.);
#9191 = ORIENTED_EDGE('',*,*,#6974,.T.);
#9192 = ORIENTED_EDGE('',*,*,#9193,.F.);
#9193 = EDGE_CURVE('',#5282,#6975,#9194,.T.);
#9194 = LINE('',#9195,#9196);
#9195 = CARTESIAN_POINT('',(19.154588,-63.463905,8.5));
#9196 = VECTOR('',#9197,1.);
#9197 = DIRECTION('',(0.,0.,1.));
#9198 = ORIENTED_EDGE('',*,*,#5281,.F.);
#9199 = PLANE('',#9200);
#9200 = AXIS2_PLACEMENT_3D('',#9201,#9202,#9203);
#9201 = CARTESIAN_POINT('',(18.102561,-57.46381,8.5));
#9202 = DIRECTION('',(0.984974377284,0.172700538777,0.));
#9203 = DIRECTION('',(0.172700538777,-0.984974377284,0.));
#9204 = ADVANCED_FACE('',(#9205),#9216,.F.);
#9205 = FACE_BOUND('',#9206,.F.);
#9206 = EDGE_LOOP('',(#9207,#9213,#9214,#9215));
#9207 = ORIENTED_EDGE('',*,*,#9208,.T.);
#9208 = EDGE_CURVE('',#5500,#7193,#9209,.T.);
#9209 = LINE('',#9210,#9211);
#9210 = CARTESIAN_POINT('',(190.449979,-94.40239,8.5));
#9211 = VECTOR('',#9212,1.);
#9212 = DIRECTION('',(0.,0.,1.));
#9213 = ORIENTED_EDGE('',*,*,#7201,.T.);
#9214 = ORIENTED_EDGE('',*,*,#9171,.F.);
#9215 = ORIENTED_EDGE('',*,*,#5508,.F.);
#9216 = PLANE('',#9217);
#9217 = AXIS2_PLACEMENT_3D('',#9218,#9219,#9220);
#9218 = CARTESIAN_POINT('',(190.449979,-94.40239,8.5));
#9219 = DIRECTION('',(-0.999999771491,6.760303458574E-04,0.));
#9220 = DIRECTION('',(6.760303458574E-04,0.999999771491,0.));
#9221 = ADVANCED_FACE('',(#9222),#9233,.F.);
#9222 = FACE_BOUND('',#9223,.F.);
#9223 = EDGE_LOOP('',(#9224,#9225,#9226,#9232));
#9224 = ORIENTED_EDGE('',*,*,#9193,.T.);
#9225 = ORIENTED_EDGE('',*,*,#6982,.T.);
#9226 = ORIENTED_EDGE('',*,*,#9227,.F.);
#9227 = EDGE_CURVE('',#5290,#6983,#9228,.T.);
#9228 = LINE('',#9229,#9230);
#9229 = CARTESIAN_POINT('',(23.90871,-90.604331,8.5));
#9230 = VECTOR('',#9231,1.);
#9231 = DIRECTION('',(0.,0.,1.));
#9232 = ORIENTED_EDGE('',*,*,#5289,.F.);
#9233 = PLANE('',#9234);
#9234 = AXIS2_PLACEMENT_3D('',#9235,#9236,#9237);
#9235 = CARTESIAN_POINT('',(19.154588,-63.463905,8.5));
#9236 = DIRECTION('',(0.985002430408,0.172540465078,0.));
#9237 = DIRECTION('',(0.172540465078,-0.985002430408,0.));
#9238 = ADVANCED_FACE('',(#9239),#9250,.F.);
#9239 = FACE_BOUND('',#9240,.F.);
#9240 = EDGE_LOOP('',(#9241,#9247,#9248,#9249));
#9241 = ORIENTED_EDGE('',*,*,#9242,.T.);
#9242 = EDGE_CURVE('',#5491,#7184,#9243,.T.);
#9243 = LINE('',#9244,#9245);
#9244 = CARTESIAN_POINT('',(190.393212,-95.029605,8.5));
#9245 = VECTOR('',#9246,1.);
#9246 = DIRECTION('',(0.,0.,1.));
#9247 = ORIENTED_EDGE('',*,*,#7192,.T.);
#9248 = ORIENTED_EDGE('',*,*,#9208,.F.);
#9249 = ORIENTED_EDGE('',*,*,#5499,.F.);
#9250 = SURFACE_OF_LINEAR_EXTRUSION('',#9251,#9256);
#9251 = B_SPLINE_CURVE_WITH_KNOTS('',3,(#9252,#9253,#9254,#9255),
  .UNSPECIFIED.,.F.,.F.,(4,4),(0.,1.),.PIECEWISE_BEZIER_KNOTS.);
#9252 = CARTESIAN_POINT('',(190.393212,-95.029605,8.5));
#9253 = CARTESIAN_POINT('',(190.430714,-94.824074,8.5));
#9254 = CARTESIAN_POINT('',(190.449979,-94.614198,8.5));
#9255 = CARTESIAN_POINT('',(190.449979,-94.40239,8.5));
#9256 = VECTOR('',#9257,1.);
#9257 = DIRECTION('',(-0.,-0.,-1.));
#9258 = ADVANCED_FACE('',(#9259),#9270,.F.);
#9259 = FACE_BOUND('',#9260,.F.);
#9260 = EDGE_LOOP('',(#9261,#9262,#9263,#9269));
#9261 = ORIENTED_EDGE('',*,*,#9227,.T.);
#9262 = ORIENTED_EDGE('',*,*,#6990,.T.);
#9263 = ORIENTED_EDGE('',*,*,#9264,.F.);
#9264 = EDGE_CURVE('',#5298,#6991,#9265,.T.);
#9265 = LINE('',#9266,#9267);
#9266 = CARTESIAN_POINT('',(25.350747,-92.869366,8.5));
#9267 = VECTOR('',#9268,1.);
#9268 = DIRECTION('',(0.,0.,1.));
#9269 = ORIENTED_EDGE('',*,*,#5297,.F.);
#9270 = SURFACE_OF_LINEAR_EXTRUSION('',#9271,#9276);
#9271 = B_SPLINE_CURVE_WITH_KNOTS('',3,(#9272,#9273,#9274,#9275),
  .UNSPECIFIED.,.F.,.F.,(4,4),(0.,1.),.PIECEWISE_BEZIER_KNOTS.);
#9272 = CARTESIAN_POINT('',(23.90871,-90.604331,8.5));
#9273 = CARTESIAN_POINT('',(24.069714,-91.521345,8.5));
#9274 = CARTESIAN_POINT('',(24.588727,-92.335358,8.5));
#9275 = CARTESIAN_POINT('',(25.350747,-92.869366,8.5));
#9276 = VECTOR('',#9277,1.);
#9277 = DIRECTION('',(-0.,-0.,-1.));
#9278 = ADVANCED_FACE('',(#9279),#9290,.F.);
#9279 = FACE_BOUND('',#9280,.T.);
#9280 = EDGE_LOOP('',(#9281,#9282,#9283,#9289));
#9281 = ORIENTED_EDGE('',*,*,#9242,.T.);
#9282 = ORIENTED_EDGE('',*,*,#7183,.T.);
#9283 = ORIENTED_EDGE('',*,*,#9284,.F.);
#9284 = EDGE_CURVE('',#5482,#7175,#9285,.T.);
#9285 = LINE('',#9286,#9287);
#9286 = CARTESIAN_POINT('',(190.832026,-98.025489,8.5));
#9287 = VECTOR('',#9288,1.);
#9288 = DIRECTION('',(0.,0.,1.));
#9289 = ORIENTED_EDGE('',*,*,#5490,.F.);
#9290 = CYLINDRICAL_SURFACE('',#9291,4.99976);
#9291 = AXIS2_PLACEMENT_3D('',#9292,#9293,#9294);
#9292 = CARTESIAN_POINT('',(195.32735464683,-95.83696885741,8.5));
#9293 = DIRECTION('',(-0.,-0.,-1.));
#9294 = DIRECTION('',(1.,0.,0.));
#9295 = ADVANCED_FACE('',(#9296),#9307,.F.);
#9296 = FACE_BOUND('',#9297,.F.);
#9297 = EDGE_LOOP('',(#9298,#9299,#9300,#9306));
#9298 = ORIENTED_EDGE('',*,*,#9264,.T.);
#9299 = ORIENTED_EDGE('',*,*,#6999,.T.);
#9300 = ORIENTED_EDGE('',*,*,#9301,.F.);
#9301 = EDGE_CURVE('',#5307,#7000,#9302,.T.);
#9302 = LINE('',#9303,#9304);
#9303 = CARTESIAN_POINT('',(26.97652,-93.479687,8.5));
#9304 = VECTOR('',#9305,1.);
#9305 = DIRECTION('',(0.,0.,1.));
#9306 = ORIENTED_EDGE('',*,*,#5306,.F.);
#9307 = SURFACE_OF_LINEAR_EXTRUSION('',#9308,#9313);
#9308 = B_SPLINE_CURVE_WITH_KNOTS('',3,(#9309,#9310,#9311,#9312),
  .UNSPECIFIED.,.F.,.F.,(4,4),(0.,1.),.PIECEWISE_BEZIER_KNOTS.);
#9309 = CARTESIAN_POINT('',(25.350747,-92.869366,8.5));
#9310 = CARTESIAN_POINT('',(25.837358,-93.209289,8.5));
#9311 = CARTESIAN_POINT('',(26.39718,-93.41662,8.5));
#9312 = CARTESIAN_POINT('',(26.97652,-93.479687,8.5));
#9313 = VECTOR('',#9314,1.);
#9314 = DIRECTION('',(-0.,-0.,-1.));
#9315 = ADVANCED_FACE('',(#9316),#9327,.F.);
#9316 = FACE_BOUND('',#9317,.F.);
#9317 = EDGE_LOOP('',(#9318,#9324,#9325,#9326));
#9318 = ORIENTED_EDGE('',*,*,#9319,.T.);
#9319 = EDGE_CURVE('',#5473,#7166,#9320,.T.);
#9320 = LINE('',#9321,#9322);
#9321 = CARTESIAN_POINT('',(191.131757,-99.333538,8.5));
#9322 = VECTOR('',#9323,1.);
#9323 = DIRECTION('',(0.,0.,1.));
#9324 = ORIENTED_EDGE('',*,*,#7174,.T.);
#9325 = ORIENTED_EDGE('',*,*,#9284,.F.);
#9326 = ORIENTED_EDGE('',*,*,#5481,.F.);
#9327 = SURFACE_OF_LINEAR_EXTRUSION('',#9328,#9333);
#9328 = B_SPLINE_CURVE_WITH_KNOTS('',3,(#9329,#9330,#9331,#9332),
  .UNSPECIFIED.,.F.,.F.,(4,4),(0.,1.),.PIECEWISE_BEZIER_KNOTS.);
#9329 = CARTESIAN_POINT('',(191.131757,-99.333538,8.5));
#9330 = CARTESIAN_POINT('',(191.131757,-98.864497,8.5));
#9331 = CARTESIAN_POINT('',(191.024116,-98.420598,8.5));
#9332 = CARTESIAN_POINT('',(190.832026,-98.025489,8.5));
#9333 = VECTOR('',#9334,1.);
#9334 = DIRECTION('',(-0.,-0.,-1.));
#9335 = ADVANCED_FACE('',(#9336),#9347,.F.);
#9336 = FACE_BOUND('',#9337,.T.);
#9337 = EDGE_LOOP('',(#9338,#9344,#9345,#9346));
#9338 = ORIENTED_EDGE('',*,*,#9339,.T.);
#9339 = EDGE_CURVE('',#5316,#7009,#9340,.T.);
#9340 = LINE('',#9341,#9342);
#9341 = CARTESIAN_POINT('',(42.532807,-104.075784,8.5));
#9342 = VECTOR('',#9343,1.);
#9343 = DIRECTION('',(0.,0.,1.));
#9344 = ORIENTED_EDGE('',*,*,#7008,.T.);
#9345 = ORIENTED_EDGE('',*,*,#9301,.F.);
#9346 = ORIENTED_EDGE('',*,*,#5315,.F.);
#9347 = CYLINDRICAL_SURFACE('',#9348,19.999941);
#9348 = AXIS2_PLACEMENT_3D('',#9349,#9350,#9351);
#9349 = CARTESIAN_POINT('',(24.819961246343,-113.3630190735,8.5));
#9350 = DIRECTION('',(-0.,-0.,-1.));
#9351 = DIRECTION('',(1.,0.,0.));
#9352 = ADVANCED_FACE('',(#9353),#9364,.T.);
#9353 = FACE_BOUND('',#9354,.F.);
#9354 = EDGE_LOOP('',(#9355,#9361,#9362,#9363));
#9355 = ORIENTED_EDGE('',*,*,#9356,.T.);
#9356 = EDGE_CURVE('',#5464,#7157,#9357,.T.);
#9357 = LINE('',#9358,#9359);
#9358 = CARTESIAN_POINT('',(188.131757,-102.333538,8.5));
#9359 = VECTOR('',#9360,1.);
#9360 = DIRECTION('',(0.,0.,1.));
#9361 = ORIENTED_EDGE('',*,*,#7165,.T.);
#9362 = ORIENTED_EDGE('',*,*,#9319,.F.);
#9363 = ORIENTED_EDGE('',*,*,#5472,.F.);
#9364 = CYLINDRICAL_SURFACE('',#9365,3.);
#9365 = AXIS2_PLACEMENT_3D('',#9366,#9367,#9368);
#9366 = CARTESIAN_POINT('',(188.131757,-99.333538,8.5));
#9367 = DIRECTION('',(-0.,-0.,-1.));
#9368 = DIRECTION('',(1.,0.,0.));
#9369 = ADVANCED_FACE('',(#9370),#9381,.F.);
#9370 = FACE_BOUND('',#9371,.F.);
#9371 = EDGE_LOOP('',(#9372,#9373,#9374,#9380));
#9372 = ORIENTED_EDGE('',*,*,#9339,.T.);
#9373 = ORIENTED_EDGE('',*,*,#7017,.T.);
#9374 = ORIENTED_EDGE('',*,*,#9375,.F.);
#9375 = EDGE_CURVE('',#5325,#7018,#9376,.T.);
#9376 = LINE('',#9377,#9378);
#9377 = CARTESIAN_POINT('',(48.919351,-107.220592,8.5));
#9378 = VECTOR('',#9379,1.);
#9379 = DIRECTION('',(0.,0.,1.));
#9380 = ORIENTED_EDGE('',*,*,#5324,.F.);
#9381 = SURFACE_OF_LINEAR_EXTRUSION('',#9382,#9387);
#9382 = B_SPLINE_CURVE_WITH_KNOTS('',3,(#9383,#9384,#9385,#9386),
  .UNSPECIFIED.,.F.,.F.,(4,4),(0.,1.),.PIECEWISE_BEZIER_KNOTS.);
#9383 = CARTESIAN_POINT('',(42.532807,-104.075784,8.5));
#9384 = CARTESIAN_POINT('',(43.710081,-106.349032,8.5));
#9385 = CARTESIAN_POINT('',(46.267119,-107.695419,8.5));
#9386 = CARTESIAN_POINT('',(48.919351,-107.220592,8.5));
#9387 = VECTOR('',#9388,1.);
#9388 = DIRECTION('',(-0.,-0.,-1.));
#9389 = ADVANCED_FACE('',(#9390),#9401,.F.);
#9390 = FACE_BOUND('',#9391,.F.);
#9391 = EDGE_LOOP('',(#9392,#9398,#9399,#9400));
#9392 = ORIENTED_EDGE('',*,*,#9393,.T.);
#9393 = EDGE_CURVE('',#5455,#7148,#9394,.T.);
#9394 = LINE('',#9395,#9396);
#9395 = CARTESIAN_POINT('',(187.406821,-102.245325,8.5));
#9396 = VECTOR('',#9397,1.);
#9397 = DIRECTION('',(0.,0.,1.));
#9398 = ORIENTED_EDGE('',*,*,#7156,.T.);
#9399 = ORIENTED_EDGE('',*,*,#9356,.F.);
#9400 = ORIENTED_EDGE('',*,*,#5463,.F.);
#9401 = SURFACE_OF_LINEAR_EXTRUSION('',#9402,#9407);
#9402 = B_SPLINE_CURVE_WITH_KNOTS('',3,(#9403,#9404,#9405,#9406),
  .UNSPECIFIED.,.F.,.F.,(4,4),(0.,1.),.PIECEWISE_BEZIER_KNOTS.);
#9403 = CARTESIAN_POINT('',(187.406821,-102.245325,8.5));
#9404 = CARTESIAN_POINT('',(187.63894,-102.302963,8.5));
#9405 = CARTESIAN_POINT('',(187.881778,-102.333538,8.5));
#9406 = CARTESIAN_POINT('',(188.131757,-102.333538,8.5));
#9407 = VECTOR('',#9408,1.);
#9408 = DIRECTION('',(-0.,-0.,-1.));
#9409 = ADVANCED_FACE('',(#9410),#9421,.F.);
#9410 = FACE_BOUND('',#9411,.F.);
#9411 = EDGE_LOOP('',(#9412,#9413,#9414,#9420));
#9412 = ORIENTED_EDGE('',*,*,#9375,.T.);
#9413 = ORIENTED_EDGE('',*,*,#7026,.T.);
#9414 = ORIENTED_EDGE('',*,*,#9415,.F.);
#9415 = EDGE_CURVE('',#5334,#7027,#9416,.T.);
#9416 = LINE('',#9417,#9418);
#9417 = CARTESIAN_POINT('',(83.372234,-101.052495,8.5));
#9418 = VECTOR('',#9419,1.);
#9419 = DIRECTION('',(0.,0.,1.));
#9420 = ORIENTED_EDGE('',*,*,#5333,.F.);
#9421 = PLANE('',#9422);
#9422 = AXIS2_PLACEMENT_3D('',#9423,#9424,#9425);
#9423 = CARTESIAN_POINT('',(48.919351,-107.220592,8.5));
#9424 = DIRECTION('',(-0.17622799329,0.984349376177,0.));
#9425 = DIRECTION('',(0.984349376177,0.17622799329,0.));
#9426 = ADVANCED_FACE('',(#9427),#9438,.F.);
#9427 = FACE_BOUND('',#9428,.T.);
#9428 = EDGE_LOOP('',(#9429,#9430,#9431,#9437));
#9429 = ORIENTED_EDGE('',*,*,#9393,.T.);
#9430 = ORIENTED_EDGE('',*,*,#7147,.T.);
#9431 = ORIENTED_EDGE('',*,*,#9432,.F.);
#9432 = EDGE_CURVE('',#5447,#7140,#9433,.T.);
#9433 = LINE('',#9434,#9435);
#9434 = CARTESIAN_POINT('',(182.724104,-103.576942,8.5));
#9435 = VECTOR('',#9436,1.);
#9436 = DIRECTION('',(0.,0.,1.));
#9437 = ORIENTED_EDGE('',*,*,#5454,.F.);
#9438 = CYLINDRICAL_SURFACE('',#9439,4.999902);
#9439 = AXIS2_PLACEMENT_3D('',#9440,#9441,#9442);
#9440 = CARTESIAN_POINT('',(186.26003842581,-107.1119367306,8.5));
#9441 = DIRECTION('',(-0.,-0.,-1.));
#9442 = DIRECTION('',(1.,0.,0.));
#9443 = ADVANCED_FACE('',(#9444),#9455,.F.);
#9444 = FACE_BOUND('',#9445,.F.);
#9445 = EDGE_LOOP('',(#9446,#9447,#9448,#9454));
#9446 = ORIENTED_EDGE('',*,*,#9415,.T.);
#9447 = ORIENTED_EDGE('',*,*,#7034,.T.);
#9448 = ORIENTED_EDGE('',*,*,#9449,.F.);
#9449 = EDGE_CURVE('',#5342,#7035,#9450,.T.);
#9450 = LINE('',#9451,#9452);
#9451 = CARTESIAN_POINT('',(83.779303,-100.965073,8.5));
#9452 = VECTOR('',#9453,1.);
#9453 = DIRECTION('',(0.,0.,1.));
#9454 = ORIENTED_EDGE('',*,*,#5341,.F.);
#9455 = SURFACE_OF_LINEAR_EXTRUSION('',#9456,#9461);
#9456 = B_SPLINE_CURVE_WITH_KNOTS('',3,(#9457,#9458,#9459,#9460),
  .UNSPECIFIED.,.F.,.F.,(4,4),(0.,1.),.PIECEWISE_BEZIER_KNOTS.);
#9457 = CARTESIAN_POINT('',(83.372234,-101.052495,8.5));
#9458 = CARTESIAN_POINT('',(83.50974,-101.027873,8.5));
#9459 = CARTESIAN_POINT('',(83.64548,-100.998675,8.5));
#9460 = CARTESIAN_POINT('',(83.779303,-100.965073,8.5));
#9461 = VECTOR('',#9462,1.);
#9462 = DIRECTION('',(-0.,-0.,-1.));
#9463 = ADVANCED_FACE('',(#9464),#9475,.F.);
#9464 = FACE_BOUND('',#9465,.F.);
#9465 = EDGE_LOOP('',(#9466,#9472,#9473,#9474));
#9466 = ORIENTED_EDGE('',*,*,#9467,.T.);
#9467 = EDGE_CURVE('',#5438,#7131,#9468,.T.);
#9468 = LINE('',#9469,#9470);
#9469 = CARTESIAN_POINT('',(162.889272,-123.416846,8.5));
#9470 = VECTOR('',#9471,1.);
#9471 = DIRECTION('',(0.,0.,1.));
#9472 = ORIENTED_EDGE('',*,*,#7139,.T.);
#9473 = ORIENTED_EDGE('',*,*,#9432,.F.);
#9474 = ORIENTED_EDGE('',*,*,#5446,.F.);
#9475 = PLANE('',#9476);
#9476 = AXIS2_PLACEMENT_3D('',#9477,#9478,#9479);
#9477 = CARTESIAN_POINT('',(162.889272,-123.416846,8.5));
#9478 = DIRECTION('',(-0.707197171613,0.707016379204,0.));
#9479 = DIRECTION('',(0.707016379204,0.707197171613,0.));
#9480 = ADVANCED_FACE('',(#9481),#9492,.F.);
#9481 = FACE_BOUND('',#9482,.T.);
#9482 = EDGE_LOOP('',(#9483,#9489,#9490,#9491));
#9483 = ORIENTED_EDGE('',*,*,#9484,.T.);
#9484 = EDGE_CURVE('',#5351,#7044,#9485,.T.);
#9485 = LINE('',#9486,#9487);
#9486 = CARTESIAN_POINT('',(102.551073,-99.891035,8.5));
#9487 = VECTOR('',#9488,1.);
#9488 = DIRECTION('',(0.,0.,1.));
#9489 = ORIENTED_EDGE('',*,*,#7043,.T.);
#9490 = ORIENTED_EDGE('',*,*,#9449,.F.);
#9491 = ORIENTED_EDGE('',*,*,#5350,.F.);
#9492 = CYLINDRICAL_SURFACE('',#9493,50.);
#9493 = AXIS2_PLACEMENT_3D('',#9494,#9495,#9496);
#9494 = CARTESIAN_POINT('',(95.97035598173,-149.4560848186,8.5));
#9495 = DIRECTION('',(-0.,-0.,-1.));
#9496 = DIRECTION('',(1.,0.,0.));
#9497 = ADVANCED_FACE('',(#9498),#9509,.F.);
#9498 = FACE_BOUND('',#9499,.F.);
#9499 = EDGE_LOOP('',(#9500,#9506,#9507,#9508));
#9500 = ORIENTED_EDGE('',*,*,#9501,.T.);
#9501 = EDGE_CURVE('',#5429,#7122,#9502,.T.);
#9502 = LINE('',#9503,#9504);
#9503 = CARTESIAN_POINT('',(156.361105,-124.392861,8.5));
#9504 = VECTOR('',#9505,1.);
#9505 = DIRECTION('',(0.,0.,1.));
#9506 = ORIENTED_EDGE('',*,*,#7130,.T.);
#9507 = ORIENTED_EDGE('',*,*,#9467,.F.);
#9508 = ORIENTED_EDGE('',*,*,#5437,.F.);
#9509 = SURFACE_OF_LINEAR_EXTRUSION('',#9510,#9515);
#9510 = B_SPLINE_CURVE_WITH_KNOTS('',3,(#9511,#9512,#9513,#9514),
  .UNSPECIFIED.,.F.,.F.,(4,4),(0.,1.),.PIECEWISE_BEZIER_KNOTS.);
#9511 = CARTESIAN_POINT('',(156.361105,-124.392861,8.5));
#9512 = CARTESIAN_POINT('',(158.461159,-125.807884,8.5));
#9513 = CARTESIAN_POINT('',(161.294231,-125.383877,8.5));
#9514 = CARTESIAN_POINT('',(162.889272,-123.416846,8.5));
#9515 = VECTOR('',#9516,1.);
#9516 = DIRECTION('',(-0.,-0.,-1.));
#9517 = ADVANCED_FACE('',(#9518),#9529,.F.);
#9518 = FACE_BOUND('',#9519,.F.);
#9519 = EDGE_LOOP('',(#9520,#9521,#9522,#9528));
#9520 = ORIENTED_EDGE('',*,*,#9484,.T.);
#9521 = ORIENTED_EDGE('',*,*,#7052,.T.);
#9522 = ORIENTED_EDGE('',*,*,#9523,.F.);
#9523 = EDGE_CURVE('',#5360,#7053,#9524,.T.);
#9524 = LINE('',#9525,#9526);
#9525 = CARTESIAN_POINT('',(128.735397,-103.29753,8.5));
#9526 = VECTOR('',#9527,1.);
#9527 = DIRECTION('',(0.,0.,1.));
#9528 = ORIENTED_EDGE('',*,*,#5359,.F.);
#9529 = PLANE('',#9530);
#9530 = AXIS2_PLACEMENT_3D('',#9531,#9532,#9533);
#9531 = CARTESIAN_POINT('',(102.551073,-99.891035,8.5));
#9532 = DIRECTION('',(0.129009559817,0.991643349938,0.));
#9533 = DIRECTION('',(0.991643349938,-0.129009559817,0.));
#9534 = ADVANCED_FACE('',(#9535),#9546,.F.);
#9535 = FACE_BOUND('',#9536,.F.);
#9536 = EDGE_LOOP('',(#9537,#9543,#9544,#9545));
#9537 = ORIENTED_EDGE('',*,*,#9538,.T.);
#9538 = EDGE_CURVE('',#5421,#7114,#9539,.T.);
#9539 = LINE('',#9540,#9541);
#9540 = CARTESIAN_POINT('',(155.859092,-123.981855,8.5));
#9541 = VECTOR('',#9542,1.);
#9542 = DIRECTION('',(0.,0.,1.));
#9543 = ORIENTED_EDGE('',*,*,#7121,.T.);
#9544 = ORIENTED_EDGE('',*,*,#9501,.F.);
#9545 = ORIENTED_EDGE('',*,*,#5428,.F.);
#9546 = SURFACE_OF_LINEAR_EXTRUSION('',#9547,#9552);
#9547 = B_SPLINE_CURVE_WITH_KNOTS('',3,(#9548,#9549,#9550,#9551),
  .UNSPECIFIED.,.F.,.F.,(4,4),(0.,1.),.PIECEWISE_BEZIER_KNOTS.);
#9548 = CARTESIAN_POINT('',(155.859092,-123.981855,8.5));
#9549 = CARTESIAN_POINT('',(156.013096,-124.133857,8.5));
#9550 = CARTESIAN_POINT('',(156.1811,-124.271859,8.5));
#9551 = CARTESIAN_POINT('',(156.361105,-124.392861,8.5));
#9552 = VECTOR('',#9553,1.);
#9553 = DIRECTION('',(-0.,-0.,-1.));
#9554 = ADVANCED_FACE('',(#9555),#9566,.F.);
#9555 = FACE_BOUND('',#9556,.F.);
#9556 = EDGE_LOOP('',(#9557,#9558,#9559,#9565));
#9557 = ORIENTED_EDGE('',*,*,#9523,.T.);
#9558 = ORIENTED_EDGE('',*,*,#7060,.T.);
#9559 = ORIENTED_EDGE('',*,*,#9560,.F.);
#9560 = EDGE_CURVE('',#5368,#7061,#9561,.T.);
#9561 = LINE('',#9562,#9563);
#9562 = CARTESIAN_POINT('',(137.319913,-108.285074,8.5));
#9563 = VECTOR('',#9564,1.);
#9564 = DIRECTION('',(0.,0.,1.));
#9565 = ORIENTED_EDGE('',*,*,#5367,.F.);
#9566 = PLANE('',#9567);
#9567 = AXIS2_PLACEMENT_3D('',#9568,#9569,#9570);
#9568 = CARTESIAN_POINT('',(128.735397,-103.29753,8.5));
#9569 = DIRECTION('',(0.502360450234,0.86465830132,0.));
#9570 = DIRECTION('',(0.86465830132,-0.502360450234,0.));
#9571 = ADVANCED_FACE('',(#9572),#9583,.F.);
#9572 = FACE_BOUND('',#9573,.F.);
#9573 = EDGE_LOOP('',(#9574,#9580,#9581,#9582));
#9574 = ORIENTED_EDGE('',*,*,#9575,.T.);
#9575 = EDGE_CURVE('',#5412,#7105,#9576,.T.);
#9576 = LINE('',#9577,#9578);
#9577 = CARTESIAN_POINT('',(148.488787,-116.710097,8.5));
#9578 = VECTOR('',#9579,1.);
#9579 = DIRECTION('',(0.,0.,1.));
#9580 = ORIENTED_EDGE('',*,*,#7113,.T.);
#9581 = ORIENTED_EDGE('',*,*,#9538,.F.);
#9582 = ORIENTED_EDGE('',*,*,#5420,.F.);
#9583 = PLANE('',#9584);
#9584 = AXIS2_PLACEMENT_3D('',#9585,#9586,#9587);
#9585 = CARTESIAN_POINT('',(148.488787,-116.710097,8.5));
#9586 = DIRECTION('',(0.702331759797,0.711849772901,0.));
#9587 = DIRECTION('',(0.711849772901,-0.702331759797,0.));
#9588 = ADVANCED_FACE('',(#9589),#9600,.F.);
#9589 = FACE_BOUND('',#9590,.T.);
#9590 = EDGE_LOOP('',(#9591,#9597,#9598,#9599));
#9591 = ORIENTED_EDGE('',*,*,#9592,.T.);
#9592 = EDGE_CURVE('',#5376,#7069,#9593,.T.);
#9593 = LINE('',#9594,#9595);
#9594 = CARTESIAN_POINT('',(139.807699,-112.545673,8.5));
#9595 = VECTOR('',#9596,1.);
#9596 = DIRECTION('',(0.,0.,1.));
#9597 = ORIENTED_EDGE('',*,*,#7068,.T.);
#9598 = ORIENTED_EDGE('',*,*,#9560,.F.);
#9599 = ORIENTED_EDGE('',*,*,#5375,.F.);
#9600 = CYLINDRICAL_SURFACE('',#9601,4.999931);
#9601 = AXIS2_PLACEMENT_3D('',#9602,#9603,#9604);
#9602 = CARTESIAN_POINT('',(134.80816041736,-112.6083145633,8.5));
#9603 = DIRECTION('',(-0.,-0.,-1.));
#9604 = DIRECTION('',(1.,0.,0.));
#9605 = ADVANCED_FACE('',(#9606),#9617,.F.);
#9606 = FACE_BOUND('',#9607,.T.);
#9607 = EDGE_LOOP('',(#9608,#9609,#9610,#9616));
#9608 = ORIENTED_EDGE('',*,*,#9575,.T.);
#9609 = ORIENTED_EDGE('',*,*,#7104,.T.);
#9610 = ORIENTED_EDGE('',*,*,#9611,.F.);
#9611 = EDGE_CURVE('',#5403,#7096,#9612,.T.);
#9612 = LINE('',#9613,#9614);
#9613 = CARTESIAN_POINT('',(143.615509,-115.438509,8.5));
#9614 = VECTOR('',#9615,1.);
#9615 = DIRECTION('',(0.,0.,1.));
#9616 = ORIENTED_EDGE('',*,*,#5411,.F.);
#9617 = CYLINDRICAL_SURFACE('',#9618,5.);
#9618 = AXIS2_PLACEMENT_3D('',#9619,#9620,#9621);
#9619 = CARTESIAN_POINT('',(144.96155833788,-120.2539166857,8.5));
#9620 = DIRECTION('',(-0.,-0.,-1.));
#9621 = DIRECTION('',(1.,0.,0.));
#9622 = ADVANCED_FACE('',(#9623),#9634,.F.);
#9623 = FACE_BOUND('',#9624,.F.);
#9624 = EDGE_LOOP('',(#9625,#9626,#9627,#9633));
#9625 = ORIENTED_EDGE('',*,*,#9592,.T.);
#9626 = ORIENTED_EDGE('',*,*,#7077,.T.);
#9627 = ORIENTED_EDGE('',*,*,#9628,.F.);
#9628 = EDGE_CURVE('',#5385,#7078,#9629,.T.);
#9629 = LINE('',#9630,#9631);
#9630 = CARTESIAN_POINT('',(139.807698,-112.548516,8.5));
#9631 = VECTOR('',#9632,1.);
#9632 = DIRECTION('',(0.,0.,1.));
#9633 = ORIENTED_EDGE('',*,*,#5384,.F.);
#9634 = SURFACE_OF_LINEAR_EXTRUSION('',#9635,#9640);
#9635 = B_SPLINE_CURVE_WITH_KNOTS('',3,(#9636,#9637,#9638,#9639),
  .UNSPECIFIED.,.F.,.F.,(4,4),(0.,1.),.PIECEWISE_BEZIER_KNOTS.);
#9636 = CARTESIAN_POINT('',(139.807699,-112.545673,8.5));
#9637 = CARTESIAN_POINT('',(139.807698,-112.546621,8.5));
#9638 = CARTESIAN_POINT('',(139.807698,-112.547568,8.5));
#9639 = CARTESIAN_POINT('',(139.807698,-112.548516,8.5));
#9640 = VECTOR('',#9641,1.);
#9641 = DIRECTION('',(-0.,-0.,-1.));
#9642 = ADVANCED_FACE('',(#9643),#9654,.F.);
#9643 = FACE_BOUND('',#9644,.F.);
#9644 = EDGE_LOOP('',(#9645,#9651,#9652,#9653));
#9645 = ORIENTED_EDGE('',*,*,#9646,.T.);
#9646 = EDGE_CURVE('',#5394,#7087,#9647,.T.);
#9647 = LINE('',#9648,#9649);
#9648 = CARTESIAN_POINT('',(142.807698,-115.548516,8.5));
#9649 = VECTOR('',#9650,1.);
#9650 = DIRECTION('',(0.,0.,1.));
#9651 = ORIENTED_EDGE('',*,*,#7095,.T.);
#9652 = ORIENTED_EDGE('',*,*,#9611,.F.);
#9653 = ORIENTED_EDGE('',*,*,#5402,.F.);
#9654 = SURFACE_OF_LINEAR_EXTRUSION('',#9655,#9660);
#9655 = B_SPLINE_CURVE_WITH_KNOTS('',3,(#9656,#9657,#9658,#9659),
  .UNSPECIFIED.,.F.,.F.,(4,4),(0.,1.),.PIECEWISE_BEZIER_KNOTS.);
#9656 = CARTESIAN_POINT('',(142.807698,-115.548516,8.5));
#9657 = CARTESIAN_POINT('',(143.087577,-115.548516,8.5));
#9658 = CARTESIAN_POINT('',(143.358505,-115.51019,8.5));
#9659 = CARTESIAN_POINT('',(143.615509,-115.438509,8.5));
#9660 = VECTOR('',#9661,1.);
#9661 = DIRECTION('',(-0.,-0.,-1.));
#9662 = ADVANCED_FACE('',(#9663),#9669,.T.);
#9663 = FACE_BOUND('',#9664,.F.);
#9664 = EDGE_LOOP('',(#9665,#9666,#9667,#9668));
#9665 = ORIENTED_EDGE('',*,*,#9628,.T.);
#9666 = ORIENTED_EDGE('',*,*,#7086,.T.);
#9667 = ORIENTED_EDGE('',*,*,#9646,.F.);
#9668 = ORIENTED_EDGE('',*,*,#5393,.F.);
#9669 = CYLINDRICAL_SURFACE('',#9670,3.);
#9670 = AXIS2_PLACEMENT_3D('',#9671,#9672,#9673);
#9671 = CARTESIAN_POINT('',(142.807698,-112.548516,8.5));
#9672 = DIRECTION('',(-0.,-0.,-1.));
#9673 = DIRECTION('',(1.,0.,0.));
#9674 = ADVANCED_FACE('',(#9675),#9686,.F.);
#9675 = FACE_BOUND('',#9676,.T.);
#9676 = EDGE_LOOP('',(#9677,#9678,#9684,#9685));
#9677 = ORIENTED_EDGE('',*,*,#5695,.F.);
#9678 = ORIENTED_EDGE('',*,*,#9679,.T.);
#9679 = EDGE_CURVE('',#5696,#7389,#9680,.T.);
#9680 = LINE('',#9681,#9682);
#9681 = CARTESIAN_POINT('',(42.087843,-92.211337,8.5));
#9682 = VECTOR('',#9683,1.);
#9683 = DIRECTION('',(0.,0.,1.));
#9684 = ORIENTED_EDGE('',*,*,#7388,.F.);
#9685 = ORIENTED_EDGE('',*,*,#9679,.F.);
#9686 = CYLINDRICAL_SURFACE('',#9687,1.6);
#9687 = AXIS2_PLACEMENT_3D('',#9688,#9689,#9690);
#9688 = CARTESIAN_POINT('',(40.487843,-92.211337,8.5));
#9689 = DIRECTION('',(-0.,-0.,-1.));
#9690 = DIRECTION('',(1.,0.,0.));
#9691 = ADVANCED_FACE('',(#9692),#9708,.T.);
#9692 = FACE_BOUND('',#9693,.T.);
#9693 = EDGE_LOOP('',(#9694,#9695,#9701,#9702));
#9694 = ORIENTED_EDGE('',*,*,#5706,.F.);
#9695 = ORIENTED_EDGE('',*,*,#9696,.T.);
#9696 = EDGE_CURVE('',#5707,#7410,#9697,.T.);
#9697 = LINE('',#9698,#9699);
#9698 = CARTESIAN_POINT('',(82.446271,-97.360454,8.5));
#9699 = VECTOR('',#9700,1.);
#9700 = DIRECTION('',(0.,0.,1.));
#9701 = ORIENTED_EDGE('',*,*,#7409,.F.);
#9702 = ORIENTED_EDGE('',*,*,#9703,.F.);
#9703 = EDGE_CURVE('',#5709,#7402,#9704,.T.);
#9704 = LINE('',#9705,#9706);
#9705 = CARTESIAN_POINT('',(79.640404,-81.608403,8.5));
#9706 = VECTOR('',#9707,1.);
#9707 = DIRECTION('',(0.,0.,1.));
#9708 = PLANE('',#9709);
#9709 = AXIS2_PLACEMENT_3D('',#9710,#9711,#9712);
#9710 = CARTESIAN_POINT('',(82.446271,-97.360454,8.5));
#9711 = DIRECTION('',(-0.984503186869,-0.175366687388,0.));
#9712 = DIRECTION('',(-0.175366687388,0.984503186869,0.));
#9713 = ADVANCED_FACE('',(#9714),#9725,.T.);
#9714 = FACE_BOUND('',#9715,.T.);
#9715 = EDGE_LOOP('',(#9716,#9717,#9723,#9724));
#9716 = ORIENTED_EDGE('',*,*,#5716,.F.);
#9717 = ORIENTED_EDGE('',*,*,#9718,.T.);
#9718 = EDGE_CURVE('',#5717,#7418,#9719,.T.);
#9719 = LINE('',#9720,#9721);
#9720 = CARTESIAN_POINT('',(48.973163,-103.322923,8.5));
#9721 = VECTOR('',#9722,1.);
#9722 = DIRECTION('',(0.,0.,1.));
#9723 = ORIENTED_EDGE('',*,*,#7417,.F.);
#9724 = ORIENTED_EDGE('',*,*,#9696,.F.);
#9725 = PLANE('',#9726);
#9726 = AXIS2_PLACEMENT_3D('',#9727,#9728,#9729);
#9727 = CARTESIAN_POINT('',(48.973163,-103.322923,8.5));
#9728 = DIRECTION('',(-0.175366735616,0.984503178278,0.));
#9729 = DIRECTION('',(0.984503178278,0.175366735616,0.));
#9730 = ADVANCED_FACE('',(#9731),#9742,.T.);
#9731 = FACE_BOUND('',#9732,.T.);
#9732 = EDGE_LOOP('',(#9733,#9734,#9735,#9736));
#9733 = ORIENTED_EDGE('',*,*,#5732,.F.);
#9734 = ORIENTED_EDGE('',*,*,#9703,.T.);
#9735 = ORIENTED_EDGE('',*,*,#7399,.F.);
#9736 = ORIENTED_EDGE('',*,*,#9737,.F.);
#9737 = EDGE_CURVE('',#5725,#7400,#9738,.T.);
#9738 = LINE('',#9739,#9740);
#9739 = CARTESIAN_POINT('',(46.167296,-87.570872,8.5));
#9740 = VECTOR('',#9741,1.);
#9741 = DIRECTION('',(0.,0.,1.));
#9742 = PLANE('',#9743);
#9743 = AXIS2_PLACEMENT_3D('',#9744,#9745,#9746);
#9744 = CARTESIAN_POINT('',(79.640404,-81.608403,8.5));
#9745 = DIRECTION('',(0.175366735616,-0.984503178278,0.));
#9746 = DIRECTION('',(-0.984503178278,-0.175366735616,0.));
#9747 = ADVANCED_FACE('',(#9748),#9754,.T.);
#9748 = FACE_BOUND('',#9749,.T.);
#9749 = EDGE_LOOP('',(#9750,#9751,#9752,#9753));
#9750 = ORIENTED_EDGE('',*,*,#5724,.F.);
#9751 = ORIENTED_EDGE('',*,*,#9737,.T.);
#9752 = ORIENTED_EDGE('',*,*,#7425,.F.);
#9753 = ORIENTED_EDGE('',*,*,#9718,.F.);
#9754 = PLANE('',#9755);
#9755 = AXIS2_PLACEMENT_3D('',#9756,#9757,#9758);
#9756 = CARTESIAN_POINT('',(46.167296,-87.570872,8.5));
#9757 = DIRECTION('',(0.984503186869,0.175366687388,0.));
#9758 = DIRECTION('',(0.175366687388,-0.984503186869,0.));
#9759 = ADVANCED_FACE('',(#9760),#9771,.F.);
#9760 = FACE_BOUND('',#9761,.T.);
#9761 = EDGE_LOOP('',(#9762,#9763,#9769,#9770));
#9762 = ORIENTED_EDGE('',*,*,#5740,.F.);
#9763 = ORIENTED_EDGE('',*,*,#9764,.T.);
#9764 = EDGE_CURVE('',#5741,#7434,#9765,.T.);
#9765 = LINE('',#9766,#9767);
#9766 = CARTESIAN_POINT('',(88.92261,-94.82474,8.5));
#9767 = VECTOR('',#9768,1.);
#9768 = DIRECTION('',(0.,0.,1.));
#9769 = ORIENTED_EDGE('',*,*,#7433,.F.);
#9770 = ORIENTED_EDGE('',*,*,#9764,.F.);
#9771 = CYLINDRICAL_SURFACE('',#9772,1.6);
#9772 = AXIS2_PLACEMENT_3D('',#9773,#9774,#9775);
#9773 = CARTESIAN_POINT('',(87.32261,-94.82474,8.5));
#9774 = DIRECTION('',(-0.,-0.,-1.));
#9775 = DIRECTION('',(1.,0.,0.));
#9776 = ADVANCED_FACE('',(#9777),#9793,.F.);
#9777 = FACE_BOUND('',#9778,.F.);
#9778 = EDGE_LOOP('',(#9779,#9780,#9786,#9787));
#9779 = ORIENTED_EDGE('',*,*,#5751,.F.);
#9780 = ORIENTED_EDGE('',*,*,#9781,.T.);
#9781 = EDGE_CURVE('',#5752,#7463,#9782,.T.);
#9782 = LINE('',#9783,#9784);
#9783 = CARTESIAN_POINT('',(41.576163,-71.174026,8.5));
#9784 = VECTOR('',#9785,1.);
#9785 = DIRECTION('',(0.,0.,1.));
#9786 = ORIENTED_EDGE('',*,*,#7470,.F.);
#9787 = ORIENTED_EDGE('',*,*,#9788,.F.);
#9788 = EDGE_CURVE('',#5754,#7447,#9789,.T.);
#9789 = LINE('',#9790,#9791);
#9790 = CARTESIAN_POINT('',(44.016225,-84.954242,8.5));
#9791 = VECTOR('',#9792,1.);
#9792 = DIRECTION('',(0.,0.,1.));
#9793 = PLANE('',#9794);
#9794 = AXIS2_PLACEMENT_3D('',#9795,#9796,#9797);
#9795 = CARTESIAN_POINT('',(41.576163,-71.174026,8.5));
#9796 = DIRECTION('',(0.984682390304,0.174357650319,0.));
#9797 = DIRECTION('',(0.174357650319,-0.984682390304,0.));
#9798 = ADVANCED_FACE('',(#9799),#9810,.F.);
#9799 = FACE_BOUND('',#9800,.F.);
#9800 = EDGE_LOOP('',(#9801,#9802,#9808,#9809));
#9801 = ORIENTED_EDGE('',*,*,#5777,.F.);
#9802 = ORIENTED_EDGE('',*,*,#9803,.T.);
#9803 = EDGE_CURVE('',#5770,#7455,#9804,.T.);
#9804 = LINE('',#9805,#9806);
#9805 = CARTESIAN_POINT('',(27.79581,-73.604064,8.5));
#9806 = VECTOR('',#9807,1.);
#9807 = DIRECTION('',(0.,0.,1.));
#9808 = ORIENTED_EDGE('',*,*,#7462,.F.);
#9809 = ORIENTED_EDGE('',*,*,#9781,.F.);
#9810 = PLANE('',#9811);
#9811 = AXIS2_PLACEMENT_3D('',#9812,#9813,#9814);
#9812 = CARTESIAN_POINT('',(27.79581,-73.604064,8.5));
#9813 = DIRECTION('',(-0.173661343859,0.984805431367,0.));
#9814 = DIRECTION('',(0.984805431367,0.173661343859,0.));
#9815 = ADVANCED_FACE('',(#9816),#9827,.F.);
#9816 = FACE_BOUND('',#9817,.F.);
#9817 = EDGE_LOOP('',(#9818,#9819,#9820,#9821));
#9818 = ORIENTED_EDGE('',*,*,#5761,.F.);
#9819 = ORIENTED_EDGE('',*,*,#9788,.T.);
#9820 = ORIENTED_EDGE('',*,*,#7444,.F.);
#9821 = ORIENTED_EDGE('',*,*,#9822,.F.);
#9822 = EDGE_CURVE('',#5762,#7445,#9823,.T.);
#9823 = LINE('',#9824,#9825);
#9824 = CARTESIAN_POINT('',(30.225872,-87.39428,8.5));
#9825 = VECTOR('',#9826,1.);
#9826 = DIRECTION('',(0.,0.,1.));
#9827 = PLANE('',#9828);
#9828 = AXIS2_PLACEMENT_3D('',#9829,#9830,#9831);
#9829 = CARTESIAN_POINT('',(44.016225,-84.954242,8.5));
#9830 = DIRECTION('',(0.174231714131,-0.984704681512,0.));
#9831 = DIRECTION('',(-0.984704681512,-0.174231714131,0.));
#9832 = ADVANCED_FACE('',(#9833),#9839,.F.);
#9833 = FACE_BOUND('',#9834,.F.);
#9834 = EDGE_LOOP('',(#9835,#9836,#9837,#9838));
#9835 = ORIENTED_EDGE('',*,*,#5769,.F.);
#9836 = ORIENTED_EDGE('',*,*,#9822,.T.);
#9837 = ORIENTED_EDGE('',*,*,#7454,.F.);
#9838 = ORIENTED_EDGE('',*,*,#9803,.F.);
#9839 = PLANE('',#9840);
#9840 = AXIS2_PLACEMENT_3D('',#9841,#9842,#9843);
#9841 = CARTESIAN_POINT('',(30.225872,-87.39428,8.5));
#9842 = DIRECTION('',(-0.984826373494,-0.173542542541,0.));
#9843 = DIRECTION('',(-0.173542542541,0.984826373494,0.));
#9844 = ADVANCED_FACE('',(#9845),#9861,.F.);
#9845 = FACE_BOUND('',#9846,.F.);
#9846 = EDGE_LOOP('',(#9847,#9848,#9854,#9855));
#9847 = ORIENTED_EDGE('',*,*,#5785,.F.);
#9848 = ORIENTED_EDGE('',*,*,#9849,.T.);
#9849 = EDGE_CURVE('',#5786,#7497,#9850,.T.);
#9850 = LINE('',#9851,#9852);
#9851 = CARTESIAN_POINT('',(60.296643,-67.873974,8.5));
#9852 = VECTOR('',#9853,1.);
#9853 = DIRECTION('',(0.,0.,1.));
#9854 = ORIENTED_EDGE('',*,*,#7504,.F.);
#9855 = ORIENTED_EDGE('',*,*,#9856,.F.);
#9856 = EDGE_CURVE('',#5788,#7481,#9857,.T.);
#9857 = LINE('',#9858,#9859);
#9858 = CARTESIAN_POINT('',(62.726705,-81.66419,8.5));
#9859 = VECTOR('',#9860,1.);
#9860 = DIRECTION('',(0.,0.,1.));
#9861 = PLANE('',#9862);
#9862 = AXIS2_PLACEMENT_3D('',#9863,#9864,#9865);
#9863 = CARTESIAN_POINT('',(60.296643,-67.873974,8.5));
#9864 = DIRECTION('',(0.984826373494,0.173542542541,0.));
#9865 = DIRECTION('',(0.173542542541,-0.984826373494,0.));
#9866 = ADVANCED_FACE('',(#9867),#9878,.F.);
#9867 = FACE_BOUND('',#9868,.F.);
#9868 = EDGE_LOOP('',(#9869,#9870,#9876,#9877));
#9869 = ORIENTED_EDGE('',*,*,#5811,.F.);
#9870 = ORIENTED_EDGE('',*,*,#9871,.T.);
#9871 = EDGE_CURVE('',#5804,#7489,#9872,.T.);
#9872 = LINE('',#9873,#9874);
#9873 = CARTESIAN_POINT('',(46.506289,-70.304012,8.5));
#9874 = VECTOR('',#9875,1.);
#9875 = DIRECTION('',(0.,0.,1.));
#9876 = ORIENTED_EDGE('',*,*,#7496,.F.);
#9877 = ORIENTED_EDGE('',*,*,#9849,.F.);
#9878 = PLANE('',#9879);
#9879 = AXIS2_PLACEMENT_3D('',#9880,#9881,#9882);
#9880 = CARTESIAN_POINT('',(46.506289,-70.304012,8.5));
#9881 = DIRECTION('',(-0.17353919588,0.984826963224,0.));
#9882 = DIRECTION('',(0.984826963224,0.17353919588,0.));
#9883 = ADVANCED_FACE('',(#9884),#9895,.F.);
#9884 = FACE_BOUND('',#9885,.F.);
#9885 = EDGE_LOOP('',(#9886,#9887,#9888,#9889));
#9886 = ORIENTED_EDGE('',*,*,#5795,.F.);
#9887 = ORIENTED_EDGE('',*,*,#9856,.T.);
#9888 = ORIENTED_EDGE('',*,*,#7478,.F.);
#9889 = ORIENTED_EDGE('',*,*,#9890,.F.);
#9890 = EDGE_CURVE('',#5796,#7479,#9891,.T.);
#9891 = LINE('',#9892,#9893);
#9892 = CARTESIAN_POINT('',(48.936351,-84.094229,8.5));
#9893 = VECTOR('',#9894,1.);
#9894 = DIRECTION('',(0.,0.,1.));
#9895 = PLANE('',#9896);
#9896 = AXIS2_PLACEMENT_3D('',#9897,#9898,#9899);
#9897 = CARTESIAN_POINT('',(62.726705,-81.66419,8.5));
#9898 = DIRECTION('',(0.173539265143,-0.984826951019,0.));
#9899 = DIRECTION('',(-0.984826951019,-0.173539265143,0.));
#9900 = ADVANCED_FACE('',(#9901),#9907,.F.);
#9901 = FACE_BOUND('',#9902,.F.);
#9902 = EDGE_LOOP('',(#9903,#9904,#9905,#9906));
#9903 = ORIENTED_EDGE('',*,*,#5803,.F.);
#9904 = ORIENTED_EDGE('',*,*,#9890,.T.);
#9905 = ORIENTED_EDGE('',*,*,#7488,.F.);
#9906 = ORIENTED_EDGE('',*,*,#9871,.F.);
#9907 = PLANE('',#9908);
#9908 = AXIS2_PLACEMENT_3D('',#9909,#9910,#9911);
#9909 = CARTESIAN_POINT('',(48.936351,-84.094229,8.5));
#9910 = DIRECTION('',(-0.984826375644,-0.173542530335,0.));
#9911 = DIRECTION('',(-0.173542530335,0.984826375644,0.));
#9912 = ADVANCED_FACE('',(#9913),#9924,.F.);
#9913 = FACE_BOUND('',#9914,.T.);
#9914 = EDGE_LOOP('',(#9915,#9916,#9922,#9923));
#9915 = ORIENTED_EDGE('',*,*,#5819,.F.);
#9916 = ORIENTED_EDGE('',*,*,#9917,.T.);
#9917 = EDGE_CURVE('',#5820,#7513,#9918,.T.);
#9918 = LINE('',#9919,#9920);
#9919 = CARTESIAN_POINT('',(45.25,-68.23,8.5));
#9920 = VECTOR('',#9921,1.);
#9921 = DIRECTION('',(0.,0.,1.));
#9922 = ORIENTED_EDGE('',*,*,#7512,.F.);
#9923 = ORIENTED_EDGE('',*,*,#9917,.F.);
#9924 = CYLINDRICAL_SURFACE('',#9925,1.6);
#9925 = AXIS2_PLACEMENT_3D('',#9926,#9927,#9928);
#9926 = CARTESIAN_POINT('',(43.65,-68.23,8.5));
#9927 = DIRECTION('',(-0.,-0.,-1.));
#9928 = DIRECTION('',(1.,0.,0.));
#9929 = ADVANCED_FACE('',(#9930),#9946,.F.);
#9930 = FACE_BOUND('',#9931,.F.);
#9931 = EDGE_LOOP('',(#9932,#9933,#9939,#9940));
#9932 = ORIENTED_EDGE('',*,*,#5830,.F.);
#9933 = ORIENTED_EDGE('',*,*,#9934,.T.);
#9934 = EDGE_CURVE('',#5831,#7542,#9935,.T.);
#9935 = LINE('',#9936,#9937);
#9936 = CARTESIAN_POINT('',(108.407876,-79.07415,8.5));
#9937 = VECTOR('',#9938,1.);
#9938 = DIRECTION('',(0.,0.,1.));
#9939 = ORIENTED_EDGE('',*,*,#7549,.F.);
#9940 = ORIENTED_EDGE('',*,*,#9941,.F.);
#9941 = EDGE_CURVE('',#5833,#7526,#9942,.T.);
#9942 = LINE('',#9943,#9944);
#9943 = CARTESIAN_POINT('',(108.407876,-93.07437,8.5));
#9944 = VECTOR('',#9945,1.);
#9945 = DIRECTION('',(0.,0.,1.));
#9946 = PLANE('',#9947);
#9947 = AXIS2_PLACEMENT_3D('',#9948,#9949,#9950);
#9948 = CARTESIAN_POINT('',(108.407876,-79.07415,8.5));
#9949 = DIRECTION('',(1.,0.,0.));
#9950 = DIRECTION('',(0.,-1.,0.));
#9951 = ADVANCED_FACE('',(#9952),#9963,.F.);
#9952 = FACE_BOUND('',#9953,.F.);
#9953 = EDGE_LOOP('',(#9954,#9955,#9961,#9962));
#9954 = ORIENTED_EDGE('',*,*,#5856,.F.);
#9955 = ORIENTED_EDGE('',*,*,#9956,.T.);
#9956 = EDGE_CURVE('',#5849,#7534,#9957,.T.);
#9957 = LINE('',#9958,#9959);
#9958 = CARTESIAN_POINT('',(94.407517,-79.07415,8.5));
#9959 = VECTOR('',#9960,1.);
#9960 = DIRECTION('',(0.,0.,1.));
#9961 = ORIENTED_EDGE('',*,*,#7541,.F.);
#9962 = ORIENTED_EDGE('',*,*,#9934,.F.);
#9963 = PLANE('',#9964);
#9964 = AXIS2_PLACEMENT_3D('',#9965,#9966,#9967);
#9965 = CARTESIAN_POINT('',(94.407517,-79.07415,8.5));
#9966 = DIRECTION('',(0.,1.,0.));
#9967 = DIRECTION('',(1.,0.,0.));
#9968 = ADVANCED_FACE('',(#9969),#9980,.F.);
#9969 = FACE_BOUND('',#9970,.F.);
#9970 = EDGE_LOOP('',(#9971,#9972,#9973,#9974));
#9971 = ORIENTED_EDGE('',*,*,#5840,.F.);
#9972 = ORIENTED_EDGE('',*,*,#9941,.T.);
#9973 = ORIENTED_EDGE('',*,*,#7523,.F.);
#9974 = ORIENTED_EDGE('',*,*,#9975,.F.);
#9975 = EDGE_CURVE('',#5841,#7524,#9976,.T.);
#9976 = LINE('',#9977,#9978);
#9977 = CARTESIAN_POINT('',(94.407517,-93.07437,8.5));
#9978 = VECTOR('',#9979,1.);
#9979 = DIRECTION('',(0.,0.,1.));
#9980 = PLANE('',#9981);
#9981 = AXIS2_PLACEMENT_3D('',#9982,#9983,#9984);
#9982 = CARTESIAN_POINT('',(108.407876,-93.07437,8.5));
#9983 = DIRECTION('',(0.,-1.,0.));
#9984 = DIRECTION('',(-1.,0.,0.));
#9985 = ADVANCED_FACE('',(#9986),#9992,.F.);
#9986 = FACE_BOUND('',#9987,.F.);
#9987 = EDGE_LOOP('',(#9988,#9989,#9990,#9991));
#9988 = ORIENTED_EDGE('',*,*,#5848,.F.);
#9989 = ORIENTED_EDGE('',*,*,#9975,.T.);
#9990 = ORIENTED_EDGE('',*,*,#7533,.F.);
#9991 = ORIENTED_EDGE('',*,*,#9956,.F.);
#9992 = PLANE('',#9993);
#9993 = AXIS2_PLACEMENT_3D('',#9994,#9995,#9996);
#9994 = CARTESIAN_POINT('',(94.407517,-93.07437,8.5));
#9995 = DIRECTION('',(-1.,0.,0.));
#9996 = DIRECTION('',(0.,1.,0.));
#9997 = ADVANCED_FACE('',(#9998),#10014,.F.);
#9998 = FACE_BOUND('',#9999,.F.);
#9999 = EDGE_LOOP('',(#10000,#10001,#10007,#10008));
#10000 = ORIENTED_EDGE('',*,*,#5864,.F.);
#10001 = ORIENTED_EDGE('',*,*,#10002,.T.);
#10002 = EDGE_CURVE('',#5865,#7576,#10003,.T.);
#10003 = LINE('',#10004,#10005);
#10004 = CARTESIAN_POINT('',(79.577137,-61.843879,8.5));
#10005 = VECTOR('',#10006,1.);
#10006 = DIRECTION('',(0.,0.,1.));
#10007 = ORIENTED_EDGE('',*,*,#7583,.F.);
#10008 = ORIENTED_EDGE('',*,*,#10009,.F.);
#10009 = EDGE_CURVE('',#5867,#7560,#10010,.T.);
#10010 = LINE('',#10011,#10012);
#10011 = CARTESIAN_POINT('',(80.797168,-75.794098,8.5));
#10012 = VECTOR('',#10013,1.);
#10013 = DIRECTION('',(0.,0.,1.));
#10014 = PLANE('',#10015);
#10015 = AXIS2_PLACEMENT_3D('',#10016,#10017,#10018);
#10016 = CARTESIAN_POINT('',(79.577137,-61.843879,8.5));
#10017 = DIRECTION('',(0.996197518755,8.712349641276E-02,0.));
#10018 = DIRECTION('',(8.712349641276E-02,-0.996197518755,0.));
#10019 = ADVANCED_FACE('',(#10020),#10031,.F.);
#10020 = FACE_BOUND('',#10021,.F.);
#10021 = EDGE_LOOP('',(#10022,#10023,#10029,#10030));
#10022 = ORIENTED_EDGE('',*,*,#5890,.F.);
#10023 = ORIENTED_EDGE('',*,*,#10024,.T.);
#10024 = EDGE_CURVE('',#5883,#7568,#10025,.T.);
#10025 = LINE('',#10026,#10027);
#10026 = CARTESIAN_POINT('',(65.626779,-63.063898,8.5));
#10027 = VECTOR('',#10028,1.);
#10028 = DIRECTION('',(0.,0.,1.));
#10029 = ORIENTED_EDGE('',*,*,#7575,.F.);
#10030 = ORIENTED_EDGE('',*,*,#10002,.F.);
#10031 = PLANE('',#10032);
#10032 = AXIS2_PLACEMENT_3D('',#10033,#10034,#10035);
#10033 = CARTESIAN_POINT('',(65.626779,-63.063898,8.5));
#10034 = DIRECTION('',(-8.712178449399E-02,0.996197668471,0.));
#10035 = DIRECTION('',(0.996197668471,8.712178449399E-02,0.));
#10036 = ADVANCED_FACE('',(#10037),#10048,.F.);
#10037 = FACE_BOUND('',#10038,.F.);
#10038 = EDGE_LOOP('',(#10039,#10040,#10041,#10042));
#10039 = ORIENTED_EDGE('',*,*,#5874,.F.);
#10040 = ORIENTED_EDGE('',*,*,#10009,.T.);
#10041 = ORIENTED_EDGE('',*,*,#7557,.F.);
#10042 = ORIENTED_EDGE('',*,*,#10043,.F.);
#10043 = EDGE_CURVE('',#5875,#7558,#10044,.T.);
#10044 = LINE('',#10045,#10046);
#10045 = CARTESIAN_POINT('',(66.846811,-77.014117,8.5));
#10046 = VECTOR('',#10047,1.);
#10047 = DIRECTION('',(0.,0.,1.));
#10048 = PLANE('',#10049);
#10049 = AXIS2_PLACEMENT_3D('',#10050,#10051,#10052);
#10050 = CARTESIAN_POINT('',(80.797168,-75.794098,8.5));
#10051 = DIRECTION('',(8.712179069172E-02,-0.996197667929,0.));
#10052 = DIRECTION('',(-0.996197667929,-8.712179069172E-02,0.));
#10053 = ADVANCED_FACE('',(#10054),#10060,.F.);
#10054 = FACE_BOUND('',#10055,.F.);
#10055 = EDGE_LOOP('',(#10056,#10057,#10058,#10059));
#10056 = ORIENTED_EDGE('',*,*,#5882,.F.);
#10057 = ORIENTED_EDGE('',*,*,#10043,.T.);
#10058 = ORIENTED_EDGE('',*,*,#7567,.F.);
#10059 = ORIENTED_EDGE('',*,*,#10024,.F.);
#10060 = PLANE('',#10061);
#10061 = AXIS2_PLACEMENT_3D('',#10062,#10063,#10064);
#10062 = CARTESIAN_POINT('',(66.846811,-77.014117,8.5));
#10063 = DIRECTION('',(-0.996197512557,-8.71235672816E-02,0.));
#10064 = DIRECTION('',(-8.71235672816E-02,0.996197512557,0.));
#10065 = ADVANCED_FACE('',(#10066),#10077,.F.);
#10066 = FACE_BOUND('',#10067,.T.);
#10067 = EDGE_LOOP('',(#10068,#10069,#10075,#10076));
#10068 = ORIENTED_EDGE('',*,*,#5898,.F.);
#10069 = ORIENTED_EDGE('',*,*,#10070,.T.);
#10070 = EDGE_CURVE('',#5899,#7592,#10071,.T.);
#10071 = LINE('',#10072,#10073);
#10072 = CARTESIAN_POINT('',(144.407698,-112.548516,8.5));
#10073 = VECTOR('',#10074,1.);
#10074 = DIRECTION('',(0.,0.,1.));
#10075 = ORIENTED_EDGE('',*,*,#7591,.F.);
#10076 = ORIENTED_EDGE('',*,*,#10070,.F.);
#10077 = CYLINDRICAL_SURFACE('',#10078,1.6);
#10078 = AXIS2_PLACEMENT_3D('',#10079,#10080,#10081);
#10079 = CARTESIAN_POINT('',(142.807698,-112.548516,8.5));
#10080 = DIRECTION('',(-0.,-0.,-1.));
#10081 = DIRECTION('',(1.,0.,0.));
#10082 = ADVANCED_FACE('',(#10083),#10099,.F.);
#10083 = FACE_BOUND('',#10084,.F.);
#10084 = EDGE_LOOP('',(#10085,#10086,#10092,#10093));
#10085 = ORIENTED_EDGE('',*,*,#5909,.F.);
#10086 = ORIENTED_EDGE('',*,*,#10087,.T.);
#10087 = EDGE_CURVE('',#5910,#7621,#10088,.T.);
#10088 = LINE('',#10089,#10090);
#10089 = CARTESIAN_POINT('',(151.818988,-93.954383,8.5));
#10090 = VECTOR('',#10091,1.);
#10091 = DIRECTION('',(0.,0.,1.));
#10092 = ORIENTED_EDGE('',*,*,#7628,.F.);
#10093 = ORIENTED_EDGE('',*,*,#10094,.F.);
#10094 = EDGE_CURVE('',#5912,#7605,#10095,.T.);
#10095 = LINE('',#10096,#10097);
#10096 = CARTESIAN_POINT('',(144.818809,-106.074574,8.5));
#10097 = VECTOR('',#10098,1.);
#10098 = DIRECTION('',(0.,0.,1.));
#10099 = PLANE('',#10100);
#10100 = AXIS2_PLACEMENT_3D('',#10101,#10102,#10103);
#10101 = CARTESIAN_POINT('',(151.818988,-93.954383,8.5));
#10102 = DIRECTION('',(0.865945467462,-0.50013842822,0.));
#10103 = DIRECTION('',(-0.50013842822,-0.865945467462,0.));
#10104 = ADVANCED_FACE('',(#10105),#10116,.F.);
#10105 = FACE_BOUND('',#10106,.F.);
#10106 = EDGE_LOOP('',(#10107,#10108,#10114,#10115));
#10107 = ORIENTED_EDGE('',*,*,#5935,.F.);
#10108 = ORIENTED_EDGE('',*,*,#10109,.T.);
#10109 = EDGE_CURVE('',#5928,#7613,#10110,.T.);
#10110 = LINE('',#10111,#10112);
#10111 = CARTESIAN_POINT('',(139.698678,-86.954274,8.5));
#10112 = VECTOR('',#10113,1.);
#10113 = DIRECTION('',(0.,0.,1.));
#10114 = ORIENTED_EDGE('',*,*,#7620,.F.);
#10115 = ORIENTED_EDGE('',*,*,#10087,.F.);
#10116 = PLANE('',#10117);
#10117 = AXIS2_PLACEMENT_3D('',#10118,#10119,#10120);
#10118 = CARTESIAN_POINT('',(139.698678,-86.954274,8.5));
#10119 = DIRECTION('',(0.500130995776,0.865949760127,0.));
#10120 = DIRECTION('',(0.865949760127,-0.500130995776,0.));
#10121 = ADVANCED_FACE('',(#10122),#10133,.F.);
#10122 = FACE_BOUND('',#10123,.F.);
#10123 = EDGE_LOOP('',(#10124,#10125,#10126,#10127));
#10124 = ORIENTED_EDGE('',*,*,#5919,.F.);
#10125 = ORIENTED_EDGE('',*,*,#10094,.T.);
#10126 = ORIENTED_EDGE('',*,*,#7602,.F.);
#10127 = ORIENTED_EDGE('',*,*,#10128,.F.);
#10128 = EDGE_CURVE('',#5920,#7603,#10129,.T.);
#10129 = LINE('',#10130,#10131);
#10130 = CARTESIAN_POINT('',(132.698498,-99.074464,8.5));
#10131 = VECTOR('',#10132,1.);
#10132 = DIRECTION('',(0.,0.,1.));
#10133 = PLANE('',#10134);
#10134 = AXIS2_PLACEMENT_3D('',#10135,#10136,#10137);
#10135 = CARTESIAN_POINT('',(144.818809,-106.074574,8.5));
#10136 = DIRECTION('',(-0.500131018409,-0.865949747055,0.));
#10137 = DIRECTION('',(-0.865949747055,0.500131018409,0.));
#10138 = ADVANCED_FACE('',(#10139),#10145,.F.);
#10139 = FACE_BOUND('',#10140,.F.);
#10140 = EDGE_LOOP('',(#10141,#10142,#10143,#10144));
#10141 = ORIENTED_EDGE('',*,*,#5927,.F.);
#10142 = ORIENTED_EDGE('',*,*,#10128,.T.);
#10143 = ORIENTED_EDGE('',*,*,#7612,.F.);
#10144 = ORIENTED_EDGE('',*,*,#10109,.F.);
#10145 = PLANE('',#10146);
#10146 = AXIS2_PLACEMENT_3D('',#10147,#10148,#10149);
#10147 = CARTESIAN_POINT('',(132.698498,-99.074464,8.5));
#10148 = DIRECTION('',(-0.865945418647,0.500138512738,0.));
#10149 = DIRECTION('',(0.500138512738,0.865945418647,0.));
#10150 = ADVANCED_FACE('',(#10151),#10167,.F.);
#10151 = FACE_BOUND('',#10152,.F.);
#10152 = EDGE_LOOP('',(#10153,#10154,#10160,#10161));
#10153 = ORIENTED_EDGE('',*,*,#5943,.F.);
#10154 = ORIENTED_EDGE('',*,*,#10155,.T.);
#10155 = EDGE_CURVE('',#5944,#7655,#10156,.T.);
#10156 = LINE('',#10157,#10158);
#10157 = CARTESIAN_POINT('',(168.959428,-109.304624,8.5));
#10158 = VECTOR('',#10159,1.);
#10159 = DIRECTION('',(0.,0.,1.));
#10160 = ORIENTED_EDGE('',*,*,#7662,.F.);
#10161 = ORIENTED_EDGE('',*,*,#10162,.F.);
#10162 = EDGE_CURVE('',#5946,#7639,#10163,.T.);
#10163 = LINE('',#10164,#10165);
#10164 = CARTESIAN_POINT('',(159.059174,-119.20478,8.5));
#10165 = VECTOR('',#10166,1.);
#10166 = DIRECTION('',(0.,0.,1.));
#10167 = PLANE('',#10168);
#10168 = AXIS2_PLACEMENT_3D('',#10169,#10170,#10171);
#10169 = CARTESIAN_POINT('',(168.959428,-109.304624,8.5));
#10170 = DIRECTION('',(0.707103281429,-0.707110280927,0.));
#10171 = DIRECTION('',(-0.707110280927,-0.707103281429,0.));
#10172 = ADVANCED_FACE('',(#10173),#10184,.F.);
#10173 = FACE_BOUND('',#10174,.F.);
#10174 = EDGE_LOOP('',(#10175,#10176,#10182,#10183));
#10175 = ORIENTED_EDGE('',*,*,#5969,.F.);
#10176 = ORIENTED_EDGE('',*,*,#10177,.T.);
#10177 = EDGE_CURVE('',#5962,#7647,#10178,.T.);
#10178 = LINE('',#10179,#10180);
#10179 = CARTESIAN_POINT('',(159.059174,-99.404469,8.5));
#10180 = VECTOR('',#10181,1.);
#10181 = DIRECTION('',(0.,0.,1.));
#10182 = ORIENTED_EDGE('',*,*,#7654,.F.);
#10183 = ORIENTED_EDGE('',*,*,#10155,.F.);
#10184 = PLANE('',#10185);
#10185 = AXIS2_PLACEMENT_3D('',#10186,#10187,#10188);
#10186 = CARTESIAN_POINT('',(159.059174,-99.404469,8.5));
#10187 = DIRECTION('',(0.707103245717,0.707110316639,0.));
#10188 = DIRECTION('',(0.707110316639,-0.707103245717,0.));
#10189 = ADVANCED_FACE('',(#10190),#10201,.F.);
#10190 = FACE_BOUND('',#10191,.F.);
#10191 = EDGE_LOOP('',(#10192,#10193,#10194,#10195));
#10192 = ORIENTED_EDGE('',*,*,#5953,.F.);
#10193 = ORIENTED_EDGE('',*,*,#10162,.T.);
#10194 = ORIENTED_EDGE('',*,*,#7636,.F.);
#10195 = ORIENTED_EDGE('',*,*,#10196,.F.);
#10196 = EDGE_CURVE('',#5954,#7637,#10197,.T.);
#10197 = LINE('',#10198,#10199);
#10198 = CARTESIAN_POINT('',(149.15892,-109.304624,8.5));
#10199 = VECTOR('',#10200,1.);
#10200 = DIRECTION('',(0.,0.,1.));
#10201 = PLANE('',#10202);
#10202 = AXIS2_PLACEMENT_3D('',#10203,#10204,#10205);
#10203 = CARTESIAN_POINT('',(159.059174,-119.20478,8.5));
#10204 = DIRECTION('',(-0.707103281429,-0.707110280927,0.));
#10205 = DIRECTION('',(-0.707110280927,0.707103281429,0.));
#10206 = ADVANCED_FACE('',(#10207),#10213,.F.);
#10207 = FACE_BOUND('',#10208,.F.);
#10208 = EDGE_LOOP('',(#10209,#10210,#10211,#10212));
#10209 = ORIENTED_EDGE('',*,*,#5961,.F.);
#10210 = ORIENTED_EDGE('',*,*,#10196,.T.);
#10211 = ORIENTED_EDGE('',*,*,#7646,.F.);
#10212 = ORIENTED_EDGE('',*,*,#10177,.F.);
#10213 = PLANE('',#10214);
#10214 = AXIS2_PLACEMENT_3D('',#10215,#10216,#10217);
#10215 = CARTESIAN_POINT('',(149.15892,-109.304624,8.5));
#10216 = DIRECTION('',(-0.707103245717,0.707110316639,0.));
#10217 = DIRECTION('',(0.707110316639,0.707103245717,0.));
#10218 = ADVANCED_FACE('',(#10219),#10230,.F.);
#10219 = FACE_BOUND('',#10220,.T.);
#10220 = EDGE_LOOP('',(#10221,#10222,#10228,#10229));
#10221 = ORIENTED_EDGE('',*,*,#5977,.F.);
#10222 = ORIENTED_EDGE('',*,*,#10223,.T.);
#10223 = EDGE_CURVE('',#5978,#7671,#10224,.T.);
#10224 = LINE('',#10225,#10226);
#10225 = CARTESIAN_POINT('',(159.45,-94.03,8.5));
#10226 = VECTOR('',#10227,1.);
#10227 = DIRECTION('',(0.,0.,1.));
#10228 = ORIENTED_EDGE('',*,*,#7670,.F.);
#10229 = ORIENTED_EDGE('',*,*,#10223,.F.);
#10230 = CYLINDRICAL_SURFACE('',#10231,1.6);
#10231 = AXIS2_PLACEMENT_3D('',#10232,#10233,#10234);
#10232 = CARTESIAN_POINT('',(157.85,-94.03,8.5));
#10233 = DIRECTION('',(-0.,-0.,-1.));
#10234 = DIRECTION('',(1.,0.,0.));
#10235 = ADVANCED_FACE('',(#10236),#10247,.F.);
#10236 = FACE_BOUND('',#10237,.T.);
#10237 = EDGE_LOOP('',(#10238,#10239,#10245,#10246));
#10238 = ORIENTED_EDGE('',*,*,#5988,.F.);
#10239 = ORIENTED_EDGE('',*,*,#10240,.T.);
#10240 = EDGE_CURVE('',#5989,#7682,#10241,.T.);
#10241 = LINE('',#10242,#10243);
#10242 = CARTESIAN_POINT('',(189.731757,-99.333538,8.5));
#10243 = VECTOR('',#10244,1.);
#10244 = DIRECTION('',(0.,0.,1.));
#10245 = ORIENTED_EDGE('',*,*,#7681,.F.);
#10246 = ORIENTED_EDGE('',*,*,#10240,.F.);
#10247 = CYLINDRICAL_SURFACE('',#10248,1.6);
#10248 = AXIS2_PLACEMENT_3D('',#10249,#10250,#10251);
#10249 = CARTESIAN_POINT('',(188.131757,-99.333538,8.5));
#10250 = DIRECTION('',(-0.,-0.,-1.));
#10251 = DIRECTION('',(1.,0.,0.));
#10252 = ADVANCED_FACE('',(#10253),#10269,.F.);
#10253 = FACE_BOUND('',#10254,.F.);
#10254 = EDGE_LOOP('',(#10255,#10256,#10262,#10263));
#10255 = ORIENTED_EDGE('',*,*,#5999,.F.);
#10256 = ORIENTED_EDGE('',*,*,#10257,.T.);
#10257 = EDGE_CURVE('',#6000,#7711,#10258,.T.);
#10258 = LINE('',#10259,#10260);
#10259 = CARTESIAN_POINT('',(182.609778,-95.714411,8.5));
#10260 = VECTOR('',#10261,1.);
#10261 = DIRECTION('',(0.,0.,1.));
#10262 = ORIENTED_EDGE('',*,*,#7718,.F.);
#10263 = ORIENTED_EDGE('',*,*,#10264,.F.);
#10264 = EDGE_CURVE('',#6002,#7695,#10265,.T.);
#10265 = LINE('',#10266,#10267);
#10266 = CARTESIAN_POINT('',(172.709524,-105.614566,8.5));
#10267 = VECTOR('',#10268,1.);
#10268 = DIRECTION('',(0.,0.,1.));
#10269 = PLANE('',#10270);
#10270 = AXIS2_PLACEMENT_3D('',#10271,#10272,#10273);
#10271 = CARTESIAN_POINT('',(182.609778,-95.714411,8.5));
#10272 = DIRECTION('',(0.707103245717,-0.707110316639,0.));
#10273 = DIRECTION('',(-0.707110316639,-0.707103245717,0.));
#10274 = ADVANCED_FACE('',(#10275),#10286,.F.);
#10275 = FACE_BOUND('',#10276,.F.);
#10276 = EDGE_LOOP('',(#10277,#10278,#10284,#10285));
#10277 = ORIENTED_EDGE('',*,*,#6025,.F.);
#10278 = ORIENTED_EDGE('',*,*,#10279,.T.);
#10279 = EDGE_CURVE('',#6018,#7703,#10280,.T.);
#10280 = LINE('',#10281,#10282);
#10281 = CARTESIAN_POINT('',(172.709524,-85.814256,8.5));
#10282 = VECTOR('',#10283,1.);
#10283 = DIRECTION('',(0.,0.,1.));
#10284 = ORIENTED_EDGE('',*,*,#7710,.F.);
#10285 = ORIENTED_EDGE('',*,*,#10257,.F.);
#10286 = PLANE('',#10287);
#10287 = AXIS2_PLACEMENT_3D('',#10288,#10289,#10290);
#10288 = CARTESIAN_POINT('',(172.709524,-85.814256,8.5));
#10289 = DIRECTION('',(0.707103245717,0.707110316639,0.));
#10290 = DIRECTION('',(0.707110316639,-0.707103245717,0.));
#10291 = ADVANCED_FACE('',(#10292),#10303,.F.);
#10292 = FACE_BOUND('',#10293,.F.);
#10293 = EDGE_LOOP('',(#10294,#10295,#10296,#10297));
#10294 = ORIENTED_EDGE('',*,*,#6009,.F.);
#10295 = ORIENTED_EDGE('',*,*,#10264,.T.);
#10296 = ORIENTED_EDGE('',*,*,#7692,.F.);
#10297 = ORIENTED_EDGE('',*,*,#10298,.F.);
#10298 = EDGE_CURVE('',#6010,#7693,#10299,.T.);
#10299 = LINE('',#10300,#10301);
#10300 = CARTESIAN_POINT('',(162.80927,-95.714411,8.5));
#10301 = VECTOR('',#10302,1.);
#10302 = DIRECTION('',(0.,0.,1.));
#10303 = PLANE('',#10304);
#10304 = AXIS2_PLACEMENT_3D('',#10305,#10306,#10307);
#10305 = CARTESIAN_POINT('',(172.709524,-105.614566,8.5));
#10306 = DIRECTION('',(-0.707103245717,-0.707110316639,0.));
#10307 = DIRECTION('',(-0.707110316639,0.707103245717,0.));
#10308 = ADVANCED_FACE('',(#10309),#10315,.F.);
#10309 = FACE_BOUND('',#10310,.F.);
#10310 = EDGE_LOOP('',(#10311,#10312,#10313,#10314));
#10311 = ORIENTED_EDGE('',*,*,#6017,.F.);
#10312 = ORIENTED_EDGE('',*,*,#10298,.T.);
#10313 = ORIENTED_EDGE('',*,*,#7702,.F.);
#10314 = ORIENTED_EDGE('',*,*,#10279,.F.);
#10315 = PLANE('',#10316);
#10316 = AXIS2_PLACEMENT_3D('',#10317,#10318,#10319);
#10317 = CARTESIAN_POINT('',(162.80927,-95.714411,8.5));
#10318 = DIRECTION('',(-0.707103245717,0.707110316639,0.));
#10319 = DIRECTION('',(0.707110316639,0.707103245717,0.));
#10320 = ADVANCED_FACE('',(#10321),#10337,.F.);
#10321 = FACE_BOUND('',#10322,.F.);
#10322 = EDGE_LOOP('',(#10323,#10324,#10330,#10331));
#10323 = ORIENTED_EDGE('',*,*,#6033,.F.);
#10324 = ORIENTED_EDGE('',*,*,#10325,.T.);
#10325 = EDGE_CURVE('',#6034,#7745,#10326,.T.);
#10326 = LINE('',#10327,#10328);
#10327 = CARTESIAN_POINT('',(130.978454,-83.874225,8.5));
#10328 = VECTOR('',#10329,1.);
#10329 = DIRECTION('',(0.,0.,1.));
#10330 = ORIENTED_EDGE('',*,*,#7752,.F.);
#10331 = ORIENTED_EDGE('',*,*,#10332,.F.);
#10332 = EDGE_CURVE('',#6036,#7729,#10333,.T.);
#10333 = LINE('',#10334,#10335);
#10334 = CARTESIAN_POINT('',(127.358361,-97.394437,8.5));
#10335 = VECTOR('',#10336,1.);
#10336 = DIRECTION('',(0.,0.,1.));
#10337 = PLANE('',#10338);
#10338 = AXIS2_PLACEMENT_3D('',#10339,#10340,#10341);
#10339 = CARTESIAN_POINT('',(130.978454,-83.874225,8.5));
#10340 = DIRECTION('',(0.965972909433,-0.258643264442,0.));
#10341 = DIRECTION('',(-0.258643264442,-0.965972909433,0.));
#10342 = ADVANCED_FACE('',(#10343),#10354,.F.);
#10343 = FACE_BOUND('',#10344,.F.);
#10344 = EDGE_LOOP('',(#10345,#10346,#10352,#10353));
#10345 = ORIENTED_EDGE('',*,*,#6059,.F.);
#10346 = ORIENTED_EDGE('',*,*,#10347,.T.);
#10347 = EDGE_CURVE('',#6052,#7737,#10348,.T.);
#10348 = LINE('',#10349,#10350);
#10349 = CARTESIAN_POINT('',(117.458108,-80.254168,8.5));
#10350 = VECTOR('',#10351,1.);
#10351 = DIRECTION('',(0.,0.,1.));
#10352 = ORIENTED_EDGE('',*,*,#7744,.F.);
#10353 = ORIENTED_EDGE('',*,*,#10325,.F.);
#10354 = PLANE('',#10355);
#10355 = AXIS2_PLACEMENT_3D('',#10356,#10357,#10358);
#10356 = CARTESIAN_POINT('',(117.458108,-80.254168,8.5));
#10357 = DIRECTION('',(0.258638472514,0.965974192479,0.));
#10358 = DIRECTION('',(0.965974192479,-0.258638472514,0.));
#10359 = ADVANCED_FACE('',(#10360),#10371,.F.);
#10360 = FACE_BOUND('',#10361,.F.);
#10361 = EDGE_LOOP('',(#10362,#10363,#10364,#10365));
#10362 = ORIENTED_EDGE('',*,*,#6043,.F.);
#10363 = ORIENTED_EDGE('',*,*,#10332,.T.);
#10364 = ORIENTED_EDGE('',*,*,#7726,.F.);
#10365 = ORIENTED_EDGE('',*,*,#10366,.F.);
#10366 = EDGE_CURVE('',#6044,#7727,#10367,.T.);
#10367 = LINE('',#10368,#10369);
#10368 = CARTESIAN_POINT('',(113.838015,-93.774381,8.5));
#10369 = VECTOR('',#10370,1.);
#10370 = DIRECTION('',(0.,0.,1.));
#10371 = PLANE('',#10372);
#10372 = AXIS2_PLACEMENT_3D('',#10373,#10374,#10375);
#10373 = CARTESIAN_POINT('',(127.358361,-97.394437,8.5));
#10374 = DIRECTION('',(-0.258638405848,-0.965974210329,0.));
#10375 = DIRECTION('',(-0.965974210329,0.258638405848,0.));
#10376 = ADVANCED_FACE('',(#10377),#10383,.F.);
#10377 = FACE_BOUND('',#10378,.F.);
#10378 = EDGE_LOOP('',(#10379,#10380,#10381,#10382));
#10379 = ORIENTED_EDGE('',*,*,#6051,.F.);
#10380 = ORIENTED_EDGE('',*,*,#10366,.T.);
#10381 = ORIENTED_EDGE('',*,*,#7736,.F.);
#10382 = ORIENTED_EDGE('',*,*,#10347,.F.);
#10383 = PLANE('',#10384);
#10384 = AXIS2_PLACEMENT_3D('',#10385,#10386,#10387);
#10385 = CARTESIAN_POINT('',(113.838015,-93.774381,8.5));
#10386 = DIRECTION('',(-0.965972914213,0.258643246592,0.));
#10387 = DIRECTION('',(0.258643246592,0.965972914213,0.));
#10388 = ADVANCED_FACE('',(#10389),#10405,.F.);
#10389 = FACE_BOUND('',#10390,.F.);
#10390 = EDGE_LOOP('',(#10391,#10392,#10398,#10399));
#10391 = ORIENTED_EDGE('',*,*,#6067,.F.);
#10392 = ORIENTED_EDGE('',*,*,#10393,.T.);
#10393 = EDGE_CURVE('',#6068,#7779,#10394,.T.);
#10394 = LINE('',#10395,#10396);
#10395 = CARTESIAN_POINT('',(117.908119,-59.443842,8.5));
#10396 = VECTOR('',#10397,1.);
#10397 = DIRECTION('',(0.,0.,1.));
#10398 = ORIENTED_EDGE('',*,*,#7786,.F.);
#10399 = ORIENTED_EDGE('',*,*,#10400,.F.);
#10400 = EDGE_CURVE('',#6070,#7763,#10401,.T.);
#10401 = LINE('',#10402,#10403);
#10402 = CARTESIAN_POINT('',(117.908119,-73.444061,8.5));
#10403 = VECTOR('',#10404,1.);
#10404 = DIRECTION('',(0.,0.,1.));
#10405 = PLANE('',#10406);
#10406 = AXIS2_PLACEMENT_3D('',#10407,#10408,#10409);
#10407 = CARTESIAN_POINT('',(117.908119,-59.443842,8.5));
#10408 = DIRECTION('',(1.,0.,0.));
#10409 = DIRECTION('',(0.,-1.,0.));
#10410 = ADVANCED_FACE('',(#10411),#10422,.F.);
#10411 = FACE_BOUND('',#10412,.F.);
#10412 = EDGE_LOOP('',(#10413,#10414,#10420,#10421));
#10413 = ORIENTED_EDGE('',*,*,#6093,.F.);
#10414 = ORIENTED_EDGE('',*,*,#10415,.T.);
#10415 = EDGE_CURVE('',#6086,#7771,#10416,.T.);
#10416 = LINE('',#10417,#10418);
#10417 = CARTESIAN_POINT('',(103.90776,-59.443842,8.5));
#10418 = VECTOR('',#10419,1.);
#10419 = DIRECTION('',(0.,0.,1.));
#10420 = ORIENTED_EDGE('',*,*,#7778,.F.);
#10421 = ORIENTED_EDGE('',*,*,#10393,.F.);
#10422 = PLANE('',#10423);
#10423 = AXIS2_PLACEMENT_3D('',#10424,#10425,#10426);
#10424 = CARTESIAN_POINT('',(103.90776,-59.443842,8.5));
#10425 = DIRECTION('',(0.,1.,0.));
#10426 = DIRECTION('',(1.,0.,0.));
#10427 = ADVANCED_FACE('',(#10428),#10439,.F.);
#10428 = FACE_BOUND('',#10429,.F.);
#10429 = EDGE_LOOP('',(#10430,#10431,#10432,#10433));
#10430 = ORIENTED_EDGE('',*,*,#6077,.F.);
#10431 = ORIENTED_EDGE('',*,*,#10400,.T.);
#10432 = ORIENTED_EDGE('',*,*,#7760,.F.);
#10433 = ORIENTED_EDGE('',*,*,#10434,.F.);
#10434 = EDGE_CURVE('',#6078,#7761,#10435,.T.);
#10435 = LINE('',#10436,#10437);
#10436 = CARTESIAN_POINT('',(103.90776,-73.444061,8.5));
#10437 = VECTOR('',#10438,1.);
#10438 = DIRECTION('',(0.,0.,1.));
#10439 = PLANE('',#10440);
#10440 = AXIS2_PLACEMENT_3D('',#10441,#10442,#10443);
#10441 = CARTESIAN_POINT('',(117.908119,-73.444061,8.5));
#10442 = DIRECTION('',(0.,-1.,0.));
#10443 = DIRECTION('',(-1.,0.,0.));
#10444 = ADVANCED_FACE('',(#10445),#10451,.F.);
#10445 = FACE_BOUND('',#10446,.F.);
#10446 = EDGE_LOOP('',(#10447,#10448,#10449,#10450));
#10447 = ORIENTED_EDGE('',*,*,#6085,.F.);
#10448 = ORIENTED_EDGE('',*,*,#10434,.T.);
#10449 = ORIENTED_EDGE('',*,*,#7770,.F.);
#10450 = ORIENTED_EDGE('',*,*,#10415,.F.);
#10451 = PLANE('',#10452);
#10452 = AXIS2_PLACEMENT_3D('',#10453,#10454,#10455);
#10453 = CARTESIAN_POINT('',(103.90776,-73.444061,8.5));
#10454 = DIRECTION('',(-1.,0.,0.));
#10455 = DIRECTION('',(0.,1.,0.));
#10456 = ADVANCED_FACE('',(#10457),#10473,.F.);
#10457 = FACE_BOUND('',#10458,.F.);
#10458 = EDGE_LOOP('',(#10459,#10460,#10466,#10467));
#10459 = ORIENTED_EDGE('',*,*,#6101,.F.);
#10460 = ORIENTED_EDGE('',*,*,#10461,.T.);
#10461 = EDGE_CURVE('',#6102,#7813,#10462,.T.);
#10462 = LINE('',#10463,#10464);
#10463 = CARTESIAN_POINT('',(136.908606,-61.823879,8.5));
#10464 = VECTOR('',#10465,1.);
#10465 = DIRECTION('',(0.,0.,1.));
#10466 = ORIENTED_EDGE('',*,*,#7820,.F.);
#10467 = ORIENTED_EDGE('',*,*,#10468,.F.);
#10468 = EDGE_CURVE('',#6104,#7797,#10469,.T.);
#10469 = LINE('',#10470,#10471);
#10470 = CARTESIAN_POINT('',(136.908606,-75.824099,8.5));
#10471 = VECTOR('',#10472,1.);
#10472 = DIRECTION('',(0.,0.,1.));
#10473 = PLANE('',#10474);
#10474 = AXIS2_PLACEMENT_3D('',#10475,#10476,#10477);
#10475 = CARTESIAN_POINT('',(136.908606,-61.823879,8.5));
#10476 = DIRECTION('',(1.,0.,0.));
#10477 = DIRECTION('',(0.,-1.,0.));
#10478 = ADVANCED_FACE('',(#10479),#10490,.F.);
#10479 = FACE_BOUND('',#10480,.F.);
#10480 = EDGE_LOOP('',(#10481,#10482,#10488,#10489));
#10481 = ORIENTED_EDGE('',*,*,#6127,.F.);
#10482 = ORIENTED_EDGE('',*,*,#10483,.T.);
#10483 = EDGE_CURVE('',#6120,#7805,#10484,.T.);
#10484 = LINE('',#10485,#10486);
#10485 = CARTESIAN_POINT('',(122.908247,-61.823879,8.5));
#10486 = VECTOR('',#10487,1.);
#10487 = DIRECTION('',(0.,0.,1.));
#10488 = ORIENTED_EDGE('',*,*,#7812,.F.);
#10489 = ORIENTED_EDGE('',*,*,#10461,.F.);
#10490 = PLANE('',#10491);
#10491 = AXIS2_PLACEMENT_3D('',#10492,#10493,#10494);
#10492 = CARTESIAN_POINT('',(122.908247,-61.823879,8.5));
#10493 = DIRECTION('',(0.,1.,0.));
#10494 = DIRECTION('',(1.,0.,0.));
#10495 = ADVANCED_FACE('',(#10496),#10507,.F.);
#10496 = FACE_BOUND('',#10497,.F.);
#10497 = EDGE_LOOP('',(#10498,#10499,#10500,#10501));
#10498 = ORIENTED_EDGE('',*,*,#6111,.F.);
#10499 = ORIENTED_EDGE('',*,*,#10468,.T.);
#10500 = ORIENTED_EDGE('',*,*,#7794,.F.);
#10501 = ORIENTED_EDGE('',*,*,#10502,.F.);
#10502 = EDGE_CURVE('',#6112,#7795,#10503,.T.);
#10503 = LINE('',#10504,#10505);
#10504 = CARTESIAN_POINT('',(122.908247,-75.824099,8.5));
#10505 = VECTOR('',#10506,1.);
#10506 = DIRECTION('',(0.,0.,1.));
#10507 = PLANE('',#10508);
#10508 = AXIS2_PLACEMENT_3D('',#10509,#10510,#10511);
#10509 = CARTESIAN_POINT('',(136.908606,-75.824099,8.5));
#10510 = DIRECTION('',(0.,-1.,0.));
#10511 = DIRECTION('',(-1.,0.,0.));
#10512 = ADVANCED_FACE('',(#10513),#10519,.F.);
#10513 = FACE_BOUND('',#10514,.F.);
#10514 = EDGE_LOOP('',(#10515,#10516,#10517,#10518));
#10515 = ORIENTED_EDGE('',*,*,#6119,.F.);
#10516 = ORIENTED_EDGE('',*,*,#10502,.T.);
#10517 = ORIENTED_EDGE('',*,*,#7804,.F.);
#10518 = ORIENTED_EDGE('',*,*,#10483,.F.);
#10519 = PLANE('',#10520);
#10520 = AXIS2_PLACEMENT_3D('',#10521,#10522,#10523);
#10521 = CARTESIAN_POINT('',(122.908247,-75.824099,8.5));
#10522 = DIRECTION('',(-1.,0.,0.));
#10523 = DIRECTION('',(0.,1.,0.));
#10524 = ADVANCED_FACE('',(#10525),#10541,.F.);
#10525 = FACE_BOUND('',#10526,.F.);
#10526 = EDGE_LOOP('',(#10527,#10528,#10534,#10535));
#10527 = ORIENTED_EDGE('',*,*,#6135,.F.);
#10528 = ORIENTED_EDGE('',*,*,#10529,.T.);
#10529 = EDGE_CURVE('',#6136,#7847,#10530,.T.);
#10530 = LINE('',#10531,#10532);
#10531 = CARTESIAN_POINT('',(161.519237,-77.334122,8.5));
#10532 = VECTOR('',#10533,1.);
#10533 = DIRECTION('',(0.,0.,1.));
#10534 = ORIENTED_EDGE('',*,*,#7854,.F.);
#10535 = ORIENTED_EDGE('',*,*,#10536,.F.);
#10536 = EDGE_CURVE('',#6138,#7831,#10537,.T.);
#10537 = LINE('',#10538,#10539);
#10538 = CARTESIAN_POINT('',(154.519058,-89.464313,8.5));
#10539 = VECTOR('',#10540,1.);
#10540 = DIRECTION('',(0.,0.,1.));
#10541 = PLANE('',#10542);
#10542 = AXIS2_PLACEMENT_3D('',#10543,#10544,#10545);
#10543 = CARTESIAN_POINT('',(161.519237,-77.334122,8.5));
#10544 = DIRECTION('',(0.866124016949,-0.499829158077,0.));
#10545 = DIRECTION('',(-0.499829158077,-0.866124016949,0.));
#10546 = ADVANCED_FACE('',(#10547),#10558,.F.);
#10547 = FACE_BOUND('',#10548,.F.);
#10548 = EDGE_LOOP('',(#10549,#10550,#10556,#10557));
#10549 = ORIENTED_EDGE('',*,*,#6161,.F.);
#10550 = ORIENTED_EDGE('',*,*,#10551,.T.);
#10551 = EDGE_CURVE('',#6154,#7839,#10552,.T.);
#10552 = LINE('',#10553,#10554);
#10553 = CARTESIAN_POINT('',(149.398926,-70.334013,8.5));
#10554 = VECTOR('',#10555,1.);
#10555 = DIRECTION('',(0.,0.,1.));
#10556 = ORIENTED_EDGE('',*,*,#7846,.F.);
#10557 = ORIENTED_EDGE('',*,*,#10529,.F.);
#10558 = PLANE('',#10559);
#10559 = AXIS2_PLACEMENT_3D('',#10560,#10561,#10562);
#10560 = CARTESIAN_POINT('',(149.398926,-70.334013,8.5));
#10561 = DIRECTION('',(0.500130964833,0.865949777998,0.));
#10562 = DIRECTION('',(0.865949777998,-0.500130964833,0.));
#10563 = ADVANCED_FACE('',(#10564),#10575,.F.);
#10564 = FACE_BOUND('',#10565,.F.);
#10565 = EDGE_LOOP('',(#10566,#10567,#10568,#10569));
#10566 = ORIENTED_EDGE('',*,*,#6145,.F.);
#10567 = ORIENTED_EDGE('',*,*,#10536,.T.);
#10568 = ORIENTED_EDGE('',*,*,#7828,.F.);
#10569 = ORIENTED_EDGE('',*,*,#10570,.F.);
#10570 = EDGE_CURVE('',#6146,#7829,#10571,.T.);
#10571 = LINE('',#10572,#10573);
#10572 = CARTESIAN_POINT('',(142.398747,-82.464203,8.5));
#10573 = VECTOR('',#10574,1.);
#10574 = DIRECTION('',(0.,0.,1.));
#10575 = PLANE('',#10576);
#10576 = AXIS2_PLACEMENT_3D('',#10577,#10578,#10579);
#10577 = CARTESIAN_POINT('',(154.519058,-89.464313,8.5));
#10578 = DIRECTION('',(-0.500131018409,-0.865949747055,0.));
#10579 = DIRECTION('',(-0.865949747055,0.500131018409,0.));
#10580 = ADVANCED_FACE('',(#10581),#10587,.F.);
#10581 = FACE_BOUND('',#10582,.F.);
#10582 = EDGE_LOOP('',(#10583,#10584,#10585,#10586));
#10583 = ORIENTED_EDGE('',*,*,#6153,.F.);
#10584 = ORIENTED_EDGE('',*,*,#10570,.T.);
#10585 = ORIENTED_EDGE('',*,*,#7838,.F.);
#10586 = ORIENTED_EDGE('',*,*,#10551,.F.);
#10587 = PLANE('',#10588);
#10588 = AXIS2_PLACEMENT_3D('',#10589,#10590,#10591);
#10589 = CARTESIAN_POINT('',(142.398747,-82.464203,8.5));
#10590 = DIRECTION('',(-0.866123999111,0.499829188988,0.));
#10591 = DIRECTION('',(0.499829188988,0.866123999111,0.));
#10592 = ADVANCED_FACE('',(#10593),#10609,.F.);
#10593 = FACE_BOUND('',#10594,.F.);
#10594 = EDGE_LOOP('',(#10595,#10596,#10602,#10603));
#10595 = ORIENTED_EDGE('',*,*,#6169,.F.);
#10596 = ORIENTED_EDGE('',*,*,#10597,.T.);
#10597 = EDGE_CURVE('',#6170,#7881,#10598,.T.);
#10598 = LINE('',#10599,#10600);
#10599 = CARTESIAN_POINT('',(38.286079,-52.463732,8.5));
#10600 = VECTOR('',#10601,1.);
#10601 = DIRECTION('',(0.,0.,1.));
#10602 = ORIENTED_EDGE('',*,*,#7888,.F.);
#10603 = ORIENTED_EDGE('',*,*,#10604,.F.);
#10604 = EDGE_CURVE('',#6172,#7865,#10605,.T.);
#10605 = LINE('',#10606,#10607);
#10606 = CARTESIAN_POINT('',(40.716141,-66.243948,8.5));
#10607 = VECTOR('',#10608,1.);
#10608 = DIRECTION('',(0.,0.,1.));
#10609 = PLANE('',#10610);
#10610 = AXIS2_PLACEMENT_3D('',#10611,#10612,#10613);
#10611 = CARTESIAN_POINT('',(38.286079,-52.463732,8.5));
#10612 = DIRECTION('',(0.984804842758,0.173664681729,0.));
#10613 = DIRECTION('',(0.173664681729,-0.984804842758,0.));
#10614 = ADVANCED_FACE('',(#10615),#10626,.F.);
#10615 = FACE_BOUND('',#10616,.F.);
#10616 = EDGE_LOOP('',(#10617,#10618,#10624,#10625));
#10617 = ORIENTED_EDGE('',*,*,#6195,.F.);
#10618 = ORIENTED_EDGE('',*,*,#10619,.T.);
#10619 = EDGE_CURVE('',#6188,#7873,#10620,.T.);
#10620 = LINE('',#10621,#10622);
#10621 = CARTESIAN_POINT('',(24.495725,-54.89377,8.5));
#10622 = VECTOR('',#10623,1.);
#10623 = DIRECTION('',(0.,0.,1.));
#10624 = ORIENTED_EDGE('',*,*,#7880,.F.);
#10625 = ORIENTED_EDGE('',*,*,#10597,.F.);
#10626 = PLANE('',#10627);
#10627 = AXIS2_PLACEMENT_3D('',#10628,#10629,#10630);
#10628 = CARTESIAN_POINT('',(24.495725,-54.89377,8.5));
#10629 = DIRECTION('',(-0.17353919588,0.984826963224,0.));
#10630 = DIRECTION('',(0.984826963224,0.17353919588,0.));
#10631 = ADVANCED_FACE('',(#10632),#10643,.F.);
#10632 = FACE_BOUND('',#10633,.F.);
#10633 = EDGE_LOOP('',(#10634,#10635,#10636,#10637));
#10634 = ORIENTED_EDGE('',*,*,#6179,.F.);
#10635 = ORIENTED_EDGE('',*,*,#10604,.T.);
#10636 = ORIENTED_EDGE('',*,*,#7862,.F.);
#10637 = ORIENTED_EDGE('',*,*,#10638,.F.);
#10638 = EDGE_CURVE('',#6180,#7863,#10639,.T.);
#10639 = LINE('',#10640,#10641);
#10640 = CARTESIAN_POINT('',(26.925787,-68.673987,8.5));
#10641 = VECTOR('',#10642,1.);
#10642 = DIRECTION('',(0.,0.,1.));
#10643 = PLANE('',#10644);
#10644 = AXIS2_PLACEMENT_3D('',#10645,#10646,#10647);
#10645 = CARTESIAN_POINT('',(40.716141,-66.243948,8.5));
#10646 = DIRECTION('',(0.173539265143,-0.984826951019,0.));
#10647 = DIRECTION('',(-0.984826951019,-0.173539265143,0.));
#10648 = ADVANCED_FACE('',(#10649),#10655,.F.);
#10649 = FACE_BOUND('',#10650,.F.);
#10650 = EDGE_LOOP('',(#10651,#10652,#10653,#10654));
#10651 = ORIENTED_EDGE('',*,*,#6187,.F.);
#10652 = ORIENTED_EDGE('',*,*,#10638,.T.);
#10653 = ORIENTED_EDGE('',*,*,#7872,.F.);
#10654 = ORIENTED_EDGE('',*,*,#10619,.F.);
#10655 = PLANE('',#10656);
#10656 = AXIS2_PLACEMENT_3D('',#10657,#10658,#10659);
#10657 = CARTESIAN_POINT('',(26.925787,-68.673987,8.5));
#10658 = DIRECTION('',(-0.984804844913,-0.173664669507,0.));
#10659 = DIRECTION('',(-0.173664669507,0.984804844913,0.));
#10660 = ADVANCED_FACE('',(#10661),#10677,.F.);
#10661 = FACE_BOUND('',#10662,.F.);
#10662 = EDGE_LOOP('',(#10663,#10664,#10670,#10671));
#10663 = ORIENTED_EDGE('',*,*,#6203,.F.);
#10664 = ORIENTED_EDGE('',*,*,#10665,.T.);
#10665 = EDGE_CURVE('',#6204,#7915,#10666,.T.);
#10666 = LINE('',#10667,#10668);
#10667 = CARTESIAN_POINT('',(56.996558,-49.16368,8.5));
#10668 = VECTOR('',#10669,1.);
#10669 = DIRECTION('',(0.,0.,1.));
#10670 = ORIENTED_EDGE('',*,*,#7922,.F.);
#10671 = ORIENTED_EDGE('',*,*,#10672,.F.);
#10672 = EDGE_CURVE('',#6206,#7899,#10673,.T.);
#10673 = LINE('',#10674,#10675);
#10674 = CARTESIAN_POINT('',(59.42662,-62.943897,8.5));
#10675 = VECTOR('',#10676,1.);
#10676 = DIRECTION('',(0.,0.,1.));
#10677 = PLANE('',#10678);
#10678 = AXIS2_PLACEMENT_3D('',#10679,#10680,#10681);
#10679 = CARTESIAN_POINT('',(56.996558,-49.16368,8.5));
#10680 = DIRECTION('',(0.984804844913,0.173664669507,0.));
#10681 = DIRECTION('',(0.173664669507,-0.984804844913,0.));
#10682 = ADVANCED_FACE('',(#10683),#10694,.F.);
#10683 = FACE_BOUND('',#10684,.F.);
#10684 = EDGE_LOOP('',(#10685,#10686,#10692,#10693));
#10685 = ORIENTED_EDGE('',*,*,#6229,.F.);
#10686 = ORIENTED_EDGE('',*,*,#10687,.T.);
#10687 = EDGE_CURVE('',#6222,#7907,#10688,.T.);
#10688 = LINE('',#10689,#10690);
#10689 = CARTESIAN_POINT('',(43.206205,-51.593718,8.5));
#10690 = VECTOR('',#10691,1.);
#10691 = DIRECTION('',(0.,0.,1.));
#10692 = ORIENTED_EDGE('',*,*,#7914,.F.);
#10693 = ORIENTED_EDGE('',*,*,#10665,.F.);
#10694 = PLANE('',#10695);
#10695 = AXIS2_PLACEMENT_3D('',#10696,#10697,#10698);
#10696 = CARTESIAN_POINT('',(43.206205,-51.593718,8.5));
#10697 = DIRECTION('',(-0.173539208085,0.984826961073,0.));
#10698 = DIRECTION('',(0.984826961073,0.173539208085,0.));
#10699 = ADVANCED_FACE('',(#10700),#10711,.F.);
#10700 = FACE_BOUND('',#10701,.F.);
#10701 = EDGE_LOOP('',(#10702,#10703,#10704,#10705));
#10702 = ORIENTED_EDGE('',*,*,#6213,.F.);
#10703 = ORIENTED_EDGE('',*,*,#10672,.T.);
#10704 = ORIENTED_EDGE('',*,*,#7896,.F.);
#10705 = ORIENTED_EDGE('',*,*,#10706,.F.);
#10706 = EDGE_CURVE('',#6214,#7897,#10707,.T.);
#10707 = LINE('',#10708,#10709);
#10708 = CARTESIAN_POINT('',(45.636267,-65.383935,8.5));
#10709 = VECTOR('',#10710,1.);
#10710 = DIRECTION('',(0.,0.,1.));
#10711 = PLANE('',#10712);
#10712 = AXIS2_PLACEMENT_3D('',#10713,#10714,#10715);
#10713 = CARTESIAN_POINT('',(59.42662,-62.943897,8.5));
#10714 = DIRECTION('',(0.174231714131,-0.984704681512,0.));
#10715 = DIRECTION('',(-0.984704681512,-0.174231714131,0.));
#10716 = ADVANCED_FACE('',(#10717),#10723,.F.);
#10717 = FACE_BOUND('',#10718,.F.);
#10718 = EDGE_LOOP('',(#10719,#10720,#10721,#10722));
#10719 = ORIENTED_EDGE('',*,*,#6221,.F.);
#10720 = ORIENTED_EDGE('',*,*,#10706,.T.);
#10721 = ORIENTED_EDGE('',*,*,#7906,.F.);
#10722 = ORIENTED_EDGE('',*,*,#10687,.F.);
#10723 = PLANE('',#10724);
#10724 = AXIS2_PLACEMENT_3D('',#10725,#10726,#10727);
#10725 = CARTESIAN_POINT('',(45.636267,-65.383935,8.5));
#10726 = DIRECTION('',(-0.984826375644,-0.173542530335,0.));
#10727 = DIRECTION('',(-0.173542530335,0.984826375644,0.));
#10728 = ADVANCED_FACE('',(#10729),#10740,.F.);
#10729 = FACE_BOUND('',#10730,.T.);
#10730 = EDGE_LOOP('',(#10731,#10732,#10738,#10739));
#10731 = ORIENTED_EDGE('',*,*,#6237,.F.);
#10732 = ORIENTED_EDGE('',*,*,#10733,.T.);
#10733 = EDGE_CURVE('',#6238,#7931,#10734,.T.);
#10734 = LINE('',#10735,#10736);
#10735 = CARTESIAN_POINT('',(41.85,-49.63,8.5));
#10736 = VECTOR('',#10737,1.);
#10737 = DIRECTION('',(0.,0.,1.));
#10738 = ORIENTED_EDGE('',*,*,#7930,.F.);
#10739 = ORIENTED_EDGE('',*,*,#10733,.F.);
#10740 = CYLINDRICAL_SURFACE('',#10741,1.6);
#10741 = AXIS2_PLACEMENT_3D('',#10742,#10743,#10744);
#10742 = CARTESIAN_POINT('',(40.25,-49.63,8.5));
#10743 = DIRECTION('',(-0.,-0.,-1.));
#10744 = DIRECTION('',(1.,0.,0.));
#10745 = ADVANCED_FACE('',(#10746),#10762,.F.);
#10746 = FACE_BOUND('',#10747,.F.);
#10747 = EDGE_LOOP('',(#10748,#10749,#10755,#10756));
#10748 = ORIENTED_EDGE('',*,*,#6248,.F.);
#10749 = ORIENTED_EDGE('',*,*,#10750,.T.);
#10750 = EDGE_CURVE('',#6249,#7960,#10751,.T.);
#10751 = LINE('',#10752,#10753);
#10752 = CARTESIAN_POINT('',(34.985994,-33.743438,8.5));
#10753 = VECTOR('',#10754,1.);
#10754 = DIRECTION('',(0.,0.,1.));
#10755 = ORIENTED_EDGE('',*,*,#7967,.F.);
#10756 = ORIENTED_EDGE('',*,*,#10757,.F.);
#10757 = EDGE_CURVE('',#6251,#7944,#10758,.T.);
#10758 = LINE('',#10759,#10760);
#10759 = CARTESIAN_POINT('',(37.416056,-47.533655,8.5));
#10760 = VECTOR('',#10761,1.);
#10761 = DIRECTION('',(0.,0.,1.));
#10762 = PLANE('',#10763);
#10763 = AXIS2_PLACEMENT_3D('',#10764,#10765,#10766);
#10764 = CARTESIAN_POINT('',(34.985994,-33.743438,8.5));
#10765 = DIRECTION('',(0.984826375644,0.173542530335,0.));
#10766 = DIRECTION('',(0.173542530335,-0.984826375644,0.));
#10767 = ADVANCED_FACE('',(#10768),#10779,.F.);
#10768 = FACE_BOUND('',#10769,.F.);
#10769 = EDGE_LOOP('',(#10770,#10771,#10777,#10778));
#10770 = ORIENTED_EDGE('',*,*,#6274,.F.);
#10771 = ORIENTED_EDGE('',*,*,#10772,.T.);
#10772 = EDGE_CURVE('',#6267,#7952,#10773,.T.);
#10773 = LINE('',#10774,#10775);
#10774 = CARTESIAN_POINT('',(21.19564,-36.183476,8.5));
#10775 = VECTOR('',#10776,1.);
#10776 = DIRECTION('',(0.,0.,1.));
#10777 = ORIENTED_EDGE('',*,*,#7959,.F.);
#10778 = ORIENTED_EDGE('',*,*,#10750,.F.);
#10779 = PLANE('',#10780);
#10780 = AXIS2_PLACEMENT_3D('',#10781,#10782,#10783);
#10781 = CARTESIAN_POINT('',(21.19564,-36.183476,8.5));
#10782 = DIRECTION('',(-0.174231701881,0.984704683679,0.));
#10783 = DIRECTION('',(0.984704683679,0.174231701881,0.));
#10784 = ADVANCED_FACE('',(#10785),#10796,.F.);
#10785 = FACE_BOUND('',#10786,.F.);
#10786 = EDGE_LOOP('',(#10787,#10788,#10789,#10790));
#10787 = ORIENTED_EDGE('',*,*,#6258,.F.);
#10788 = ORIENTED_EDGE('',*,*,#10757,.T.);
#10789 = ORIENTED_EDGE('',*,*,#7941,.F.);
#10790 = ORIENTED_EDGE('',*,*,#10791,.F.);
#10791 = EDGE_CURVE('',#6259,#7942,#10792,.T.);
#10792 = LINE('',#10793,#10794);
#10793 = CARTESIAN_POINT('',(23.625703,-49.963693,8.5));
#10794 = VECTOR('',#10795,1.);
#10795 = DIRECTION('',(0.,0.,1.));
#10796 = PLANE('',#10797);
#10797 = AXIS2_PLACEMENT_3D('',#10798,#10799,#10800);
#10798 = CARTESIAN_POINT('',(37.416056,-47.533655,8.5));
#10799 = DIRECTION('',(0.173539208085,-0.984826961073,0.));
#10800 = DIRECTION('',(-0.984826961073,-0.173539208085,0.));
#10801 = ADVANCED_FACE('',(#10802),#10808,.F.);
#10802 = FACE_BOUND('',#10803,.F.);
#10803 = EDGE_LOOP('',(#10804,#10805,#10806,#10807));
#10804 = ORIENTED_EDGE('',*,*,#6266,.F.);
#10805 = ORIENTED_EDGE('',*,*,#10791,.T.);
#10806 = ORIENTED_EDGE('',*,*,#7951,.F.);
#10807 = ORIENTED_EDGE('',*,*,#10772,.F.);
#10808 = PLANE('',#10809);
#10809 = AXIS2_PLACEMENT_3D('',#10810,#10811,#10812);
#10810 = CARTESIAN_POINT('',(23.625703,-49.963693,8.5));
#10811 = DIRECTION('',(-0.984804832691,-0.173664738817,0.));
#10812 = DIRECTION('',(-0.173664738817,0.984804832691,0.));
#10813 = ADVANCED_FACE('',(#10814),#10830,.F.);
#10814 = FACE_BOUND('',#10815,.F.);
#10815 = EDGE_LOOP('',(#10816,#10817,#10823,#10824));
#10816 = ORIENTED_EDGE('',*,*,#6282,.F.);
#10817 = ORIENTED_EDGE('',*,*,#10818,.T.);
#10818 = EDGE_CURVE('',#6283,#7994,#10819,.T.);
#10819 = LINE('',#10820,#10821);
#10820 = CARTESIAN_POINT('',(53.696473,-30.453386,8.5));
#10821 = VECTOR('',#10822,1.);
#10822 = DIRECTION('',(0.,0.,1.));
#10823 = ORIENTED_EDGE('',*,*,#8001,.F.);
#10824 = ORIENTED_EDGE('',*,*,#10825,.F.);
#10825 = EDGE_CURVE('',#6285,#7978,#10826,.T.);
#10826 = LINE('',#10827,#10828);
#10827 = CARTESIAN_POINT('',(56.126536,-44.233603,8.5));
#10828 = VECTOR('',#10829,1.);
#10829 = DIRECTION('',(0.,0.,1.));
#10830 = PLANE('',#10831);
#10831 = AXIS2_PLACEMENT_3D('',#10832,#10833,#10834);
#10832 = CARTESIAN_POINT('',(53.696473,-30.453386,8.5));
#10833 = DIRECTION('',(0.984804832691,0.173664738817,0.));
#10834 = DIRECTION('',(0.173664738817,-0.984804832691,0.));
#10835 = ADVANCED_FACE('',(#10836),#10847,.F.);
#10836 = FACE_BOUND('',#10837,.F.);
#10837 = EDGE_LOOP('',(#10838,#10839,#10845,#10846));
#10838 = ORIENTED_EDGE('',*,*,#6308,.F.);
#10839 = ORIENTED_EDGE('',*,*,#10840,.T.);
#10840 = EDGE_CURVE('',#6301,#7986,#10841,.T.);
#10841 = LINE('',#10842,#10843);
#10842 = CARTESIAN_POINT('',(39.90612,-32.883425,8.5));
#10843 = VECTOR('',#10844,1.);
#10844 = DIRECTION('',(0.,0.,1.));
#10845 = ORIENTED_EDGE('',*,*,#7993,.F.);
#10846 = ORIENTED_EDGE('',*,*,#10818,.F.);
#10847 = PLANE('',#10848);
#10848 = AXIS2_PLACEMENT_3D('',#10849,#10850,#10851);
#10849 = CARTESIAN_POINT('',(39.90612,-32.883425,8.5));
#10850 = DIRECTION('',(-0.173539277349,0.984826948868,0.));
#10851 = DIRECTION('',(0.984826948868,0.173539277349,0.));
#10852 = ADVANCED_FACE('',(#10853),#10864,.F.);
#10853 = FACE_BOUND('',#10854,.F.);
#10854 = EDGE_LOOP('',(#10855,#10856,#10857,#10858));
#10855 = ORIENTED_EDGE('',*,*,#6292,.F.);
#10856 = ORIENTED_EDGE('',*,*,#10825,.T.);
#10857 = ORIENTED_EDGE('',*,*,#7975,.F.);
#10858 = ORIENTED_EDGE('',*,*,#10859,.F.);
#10859 = EDGE_CURVE('',#6293,#7976,#10860,.T.);
#10860 = LINE('',#10861,#10862);
#10861 = CARTESIAN_POINT('',(42.336182,-46.663641,8.5));
#10862 = VECTOR('',#10863,1.);
#10863 = DIRECTION('',(0.,0.,1.));
#10864 = PLANE('',#10865);
#10865 = AXIS2_PLACEMENT_3D('',#10866,#10867,#10868);
#10866 = CARTESIAN_POINT('',(56.126536,-44.233603,8.5));
#10867 = DIRECTION('',(0.17353919588,-0.984826963224,0.));
#10868 = DIRECTION('',(-0.984826963224,-0.17353919588,0.));
#10869 = ADVANCED_FACE('',(#10870),#10876,.F.);
#10870 = FACE_BOUND('',#10871,.F.);
#10871 = EDGE_LOOP('',(#10872,#10873,#10874,#10875));
#10872 = ORIENTED_EDGE('',*,*,#6300,.F.);
#10873 = ORIENTED_EDGE('',*,*,#10859,.T.);
#10874 = ORIENTED_EDGE('',*,*,#7985,.F.);
#10875 = ORIENTED_EDGE('',*,*,#10840,.F.);
#10876 = PLANE('',#10877);
#10877 = AXIS2_PLACEMENT_3D('',#10878,#10879,#10880);
#10878 = CARTESIAN_POINT('',(42.336182,-46.663641,8.5));
#10879 = DIRECTION('',(-0.984804842758,-0.173664681729,0.));
#10880 = DIRECTION('',(-0.173664681729,0.984804842758,0.));
#10881 = ADVANCED_FACE('',(#10882),#10898,.F.);
#10882 = FACE_BOUND('',#10883,.F.);
#10883 = EDGE_LOOP('',(#10884,#10885,#10891,#10892));
#10884 = ORIENTED_EDGE('',*,*,#6316,.F.);
#10885 = ORIENTED_EDGE('',*,*,#10886,.T.);
#10886 = EDGE_CURVE('',#6317,#8028,#10887,.T.);
#10887 = LINE('',#10888,#10889);
#10888 = CARTESIAN_POINT('',(98.907632,-57.073804,8.5));
#10889 = VECTOR('',#10890,1.);
#10890 = DIRECTION('',(0.,0.,1.));
#10891 = ORIENTED_EDGE('',*,*,#8035,.F.);
#10892 = ORIENTED_EDGE('',*,*,#10893,.F.);
#10893 = EDGE_CURVE('',#6319,#8012,#10894,.T.);
#10894 = LINE('',#10895,#10896);
#10895 = CARTESIAN_POINT('',(98.907632,-71.074024,8.5));
#10896 = VECTOR('',#10897,1.);
#10897 = DIRECTION('',(0.,0.,1.));
#10898 = PLANE('',#10899);
#10899 = AXIS2_PLACEMENT_3D('',#10900,#10901,#10902);
#10900 = CARTESIAN_POINT('',(98.907632,-57.073804,8.5));
#10901 = DIRECTION('',(1.,0.,0.));
#10902 = DIRECTION('',(0.,-1.,0.));
#10903 = ADVANCED_FACE('',(#10904),#10915,.F.);
#10904 = FACE_BOUND('',#10905,.F.);
#10905 = EDGE_LOOP('',(#10906,#10907,#10913,#10914));
#10906 = ORIENTED_EDGE('',*,*,#6342,.F.);
#10907 = ORIENTED_EDGE('',*,*,#10908,.T.);
#10908 = EDGE_CURVE('',#6335,#8020,#10909,.T.);
#10909 = LINE('',#10910,#10911);
#10910 = CARTESIAN_POINT('',(84.907273,-57.073804,8.5));
#10911 = VECTOR('',#10912,1.);
#10912 = DIRECTION('',(0.,0.,1.));
#10913 = ORIENTED_EDGE('',*,*,#8027,.F.);
#10914 = ORIENTED_EDGE('',*,*,#10886,.F.);
#10915 = PLANE('',#10916);
#10916 = AXIS2_PLACEMENT_3D('',#10917,#10918,#10919);
#10917 = CARTESIAN_POINT('',(84.907273,-57.073804,8.5));
#10918 = DIRECTION('',(0.,1.,0.));
#10919 = DIRECTION('',(1.,0.,0.));
#10920 = ADVANCED_FACE('',(#10921),#10932,.F.);
#10921 = FACE_BOUND('',#10922,.F.);
#10922 = EDGE_LOOP('',(#10923,#10924,#10925,#10926));
#10923 = ORIENTED_EDGE('',*,*,#6326,.F.);
#10924 = ORIENTED_EDGE('',*,*,#10893,.T.);
#10925 = ORIENTED_EDGE('',*,*,#8009,.F.);
#10926 = ORIENTED_EDGE('',*,*,#10927,.F.);
#10927 = EDGE_CURVE('',#6327,#8010,#10928,.T.);
#10928 = LINE('',#10929,#10930);
#10929 = CARTESIAN_POINT('',(84.907273,-71.074024,8.5));
#10930 = VECTOR('',#10931,1.);
#10931 = DIRECTION('',(0.,0.,1.));
#10932 = PLANE('',#10933);
#10933 = AXIS2_PLACEMENT_3D('',#10934,#10935,#10936);
#10934 = CARTESIAN_POINT('',(98.907632,-71.074024,8.5));
#10935 = DIRECTION('',(0.,-1.,0.));
#10936 = DIRECTION('',(-1.,0.,0.));
#10937 = ADVANCED_FACE('',(#10938),#10944,.F.);
#10938 = FACE_BOUND('',#10939,.F.);
#10939 = EDGE_LOOP('',(#10940,#10941,#10942,#10943));
#10940 = ORIENTED_EDGE('',*,*,#6334,.F.);
#10941 = ORIENTED_EDGE('',*,*,#10927,.T.);
#10942 = ORIENTED_EDGE('',*,*,#8019,.F.);
#10943 = ORIENTED_EDGE('',*,*,#10908,.F.);
#10944 = PLANE('',#10945);
#10945 = AXIS2_PLACEMENT_3D('',#10946,#10947,#10948);
#10946 = CARTESIAN_POINT('',(84.907273,-71.074024,8.5));
#10947 = DIRECTION('',(-1.,0.,0.));
#10948 = DIRECTION('',(0.,1.,0.));
#10949 = ADVANCED_FACE('',(#10950),#10966,.F.);
#10950 = FACE_BOUND('',#10951,.F.);
#10951 = EDGE_LOOP('',(#10952,#10953,#10959,#10960));
#10952 = ORIENTED_EDGE('',*,*,#6350,.F.);
#10953 = ORIENTED_EDGE('',*,*,#10954,.T.);
#10954 = EDGE_CURVE('',#6351,#8062,#10955,.T.);
#10955 = LINE('',#10956,#10957);
#10956 = CARTESIAN_POINT('',(77.917094,-42.913582,8.5));
#10957 = VECTOR('',#10958,1.);
#10958 = DIRECTION('',(0.,0.,1.));
#10959 = ORIENTED_EDGE('',*,*,#8069,.F.);
#10960 = ORIENTED_EDGE('',*,*,#10961,.F.);
#10961 = EDGE_CURVE('',#6353,#8046,#10962,.T.);
#10962 = LINE('',#10963,#10964);
#10963 = CARTESIAN_POINT('',(79.137126,-56.863801,8.5));
#10964 = VECTOR('',#10965,1.);
#10965 = DIRECTION('',(0.,0.,1.));
#10966 = PLANE('',#10967);
#10967 = AXIS2_PLACEMENT_3D('',#10968,#10969,#10970);
#10968 = CARTESIAN_POINT('',(77.917094,-42.913582,8.5));
#10969 = DIRECTION('',(0.996197512557,8.71235672816E-02,0.));
#10970 = DIRECTION('',(8.71235672816E-02,-0.996197512557,0.));
#10971 = ADVANCED_FACE('',(#10972),#10983,.F.);
#10972 = FACE_BOUND('',#10973,.F.);
#10973 = EDGE_LOOP('',(#10974,#10975,#10981,#10982));
#10974 = ORIENTED_EDGE('',*,*,#6376,.F.);
#10975 = ORIENTED_EDGE('',*,*,#10976,.T.);
#10976 = EDGE_CURVE('',#6369,#8054,#10977,.T.);
#10977 = LINE('',#10978,#10979);
#10978 = CARTESIAN_POINT('',(63.976737,-44.133601,8.5));
#10979 = VECTOR('',#10980,1.);
#10980 = DIRECTION('',(0.,0.,1.));
#10981 = ORIENTED_EDGE('',*,*,#8061,.F.);
#10982 = ORIENTED_EDGE('',*,*,#10954,.F.);
#10983 = PLANE('',#10984);
#10984 = AXIS2_PLACEMENT_3D('',#10985,#10986,#10987);
#10985 = CARTESIAN_POINT('',(63.976737,-44.133601,8.5));
#10986 = DIRECTION('',(-8.718381192404E-02,0.996192241959,0.));
#10987 = DIRECTION('',(0.996192241959,8.718381192404E-02,0.));
#10988 = ADVANCED_FACE('',(#10989),#11000,.F.);
#10989 = FACE_BOUND('',#10990,.F.);
#10990 = EDGE_LOOP('',(#10991,#10992,#10993,#10994));
#10991 = ORIENTED_EDGE('',*,*,#6360,.F.);
#10992 = ORIENTED_EDGE('',*,*,#10961,.T.);
#10993 = ORIENTED_EDGE('',*,*,#8043,.F.);
#10994 = ORIENTED_EDGE('',*,*,#10995,.F.);
#10995 = EDGE_CURVE('',#6361,#8044,#10996,.T.);
#10996 = LINE('',#10997,#10998);
#10997 = CARTESIAN_POINT('',(65.196768,-58.08382,8.5));
#10998 = VECTOR('',#10999,1.);
#10999 = DIRECTION('',(0.,0.,1.));
#11000 = PLANE('',#11001);
#11001 = AXIS2_PLACEMENT_3D('',#11002,#11003,#11004);
#11002 = CARTESIAN_POINT('',(79.137126,-56.863801,8.5));
#11003 = DIRECTION('',(8.718380571752E-02,-0.996192242502,0.));
#11004 = DIRECTION('',(-0.996192242502,-8.718380571752E-02,0.));
#11005 = ADVANCED_FACE('',(#11006),#11012,.F.);
#11006 = FACE_BOUND('',#11007,.F.);
#11007 = EDGE_LOOP('',(#11008,#11009,#11010,#11011));
#11008 = ORIENTED_EDGE('',*,*,#6368,.F.);
#11009 = ORIENTED_EDGE('',*,*,#10995,.T.);
#11010 = ORIENTED_EDGE('',*,*,#8053,.F.);
#11011 = ORIENTED_EDGE('',*,*,#10976,.F.);
#11012 = PLANE('',#11013);
#11013 = AXIS2_PLACEMENT_3D('',#11014,#11015,#11016);
#11014 = CARTESIAN_POINT('',(65.196768,-58.08382,8.5));
#11015 = DIRECTION('',(-0.996197518755,-8.712349641276E-02,0.));
#11016 = DIRECTION('',(-8.712349641276E-02,0.996197518755,0.));
#11017 = ADVANCED_FACE('',(#11018),#11034,.F.);
#11018 = FACE_BOUND('',#11019,.F.);
#11019 = EDGE_LOOP('',(#11020,#11021,#11027,#11028));
#11020 = ORIENTED_EDGE('',*,*,#6384,.F.);
#11021 = ORIENTED_EDGE('',*,*,#11022,.T.);
#11022 = EDGE_CURVE('',#6385,#8096,#11023,.T.);
#11023 = LINE('',#11024,#11025);
#11024 = CARTESIAN_POINT('',(98.907632,-38.073506,8.5));
#11025 = VECTOR('',#11026,1.);
#11026 = DIRECTION('',(0.,0.,1.));
#11027 = ORIENTED_EDGE('',*,*,#8103,.F.);
#11028 = ORIENTED_EDGE('',*,*,#11029,.F.);
#11029 = EDGE_CURVE('',#6387,#8080,#11030,.T.);
#11030 = LINE('',#11031,#11032);
#11031 = CARTESIAN_POINT('',(98.907632,-52.073726,8.5));
#11032 = VECTOR('',#11033,1.);
#11033 = DIRECTION('',(0.,0.,1.));
#11034 = PLANE('',#11035);
#11035 = AXIS2_PLACEMENT_3D('',#11036,#11037,#11038);
#11036 = CARTESIAN_POINT('',(98.907632,-38.073506,8.5));
#11037 = DIRECTION('',(1.,0.,0.));
#11038 = DIRECTION('',(0.,-1.,0.));
#11039 = ADVANCED_FACE('',(#11040),#11051,.F.);
#11040 = FACE_BOUND('',#11041,.F.);
#11041 = EDGE_LOOP('',(#11042,#11043,#11049,#11050));
#11042 = ORIENTED_EDGE('',*,*,#6410,.F.);
#11043 = ORIENTED_EDGE('',*,*,#11044,.T.);
#11044 = EDGE_CURVE('',#6403,#8088,#11045,.T.);
#11045 = LINE('',#11046,#11047);
#11046 = CARTESIAN_POINT('',(84.907273,-38.073506,8.5));
#11047 = VECTOR('',#11048,1.);
#11048 = DIRECTION('',(0.,0.,1.));
#11049 = ORIENTED_EDGE('',*,*,#8095,.F.);
#11050 = ORIENTED_EDGE('',*,*,#11022,.F.);
#11051 = PLANE('',#11052);
#11052 = AXIS2_PLACEMENT_3D('',#11053,#11054,#11055);
#11053 = CARTESIAN_POINT('',(84.907273,-38.073506,8.5));
#11054 = DIRECTION('',(0.,1.,0.));
#11055 = DIRECTION('',(1.,0.,0.));
#11056 = ADVANCED_FACE('',(#11057),#11068,.F.);
#11057 = FACE_BOUND('',#11058,.F.);
#11058 = EDGE_LOOP('',(#11059,#11060,#11061,#11062));
#11059 = ORIENTED_EDGE('',*,*,#6394,.F.);
#11060 = ORIENTED_EDGE('',*,*,#11029,.T.);
#11061 = ORIENTED_EDGE('',*,*,#8077,.F.);
#11062 = ORIENTED_EDGE('',*,*,#11063,.F.);
#11063 = EDGE_CURVE('',#6395,#8078,#11064,.T.);
#11064 = LINE('',#11065,#11066);
#11065 = CARTESIAN_POINT('',(84.907273,-52.073726,8.5));
#11066 = VECTOR('',#11067,1.);
#11067 = DIRECTION('',(0.,0.,1.));
#11068 = PLANE('',#11069);
#11069 = AXIS2_PLACEMENT_3D('',#11070,#11071,#11072);
#11070 = CARTESIAN_POINT('',(98.907632,-52.073726,8.5));
#11071 = DIRECTION('',(0.,-1.,0.));
#11072 = DIRECTION('',(-1.,0.,0.));
#11073 = ADVANCED_FACE('',(#11074),#11080,.F.);
#11074 = FACE_BOUND('',#11075,.F.);
#11075 = EDGE_LOOP('',(#11076,#11077,#11078,#11079));
#11076 = ORIENTED_EDGE('',*,*,#6402,.F.);
#11077 = ORIENTED_EDGE('',*,*,#11063,.T.);
#11078 = ORIENTED_EDGE('',*,*,#8087,.F.);
#11079 = ORIENTED_EDGE('',*,*,#11044,.F.);
#11080 = PLANE('',#11081);
#11081 = AXIS2_PLACEMENT_3D('',#11082,#11083,#11084);
#11082 = CARTESIAN_POINT('',(84.907273,-52.073726,8.5));
#11083 = DIRECTION('',(-1.,0.,0.));
#11084 = DIRECTION('',(0.,1.,0.));
#11085 = ADVANCED_FACE('',(#11086),#11097,.F.);
#11086 = FACE_BOUND('',#11087,.T.);
#11087 = EDGE_LOOP('',(#11088,#11089,#11095,#11096));
#11088 = ORIENTED_EDGE('',*,*,#6418,.F.);
#11089 = ORIENTED_EDGE('',*,*,#11090,.T.);
#11090 = EDGE_CURVE('',#6419,#8112,#11091,.T.);
#11091 = LINE('',#11092,#11093);
#11092 = CARTESIAN_POINT('',(23.702017,-29.907082,8.5));
#11093 = VECTOR('',#11094,1.);
#11094 = DIRECTION('',(0.,0.,1.));
#11095 = ORIENTED_EDGE('',*,*,#8111,.F.);
#11096 = ORIENTED_EDGE('',*,*,#11090,.F.);
#11097 = CYLINDRICAL_SURFACE('',#11098,1.6);
#11098 = AXIS2_PLACEMENT_3D('',#11099,#11100,#11101);
#11099 = CARTESIAN_POINT('',(22.102017,-29.907082,8.5));
#11100 = DIRECTION('',(-0.,-0.,-1.));
#11101 = DIRECTION('',(1.,0.,0.));
#11102 = ADVANCED_FACE('',(#11103),#11119,.F.);
#11103 = FACE_BOUND('',#11104,.F.);
#11104 = EDGE_LOOP('',(#11105,#11106,#11112,#11113));
#11105 = ORIENTED_EDGE('',*,*,#6429,.F.);
#11106 = ORIENTED_EDGE('',*,*,#11107,.T.);
#11107 = EDGE_CURVE('',#6430,#8141,#11108,.T.);
#11108 = LINE('',#11109,#11110);
#11109 = CARTESIAN_POINT('',(76.267052,-23.983285,8.5));
#11110 = VECTOR('',#11111,1.);
#11111 = DIRECTION('',(0.,0.,1.));
#11112 = ORIENTED_EDGE('',*,*,#8148,.F.);
#11113 = ORIENTED_EDGE('',*,*,#11114,.F.);
#11114 = EDGE_CURVE('',#6432,#8125,#11115,.T.);
#11115 = LINE('',#11116,#11117);
#11116 = CARTESIAN_POINT('',(77.487083,-37.933504,8.5));
#11117 = VECTOR('',#11118,1.);
#11118 = DIRECTION('',(0.,0.,1.));
#11119 = PLANE('',#11120);
#11120 = AXIS2_PLACEMENT_3D('',#11121,#11122,#11123);
#11121 = CARTESIAN_POINT('',(76.267052,-23.983285,8.5));
#11122 = DIRECTION('',(0.996197518755,8.712349641276E-02,0.));
#11123 = DIRECTION('',(8.712349641276E-02,-0.996197518755,0.));
#11124 = ADVANCED_FACE('',(#11125),#11136,.F.);
#11125 = FACE_BOUND('',#11126,.F.);
#11126 = EDGE_LOOP('',(#11127,#11128,#11134,#11135));
#11127 = ORIENTED_EDGE('',*,*,#6455,.F.);
#11128 = ORIENTED_EDGE('',*,*,#11129,.T.);
#11129 = EDGE_CURVE('',#6448,#8133,#11130,.T.);
#11130 = LINE('',#11131,#11132);
#11131 = CARTESIAN_POINT('',(62.316694,-25.213304,8.5));
#11132 = VECTOR('',#11133,1.);
#11133 = DIRECTION('',(0.,0.,1.));
#11134 = ORIENTED_EDGE('',*,*,#8140,.F.);
#11135 = ORIENTED_EDGE('',*,*,#11107,.F.);
#11136 = PLANE('',#11137);
#11137 = AXIS2_PLACEMENT_3D('',#11138,#11139,#11140);
#11138 = CARTESIAN_POINT('',(62.316694,-25.213304,8.5));
#11139 = DIRECTION('',(-8.78303998721E-02,0.996135443029,0.));
#11140 = DIRECTION('',(0.996135443029,8.78303998721E-02,0.));
#11141 = ADVANCED_FACE('',(#11142),#11153,.F.);
#11142 = FACE_BOUND('',#11143,.F.);
#11143 = EDGE_LOOP('',(#11144,#11145,#11146,#11147));
#11144 = ORIENTED_EDGE('',*,*,#6439,.F.);
#11145 = ORIENTED_EDGE('',*,*,#11114,.T.);
#11146 = ORIENTED_EDGE('',*,*,#8122,.F.);
#11147 = ORIENTED_EDGE('',*,*,#11148,.F.);
#11148 = EDGE_CURVE('',#6440,#8123,#11149,.T.);
#11149 = LINE('',#11150,#11151);
#11150 = CARTESIAN_POINT('',(63.536726,-39.153523,8.5));
#11151 = VECTOR('',#11152,1.);
#11152 = DIRECTION('',(0.,0.,1.));
#11153 = PLANE('',#11154);
#11154 = AXIS2_PLACEMENT_3D('',#11155,#11156,#11157);
#11155 = CARTESIAN_POINT('',(77.487083,-37.933504,8.5));
#11156 = DIRECTION('',(8.712179069172E-02,-0.996197667929,0.));
#11157 = DIRECTION('',(-0.996197667929,-8.712179069172E-02,0.));
#11158 = ADVANCED_FACE('',(#11159),#11165,.F.);
#11159 = FACE_BOUND('',#11160,.F.);
#11160 = EDGE_LOOP('',(#11161,#11162,#11163,#11164));
#11161 = ORIENTED_EDGE('',*,*,#6447,.F.);
#11162 = ORIENTED_EDGE('',*,*,#11148,.T.);
#11163 = ORIENTED_EDGE('',*,*,#8132,.F.);
#11164 = ORIENTED_EDGE('',*,*,#11129,.F.);
#11165 = PLANE('',#11166);
#11166 = AXIS2_PLACEMENT_3D('',#11167,#11168,#11169);
#11167 = CARTESIAN_POINT('',(63.536726,-39.153523,8.5));
#11168 = DIRECTION('',(-0.996192086312,-8.718559037328E-02,0.));
#11169 = DIRECTION('',(-8.718559037328E-02,0.996192086312,0.));
#11170 = ADVANCED_FACE('',(#11171),#11187,.F.);
#11171 = FACE_BOUND('',#11172,.F.);
#11172 = EDGE_LOOP('',(#11173,#11174,#11180,#11181));
#11173 = ORIENTED_EDGE('',*,*,#6463,.F.);
#11174 = ORIENTED_EDGE('',*,*,#11175,.T.);
#11175 = EDGE_CURVE('',#6464,#8175,#11176,.T.);
#11176 = LINE('',#11177,#11178);
#11177 = CARTESIAN_POINT('',(98.907632,-19.073208,8.5));
#11178 = VECTOR('',#11179,1.);
#11179 = DIRECTION('',(0.,0.,1.));
#11180 = ORIENTED_EDGE('',*,*,#8182,.F.);
#11181 = ORIENTED_EDGE('',*,*,#11182,.F.);
#11182 = EDGE_CURVE('',#6466,#8159,#11183,.T.);
#11183 = LINE('',#11184,#11185);
#11184 = CARTESIAN_POINT('',(98.907632,-33.073428,8.5));
#11185 = VECTOR('',#11186,1.);
#11186 = DIRECTION('',(0.,0.,1.));
#11187 = PLANE('',#11188);
#11188 = AXIS2_PLACEMENT_3D('',#11189,#11190,#11191);
#11189 = CARTESIAN_POINT('',(98.907632,-19.073208,8.5));
#11190 = DIRECTION('',(1.,0.,0.));
#11191 = DIRECTION('',(0.,-1.,0.));
#11192 = ADVANCED_FACE('',(#11193),#11204,.F.);
#11193 = FACE_BOUND('',#11194,.F.);
#11194 = EDGE_LOOP('',(#11195,#11196,#11202,#11203));
#11195 = ORIENTED_EDGE('',*,*,#6489,.F.);
#11196 = ORIENTED_EDGE('',*,*,#11197,.T.);
#11197 = EDGE_CURVE('',#6482,#8167,#11198,.T.);
#11198 = LINE('',#11199,#11200);
#11199 = CARTESIAN_POINT('',(84.907273,-19.073208,8.5));
#11200 = VECTOR('',#11201,1.);
#11201 = DIRECTION('',(0.,0.,1.));
#11202 = ORIENTED_EDGE('',*,*,#8174,.F.);
#11203 = ORIENTED_EDGE('',*,*,#11175,.F.);
#11204 = PLANE('',#11205);
#11205 = AXIS2_PLACEMENT_3D('',#11206,#11207,#11208);
#11206 = CARTESIAN_POINT('',(84.907273,-19.073208,8.5));
#11207 = DIRECTION('',(0.,1.,0.));
#11208 = DIRECTION('',(1.,0.,0.));
#11209 = ADVANCED_FACE('',(#11210),#11221,.F.);
#11210 = FACE_BOUND('',#11211,.F.);
#11211 = EDGE_LOOP('',(#11212,#11213,#11214,#11215));
#11212 = ORIENTED_EDGE('',*,*,#6473,.F.);
#11213 = ORIENTED_EDGE('',*,*,#11182,.T.);
#11214 = ORIENTED_EDGE('',*,*,#8156,.F.);
#11215 = ORIENTED_EDGE('',*,*,#11216,.F.);
#11216 = EDGE_CURVE('',#6474,#8157,#11217,.T.);
#11217 = LINE('',#11218,#11219);
#11218 = CARTESIAN_POINT('',(84.907273,-33.073428,8.5));
#11219 = VECTOR('',#11220,1.);
#11220 = DIRECTION('',(0.,0.,1.));
#11221 = PLANE('',#11222);
#11222 = AXIS2_PLACEMENT_3D('',#11223,#11224,#11225);
#11223 = CARTESIAN_POINT('',(98.907632,-33.073428,8.5));
#11224 = DIRECTION('',(0.,-1.,0.));
#11225 = DIRECTION('',(-1.,0.,0.));
#11226 = ADVANCED_FACE('',(#11227),#11233,.F.);
#11227 = FACE_BOUND('',#11228,.F.);
#11228 = EDGE_LOOP('',(#11229,#11230,#11231,#11232));
#11229 = ORIENTED_EDGE('',*,*,#6481,.F.);
#11230 = ORIENTED_EDGE('',*,*,#11216,.T.);
#11231 = ORIENTED_EDGE('',*,*,#8166,.F.);
#11232 = ORIENTED_EDGE('',*,*,#11197,.F.);
#11233 = PLANE('',#11234);
#11234 = AXIS2_PLACEMENT_3D('',#11235,#11236,#11237);
#11235 = CARTESIAN_POINT('',(84.907273,-33.073428,8.5));
#11236 = DIRECTION('',(-1.,0.,0.));
#11237 = DIRECTION('',(0.,1.,0.));
#11238 = ADVANCED_FACE('',(#11239),#11250,.F.);
#11239 = FACE_BOUND('',#11240,.T.);
#11240 = EDGE_LOOP('',(#11241,#11242,#11248,#11249));
#11241 = ORIENTED_EDGE('',*,*,#6497,.F.);
#11242 = ORIENTED_EDGE('',*,*,#11243,.T.);
#11243 = EDGE_CURVE('',#6498,#8191,#11244,.T.);
#11244 = LINE('',#11245,#11246);
#11245 = CARTESIAN_POINT('',(93.676908,-12.424245,8.5));
#11246 = VECTOR('',#11247,1.);
#11247 = DIRECTION('',(0.,0.,1.));
#11248 = ORIENTED_EDGE('',*,*,#8190,.F.);
#11249 = ORIENTED_EDGE('',*,*,#11243,.F.);
#11250 = CYLINDRICAL_SURFACE('',#11251,1.6);
#11251 = AXIS2_PLACEMENT_3D('',#11252,#11253,#11254);
#11252 = CARTESIAN_POINT('',(92.076908,-12.424245,8.5));
#11253 = DIRECTION('',(-0.,-0.,-1.));
#11254 = DIRECTION('',(1.,0.,0.));
#11255 = ADVANCED_FACE('',(#11256),#11272,.F.);
#11256 = FACE_BOUND('',#11257,.F.);
#11257 = EDGE_LOOP('',(#11258,#11259,#11265,#11266));
#11258 = ORIENTED_EDGE('',*,*,#6508,.F.);
#11259 = ORIENTED_EDGE('',*,*,#11260,.T.);
#11260 = EDGE_CURVE('',#6509,#8220,#11261,.T.);
#11261 = LINE('',#11262,#11263);
#11262 = CARTESIAN_POINT('',(117.908119,-40.453543,8.5));
#11263 = VECTOR('',#11264,1.);
#11264 = DIRECTION('',(0.,0.,1.));
#11265 = ORIENTED_EDGE('',*,*,#8227,.F.);
#11266 = ORIENTED_EDGE('',*,*,#11267,.F.);
#11267 = EDGE_CURVE('',#6511,#8204,#11268,.T.);
#11268 = LINE('',#11269,#11270);
#11269 = CARTESIAN_POINT('',(117.908119,-54.453763,8.5));
#11270 = VECTOR('',#11271,1.);
#11271 = DIRECTION('',(0.,0.,1.));
#11272 = PLANE('',#11273);
#11273 = AXIS2_PLACEMENT_3D('',#11274,#11275,#11276);
#11274 = CARTESIAN_POINT('',(117.908119,-40.453543,8.5));
#11275 = DIRECTION('',(1.,0.,0.));
#11276 = DIRECTION('',(0.,-1.,0.));
#11277 = ADVANCED_FACE('',(#11278),#11289,.F.);
#11278 = FACE_BOUND('',#11279,.F.);
#11279 = EDGE_LOOP('',(#11280,#11281,#11287,#11288));
#11280 = ORIENTED_EDGE('',*,*,#6534,.F.);
#11281 = ORIENTED_EDGE('',*,*,#11282,.T.);
#11282 = EDGE_CURVE('',#6527,#8212,#11283,.T.);
#11283 = LINE('',#11284,#11285);
#11284 = CARTESIAN_POINT('',(103.90776,-40.453543,8.5));
#11285 = VECTOR('',#11286,1.);
#11286 = DIRECTION('',(0.,0.,1.));
#11287 = ORIENTED_EDGE('',*,*,#8219,.F.);
#11288 = ORIENTED_EDGE('',*,*,#11260,.F.);
#11289 = PLANE('',#11290);
#11290 = AXIS2_PLACEMENT_3D('',#11291,#11292,#11293);
#11291 = CARTESIAN_POINT('',(103.90776,-40.453543,8.5));
#11292 = DIRECTION('',(0.,1.,0.));
#11293 = DIRECTION('',(1.,0.,0.));
#11294 = ADVANCED_FACE('',(#11295),#11306,.F.);
#11295 = FACE_BOUND('',#11296,.F.);
#11296 = EDGE_LOOP('',(#11297,#11298,#11299,#11300));
#11297 = ORIENTED_EDGE('',*,*,#6518,.F.);
#11298 = ORIENTED_EDGE('',*,*,#11267,.T.);
#11299 = ORIENTED_EDGE('',*,*,#8201,.F.);
#11300 = ORIENTED_EDGE('',*,*,#11301,.F.);
#11301 = EDGE_CURVE('',#6519,#8202,#11302,.T.);
#11302 = LINE('',#11303,#11304);
#11303 = CARTESIAN_POINT('',(103.90776,-54.453763,8.5));
#11304 = VECTOR('',#11305,1.);
#11305 = DIRECTION('',(0.,0.,1.));
#11306 = PLANE('',#11307);
#11307 = AXIS2_PLACEMENT_3D('',#11308,#11309,#11310);
#11308 = CARTESIAN_POINT('',(117.908119,-54.453763,8.5));
#11309 = DIRECTION('',(0.,-1.,0.));
#11310 = DIRECTION('',(-1.,0.,0.));
#11311 = ADVANCED_FACE('',(#11312),#11318,.F.);
#11312 = FACE_BOUND('',#11313,.F.);
#11313 = EDGE_LOOP('',(#11314,#11315,#11316,#11317));
#11314 = ORIENTED_EDGE('',*,*,#6526,.F.);
#11315 = ORIENTED_EDGE('',*,*,#11301,.T.);
#11316 = ORIENTED_EDGE('',*,*,#8211,.F.);
#11317 = ORIENTED_EDGE('',*,*,#11282,.F.);
#11318 = PLANE('',#11319);
#11319 = AXIS2_PLACEMENT_3D('',#11320,#11321,#11322);
#11320 = CARTESIAN_POINT('',(103.90776,-54.453763,8.5));
#11321 = DIRECTION('',(-1.,0.,0.));
#11322 = DIRECTION('',(0.,1.,0.));
#11323 = ADVANCED_FACE('',(#11324),#11340,.F.);
#11324 = FACE_BOUND('',#11325,.F.);
#11325 = EDGE_LOOP('',(#11326,#11327,#11333,#11334));
#11326 = ORIENTED_EDGE('',*,*,#6542,.F.);
#11327 = ORIENTED_EDGE('',*,*,#11328,.T.);
#11328 = EDGE_CURVE('',#6543,#8254,#11329,.T.);
#11329 = LINE('',#11330,#11331);
#11330 = CARTESIAN_POINT('',(136.908606,-42.823581,8.5));
#11331 = VECTOR('',#11332,1.);
#11332 = DIRECTION('',(0.,0.,1.));
#11333 = ORIENTED_EDGE('',*,*,#8261,.F.);
#11334 = ORIENTED_EDGE('',*,*,#11335,.F.);
#11335 = EDGE_CURVE('',#6545,#8238,#11336,.T.);
#11336 = LINE('',#11337,#11338);
#11337 = CARTESIAN_POINT('',(136.908606,-56.8238,8.5));
#11338 = VECTOR('',#11339,1.);
#11339 = DIRECTION('',(0.,0.,1.));
#11340 = PLANE('',#11341);
#11341 = AXIS2_PLACEMENT_3D('',#11342,#11343,#11344);
#11342 = CARTESIAN_POINT('',(136.908606,-42.823581,8.5));
#11343 = DIRECTION('',(1.,0.,0.));
#11344 = DIRECTION('',(0.,-1.,0.));
#11345 = ADVANCED_FACE('',(#11346),#11357,.F.);
#11346 = FACE_BOUND('',#11347,.F.);
#11347 = EDGE_LOOP('',(#11348,#11349,#11355,#11356));
#11348 = ORIENTED_EDGE('',*,*,#6568,.F.);
#11349 = ORIENTED_EDGE('',*,*,#11350,.T.);
#11350 = EDGE_CURVE('',#6561,#8246,#11351,.T.);
#11351 = LINE('',#11352,#11353);
#11352 = CARTESIAN_POINT('',(122.908247,-42.823581,8.5));
#11353 = VECTOR('',#11354,1.);
#11354 = DIRECTION('',(0.,0.,1.));
#11355 = ORIENTED_EDGE('',*,*,#8253,.F.);
#11356 = ORIENTED_EDGE('',*,*,#11328,.F.);
#11357 = PLANE('',#11358);
#11358 = AXIS2_PLACEMENT_3D('',#11359,#11360,#11361);
#11359 = CARTESIAN_POINT('',(122.908247,-42.823581,8.5));
#11360 = DIRECTION('',(0.,1.,0.));
#11361 = DIRECTION('',(1.,0.,0.));
#11362 = ADVANCED_FACE('',(#11363),#11374,.F.);
#11363 = FACE_BOUND('',#11364,.F.);
#11364 = EDGE_LOOP('',(#11365,#11366,#11367,#11368));
#11365 = ORIENTED_EDGE('',*,*,#6552,.F.);
#11366 = ORIENTED_EDGE('',*,*,#11335,.T.);
#11367 = ORIENTED_EDGE('',*,*,#8235,.F.);
#11368 = ORIENTED_EDGE('',*,*,#11369,.F.);
#11369 = EDGE_CURVE('',#6553,#8236,#11370,.T.);
#11370 = LINE('',#11371,#11372);
#11371 = CARTESIAN_POINT('',(122.908247,-56.8238,8.5));
#11372 = VECTOR('',#11373,1.);
#11373 = DIRECTION('',(0.,0.,1.));
#11374 = PLANE('',#11375);
#11375 = AXIS2_PLACEMENT_3D('',#11376,#11377,#11378);
#11376 = CARTESIAN_POINT('',(136.908606,-56.8238,8.5));
#11377 = DIRECTION('',(0.,-1.,0.));
#11378 = DIRECTION('',(-1.,0.,0.));
#11379 = ADVANCED_FACE('',(#11380),#11386,.F.);
#11380 = FACE_BOUND('',#11381,.F.);
#11381 = EDGE_LOOP('',(#11382,#11383,#11384,#11385));
#11382 = ORIENTED_EDGE('',*,*,#6560,.F.);
#11383 = ORIENTED_EDGE('',*,*,#11369,.T.);
#11384 = ORIENTED_EDGE('',*,*,#8245,.F.);
#11385 = ORIENTED_EDGE('',*,*,#11350,.F.);
#11386 = PLANE('',#11387);
#11387 = AXIS2_PLACEMENT_3D('',#11388,#11389,#11390);
#11388 = CARTESIAN_POINT('',(122.908247,-56.8238,8.5));
#11389 = DIRECTION('',(-1.,0.,0.));
#11390 = DIRECTION('',(0.,1.,0.));
#11391 = ADVANCED_FACE('',(#11392),#11408,.F.);
#11392 = FACE_BOUND('',#11393,.F.);
#11393 = EDGE_LOOP('',(#11394,#11395,#11401,#11402));
#11394 = ORIENTED_EDGE('',*,*,#6576,.F.);
#11395 = ORIENTED_EDGE('',*,*,#11396,.T.);
#11396 = EDGE_CURVE('',#6577,#8288,#11397,.T.);
#11397 = LINE('',#11398,#11399);
#11398 = CARTESIAN_POINT('',(155.959095,-42.80358,8.5));
#11399 = VECTOR('',#11400,1.);
#11400 = DIRECTION('',(0.,0.,1.));
#11401 = ORIENTED_EDGE('',*,*,#8295,.F.);
#11402 = ORIENTED_EDGE('',*,*,#11403,.F.);
#11403 = EDGE_CURVE('',#6579,#8272,#11404,.T.);
#11404 = LINE('',#11405,#11406);
#11405 = CARTESIAN_POINT('',(155.959095,-56.8038,8.5));
#11406 = VECTOR('',#11407,1.);
#11407 = DIRECTION('',(0.,0.,1.));
#11408 = PLANE('',#11409);
#11409 = AXIS2_PLACEMENT_3D('',#11410,#11411,#11412);
#11410 = CARTESIAN_POINT('',(155.959095,-42.80358,8.5));
#11411 = DIRECTION('',(1.,0.,0.));
#11412 = DIRECTION('',(0.,-1.,0.));
#11413 = ADVANCED_FACE('',(#11414),#11425,.F.);
#11414 = FACE_BOUND('',#11415,.F.);
#11415 = EDGE_LOOP('',(#11416,#11417,#11423,#11424));
#11416 = ORIENTED_EDGE('',*,*,#6602,.F.);
#11417 = ORIENTED_EDGE('',*,*,#11418,.T.);
#11418 = EDGE_CURVE('',#6595,#8280,#11419,.T.);
#11419 = LINE('',#11420,#11421);
#11420 = CARTESIAN_POINT('',(141.958736,-42.80358,8.5));
#11421 = VECTOR('',#11422,1.);
#11422 = DIRECTION('',(0.,0.,1.));
#11423 = ORIENTED_EDGE('',*,*,#8287,.F.);
#11424 = ORIENTED_EDGE('',*,*,#11396,.F.);
#11425 = PLANE('',#11426);
#11426 = AXIS2_PLACEMENT_3D('',#11427,#11428,#11429);
#11427 = CARTESIAN_POINT('',(141.958736,-42.80358,8.5));
#11428 = DIRECTION('',(0.,1.,0.));
#11429 = DIRECTION('',(1.,0.,0.));
#11430 = ADVANCED_FACE('',(#11431),#11442,.F.);
#11431 = FACE_BOUND('',#11432,.F.);
#11432 = EDGE_LOOP('',(#11433,#11434,#11435,#11436));
#11433 = ORIENTED_EDGE('',*,*,#6586,.F.);
#11434 = ORIENTED_EDGE('',*,*,#11403,.T.);
#11435 = ORIENTED_EDGE('',*,*,#8269,.F.);
#11436 = ORIENTED_EDGE('',*,*,#11437,.F.);
#11437 = EDGE_CURVE('',#6587,#8270,#11438,.T.);
#11438 = LINE('',#11439,#11440);
#11439 = CARTESIAN_POINT('',(141.958736,-56.8038,8.5));
#11440 = VECTOR('',#11441,1.);
#11441 = DIRECTION('',(0.,0.,1.));
#11442 = PLANE('',#11443);
#11443 = AXIS2_PLACEMENT_3D('',#11444,#11445,#11446);
#11444 = CARTESIAN_POINT('',(155.959095,-56.8038,8.5));
#11445 = DIRECTION('',(0.,-1.,0.));
#11446 = DIRECTION('',(-1.,0.,0.));
#11447 = ADVANCED_FACE('',(#11448),#11454,.F.);
#11448 = FACE_BOUND('',#11449,.F.);
#11449 = EDGE_LOOP('',(#11450,#11451,#11452,#11453));
#11450 = ORIENTED_EDGE('',*,*,#6594,.F.);
#11451 = ORIENTED_EDGE('',*,*,#11437,.T.);
#11452 = ORIENTED_EDGE('',*,*,#8279,.F.);
#11453 = ORIENTED_EDGE('',*,*,#11418,.F.);
#11454 = PLANE('',#11455);
#11455 = AXIS2_PLACEMENT_3D('',#11456,#11457,#11458);
#11456 = CARTESIAN_POINT('',(141.958736,-56.8038,8.5));
#11457 = DIRECTION('',(-1.,0.,0.));
#11458 = DIRECTION('',(0.,1.,0.));
#11459 = ADVANCED_FACE('',(#11460),#11471,.F.);
#11460 = FACE_BOUND('',#11461,.T.);
#11461 = EDGE_LOOP('',(#11462,#11463,#11469,#11470));
#11462 = ORIENTED_EDGE('',*,*,#6610,.F.);
#11463 = ORIENTED_EDGE('',*,*,#11464,.T.);
#11464 = EDGE_CURVE('',#6611,#8304,#11465,.T.);
#11465 = LINE('',#11466,#11467);
#11466 = CARTESIAN_POINT('',(141.05,-40.33,8.5));
#11467 = VECTOR('',#11468,1.);
#11468 = DIRECTION('',(0.,0.,1.));
#11469 = ORIENTED_EDGE('',*,*,#8303,.F.);
#11470 = ORIENTED_EDGE('',*,*,#11464,.F.);
#11471 = CYLINDRICAL_SURFACE('',#11472,1.6);
#11472 = AXIS2_PLACEMENT_3D('',#11473,#11474,#11475);
#11473 = CARTESIAN_POINT('',(139.45,-40.33,8.5));
#11474 = DIRECTION('',(-0.,-0.,-1.));
#11475 = DIRECTION('',(1.,0.,0.));
#11476 = ADVANCED_FACE('',(#11477),#11493,.T.);
#11477 = FACE_BOUND('',#11478,.T.);
#11478 = EDGE_LOOP('',(#11479,#11480,#11486,#11487));
#11479 = ORIENTED_EDGE('',*,*,#6621,.F.);
#11480 = ORIENTED_EDGE('',*,*,#11481,.T.);
#11481 = EDGE_CURVE('',#6622,#8365,#11482,.T.);
#11482 = LINE('',#11483,#11484);
#11483 = CARTESIAN_POINT('',(157.76,-68.28,8.5));
#11484 = VECTOR('',#11485,1.);
#11485 = DIRECTION('',(0.,0.,1.));
#11486 = ORIENTED_EDGE('',*,*,#8364,.F.);
#11487 = ORIENTED_EDGE('',*,*,#11488,.T.);
#11488 = EDGE_CURVE('',#8357,#6624,#11489,.T.);
#11489 = LINE('',#11490,#11491);
#11490 = CARTESIAN_POINT('',(164.51,-68.28,8.5));
#11491 = VECTOR('',#11492,1.);
#11492 = DIRECTION('',(0.,0.,-1.));
#11493 = PLANE('',#11494);
#11494 = AXIS2_PLACEMENT_3D('',#11495,#11496,#11497);
#11495 = CARTESIAN_POINT('',(157.76,-68.28,8.5));
#11496 = DIRECTION('',(0.,1.,0.));
#11497 = DIRECTION('',(1.,0.,0.));
#11498 = ADVANCED_FACE('',(#11499),#11510,.T.);
#11499 = FACE_BOUND('',#11500,.T.);
#11500 = EDGE_LOOP('',(#11501,#11502,#11503,#11504));
#11501 = ORIENTED_EDGE('',*,*,#6679,.F.);
#11502 = ORIENTED_EDGE('',*,*,#11488,.F.);
#11503 = ORIENTED_EDGE('',*,*,#8356,.F.);
#11504 = ORIENTED_EDGE('',*,*,#11505,.F.);
#11505 = EDGE_CURVE('',#6672,#8349,#11506,.T.);
#11506 = LINE('',#11507,#11508);
#11507 = CARTESIAN_POINT('',(164.51,-71.83,8.5));
#11508 = VECTOR('',#11509,1.);
#11509 = DIRECTION('',(0.,0.,1.));
#11510 = PLANE('',#11511);
#11511 = AXIS2_PLACEMENT_3D('',#11512,#11513,#11514);
#11512 = CARTESIAN_POINT('',(164.51,-68.13,8.5));
#11513 = DIRECTION('',(1.,-2.2E-16,0.));
#11514 = DIRECTION('',(-2.2E-16,-1.,0.));
#11515 = ADVANCED_FACE('',(#11516),#11527,.T.);
#11516 = FACE_BOUND('',#11517,.T.);
#11517 = EDGE_LOOP('',(#11518,#11519,#11520,#11521));
#11518 = ORIENTED_EDGE('',*,*,#6671,.F.);
#11519 = ORIENTED_EDGE('',*,*,#11505,.T.);
#11520 = ORIENTED_EDGE('',*,*,#8348,.F.);
#11521 = ORIENTED_EDGE('',*,*,#11522,.F.);
#11522 = EDGE_CURVE('',#6664,#8341,#11523,.T.);
#11523 = LINE('',#11524,#11525);
#11524 = CARTESIAN_POINT('',(178.41,-71.83,8.5));
#11525 = VECTOR('',#11526,1.);
#11526 = DIRECTION('',(0.,0.,1.));
#11527 = PLANE('',#11528);
#11528 = AXIS2_PLACEMENT_3D('',#11529,#11530,#11531);
#11529 = CARTESIAN_POINT('',(164.51,-71.83,8.5));
#11530 = DIRECTION('',(2.2E-16,1.,0.));
#11531 = DIRECTION('',(1.,-2.2E-16,0.));
#11532 = ADVANCED_FACE('',(#11533),#11544,.T.);
#11533 = FACE_BOUND('',#11534,.T.);
#11534 = EDGE_LOOP('',(#11535,#11536,#11537,#11538));
#11535 = ORIENTED_EDGE('',*,*,#6663,.F.);
#11536 = ORIENTED_EDGE('',*,*,#11522,.T.);
#11537 = ORIENTED_EDGE('',*,*,#8340,.F.);
#11538 = ORIENTED_EDGE('',*,*,#11539,.F.);
#11539 = EDGE_CURVE('',#6656,#8333,#11540,.T.);
#11540 = LINE('',#11541,#11542);
#11541 = CARTESIAN_POINT('',(178.41,-68.28,8.5));
#11542 = VECTOR('',#11543,1.);
#11543 = DIRECTION('',(0.,0.,1.));
#11544 = PLANE('',#11545);
#11545 = AXIS2_PLACEMENT_3D('',#11546,#11547,#11548);
#11546 = CARTESIAN_POINT('',(178.41,-71.83,8.5));
#11547 = DIRECTION('',(-1.,2.2E-16,0.));
#11548 = DIRECTION('',(2.2E-16,1.,0.));
#11549 = ADVANCED_FACE('',(#11550),#11561,.T.);
#11550 = FACE_BOUND('',#11551,.T.);
#11551 = EDGE_LOOP('',(#11552,#11553,#11554,#11555));
#11552 = ORIENTED_EDGE('',*,*,#6655,.F.);
#11553 = ORIENTED_EDGE('',*,*,#11539,.T.);
#11554 = ORIENTED_EDGE('',*,*,#8332,.F.);
#11555 = ORIENTED_EDGE('',*,*,#11556,.F.);
#11556 = EDGE_CURVE('',#6648,#8325,#11557,.T.);
#11557 = LINE('',#11558,#11559);
#11558 = CARTESIAN_POINT('',(186.56,-68.28,8.5));
#11559 = VECTOR('',#11560,1.);
#11560 = DIRECTION('',(0.,0.,1.));
#11561 = PLANE('',#11562);
#11562 = AXIS2_PLACEMENT_3D('',#11563,#11564,#11565);
#11563 = CARTESIAN_POINT('',(157.76,-68.28,8.5));
#11564 = DIRECTION('',(0.,1.,0.));
#11565 = DIRECTION('',(1.,0.,0.));
#11566 = ADVANCED_FACE('',(#11567),#11578,.T.);
#11567 = FACE_BOUND('',#11568,.T.);
#11568 = EDGE_LOOP('',(#11569,#11570,#11571,#11572));
#11569 = ORIENTED_EDGE('',*,*,#6647,.F.);
#11570 = ORIENTED_EDGE('',*,*,#11556,.T.);
#11571 = ORIENTED_EDGE('',*,*,#8324,.F.);
#11572 = ORIENTED_EDGE('',*,*,#11573,.F.);
#11573 = EDGE_CURVE('',#6640,#8317,#11574,.T.);
#11574 = LINE('',#11575,#11576);
#11575 = CARTESIAN_POINT('',(186.56,-39.08,8.5));
#11576 = VECTOR('',#11577,1.);
#11577 = DIRECTION('',(0.,0.,1.));
#11578 = PLANE('',#11579);
#11579 = AXIS2_PLACEMENT_3D('',#11580,#11581,#11582);
#11580 = CARTESIAN_POINT('',(186.56,-68.28,8.5));
#11581 = DIRECTION('',(-1.,0.,0.));
#11582 = DIRECTION('',(0.,1.,0.));
#11583 = ADVANCED_FACE('',(#11584),#11595,.T.);
#11584 = FACE_BOUND('',#11585,.T.);
#11585 = EDGE_LOOP('',(#11586,#11587,#11588,#11589));
#11586 = ORIENTED_EDGE('',*,*,#6639,.F.);
#11587 = ORIENTED_EDGE('',*,*,#11573,.T.);
#11588 = ORIENTED_EDGE('',*,*,#8314,.F.);
#11589 = ORIENTED_EDGE('',*,*,#11590,.F.);
#11590 = EDGE_CURVE('',#6632,#8315,#11591,.T.);
#11591 = LINE('',#11592,#11593);
#11592 = CARTESIAN_POINT('',(157.76,-39.08,8.5));
#11593 = VECTOR('',#11594,1.);
#11594 = DIRECTION('',(0.,0.,1.));
#11595 = PLANE('',#11596);
#11596 = AXIS2_PLACEMENT_3D('',#11597,#11598,#11599);
#11597 = CARTESIAN_POINT('',(186.56,-39.08,8.5));
#11598 = DIRECTION('',(0.,-1.,0.));
#11599 = DIRECTION('',(-1.,0.,0.));
#11600 = ADVANCED_FACE('',(#11601),#11607,.T.);
#11601 = FACE_BOUND('',#11602,.T.);
#11602 = EDGE_LOOP('',(#11603,#11604,#11605,#11606));
#11603 = ORIENTED_EDGE('',*,*,#6631,.F.);
#11604 = ORIENTED_EDGE('',*,*,#11590,.T.);
#11605 = ORIENTED_EDGE('',*,*,#8372,.F.);
#11606 = ORIENTED_EDGE('',*,*,#11481,.F.);
#11607 = PLANE('',#11608);
#11608 = AXIS2_PLACEMENT_3D('',#11609,#11610,#11611);
#11609 = CARTESIAN_POINT('',(157.76,-39.08,8.5));
#11610 = DIRECTION('',(1.,0.,0.));
#11611 = DIRECTION('',(0.,-1.,0.));
#11612 = ADVANCED_FACE('',(#11613),#11629,.F.);
#11613 = FACE_BOUND('',#11614,.F.);
#11614 = EDGE_LOOP('',(#11615,#11616,#11622,#11623));
#11615 = ORIENTED_EDGE('',*,*,#6687,.F.);
#11616 = ORIENTED_EDGE('',*,*,#11617,.T.);
#11617 = EDGE_CURVE('',#6688,#8399,#11618,.T.);
#11618 = LINE('',#11619,#11620);
#11619 = CARTESIAN_POINT('',(117.908119,-21.453245,8.5));
#11620 = VECTOR('',#11621,1.);
#11621 = DIRECTION('',(0.,0.,1.));
#11622 = ORIENTED_EDGE('',*,*,#8406,.F.);
#11623 = ORIENTED_EDGE('',*,*,#11624,.F.);
#11624 = EDGE_CURVE('',#6690,#8383,#11625,.T.);
#11625 = LINE('',#11626,#11627);
#11626 = CARTESIAN_POINT('',(117.908119,-35.453465,8.5));
#11627 = VECTOR('',#11628,1.);
#11628 = DIRECTION('',(0.,0.,1.));
#11629 = PLANE('',#11630);
#11630 = AXIS2_PLACEMENT_3D('',#11631,#11632,#11633);
#11631 = CARTESIAN_POINT('',(117.908119,-21.453245,8.5));
#11632 = DIRECTION('',(1.,0.,0.));
#11633 = DIRECTION('',(0.,-1.,0.));
#11634 = ADVANCED_FACE('',(#11635),#11646,.F.);
#11635 = FACE_BOUND('',#11636,.F.);
#11636 = EDGE_LOOP('',(#11637,#11638,#11644,#11645));
#11637 = ORIENTED_EDGE('',*,*,#6713,.F.);
#11638 = ORIENTED_EDGE('',*,*,#11639,.T.);
#11639 = EDGE_CURVE('',#6706,#8391,#11640,.T.);
#11640 = LINE('',#11641,#11642);
#11641 = CARTESIAN_POINT('',(103.90776,-21.453245,8.5));
#11642 = VECTOR('',#11643,1.);
#11643 = DIRECTION('',(0.,0.,1.));
#11644 = ORIENTED_EDGE('',*,*,#8398,.F.);
#11645 = ORIENTED_EDGE('',*,*,#11617,.F.);
#11646 = PLANE('',#11647);
#11647 = AXIS2_PLACEMENT_3D('',#11648,#11649,#11650);
#11648 = CARTESIAN_POINT('',(103.90776,-21.453245,8.5));
#11649 = DIRECTION('',(0.,1.,0.));
#11650 = DIRECTION('',(1.,0.,0.));
#11651 = ADVANCED_FACE('',(#11652),#11663,.F.);
#11652 = FACE_BOUND('',#11653,.F.);
#11653 = EDGE_LOOP('',(#11654,#11655,#11656,#11657));
#11654 = ORIENTED_EDGE('',*,*,#6697,.F.);
#11655 = ORIENTED_EDGE('',*,*,#11624,.T.);
#11656 = ORIENTED_EDGE('',*,*,#8380,.F.);
#11657 = ORIENTED_EDGE('',*,*,#11658,.F.);
#11658 = EDGE_CURVE('',#6698,#8381,#11659,.T.);
#11659 = LINE('',#11660,#11661);
#11660 = CARTESIAN_POINT('',(103.90776,-35.453465,8.5));
#11661 = VECTOR('',#11662,1.);
#11662 = DIRECTION('',(0.,0.,1.));
#11663 = PLANE('',#11664);
#11664 = AXIS2_PLACEMENT_3D('',#11665,#11666,#11667);
#11665 = CARTESIAN_POINT('',(117.908119,-35.453465,8.5));
#11666 = DIRECTION('',(0.,-1.,0.));
#11667 = DIRECTION('',(-1.,0.,0.));
#11668 = ADVANCED_FACE('',(#11669),#11675,.F.);
#11669 = FACE_BOUND('',#11670,.F.);
#11670 = EDGE_LOOP('',(#11671,#11672,#11673,#11674));
#11671 = ORIENTED_EDGE('',*,*,#6705,.F.);
#11672 = ORIENTED_EDGE('',*,*,#11658,.T.);
#11673 = ORIENTED_EDGE('',*,*,#8390,.F.);
#11674 = ORIENTED_EDGE('',*,*,#11639,.F.);
#11675 = PLANE('',#11676);
#11676 = AXIS2_PLACEMENT_3D('',#11677,#11678,#11679);
#11677 = CARTESIAN_POINT('',(103.90776,-35.453465,8.5));
#11678 = DIRECTION('',(-1.,0.,0.));
#11679 = DIRECTION('',(0.,1.,0.));
#11680 = ADVANCED_FACE('',(#11681),#11697,.F.);
#11681 = FACE_BOUND('',#11682,.F.);
#11682 = EDGE_LOOP('',(#11683,#11684,#11690,#11691));
#11683 = ORIENTED_EDGE('',*,*,#6721,.F.);
#11684 = ORIENTED_EDGE('',*,*,#11685,.T.);
#11685 = EDGE_CURVE('',#6722,#8433,#11686,.T.);
#11686 = LINE('',#11687,#11688);
#11687 = CARTESIAN_POINT('',(136.908606,-23.823282,8.5));
#11688 = VECTOR('',#11689,1.);
#11689 = DIRECTION('',(0.,0.,1.));
#11690 = ORIENTED_EDGE('',*,*,#8440,.F.);
#11691 = ORIENTED_EDGE('',*,*,#11692,.F.);
#11692 = EDGE_CURVE('',#6724,#8417,#11693,.T.);
#11693 = LINE('',#11694,#11695);
#11694 = CARTESIAN_POINT('',(136.908606,-37.823502,8.5));
#11695 = VECTOR('',#11696,1.);
#11696 = DIRECTION('',(0.,0.,1.));
#11697 = PLANE('',#11698);
#11698 = AXIS2_PLACEMENT_3D('',#11699,#11700,#11701);
#11699 = CARTESIAN_POINT('',(136.908606,-23.823282,8.5));
#11700 = DIRECTION('',(1.,0.,0.));
#11701 = DIRECTION('',(0.,-1.,0.));
#11702 = ADVANCED_FACE('',(#11703),#11714,.F.);
#11703 = FACE_BOUND('',#11704,.F.);
#11704 = EDGE_LOOP('',(#11705,#11706,#11712,#11713));
#11705 = ORIENTED_EDGE('',*,*,#6747,.F.);
#11706 = ORIENTED_EDGE('',*,*,#11707,.T.);
#11707 = EDGE_CURVE('',#6740,#8425,#11708,.T.);
#11708 = LINE('',#11709,#11710);
#11709 = CARTESIAN_POINT('',(122.908247,-23.823282,8.5));
#11710 = VECTOR('',#11711,1.);
#11711 = DIRECTION('',(0.,0.,1.));
#11712 = ORIENTED_EDGE('',*,*,#8432,.F.);
#11713 = ORIENTED_EDGE('',*,*,#11685,.F.);
#11714 = PLANE('',#11715);
#11715 = AXIS2_PLACEMENT_3D('',#11716,#11717,#11718);
#11716 = CARTESIAN_POINT('',(122.908247,-23.823282,8.5));
#11717 = DIRECTION('',(0.,1.,0.));
#11718 = DIRECTION('',(1.,0.,0.));
#11719 = ADVANCED_FACE('',(#11720),#11731,.F.);
#11720 = FACE_BOUND('',#11721,.F.);
#11721 = EDGE_LOOP('',(#11722,#11723,#11724,#11725));
#11722 = ORIENTED_EDGE('',*,*,#6731,.F.);
#11723 = ORIENTED_EDGE('',*,*,#11692,.T.);
#11724 = ORIENTED_EDGE('',*,*,#8414,.F.);
#11725 = ORIENTED_EDGE('',*,*,#11726,.F.);
#11726 = EDGE_CURVE('',#6732,#8415,#11727,.T.);
#11727 = LINE('',#11728,#11729);
#11728 = CARTESIAN_POINT('',(122.908247,-37.823502,8.5));
#11729 = VECTOR('',#11730,1.);
#11730 = DIRECTION('',(0.,0.,1.));
#11731 = PLANE('',#11732);
#11732 = AXIS2_PLACEMENT_3D('',#11733,#11734,#11735);
#11733 = CARTESIAN_POINT('',(136.908606,-37.823502,8.5));
#11734 = DIRECTION('',(0.,-1.,0.));
#11735 = DIRECTION('',(-1.,0.,0.));
#11736 = ADVANCED_FACE('',(#11737),#11743,.F.);
#11737 = FACE_BOUND('',#11738,.F.);
#11738 = EDGE_LOOP('',(#11739,#11740,#11741,#11742));
#11739 = ORIENTED_EDGE('',*,*,#6739,.F.);
#11740 = ORIENTED_EDGE('',*,*,#11726,.T.);
#11741 = ORIENTED_EDGE('',*,*,#8424,.F.);
#11742 = ORIENTED_EDGE('',*,*,#11707,.F.);
#11743 = PLANE('',#11744);
#11744 = AXIS2_PLACEMENT_3D('',#11745,#11746,#11747);
#11745 = CARTESIAN_POINT('',(122.908247,-37.823502,8.5));
#11746 = DIRECTION('',(-1.,0.,0.));
#11747 = DIRECTION('',(0.,1.,0.));
#11748 = ADVANCED_FACE('',(#11749),#11765,.F.);
#11749 = FACE_BOUND('',#11750,.F.);
#11750 = EDGE_LOOP('',(#11751,#11752,#11758,#11759));
#11751 = ORIENTED_EDGE('',*,*,#6755,.F.);
#11752 = ORIENTED_EDGE('',*,*,#11753,.T.);
#11753 = EDGE_CURVE('',#6756,#8467,#11754,.T.);
#11754 = LINE('',#11755,#11756);
#11755 = CARTESIAN_POINT('',(155.959095,-23.883283,8.5));
#11756 = VECTOR('',#11757,1.);
#11757 = DIRECTION('',(0.,0.,1.));
#11758 = ORIENTED_EDGE('',*,*,#8474,.F.);
#11759 = ORIENTED_EDGE('',*,*,#11760,.F.);
#11760 = EDGE_CURVE('',#6758,#8451,#11761,.T.);
#11761 = LINE('',#11762,#11763);
#11762 = CARTESIAN_POINT('',(155.959095,-37.883503,8.5));
#11763 = VECTOR('',#11764,1.);
#11764 = DIRECTION('',(0.,0.,1.));
#11765 = PLANE('',#11766);
#11766 = AXIS2_PLACEMENT_3D('',#11767,#11768,#11769);
#11767 = CARTESIAN_POINT('',(155.959095,-23.883283,8.5));
#11768 = DIRECTION('',(1.,0.,0.));
#11769 = DIRECTION('',(0.,-1.,0.));
#11770 = ADVANCED_FACE('',(#11771),#11782,.F.);
#11771 = FACE_BOUND('',#11772,.F.);
#11772 = EDGE_LOOP('',(#11773,#11774,#11780,#11781));
#11773 = ORIENTED_EDGE('',*,*,#6781,.F.);
#11774 = ORIENTED_EDGE('',*,*,#11775,.T.);
#11775 = EDGE_CURVE('',#6774,#8459,#11776,.T.);
#11776 = LINE('',#11777,#11778);
#11777 = CARTESIAN_POINT('',(141.958736,-23.883283,8.5));
#11778 = VECTOR('',#11779,1.);
#11779 = DIRECTION('',(0.,0.,1.));
#11780 = ORIENTED_EDGE('',*,*,#8466,.F.);
#11781 = ORIENTED_EDGE('',*,*,#11753,.F.);
#11782 = PLANE('',#11783);
#11783 = AXIS2_PLACEMENT_3D('',#11784,#11785,#11786);
#11784 = CARTESIAN_POINT('',(141.958736,-23.883283,8.5));
#11785 = DIRECTION('',(0.,1.,0.));
#11786 = DIRECTION('',(1.,0.,0.));
#11787 = ADVANCED_FACE('',(#11788),#11799,.F.);
#11788 = FACE_BOUND('',#11789,.F.);
#11789 = EDGE_LOOP('',(#11790,#11791,#11792,#11793));
#11790 = ORIENTED_EDGE('',*,*,#6765,.F.);
#11791 = ORIENTED_EDGE('',*,*,#11760,.T.);
#11792 = ORIENTED_EDGE('',*,*,#8448,.F.);
#11793 = ORIENTED_EDGE('',*,*,#11794,.F.);
#11794 = EDGE_CURVE('',#6766,#8449,#11795,.T.);
#11795 = LINE('',#11796,#11797);
#11796 = CARTESIAN_POINT('',(141.958736,-37.883503,8.5));
#11797 = VECTOR('',#11798,1.);
#11798 = DIRECTION('',(0.,0.,1.));
#11799 = PLANE('',#11800);
#11800 = AXIS2_PLACEMENT_3D('',#11801,#11802,#11803);
#11801 = CARTESIAN_POINT('',(155.959095,-37.883503,8.5));
#11802 = DIRECTION('',(0.,-1.,0.));
#11803 = DIRECTION('',(-1.,0.,0.));
#11804 = ADVANCED_FACE('',(#11805),#11811,.F.);
#11805 = FACE_BOUND('',#11806,.F.);
#11806 = EDGE_LOOP('',(#11807,#11808,#11809,#11810));
#11807 = ORIENTED_EDGE('',*,*,#6773,.F.);
#11808 = ORIENTED_EDGE('',*,*,#11794,.T.);
#11809 = ORIENTED_EDGE('',*,*,#8458,.F.);
#11810 = ORIENTED_EDGE('',*,*,#11775,.F.);
#11811 = PLANE('',#11812);
#11812 = AXIS2_PLACEMENT_3D('',#11813,#11814,#11815);
#11813 = CARTESIAN_POINT('',(141.958736,-37.883503,8.5));
#11814 = DIRECTION('',(-1.,0.,0.));
#11815 = DIRECTION('',(0.,1.,0.));
#11816 = ADVANCED_FACE('',(#11817),#11828,.F.);
#11817 = FACE_BOUND('',#11818,.T.);
#11818 = EDGE_LOOP('',(#11819,#11820,#11826,#11827));
#11819 = ORIENTED_EDGE('',*,*,#6789,.F.);
#11820 = ORIENTED_EDGE('',*,*,#11821,.T.);
#11821 = EDGE_CURVE('',#6790,#8483,#11822,.T.);
#11822 = LINE('',#11823,#11824);
#11823 = CARTESIAN_POINT('',(192.448572,-28.568915,8.5));
#11824 = VECTOR('',#11825,1.);
#11825 = DIRECTION('',(0.,0.,1.));
#11826 = ORIENTED_EDGE('',*,*,#8482,.F.);
#11827 = ORIENTED_EDGE('',*,*,#11821,.F.);
#11828 = CYLINDRICAL_SURFACE('',#11829,1.6);
#11829 = AXIS2_PLACEMENT_3D('',#11830,#11831,#11832);
#11830 = CARTESIAN_POINT('',(190.848572,-28.568915,8.5));
#11831 = DIRECTION('',(-0.,-0.,-1.));
#11832 = DIRECTION('',(1.,0.,0.));
#11833 = ADVANCED_FACE('',(#11834),#11845,.F.);
#11834 = FACE_BOUND('',#11835,.T.);
#11835 = EDGE_LOOP('',(#11836,#11837,#11843,#11844));
#11836 = ORIENTED_EDGE('',*,*,#6800,.F.);
#11837 = ORIENTED_EDGE('',*,*,#11838,.T.);
#11838 = EDGE_CURVE('',#6801,#8494,#11839,.T.);
#11839 = LINE('',#11840,#11841);
#11840 = CARTESIAN_POINT('',(156.518248,-17.6122,8.5));
#11841 = VECTOR('',#11842,1.);
#11842 = DIRECTION('',(0.,0.,1.));
#11843 = ORIENTED_EDGE('',*,*,#8493,.F.);
#11844 = ORIENTED_EDGE('',*,*,#11838,.F.);
#11845 = CYLINDRICAL_SURFACE('',#11846,1.6);
#11846 = AXIS2_PLACEMENT_3D('',#11847,#11848,#11849);
#11847 = CARTESIAN_POINT('',(154.918248,-17.6122,8.5));
#11848 = DIRECTION('',(-0.,-0.,-1.));
#11849 = DIRECTION('',(1.,0.,0.));
#11850 = MANIFOLD_SOLID_BREP('',#11851);
#11851 = CLOSED_SHELL('',(#11852,#11892,#11928,#11961,#12680,#13399,
    #13416,#13433,#13453,#13470,#13487,#13504,#13521,#13538,#13555,
    #13575,#13592,#13609,#13626,#13643,#13660,#13680,#13697,#13714,
    #13734,#13751,#13768,#13785,#13802,#13819,#13836,#13853,#13870,
    #13887,#13904,#13924,#13941,#13958,#13975,#13992,#14012,#14029,
    #14046,#14063,#14083,#14100,#14117,#14137,#14157,#14177,#14194,
    #14211,#14231,#14251,#14268,#14285,#14302,#14322,#14342,#14359,
    #14379,#14396,#14413,#14430,#14447,#14464,#14484,#14504,#14516,
    #14533,#14550,#14567,#14584,#14601,#14618,#14635,#14652,#14669,
    #14686,#14708,#14725,#14742,#14754,#14771));
#11852 = ADVANCED_FACE('',(#11853),#11887,.F.);
#11853 = FACE_BOUND('',#11854,.F.);
#11854 = EDGE_LOOP('',(#11855,#11865,#11873,#11881));
#11855 = ORIENTED_EDGE('',*,*,#11856,.T.);
#11856 = EDGE_CURVE('',#11857,#11859,#11861,.T.);
#11857 = VERTEX_POINT('',#11858);
#11858 = CARTESIAN_POINT('',(100.407671,-13.573121,-2.));
#11859 = VERTEX_POINT('',#11860);
#11860 = CARTESIAN_POINT('',(100.407671,-13.573121,0.));
#11861 = LINE('',#11862,#11863);
#11862 = CARTESIAN_POINT('',(100.407671,-13.573121,-2.));
#11863 = VECTOR('',#11864,1.);
#11864 = DIRECTION('',(0.,0.,1.));
#11865 = ORIENTED_EDGE('',*,*,#11866,.T.);
#11866 = EDGE_CURVE('',#11859,#11867,#11869,.T.);
#11867 = VERTEX_POINT('',#11868);
#11868 = CARTESIAN_POINT('',(99.090423,-13.57352,0.));
#11869 = LINE('',#11870,#11871);
#11870 = CARTESIAN_POINT('',(100.407671,-13.573121,0.));
#11871 = VECTOR('',#11872,1.);
#11872 = DIRECTION('',(-0.999999954125,-3.029042228062E-04,0.));
#11873 = ORIENTED_EDGE('',*,*,#11874,.F.);
#11874 = EDGE_CURVE('',#11875,#11867,#11877,.T.);
#11875 = VERTEX_POINT('',#11876);
#11876 = CARTESIAN_POINT('',(99.090423,-13.57352,-2.));
#11877 = LINE('',#11878,#11879);
#11878 = CARTESIAN_POINT('',(99.090423,-13.57352,-2.));
#11879 = VECTOR('',#11880,1.);
#11880 = DIRECTION('',(0.,0.,1.));
#11881 = ORIENTED_EDGE('',*,*,#11882,.F.);
#11882 = EDGE_CURVE('',#11857,#11875,#11883,.T.);
#11883 = LINE('',#11884,#11885);
#11884 = CARTESIAN_POINT('',(100.407671,-13.573121,-2.));
#11885 = VECTOR('',#11886,1.);
#11886 = DIRECTION('',(-0.999999954125,-3.029042228062E-04,0.));
#11887 = PLANE('',#11888);
#11888 = AXIS2_PLACEMENT_3D('',#11889,#11890,#11891);
#11889 = CARTESIAN_POINT('',(100.407671,-13.573121,-2.));
#11890 = DIRECTION('',(3.029042228062E-04,-0.999999954125,0.));
#11891 = DIRECTION('',(-0.999999954125,-3.029042228062E-04,0.));
#11892 = ADVANCED_FACE('',(#11893),#11920,.F.);
#11893 = FACE_BOUND('',#11894,.F.);
#11894 = EDGE_LOOP('',(#11895,#11905,#11912,#11913));
#11895 = ORIENTED_EDGE('',*,*,#11896,.T.);
#11896 = EDGE_CURVE('',#11897,#11899,#11901,.T.);
#11897 = VERTEX_POINT('',#11898);
#11898 = CARTESIAN_POINT('',(104.004763,-15.823157,-2.));
#11899 = VERTEX_POINT('',#11900);
#11900 = CARTESIAN_POINT('',(104.004763,-15.823157,0.));
#11901 = LINE('',#11902,#11903);
#11902 = CARTESIAN_POINT('',(104.004763,-15.823157,-2.));
#11903 = VECTOR('',#11904,1.);
#11904 = DIRECTION('',(0.,0.,1.));
#11905 = ORIENTED_EDGE('',*,*,#11906,.T.);
#11906 = EDGE_CURVE('',#11899,#11859,#11907,.T.);
#11907 = B_SPLINE_CURVE_WITH_KNOTS('',3,(#11908,#11909,#11910,#11911),
  .UNSPECIFIED.,.F.,.F.,(4,4),(0.,1.),.PIECEWISE_BEZIER_KNOTS.);
#11908 = CARTESIAN_POINT('',(104.004763,-15.823157,0.));
#11909 = CARTESIAN_POINT('',(103.334746,-14.447135,0.));
#11910 = CARTESIAN_POINT('',(101.93871,-13.573121,0.));
#11911 = CARTESIAN_POINT('',(100.407671,-13.573121,0.));
#11912 = ORIENTED_EDGE('',*,*,#11856,.F.);
#11913 = ORIENTED_EDGE('',*,*,#11914,.F.);
#11914 = EDGE_CURVE('',#11897,#11857,#11915,.T.);
#11915 = B_SPLINE_CURVE_WITH_KNOTS('',3,(#11916,#11917,#11918,#11919),
  .UNSPECIFIED.,.F.,.F.,(4,4),(0.,1.),.PIECEWISE_BEZIER_KNOTS.);
#11916 = CARTESIAN_POINT('',(104.004763,-15.823157,-2.));
#11917 = CARTESIAN_POINT('',(103.334746,-14.447135,-2.));
#11918 = CARTESIAN_POINT('',(101.93871,-13.573121,-2.));
#11919 = CARTESIAN_POINT('',(100.407671,-13.573121,-2.));
#11920 = SURFACE_OF_LINEAR_EXTRUSION('',#11921,#11926);
#11921 = B_SPLINE_CURVE_WITH_KNOTS('',3,(#11922,#11923,#11924,#11925),
  .UNSPECIFIED.,.F.,.F.,(4,4),(0.,1.),.PIECEWISE_BEZIER_KNOTS.);
#11922 = CARTESIAN_POINT('',(104.004763,-15.823157,-2.));
#11923 = CARTESIAN_POINT('',(103.334746,-14.447135,-2.));
#11924 = CARTESIAN_POINT('',(101.93871,-13.573121,-2.));
#11925 = CARTESIAN_POINT('',(100.407671,-13.573121,-2.));
#11926 = VECTOR('',#11927,1.);
#11927 = DIRECTION('',(-0.,-0.,-1.));
#11928 = ADVANCED_FACE('',(#11929),#11956,.F.);
#11929 = FACE_BOUND('',#11930,.T.);
#11930 = EDGE_LOOP('',(#11931,#11941,#11948,#11949));
#11931 = ORIENTED_EDGE('',*,*,#11932,.T.);
#11932 = EDGE_CURVE('',#11933,#11935,#11937,.T.);
#11933 = VERTEX_POINT('',#11934);
#11934 = CARTESIAN_POINT('',(94.71741,-11.000255,-2.));
#11935 = VERTEX_POINT('',#11936);
#11936 = CARTESIAN_POINT('',(94.71741,-11.000255,0.));
#11937 = LINE('',#11938,#11939);
#11938 = CARTESIAN_POINT('',(94.71741,-11.000255,-2.));
#11939 = VECTOR('',#11940,1.);
#11940 = DIRECTION('',(0.,0.,1.));
#11941 = ORIENTED_EDGE('',*,*,#11942,.T.);
#11942 = EDGE_CURVE('',#11935,#11867,#11943,.T.);
#11943 = CIRCLE('',#11944,4.999653);
#11944 = AXIS2_PLACEMENT_3D('',#11945,#11946,#11947);
#11945 = CARTESIAN_POINT('',(99.088813967872,-8.573867258916,0.));
#11946 = DIRECTION('',(0.,0.,1.));
#11947 = DIRECTION('',(1.,0.,0.));
#11948 = ORIENTED_EDGE('',*,*,#11874,.F.);
#11949 = ORIENTED_EDGE('',*,*,#11950,.F.);
#11950 = EDGE_CURVE('',#11933,#11875,#11951,.T.);
#11951 = CIRCLE('',#11952,4.999653);
#11952 = AXIS2_PLACEMENT_3D('',#11953,#11954,#11955);
#11953 = CARTESIAN_POINT('',(99.088813967872,-8.573867258916,-2.));
#11954 = DIRECTION('',(0.,0.,1.));
#11955 = DIRECTION('',(1.,0.,0.));
#11956 = CYLINDRICAL_SURFACE('',#11957,4.999653);
#11957 = AXIS2_PLACEMENT_3D('',#11958,#11959,#11960);
#11958 = CARTESIAN_POINT('',(99.088813967872,-8.573867258916,-2.));
#11959 = DIRECTION('',(-0.,-0.,-1.));
#11960 = DIRECTION('',(1.,0.,0.));
#11961 = ADVANCED_FACE('',(#11962,#12509,#12520,#12531,#12542,#12553,
    #12564,#12575,#12586,#12597,#12608,#12619,#12653,#12664),#12675,.F.
  );
#11962 = FACE_BOUND('',#11963,.F.);
#11963 = EDGE_LOOP('',(#11964,#11965,#11966,#11975,#11984,#11993,#12001,
    #12010,#12018,#12026,#12035,#12043,#12051,#12060,#12069,#12078,
    #12087,#12096,#12104,#12112,#12120,#12128,#12136,#12145,#12154,
    #12163,#12172,#12180,#12189,#12198,#12206,#12214,#12223,#12232,
    #12241,#12250,#12259,#12267,#12276,#12285,#12293,#12302,#12311,
    #12320,#12329,#12338,#12347,#12355,#12364,#12372,#12380,#12388,
    #12397,#12406,#12415,#12424,#12433,#12441,#12449,#12458,#12467,
    #12476,#12485,#12493,#12502,#12508));
#11964 = ORIENTED_EDGE('',*,*,#11882,.T.);
#11965 = ORIENTED_EDGE('',*,*,#11950,.F.);
#11966 = ORIENTED_EDGE('',*,*,#11967,.T.);
#11967 = EDGE_CURVE('',#11933,#11968,#11970,.T.);
#11968 = VERTEX_POINT('',#11969);
#11969 = CARTESIAN_POINT('',(92.076908,-9.424245,-2.));
#11970 = CIRCLE('',#11971,3.);
#11971 = AXIS2_PLACEMENT_3D('',#11972,#11973,#11974);
#11972 = CARTESIAN_POINT('',(92.076907684171,-12.424245,-2.));
#11973 = DIRECTION('',(0.,0.,1.));
#11974 = DIRECTION('',(1.,0.,0.));
#11975 = ORIENTED_EDGE('',*,*,#11976,.T.);
#11976 = EDGE_CURVE('',#11968,#11977,#11979,.T.);
#11977 = VERTEX_POINT('',#11978);
#11978 = CARTESIAN_POINT('',(89.447276,-10.980279,-2.));
#11979 = CIRCLE('',#11980,3.);
#11980 = AXIS2_PLACEMENT_3D('',#11981,#11982,#11983);
#11981 = CARTESIAN_POINT('',(92.076907569411,-12.424245,-2.));
#11982 = DIRECTION('',(0.,0.,1.));
#11983 = DIRECTION('',(1.,0.,0.));
#11984 = ORIENTED_EDGE('',*,*,#11985,.F.);
#11985 = EDGE_CURVE('',#11986,#11977,#11988,.T.);
#11986 = VERTEX_POINT('',#11987);
#11987 = CARTESIAN_POINT('',(85.076012,-13.573655,-2.));
#11988 = CIRCLE('',#11989,5.);
#11989 = AXIS2_PLACEMENT_3D('',#11990,#11991,#11992);
#11990 = CARTESIAN_POINT('',(85.064557200175,-8.573668121261,-2.));
#11991 = DIRECTION('',(0.,0.,1.));
#11992 = DIRECTION('',(1.,0.,0.));
#11993 = ORIENTED_EDGE('',*,*,#11994,.T.);
#11994 = EDGE_CURVE('',#11986,#11995,#11997,.T.);
#11995 = VERTEX_POINT('',#11996);
#11996 = CARTESIAN_POINT('',(83.407235,-13.573121,-2.));
#11997 = LINE('',#11998,#11999);
#11998 = CARTESIAN_POINT('',(85.076012,-13.573655,-2.));
#11999 = VECTOR('',#12000,1.);
#12000 = DIRECTION('',(-0.999999948802,3.19994806165E-04,0.));
#12001 = ORIENTED_EDGE('',*,*,#12002,.T.);
#12002 = EDGE_CURVE('',#11995,#12003,#12005,.T.);
#12003 = VERTEX_POINT('',#12004);
#12004 = CARTESIAN_POINT('',(79.407132,-17.573184,-2.));
#12005 = B_SPLINE_CURVE_WITH_KNOTS('',3,(#12006,#12007,#12008,#12009),
  .UNSPECIFIED.,.F.,.F.,(4,4),(0.,1.),.PIECEWISE_BEZIER_KNOTS.);
#12006 = CARTESIAN_POINT('',(83.407235,-13.573121,-2.));
#12007 = CARTESIAN_POINT('',(81.198178,-13.573121,-2.));
#12008 = CARTESIAN_POINT('',(79.407132,-15.36415,-2.));
#12009 = CARTESIAN_POINT('',(79.407132,-17.573184,-2.));
#12010 = ORIENTED_EDGE('',*,*,#12011,.T.);
#12011 = EDGE_CURVE('',#12003,#12012,#12014,.T.);
#12012 = VERTEX_POINT('',#12013);
#12013 = CARTESIAN_POINT('',(79.407132,-18.5532,-2.));
#12014 = LINE('',#12015,#12016);
#12015 = CARTESIAN_POINT('',(79.407132,-17.573184,-2.));
#12016 = VECTOR('',#12017,1.);
#12017 = DIRECTION('',(0.,-1.,0.));
#12018 = ORIENTED_EDGE('',*,*,#12019,.T.);
#12019 = EDGE_CURVE('',#12012,#12020,#12022,.T.);
#12020 = VERTEX_POINT('',#12021);
#12021 = CARTESIAN_POINT('',(59.745629,-20.313227,-2.));
#12022 = LINE('',#12023,#12024);
#12023 = CARTESIAN_POINT('',(79.407132,-18.5532,-2.));
#12024 = VECTOR('',#12025,1.);
#12025 = DIRECTION('',(-0.996017326425,-8.915988706336E-02,0.));
#12026 = ORIENTED_EDGE('',*,*,#12027,.T.);
#12027 = EDGE_CURVE('',#12020,#12028,#12030,.T.);
#12028 = VERTEX_POINT('',#12029);
#12029 = CARTESIAN_POINT('',(56.556547,-23.799282,-2.));
#12030 = B_SPLINE_CURVE_WITH_KNOTS('',3,(#12031,#12032,#12033,#12034),
  .UNSPECIFIED.,.F.,.F.,(4,4),(0.,1.),.PIECEWISE_BEZIER_KNOTS.);
#12031 = CARTESIAN_POINT('',(59.745629,-20.313227,-2.));
#12032 = CARTESIAN_POINT('',(57.940582,-20.47423,-2.));
#12033 = CARTESIAN_POINT('',(56.556547,-21.987254,-2.));
#12034 = CARTESIAN_POINT('',(56.556547,-23.799282,-2.));
#12035 = ORIENTED_EDGE('',*,*,#12036,.T.);
#12036 = EDGE_CURVE('',#12028,#12037,#12039,.T.);
#12037 = VERTEX_POINT('',#12038);
#12038 = CARTESIAN_POINT('',(56.556547,-24.672296,-2.));
#12039 = LINE('',#12040,#12041);
#12040 = CARTESIAN_POINT('',(56.556547,-23.799282,-2.));
#12041 = VECTOR('',#12042,1.);
#12042 = DIRECTION('',(0.,-1.,0.));
#12043 = ORIENTED_EDGE('',*,*,#12044,.T.);
#12044 = EDGE_CURVE('',#12037,#12045,#12047,.T.);
#12045 = VERTEX_POINT('',#12046);
#12046 = CARTESIAN_POINT('',(29.053138,-29.6138,-2.));
#12047 = LINE('',#12048,#12049);
#12048 = CARTESIAN_POINT('',(56.556547,-24.672296,-2.));
#12049 = VECTOR('',#12050,1.);
#12050 = DIRECTION('',(-0.984240111386,-0.176837222156,0.));
#12051 = ORIENTED_EDGE('',*,*,#12052,.F.);
#12052 = EDGE_CURVE('',#12053,#12045,#12055,.T.);
#12053 = VERTEX_POINT('',#12054);
#12054 = CARTESIAN_POINT('',(24.372237,-27.945934,-2.));
#12055 = CIRCLE('',#12056,4.999708);
#12056 = AXIS2_PLACEMENT_3D('',#12057,#12058,#12059);
#12057 = CARTESIAN_POINT('',(28.168926859581,-24.6929006163,-2.));
#12058 = DIRECTION('',(0.,0.,1.));
#12059 = DIRECTION('',(1.,0.,0.));
#12060 = ORIENTED_EDGE('',*,*,#12061,.T.);
#12061 = EDGE_CURVE('',#12053,#12062,#12064,.T.);
#12062 = VERTEX_POINT('',#12063);
#12063 = CARTESIAN_POINT('',(22.102017,-26.907082,-2.));
#12064 = CIRCLE('',#12065,3.);
#12065 = AXIS2_PLACEMENT_3D('',#12066,#12067,#12068);
#12066 = CARTESIAN_POINT('',(22.102017071866,-29.907082,-2.));
#12067 = DIRECTION('',(0.,0.,1.));
#12068 = DIRECTION('',(1.,0.,0.));
#12069 = ORIENTED_EDGE('',*,*,#12070,.T.);
#12070 = EDGE_CURVE('',#12062,#12071,#12073,.T.);
#12071 = VERTEX_POINT('',#12072);
#12072 = CARTESIAN_POINT('',(19.261011,-28.943398,-2.));
#12073 = CIRCLE('',#12074,3.);
#12074 = AXIS2_PLACEMENT_3D('',#12075,#12076,#12077);
#12075 = CARTESIAN_POINT('',(22.102016657887,-29.907082,-2.));
#12076 = DIRECTION('',(0.,0.,1.));
#12077 = DIRECTION('',(1.,0.,0.));
#12078 = ORIENTED_EDGE('',*,*,#12079,.F.);
#12079 = EDGE_CURVE('',#12080,#12071,#12082,.T.);
#12080 = VERTEX_POINT('',#12081);
#12081 = CARTESIAN_POINT('',(16.477837,-31.940481,-2.));
#12082 = CIRCLE('',#12083,4.999611);
#12083 = AXIS2_PLACEMENT_3D('',#12084,#12085,#12086);
#12084 = CARTESIAN_POINT('',(14.526343055455,-27.33746225837,-2.));
#12085 = DIRECTION('',(0.,0.,1.));
#12086 = DIRECTION('',(1.,0.,0.));
#12087 = ORIENTED_EDGE('',*,*,#12088,.T.);
#12088 = EDGE_CURVE('',#12080,#12089,#12091,.T.);
#12089 = VERTEX_POINT('',#12090);
#12090 = CARTESIAN_POINT('',(14.308464,-35.80347,-2.));
#12091 = B_SPLINE_CURVE_WITH_KNOTS('',3,(#12092,#12093,#12094,#12095),
  .UNSPECIFIED.,.F.,.F.,(4,4),(0.,1.),.PIECEWISE_BEZIER_KNOTS.);
#12092 = CARTESIAN_POINT('',(16.477837,-31.940481,-2.));
#12093 = CARTESIAN_POINT('',(14.957523,-32.535108,-2.));
#12094 = CARTESIAN_POINT('',(14.015784,-34.1353,-2.));
#12095 = CARTESIAN_POINT('',(14.308464,-35.80347,-2.));
#12096 = ORIENTED_EDGE('',*,*,#12097,.T.);
#12097 = EDGE_CURVE('',#12089,#12098,#12100,.T.);
#12098 = VERTEX_POINT('',#12099);
#12099 = CARTESIAN_POINT('',(15.222487,-41.023552,-2.));
#12100 = LINE('',#12101,#12102);
#12101 = CARTESIAN_POINT('',(14.308464,-35.80347,-2.));
#12102 = VECTOR('',#12103,1.);
#12103 = DIRECTION('',(0.172473459679,-0.985014165231,0.));
#12104 = ORIENTED_EDGE('',*,*,#12105,.T.);
#12105 = EDGE_CURVE('',#12098,#12106,#12108,.T.);
#12106 = VERTEX_POINT('',#12107);
#12107 = CARTESIAN_POINT('',(16.274514,-47.023647,-2.));
#12108 = LINE('',#12109,#12110);
#12109 = CARTESIAN_POINT('',(15.222487,-41.023552,-2.));
#12110 = VECTOR('',#12111,1.);
#12111 = DIRECTION('',(0.172700538777,-0.984974377284,0.));
#12112 = ORIENTED_EDGE('',*,*,#12113,.T.);
#12113 = EDGE_CURVE('',#12106,#12114,#12116,.T.);
#12114 = VERTEX_POINT('',#12115);
#12115 = CARTESIAN_POINT('',(18.102561,-57.46381,-2.));
#12116 = LINE('',#12117,#12118);
#12117 = CARTESIAN_POINT('',(16.274514,-47.023647,-2.));
#12118 = VECTOR('',#12119,1.);
#12119 = DIRECTION('',(0.17247356725,-0.985014146396,0.));
#12120 = ORIENTED_EDGE('',*,*,#12121,.T.);
#12121 = EDGE_CURVE('',#12114,#12122,#12124,.T.);
#12122 = VERTEX_POINT('',#12123);
#12123 = CARTESIAN_POINT('',(19.154588,-63.463905,-2.));
#12124 = LINE('',#12125,#12126);
#12125 = CARTESIAN_POINT('',(18.102561,-57.46381,-2.));
#12126 = VECTOR('',#12127,1.);
#12127 = DIRECTION('',(0.172700538777,-0.984974377284,0.));
#12128 = ORIENTED_EDGE('',*,*,#12129,.T.);
#12129 = EDGE_CURVE('',#12122,#12130,#12132,.T.);
#12130 = VERTEX_POINT('',#12131);
#12131 = CARTESIAN_POINT('',(23.90871,-90.604331,-2.));
#12132 = LINE('',#12133,#12134);
#12133 = CARTESIAN_POINT('',(19.154588,-63.463905,-2.));
#12134 = VECTOR('',#12135,1.);
#12135 = DIRECTION('',(0.172540465078,-0.985002430408,0.));
#12136 = ORIENTED_EDGE('',*,*,#12137,.T.);
#12137 = EDGE_CURVE('',#12130,#12138,#12140,.T.);
#12138 = VERTEX_POINT('',#12139);
#12139 = CARTESIAN_POINT('',(25.350747,-92.869366,-2.));
#12140 = B_SPLINE_CURVE_WITH_KNOTS('',3,(#12141,#12142,#12143,#12144),
  .UNSPECIFIED.,.F.,.F.,(4,4),(0.,1.),.PIECEWISE_BEZIER_KNOTS.);
#12141 = CARTESIAN_POINT('',(23.90871,-90.604331,-2.));
#12142 = CARTESIAN_POINT('',(24.069714,-91.521345,-2.));
#12143 = CARTESIAN_POINT('',(24.588727,-92.335358,-2.));
#12144 = CARTESIAN_POINT('',(25.350747,-92.869366,-2.));
#12145 = ORIENTED_EDGE('',*,*,#12146,.T.);
#12146 = EDGE_CURVE('',#12138,#12147,#12149,.T.);
#12147 = VERTEX_POINT('',#12148);
#12148 = CARTESIAN_POINT('',(26.97652,-93.479687,-2.));
#12149 = B_SPLINE_CURVE_WITH_KNOTS('',3,(#12150,#12151,#12152,#12153),
  .UNSPECIFIED.,.F.,.F.,(4,4),(0.,1.),.PIECEWISE_BEZIER_KNOTS.);
#12150 = CARTESIAN_POINT('',(25.350747,-92.869366,-2.));
#12151 = CARTESIAN_POINT('',(25.837358,-93.209289,-2.));
#12152 = CARTESIAN_POINT('',(26.39718,-93.41662,-2.));
#12153 = CARTESIAN_POINT('',(26.97652,-93.479687,-2.));
#12154 = ORIENTED_EDGE('',*,*,#12155,.F.);
#12155 = EDGE_CURVE('',#12156,#12147,#12158,.T.);
#12156 = VERTEX_POINT('',#12157);
#12157 = CARTESIAN_POINT('',(42.532807,-104.075784,-2.));
#12158 = CIRCLE('',#12159,19.999941);
#12159 = AXIS2_PLACEMENT_3D('',#12160,#12161,#12162);
#12160 = CARTESIAN_POINT('',(24.819961246343,-113.3630190735,-2.));
#12161 = DIRECTION('',(0.,0.,1.));
#12162 = DIRECTION('',(1.,0.,0.));
#12163 = ORIENTED_EDGE('',*,*,#12164,.T.);
#12164 = EDGE_CURVE('',#12156,#12165,#12167,.T.);
#12165 = VERTEX_POINT('',#12166);
#12166 = CARTESIAN_POINT('',(48.919351,-107.220592,-2.));
#12167 = B_SPLINE_CURVE_WITH_KNOTS('',3,(#12168,#12169,#12170,#12171),
  .UNSPECIFIED.,.F.,.F.,(4,4),(0.,1.),.PIECEWISE_BEZIER_KNOTS.);
#12168 = CARTESIAN_POINT('',(42.532807,-104.075784,-2.));
#12169 = CARTESIAN_POINT('',(43.710081,-106.349032,-2.));
#12170 = CARTESIAN_POINT('',(46.267119,-107.695419,-2.));
#12171 = CARTESIAN_POINT('',(48.919351,-107.220592,-2.));
#12172 = ORIENTED_EDGE('',*,*,#12173,.T.);
#12173 = EDGE_CURVE('',#12165,#12174,#12176,.T.);
#12174 = VERTEX_POINT('',#12175);
#12175 = CARTESIAN_POINT('',(83.372234,-101.052495,-2.));
#12176 = LINE('',#12177,#12178);
#12177 = CARTESIAN_POINT('',(48.919351,-107.220592,-2.));
#12178 = VECTOR('',#12179,1.);
#12179 = DIRECTION('',(0.984349376177,0.17622799329,0.));
#12180 = ORIENTED_EDGE('',*,*,#12181,.T.);
#12181 = EDGE_CURVE('',#12174,#12182,#12184,.T.);
#12182 = VERTEX_POINT('',#12183);
#12183 = CARTESIAN_POINT('',(83.779303,-100.965073,-2.));
#12184 = B_SPLINE_CURVE_WITH_KNOTS('',3,(#12185,#12186,#12187,#12188),
  .UNSPECIFIED.,.F.,.F.,(4,4),(0.,1.),.PIECEWISE_BEZIER_KNOTS.);
#12185 = CARTESIAN_POINT('',(83.372234,-101.052495,-2.));
#12186 = CARTESIAN_POINT('',(83.50974,-101.027873,-2.));
#12187 = CARTESIAN_POINT('',(83.64548,-100.998675,-2.));
#12188 = CARTESIAN_POINT('',(83.779303,-100.965073,-2.));
#12189 = ORIENTED_EDGE('',*,*,#12190,.F.);
#12190 = EDGE_CURVE('',#12191,#12182,#12193,.T.);
#12191 = VERTEX_POINT('',#12192);
#12192 = CARTESIAN_POINT('',(102.551073,-99.891035,-2.));
#12193 = CIRCLE('',#12194,50.);
#12194 = AXIS2_PLACEMENT_3D('',#12195,#12196,#12197);
#12195 = CARTESIAN_POINT('',(95.97035598173,-149.4560848186,-2.));
#12196 = DIRECTION('',(0.,0.,1.));
#12197 = DIRECTION('',(1.,0.,0.));
#12198 = ORIENTED_EDGE('',*,*,#12199,.T.);
#12199 = EDGE_CURVE('',#12191,#12200,#12202,.T.);
#12200 = VERTEX_POINT('',#12201);
#12201 = CARTESIAN_POINT('',(128.735397,-103.29753,-2.));
#12202 = LINE('',#12203,#12204);
#12203 = CARTESIAN_POINT('',(102.551073,-99.891035,-2.));
#12204 = VECTOR('',#12205,1.);
#12205 = DIRECTION('',(0.991643349938,-0.129009559817,0.));
#12206 = ORIENTED_EDGE('',*,*,#12207,.T.);
#12207 = EDGE_CURVE('',#12200,#12208,#12210,.T.);
#12208 = VERTEX_POINT('',#12209);
#12209 = CARTESIAN_POINT('',(137.319913,-108.285074,-2.));
#12210 = LINE('',#12211,#12212);
#12211 = CARTESIAN_POINT('',(128.735397,-103.29753,-2.));
#12212 = VECTOR('',#12213,1.);
#12213 = DIRECTION('',(0.86465830132,-0.502360450234,0.));
#12214 = ORIENTED_EDGE('',*,*,#12215,.F.);
#12215 = EDGE_CURVE('',#12216,#12208,#12218,.T.);
#12216 = VERTEX_POINT('',#12217);
#12217 = CARTESIAN_POINT('',(139.807699,-112.545673,-2.));
#12218 = CIRCLE('',#12219,4.999931);
#12219 = AXIS2_PLACEMENT_3D('',#12220,#12221,#12222);
#12220 = CARTESIAN_POINT('',(134.80816041736,-112.6083145633,-2.));
#12221 = DIRECTION('',(0.,0.,1.));
#12222 = DIRECTION('',(1.,0.,0.));
#12223 = ORIENTED_EDGE('',*,*,#12224,.T.);
#12224 = EDGE_CURVE('',#12216,#12225,#12227,.T.);
#12225 = VERTEX_POINT('',#12226);
#12226 = CARTESIAN_POINT('',(139.807698,-112.548516,-2.));
#12227 = B_SPLINE_CURVE_WITH_KNOTS('',3,(#12228,#12229,#12230,#12231),
  .UNSPECIFIED.,.F.,.F.,(4,4),(0.,1.),.PIECEWISE_BEZIER_KNOTS.);
#12228 = CARTESIAN_POINT('',(139.807699,-112.545673,-2.));
#12229 = CARTESIAN_POINT('',(139.807698,-112.546621,-2.));
#12230 = CARTESIAN_POINT('',(139.807698,-112.547568,-2.));
#12231 = CARTESIAN_POINT('',(139.807698,-112.548516,-2.));
#12232 = ORIENTED_EDGE('',*,*,#12233,.T.);
#12233 = EDGE_CURVE('',#12225,#12234,#12236,.T.);
#12234 = VERTEX_POINT('',#12235);
#12235 = CARTESIAN_POINT('',(142.807698,-115.548516,-2.));
#12236 = CIRCLE('',#12237,3.);
#12237 = AXIS2_PLACEMENT_3D('',#12238,#12239,#12240);
#12238 = CARTESIAN_POINT('',(142.807698,-112.548516,-2.));
#12239 = DIRECTION('',(0.,0.,1.));
#12240 = DIRECTION('',(1.,0.,0.));
#12241 = ORIENTED_EDGE('',*,*,#12242,.T.);
#12242 = EDGE_CURVE('',#12234,#12243,#12245,.T.);
#12243 = VERTEX_POINT('',#12244);
#12244 = CARTESIAN_POINT('',(143.615509,-115.438509,-2.));
#12245 = B_SPLINE_CURVE_WITH_KNOTS('',3,(#12246,#12247,#12248,#12249),
  .UNSPECIFIED.,.F.,.F.,(4,4),(0.,1.),.PIECEWISE_BEZIER_KNOTS.);
#12246 = CARTESIAN_POINT('',(142.807698,-115.548516,-2.));
#12247 = CARTESIAN_POINT('',(143.087577,-115.548516,-2.));
#12248 = CARTESIAN_POINT('',(143.358505,-115.51019,-2.));
#12249 = CARTESIAN_POINT('',(143.615509,-115.438509,-2.));
#12250 = ORIENTED_EDGE('',*,*,#12251,.F.);
#12251 = EDGE_CURVE('',#12252,#12243,#12254,.T.);
#12252 = VERTEX_POINT('',#12253);
#12253 = CARTESIAN_POINT('',(148.488787,-116.710097,-2.));
#12254 = CIRCLE('',#12255,5.);
#12255 = AXIS2_PLACEMENT_3D('',#12256,#12257,#12258);
#12256 = CARTESIAN_POINT('',(144.96155833788,-120.2539166857,-2.));
#12257 = DIRECTION('',(0.,0.,1.));
#12258 = DIRECTION('',(1.,0.,0.));
#12259 = ORIENTED_EDGE('',*,*,#12260,.T.);
#12260 = EDGE_CURVE('',#12252,#12261,#12263,.T.);
#12261 = VERTEX_POINT('',#12262);
#12262 = CARTESIAN_POINT('',(155.859092,-123.981855,-2.));
#12263 = LINE('',#12264,#12265);
#12264 = CARTESIAN_POINT('',(148.488787,-116.710097,-2.));
#12265 = VECTOR('',#12266,1.);
#12266 = DIRECTION('',(0.711849772901,-0.702331759797,0.));
#12267 = ORIENTED_EDGE('',*,*,#12268,.T.);
#12268 = EDGE_CURVE('',#12261,#12269,#12271,.T.);
#12269 = VERTEX_POINT('',#12270);
#12270 = CARTESIAN_POINT('',(156.361105,-124.392861,-2.));
#12271 = B_SPLINE_CURVE_WITH_KNOTS('',3,(#12272,#12273,#12274,#12275),
  .UNSPECIFIED.,.F.,.F.,(4,4),(0.,1.),.PIECEWISE_BEZIER_KNOTS.);
#12272 = CARTESIAN_POINT('',(155.859092,-123.981855,-2.));
#12273 = CARTESIAN_POINT('',(156.013096,-124.133857,-2.));
#12274 = CARTESIAN_POINT('',(156.1811,-124.271859,-2.));
#12275 = CARTESIAN_POINT('',(156.361105,-124.392861,-2.));
#12276 = ORIENTED_EDGE('',*,*,#12277,.T.);
#12277 = EDGE_CURVE('',#12269,#12278,#12280,.T.);
#12278 = VERTEX_POINT('',#12279);
#12279 = CARTESIAN_POINT('',(162.889272,-123.416846,-2.));
#12280 = B_SPLINE_CURVE_WITH_KNOTS('',3,(#12281,#12282,#12283,#12284),
  .UNSPECIFIED.,.F.,.F.,(4,4),(0.,1.),.PIECEWISE_BEZIER_KNOTS.);
#12281 = CARTESIAN_POINT('',(156.361105,-124.392861,-2.));
#12282 = CARTESIAN_POINT('',(158.461159,-125.807884,-2.));
#12283 = CARTESIAN_POINT('',(161.294231,-125.383877,-2.));
#12284 = CARTESIAN_POINT('',(162.889272,-123.416846,-2.));
#12285 = ORIENTED_EDGE('',*,*,#12286,.T.);
#12286 = EDGE_CURVE('',#12278,#12287,#12289,.T.);
#12287 = VERTEX_POINT('',#12288);
#12288 = CARTESIAN_POINT('',(182.724104,-103.576942,-2.));
#12289 = LINE('',#12290,#12291);
#12290 = CARTESIAN_POINT('',(162.889272,-123.416846,-2.));
#12291 = VECTOR('',#12292,1.);
#12292 = DIRECTION('',(0.707016379204,0.707197171613,0.));
#12293 = ORIENTED_EDGE('',*,*,#12294,.F.);
#12294 = EDGE_CURVE('',#12295,#12287,#12297,.T.);
#12295 = VERTEX_POINT('',#12296);
#12296 = CARTESIAN_POINT('',(187.406821,-102.245325,-2.));
#12297 = CIRCLE('',#12298,4.999902);
#12298 = AXIS2_PLACEMENT_3D('',#12299,#12300,#12301);
#12299 = CARTESIAN_POINT('',(186.26003842581,-107.1119367306,-2.));
#12300 = DIRECTION('',(0.,0.,1.));
#12301 = DIRECTION('',(1.,0.,0.));
#12302 = ORIENTED_EDGE('',*,*,#12303,.T.);
#12303 = EDGE_CURVE('',#12295,#12304,#12306,.T.);
#12304 = VERTEX_POINT('',#12305);
#12305 = CARTESIAN_POINT('',(188.131757,-102.333538,-2.));
#12306 = B_SPLINE_CURVE_WITH_KNOTS('',3,(#12307,#12308,#12309,#12310),
  .UNSPECIFIED.,.F.,.F.,(4,4),(0.,1.),.PIECEWISE_BEZIER_KNOTS.);
#12307 = CARTESIAN_POINT('',(187.406821,-102.245325,-2.));
#12308 = CARTESIAN_POINT('',(187.63894,-102.302963,-2.));
#12309 = CARTESIAN_POINT('',(187.881778,-102.333538,-2.));
#12310 = CARTESIAN_POINT('',(188.131757,-102.333538,-2.));
#12311 = ORIENTED_EDGE('',*,*,#12312,.T.);
#12312 = EDGE_CURVE('',#12304,#12313,#12315,.T.);
#12313 = VERTEX_POINT('',#12314);
#12314 = CARTESIAN_POINT('',(191.131757,-99.333538,-2.));
#12315 = CIRCLE('',#12316,3.);
#12316 = AXIS2_PLACEMENT_3D('',#12317,#12318,#12319);
#12317 = CARTESIAN_POINT('',(188.131757,-99.333538,-2.));
#12318 = DIRECTION('',(0.,0.,1.));
#12319 = DIRECTION('',(1.,0.,0.));
#12320 = ORIENTED_EDGE('',*,*,#12321,.T.);
#12321 = EDGE_CURVE('',#12313,#12322,#12324,.T.);
#12322 = VERTEX_POINT('',#12323);
#12323 = CARTESIAN_POINT('',(190.832026,-98.025489,-2.));
#12324 = B_SPLINE_CURVE_WITH_KNOTS('',3,(#12325,#12326,#12327,#12328),
  .UNSPECIFIED.,.F.,.F.,(4,4),(0.,1.),.PIECEWISE_BEZIER_KNOTS.);
#12325 = CARTESIAN_POINT('',(191.131757,-99.333538,-2.));
#12326 = CARTESIAN_POINT('',(191.131757,-98.864497,-2.));
#12327 = CARTESIAN_POINT('',(191.024116,-98.420598,-2.));
#12328 = CARTESIAN_POINT('',(190.832026,-98.025489,-2.));
#12329 = ORIENTED_EDGE('',*,*,#12330,.F.);
#12330 = EDGE_CURVE('',#12331,#12322,#12333,.T.);
#12331 = VERTEX_POINT('',#12332);
#12332 = CARTESIAN_POINT('',(190.393212,-95.029605,-2.));
#12333 = CIRCLE('',#12334,4.99976);
#12334 = AXIS2_PLACEMENT_3D('',#12335,#12336,#12337);
#12335 = CARTESIAN_POINT('',(195.32735464683,-95.83696885741,-2.));
#12336 = DIRECTION('',(0.,0.,1.));
#12337 = DIRECTION('',(1.,0.,0.));
#12338 = ORIENTED_EDGE('',*,*,#12339,.T.);
#12339 = EDGE_CURVE('',#12331,#12340,#12342,.T.);
#12340 = VERTEX_POINT('',#12341);
#12341 = CARTESIAN_POINT('',(190.449979,-94.40239,-2.));
#12342 = B_SPLINE_CURVE_WITH_KNOTS('',3,(#12343,#12344,#12345,#12346),
  .UNSPECIFIED.,.F.,.F.,(4,4),(0.,1.),.PIECEWISE_BEZIER_KNOTS.);
#12343 = CARTESIAN_POINT('',(190.393212,-95.029605,-2.));
#12344 = CARTESIAN_POINT('',(190.430714,-94.824074,-2.));
#12345 = CARTESIAN_POINT('',(190.449979,-94.614198,-2.));
#12346 = CARTESIAN_POINT('',(190.449979,-94.40239,-2.));
#12347 = ORIENTED_EDGE('',*,*,#12348,.T.);
#12348 = EDGE_CURVE('',#12340,#12349,#12351,.T.);
#12349 = VERTEX_POINT('',#12350);
#12350 = CARTESIAN_POINT('',(190.454979,-87.006274,-2.));
#12351 = LINE('',#12352,#12353);
#12352 = CARTESIAN_POINT('',(190.449979,-94.40239,-2.));
#12353 = VECTOR('',#12354,1.);
#12354 = DIRECTION('',(6.760303458574E-04,0.999999771491,0.));
#12355 = ORIENTED_EDGE('',*,*,#12356,.T.);
#12356 = EDGE_CURVE('',#12349,#12357,#12359,.T.);
#12357 = VERTEX_POINT('',#12358);
#12358 = CARTESIAN_POINT('',(190.454979,-87.001274,-2.));
#12359 = B_SPLINE_CURVE_WITH_KNOTS('',3,(#12360,#12361,#12362,#12363),
  .UNSPECIFIED.,.F.,.F.,(4,4),(0.,1.),.PIECEWISE_BEZIER_KNOTS.);
#12360 = CARTESIAN_POINT('',(190.454979,-87.006274,-2.));
#12361 = CARTESIAN_POINT('',(190.454979,-87.004274,-2.));
#12362 = CARTESIAN_POINT('',(190.454979,-87.003274,-2.));
#12363 = CARTESIAN_POINT('',(190.454979,-87.001274,-2.));
#12364 = ORIENTED_EDGE('',*,*,#12365,.T.);
#12365 = EDGE_CURVE('',#12357,#12366,#12368,.T.);
#12366 = VERTEX_POINT('',#12367);
#12367 = CARTESIAN_POINT('',(190.449979,-81.00118,-2.));
#12368 = LINE('',#12369,#12370);
#12369 = CARTESIAN_POINT('',(190.454979,-87.001274,-2.));
#12370 = VECTOR('',#12371,1.);
#12371 = DIRECTION('',(-8.333199886482E-04,0.999999652789,0.));
#12372 = ORIENTED_EDGE('',*,*,#12373,.T.);
#12373 = EDGE_CURVE('',#12366,#12374,#12376,.T.);
#12374 = VERTEX_POINT('',#12375);
#12375 = CARTESIAN_POINT('',(190.416978,-38.000505,-2.));
#12376 = LINE('',#12377,#12378);
#12377 = CARTESIAN_POINT('',(190.449979,-81.00118,-2.));
#12378 = VECTOR('',#12379,1.);
#12379 = DIRECTION('',(-7.674528430415E-04,0.999999705508,0.));
#12380 = ORIENTED_EDGE('',*,*,#12381,.T.);
#12381 = EDGE_CURVE('',#12374,#12382,#12384,.T.);
#12382 = VERTEX_POINT('',#12383);
#12383 = CARTESIAN_POINT('',(190.415071,-35.14086,-2.));
#12384 = LINE('',#12385,#12386);
#12385 = CARTESIAN_POINT('',(190.416978,-38.000505,-2.));
#12386 = VECTOR('',#12387,1.);
#12387 = DIRECTION('',(-6.668658438224E-04,0.999999777645,0.));
#12388 = ORIENTED_EDGE('',*,*,#12389,.F.);
#12389 = EDGE_CURVE('',#12390,#12382,#12392,.T.);
#12390 = VERTEX_POINT('',#12391);
#12391 = CARTESIAN_POINT('',(192.561472,-31.031835,-2.));
#12392 = CIRCLE('',#12393,4.99988);
#12393 = AXIS2_PLACEMENT_3D('',#12394,#12395,#12396);
#12394 = CARTESIAN_POINT('',(195.41494986929,-35.1374974391,-2.));
#12395 = DIRECTION('',(0.,0.,1.));
#12396 = DIRECTION('',(1.,0.,0.));
#12397 = ORIENTED_EDGE('',*,*,#12398,.T.);
#12398 = EDGE_CURVE('',#12390,#12399,#12401,.T.);
#12399 = VERTEX_POINT('',#12400);
#12400 = CARTESIAN_POINT('',(193.848572,-28.56891499913,-2.));
#12401 = CIRCLE('',#12402,3.);
#12402 = AXIS2_PLACEMENT_3D('',#12403,#12404,#12405);
#12403 = CARTESIAN_POINT('',(190.848572,-28.5689152713,-2.));
#12404 = DIRECTION('',(0.,0.,1.));
#12405 = DIRECTION('',(1.,0.,0.));
#12406 = ORIENTED_EDGE('',*,*,#12407,.T.);
#12407 = EDGE_CURVE('',#12399,#12408,#12410,.T.);
#12408 = VERTEX_POINT('',#12409);
#12409 = CARTESIAN_POINT('',(192.37187599925,-25.98443299956,-2.));
#12410 = CIRCLE('',#12411,3.);
#12411 = AXIS2_PLACEMENT_3D('',#12412,#12413,#12414);
#12412 = CARTESIAN_POINT('',(190.848572,-28.56891455798,-2.));
#12413 = DIRECTION('',(0.,0.,1.));
#12414 = DIRECTION('',(1.,0.,0.));
#12415 = ORIENTED_EDGE('',*,*,#12416,.F.);
#12416 = EDGE_CURVE('',#12417,#12408,#12419,.T.);
#12417 = VERTEX_POINT('',#12418);
#12418 = CARTESIAN_POINT('',(190.190822,-23.326947,-2.));
#12419 = CIRCLE('',#12420,4.999868);
#12420 = AXIS2_PLACEMENT_3D('',#12421,#12422,#12423);
#12421 = CARTESIAN_POINT('',(194.91062813709,-21.67706517221,-2.));
#12422 = DIRECTION('',(0.,0.,1.));
#12423 = DIRECTION('',(1.,0.,0.));
#12424 = ORIENTED_EDGE('',*,*,#12425,.T.);
#12425 = EDGE_CURVE('',#12417,#12426,#12428,.T.);
#12426 = VERTEX_POINT('',#12427);
#12427 = CARTESIAN_POINT('',(186.406875,-20.627232,-2.));
#12428 = B_SPLINE_CURVE_WITH_KNOTS('',3,(#12429,#12430,#12431,#12432),
  .UNSPECIFIED.,.F.,.F.,(4,4),(0.,1.),.PIECEWISE_BEZIER_KNOTS.);
#12429 = CARTESIAN_POINT('',(190.190822,-23.326947,-2.));
#12430 = CARTESIAN_POINT('',(189.651008,-21.756213,-2.));
#12431 = CARTESIAN_POINT('',(188.160447,-20.627232,-2.));
#12432 = CARTESIAN_POINT('',(186.406875,-20.627232,-2.));
#12433 = ORIENTED_EDGE('',*,*,#12434,.T.);
#12434 = EDGE_CURVE('',#12426,#12435,#12437,.T.);
#12435 = VERTEX_POINT('',#12436);
#12436 = CARTESIAN_POINT('',(176.186613,-20.627232,-2.));
#12437 = LINE('',#12438,#12439);
#12438 = CARTESIAN_POINT('',(186.406875,-20.627232,-2.));
#12439 = VECTOR('',#12440,1.);
#12440 = DIRECTION('',(-1.,0.,0.));
#12441 = ORIENTED_EDGE('',*,*,#12442,.T.);
#12442 = EDGE_CURVE('',#12435,#12443,#12445,.T.);
#12443 = VERTEX_POINT('',#12444);
#12444 = CARTESIAN_POINT('',(161.267293,-18.686685,-2.));
#12445 = LINE('',#12446,#12447);
#12446 = CARTESIAN_POINT('',(176.186613,-20.627232,-2.));
#12447 = VECTOR('',#12448,1.);
#12448 = DIRECTION('',(-0.991646817089,0.128982906457,0.));
#12449 = ORIENTED_EDGE('',*,*,#12450,.F.);
#12450 = EDGE_CURVE('',#12451,#12443,#12453,.T.);
#12451 = VERTEX_POINT('',#12452);
#12452 = CARTESIAN_POINT('',(157.53906,-16.152288,-2.));
#12453 = CIRCLE('',#12454,4.999724);
#12454 = AXIS2_PLACEMENT_3D('',#12455,#12456,#12457);
#12455 = CARTESIAN_POINT('',(161.91210694656,-13.72871615676,-2.));
#12456 = DIRECTION('',(0.,0.,1.));
#12457 = DIRECTION('',(1.,0.,0.));
#12458 = ORIENTED_EDGE('',*,*,#12459,.T.);
#12459 = EDGE_CURVE('',#12451,#12460,#12462,.T.);
#12460 = VERTEX_POINT('',#12461);
#12461 = CARTESIAN_POINT('',(154.918248,-14.6122,-2.));
#12462 = CIRCLE('',#12463,3.);
#12463 = AXIS2_PLACEMENT_3D('',#12464,#12465,#12466);
#12464 = CARTESIAN_POINT('',(154.91824773044,-17.6122,-2.));
#12465 = DIRECTION('',(0.,0.,1.));
#12466 = DIRECTION('',(1.,0.,0.));
#12467 = ORIENTED_EDGE('',*,*,#12468,.T.);
#12468 = EDGE_CURVE('',#12460,#12469,#12471,.T.);
#12469 = VERTEX_POINT('',#12470);
#12470 = CARTESIAN_POINT('',(152.389848,-15.99752,-2.));
#12471 = CIRCLE('',#12472,3.);
#12472 = AXIS2_PLACEMENT_3D('',#12473,#12474,#12475);
#12473 = CARTESIAN_POINT('',(154.91824838316,-17.6122,-2.));
#12474 = DIRECTION('',(0.,0.,1.));
#12475 = DIRECTION('',(1.,0.,0.));
#12476 = ORIENTED_EDGE('',*,*,#12477,.F.);
#12477 = EDGE_CURVE('',#12478,#12469,#12480,.T.);
#12478 = VERTEX_POINT('',#12479);
#12479 = CARTESIAN_POINT('',(148.156578,-18.306349,-2.));
#12480 = CIRCLE('',#12481,5.);
#12481 = AXIS2_PLACEMENT_3D('',#12482,#12483,#12484);
#12482 = CARTESIAN_POINT('',(148.17584770265,-13.30638613228,-2.));
#12483 = DIRECTION('',(0.,0.,1.));
#12484 = DIRECTION('',(1.,0.,0.));
#12485 = ORIENTED_EDGE('',*,*,#12486,.T.);
#12486 = EDGE_CURVE('',#12478,#12487,#12489,.T.);
#12487 = VERTEX_POINT('',#12488);
#12488 = CARTESIAN_POINT('',(123.115253,-18.321196,-2.));
#12489 = LINE('',#12490,#12491);
#12490 = CARTESIAN_POINT('',(148.156578,-18.306349,-2.));
#12491 = VECTOR('',#12492,1.);
#12492 = DIRECTION('',(-0.999999824235,-5.928998321941E-04,0.));
#12493 = ORIENTED_EDGE('',*,*,#12494,.T.);
#12494 = EDGE_CURVE('',#12487,#12495,#12497,.T.);
#12495 = VERTEX_POINT('',#12496);
#12496 = CARTESIAN_POINT('',(119.408158,-15.823157,-2.));
#12497 = B_SPLINE_CURVE_WITH_KNOTS('',3,(#12498,#12499,#12500,#12501),
  .UNSPECIFIED.,.F.,.F.,(4,4),(0.,1.),.PIECEWISE_BEZIER_KNOTS.);
#12498 = CARTESIAN_POINT('',(123.115253,-18.321196,-2.));
#12499 = CARTESIAN_POINT('',(122.504237,-16.811172,-2.));
#12500 = CARTESIAN_POINT('',(121.037199,-15.823157,-2.));
#12501 = CARTESIAN_POINT('',(119.408158,-15.823157,-2.));
#12502 = ORIENTED_EDGE('',*,*,#12503,.T.);
#12503 = EDGE_CURVE('',#12495,#11897,#12504,.T.);
#12504 = LINE('',#12505,#12506);
#12505 = CARTESIAN_POINT('',(119.408158,-15.823157,-2.));
#12506 = VECTOR('',#12507,1.);
#12507 = DIRECTION('',(-1.,0.,0.));
#12508 = ORIENTED_EDGE('',*,*,#11914,.T.);
#12509 = FACE_BOUND('',#12510,.F.);
#12510 = EDGE_LOOP('',(#12511));
#12511 = ORIENTED_EDGE('',*,*,#12512,.F.);
#12512 = EDGE_CURVE('',#12513,#12513,#12515,.T.);
#12513 = VERTEX_POINT('',#12514);
#12514 = CARTESIAN_POINT('',(42.087843,-92.211337,-2.));
#12515 = CIRCLE('',#12516,1.6);
#12516 = AXIS2_PLACEMENT_3D('',#12517,#12518,#12519);
#12517 = CARTESIAN_POINT('',(40.487843,-92.211337,-2.));
#12518 = DIRECTION('',(0.,0.,1.));
#12519 = DIRECTION('',(1.,0.,0.));
#12520 = FACE_BOUND('',#12521,.F.);
#12521 = EDGE_LOOP('',(#12522));
#12522 = ORIENTED_EDGE('',*,*,#12523,.F.);
#12523 = EDGE_CURVE('',#12524,#12524,#12526,.T.);
#12524 = VERTEX_POINT('',#12525);
#12525 = CARTESIAN_POINT('',(88.92261,-94.82474,-2.));
#12526 = CIRCLE('',#12527,1.6);
#12527 = AXIS2_PLACEMENT_3D('',#12528,#12529,#12530);
#12528 = CARTESIAN_POINT('',(87.32261,-94.82474,-2.));
#12529 = DIRECTION('',(0.,0.,1.));
#12530 = DIRECTION('',(1.,0.,0.));
#12531 = FACE_BOUND('',#12532,.F.);
#12532 = EDGE_LOOP('',(#12533));
#12533 = ORIENTED_EDGE('',*,*,#12534,.F.);
#12534 = EDGE_CURVE('',#12535,#12535,#12537,.T.);
#12535 = VERTEX_POINT('',#12536);
#12536 = CARTESIAN_POINT('',(45.25,-68.23,-2.));
#12537 = CIRCLE('',#12538,1.6);
#12538 = AXIS2_PLACEMENT_3D('',#12539,#12540,#12541);
#12539 = CARTESIAN_POINT('',(43.65,-68.23,-2.));
#12540 = DIRECTION('',(0.,0.,1.));
#12541 = DIRECTION('',(1.,0.,0.));
#12542 = FACE_BOUND('',#12543,.F.);
#12543 = EDGE_LOOP('',(#12544));
#12544 = ORIENTED_EDGE('',*,*,#12545,.F.);
#12545 = EDGE_CURVE('',#12546,#12546,#12548,.T.);
#12546 = VERTEX_POINT('',#12547);
#12547 = CARTESIAN_POINT('',(144.407698,-112.548516,-2.));
#12548 = CIRCLE('',#12549,1.6);
#12549 = AXIS2_PLACEMENT_3D('',#12550,#12551,#12552);
#12550 = CARTESIAN_POINT('',(142.807698,-112.548516,-2.));
#12551 = DIRECTION('',(0.,0.,1.));
#12552 = DIRECTION('',(1.,0.,0.));
#12553 = FACE_BOUND('',#12554,.F.);
#12554 = EDGE_LOOP('',(#12555));
#12555 = ORIENTED_EDGE('',*,*,#12556,.F.);
#12556 = EDGE_CURVE('',#12557,#12557,#12559,.T.);
#12557 = VERTEX_POINT('',#12558);
#12558 = CARTESIAN_POINT('',(159.45,-94.03,-2.));
#12559 = CIRCLE('',#12560,1.6);
#12560 = AXIS2_PLACEMENT_3D('',#12561,#12562,#12563);
#12561 = CARTESIAN_POINT('',(157.85,-94.03,-2.));
#12562 = DIRECTION('',(0.,0.,1.));
#12563 = DIRECTION('',(1.,0.,0.));
#12564 = FACE_BOUND('',#12565,.F.);
#12565 = EDGE_LOOP('',(#12566));
#12566 = ORIENTED_EDGE('',*,*,#12567,.F.);
#12567 = EDGE_CURVE('',#12568,#12568,#12570,.T.);
#12568 = VERTEX_POINT('',#12569);
#12569 = CARTESIAN_POINT('',(189.731757,-99.333538,-2.));
#12570 = CIRCLE('',#12571,1.6);
#12571 = AXIS2_PLACEMENT_3D('',#12572,#12573,#12574);
#12572 = CARTESIAN_POINT('',(188.131757,-99.333538,-2.));
#12573 = DIRECTION('',(0.,0.,1.));
#12574 = DIRECTION('',(1.,0.,0.));
#12575 = FACE_BOUND('',#12576,.F.);
#12576 = EDGE_LOOP('',(#12577));
#12577 = ORIENTED_EDGE('',*,*,#12578,.F.);
#12578 = EDGE_CURVE('',#12579,#12579,#12581,.T.);
#12579 = VERTEX_POINT('',#12580);
#12580 = CARTESIAN_POINT('',(41.85,-49.63,-2.));
#12581 = CIRCLE('',#12582,1.6);
#12582 = AXIS2_PLACEMENT_3D('',#12583,#12584,#12585);
#12583 = CARTESIAN_POINT('',(40.25,-49.63,-2.));
#12584 = DIRECTION('',(0.,0.,1.));
#12585 = DIRECTION('',(1.,0.,0.));
#12586 = FACE_BOUND('',#12587,.F.);
#12587 = EDGE_LOOP('',(#12588));
#12588 = ORIENTED_EDGE('',*,*,#12589,.F.);
#12589 = EDGE_CURVE('',#12590,#12590,#12592,.T.);
#12590 = VERTEX_POINT('',#12591);
#12591 = CARTESIAN_POINT('',(23.702017,-29.907082,-2.));
#12592 = CIRCLE('',#12593,1.6);
#12593 = AXIS2_PLACEMENT_3D('',#12594,#12595,#12596);
#12594 = CARTESIAN_POINT('',(22.102017,-29.907082,-2.));
#12595 = DIRECTION('',(0.,0.,1.));
#12596 = DIRECTION('',(1.,0.,0.));
#12597 = FACE_BOUND('',#12598,.F.);
#12598 = EDGE_LOOP('',(#12599));
#12599 = ORIENTED_EDGE('',*,*,#12600,.F.);
#12600 = EDGE_CURVE('',#12601,#12601,#12603,.T.);
#12601 = VERTEX_POINT('',#12602);
#12602 = CARTESIAN_POINT('',(93.676908,-12.424245,-2.));
#12603 = CIRCLE('',#12604,1.6);
#12604 = AXIS2_PLACEMENT_3D('',#12605,#12606,#12607);
#12605 = CARTESIAN_POINT('',(92.076908,-12.424245,-2.));
#12606 = DIRECTION('',(0.,0.,1.));
#12607 = DIRECTION('',(1.,0.,0.));
#12608 = FACE_BOUND('',#12609,.F.);
#12609 = EDGE_LOOP('',(#12610));
#12610 = ORIENTED_EDGE('',*,*,#12611,.F.);
#12611 = EDGE_CURVE('',#12612,#12612,#12614,.T.);
#12612 = VERTEX_POINT('',#12613);
#12613 = CARTESIAN_POINT('',(141.05,-40.33,-2.));
#12614 = CIRCLE('',#12615,1.6);
#12615 = AXIS2_PLACEMENT_3D('',#12616,#12617,#12618);
#12616 = CARTESIAN_POINT('',(139.45,-40.33,-2.));
#12617 = DIRECTION('',(0.,0.,1.));
#12618 = DIRECTION('',(1.,0.,0.));
#12619 = FACE_BOUND('',#12620,.F.);
#12620 = EDGE_LOOP('',(#12621,#12631,#12639,#12647));
#12621 = ORIENTED_EDGE('',*,*,#12622,.F.);
#12622 = EDGE_CURVE('',#12623,#12625,#12627,.T.);
#12623 = VERTEX_POINT('',#12624);
#12624 = CARTESIAN_POINT('',(158.76,-44.28,-2.));
#12625 = VERTEX_POINT('',#12626);
#12626 = CARTESIAN_POINT('',(158.76,-38.28,-2.));
#12627 = LINE('',#12628,#12629);
#12628 = CARTESIAN_POINT('',(158.76,-44.28,-2.));
#12629 = VECTOR('',#12630,1.);
#12630 = DIRECTION('',(0.,1.,0.));
#12631 = ORIENTED_EDGE('',*,*,#12632,.F.);
#12632 = EDGE_CURVE('',#12633,#12623,#12635,.T.);
#12633 = VERTEX_POINT('',#12634);
#12634 = CARTESIAN_POINT('',(147.76,-44.28,-2.));
#12635 = LINE('',#12636,#12637);
#12636 = CARTESIAN_POINT('',(147.76,-44.28,-2.));
#12637 = VECTOR('',#12638,1.);
#12638 = DIRECTION('',(1.,0.,0.));
#12639 = ORIENTED_EDGE('',*,*,#12640,.F.);
#12640 = EDGE_CURVE('',#12641,#12633,#12643,.T.);
#12641 = VERTEX_POINT('',#12642);
#12642 = CARTESIAN_POINT('',(147.76,-38.28,-2.));
#12643 = LINE('',#12644,#12645);
#12644 = CARTESIAN_POINT('',(147.76,-38.28,-2.));
#12645 = VECTOR('',#12646,1.);
#12646 = DIRECTION('',(0.,-1.,0.));
#12647 = ORIENTED_EDGE('',*,*,#12648,.F.);
#12648 = EDGE_CURVE('',#12625,#12641,#12649,.T.);
#12649 = LINE('',#12650,#12651);
#12650 = CARTESIAN_POINT('',(158.76,-38.28,-2.));
#12651 = VECTOR('',#12652,1.);
#12652 = DIRECTION('',(-1.,0.,0.));
#12653 = FACE_BOUND('',#12654,.F.);
#12654 = EDGE_LOOP('',(#12655));
#12655 = ORIENTED_EDGE('',*,*,#12656,.F.);
#12656 = EDGE_CURVE('',#12657,#12657,#12659,.T.);
#12657 = VERTEX_POINT('',#12658);
#12658 = CARTESIAN_POINT('',(192.448572,-28.568915,-2.));
#12659 = CIRCLE('',#12660,1.6);
#12660 = AXIS2_PLACEMENT_3D('',#12661,#12662,#12663);
#12661 = CARTESIAN_POINT('',(190.848572,-28.568915,-2.));
#12662 = DIRECTION('',(0.,0.,1.));
#12663 = DIRECTION('',(1.,0.,0.));
#12664 = FACE_BOUND('',#12665,.F.);
#12665 = EDGE_LOOP('',(#12666));
#12666 = ORIENTED_EDGE('',*,*,#12667,.F.);
#12667 = EDGE_CURVE('',#12668,#12668,#12670,.T.);
#12668 = VERTEX_POINT('',#12669);
#12669 = CARTESIAN_POINT('',(156.518248,-17.6122,-2.));
#12670 = CIRCLE('',#12671,1.6);
#12671 = AXIS2_PLACEMENT_3D('',#12672,#12673,#12674);
#12672 = CARTESIAN_POINT('',(154.918248,-17.6122,-2.));
#12673 = DIRECTION('',(0.,0.,1.));
#12674 = DIRECTION('',(1.,0.,0.));
#12675 = PLANE('',#12676);
#12676 = AXIS2_PLACEMENT_3D('',#12677,#12678,#12679);
#12677 = CARTESIAN_POINT('',(108.84744213108,-62.60012130097,-2.));
#12678 = DIRECTION('',(0.,0.,1.));
#12679 = DIRECTION('',(1.,0.,0.));
#12680 = ADVANCED_FACE('',(#12681,#13228,#13239,#13250,#13261,#13272,
    #13283,#13294,#13305,#13316,#13327,#13338,#13372,#13383),#13394,.T.
  );
#12681 = FACE_BOUND('',#12682,.T.);
#12682 = EDGE_LOOP('',(#12683,#12684,#12685,#12694,#12703,#12712,#12720,
    #12729,#12737,#12745,#12754,#12762,#12770,#12779,#12788,#12797,
    #12806,#12815,#12823,#12831,#12839,#12847,#12855,#12864,#12873,
    #12882,#12891,#12899,#12908,#12917,#12925,#12933,#12942,#12951,
    #12960,#12969,#12978,#12986,#12995,#13004,#13012,#13021,#13030,
    #13039,#13048,#13057,#13066,#13074,#13083,#13091,#13099,#13107,
    #13116,#13125,#13134,#13143,#13152,#13160,#13168,#13177,#13186,
    #13195,#13204,#13212,#13221,#13227));
#12683 = ORIENTED_EDGE('',*,*,#11866,.T.);
#12684 = ORIENTED_EDGE('',*,*,#11942,.F.);
#12685 = ORIENTED_EDGE('',*,*,#12686,.T.);
#12686 = EDGE_CURVE('',#11935,#12687,#12689,.T.);
#12687 = VERTEX_POINT('',#12688);
#12688 = CARTESIAN_POINT('',(92.076908,-9.424245,0.));
#12689 = CIRCLE('',#12690,3.);
#12690 = AXIS2_PLACEMENT_3D('',#12691,#12692,#12693);
#12691 = CARTESIAN_POINT('',(92.076907684171,-12.424245,0.));
#12692 = DIRECTION('',(0.,0.,1.));
#12693 = DIRECTION('',(1.,0.,0.));
#12694 = ORIENTED_EDGE('',*,*,#12695,.T.);
#12695 = EDGE_CURVE('',#12687,#12696,#12698,.T.);
#12696 = VERTEX_POINT('',#12697);
#12697 = CARTESIAN_POINT('',(89.447276,-10.980279,0.));
#12698 = CIRCLE('',#12699,3.);
#12699 = AXIS2_PLACEMENT_3D('',#12700,#12701,#12702);
#12700 = CARTESIAN_POINT('',(92.076907569411,-12.424245,0.));
#12701 = DIRECTION('',(0.,0.,1.));
#12702 = DIRECTION('',(1.,0.,0.));
#12703 = ORIENTED_EDGE('',*,*,#12704,.F.);
#12704 = EDGE_CURVE('',#12705,#12696,#12707,.T.);
#12705 = VERTEX_POINT('',#12706);
#12706 = CARTESIAN_POINT('',(85.076012,-13.573655,0.));
#12707 = CIRCLE('',#12708,5.);
#12708 = AXIS2_PLACEMENT_3D('',#12709,#12710,#12711);
#12709 = CARTESIAN_POINT('',(85.064557200175,-8.573668121261,0.));
#12710 = DIRECTION('',(0.,0.,1.));
#12711 = DIRECTION('',(1.,0.,0.));
#12712 = ORIENTED_EDGE('',*,*,#12713,.T.);
#12713 = EDGE_CURVE('',#12705,#12714,#12716,.T.);
#12714 = VERTEX_POINT('',#12715);
#12715 = CARTESIAN_POINT('',(83.407235,-13.573121,0.));
#12716 = LINE('',#12717,#12718);
#12717 = CARTESIAN_POINT('',(85.076012,-13.573655,0.));
#12718 = VECTOR('',#12719,1.);
#12719 = DIRECTION('',(-0.999999948802,3.19994806165E-04,0.));
#12720 = ORIENTED_EDGE('',*,*,#12721,.T.);
#12721 = EDGE_CURVE('',#12714,#12722,#12724,.T.);
#12722 = VERTEX_POINT('',#12723);
#12723 = CARTESIAN_POINT('',(79.407132,-17.573184,0.));
#12724 = B_SPLINE_CURVE_WITH_KNOTS('',3,(#12725,#12726,#12727,#12728),
  .UNSPECIFIED.,.F.,.F.,(4,4),(0.,1.),.PIECEWISE_BEZIER_KNOTS.);
#12725 = CARTESIAN_POINT('',(83.407235,-13.573121,0.));
#12726 = CARTESIAN_POINT('',(81.198178,-13.573121,0.));
#12727 = CARTESIAN_POINT('',(79.407132,-15.36415,0.));
#12728 = CARTESIAN_POINT('',(79.407132,-17.573184,0.));
#12729 = ORIENTED_EDGE('',*,*,#12730,.T.);
#12730 = EDGE_CURVE('',#12722,#12731,#12733,.T.);
#12731 = VERTEX_POINT('',#12732);
#12732 = CARTESIAN_POINT('',(79.407132,-18.5532,0.));
#12733 = LINE('',#12734,#12735);
#12734 = CARTESIAN_POINT('',(79.407132,-17.573184,0.));
#12735 = VECTOR('',#12736,1.);
#12736 = DIRECTION('',(0.,-1.,0.));
#12737 = ORIENTED_EDGE('',*,*,#12738,.T.);
#12738 = EDGE_CURVE('',#12731,#12739,#12741,.T.);
#12739 = VERTEX_POINT('',#12740);
#12740 = CARTESIAN_POINT('',(59.745629,-20.313227,0.));
#12741 = LINE('',#12742,#12743);
#12742 = CARTESIAN_POINT('',(79.407132,-18.5532,0.));
#12743 = VECTOR('',#12744,1.);
#12744 = DIRECTION('',(-0.996017326425,-8.915988706336E-02,0.));
#12745 = ORIENTED_EDGE('',*,*,#12746,.T.);
#12746 = EDGE_CURVE('',#12739,#12747,#12749,.T.);
#12747 = VERTEX_POINT('',#12748);
#12748 = CARTESIAN_POINT('',(56.556547,-23.799282,0.));
#12749 = B_SPLINE_CURVE_WITH_KNOTS('',3,(#12750,#12751,#12752,#12753),
  .UNSPECIFIED.,.F.,.F.,(4,4),(0.,1.),.PIECEWISE_BEZIER_KNOTS.);
#12750 = CARTESIAN_POINT('',(59.745629,-20.313227,0.));
#12751 = CARTESIAN_POINT('',(57.940582,-20.47423,0.));
#12752 = CARTESIAN_POINT('',(56.556547,-21.987254,0.));
#12753 = CARTESIAN_POINT('',(56.556547,-23.799282,0.));
#12754 = ORIENTED_EDGE('',*,*,#12755,.T.);
#12755 = EDGE_CURVE('',#12747,#12756,#12758,.T.);
#12756 = VERTEX_POINT('',#12757);
#12757 = CARTESIAN_POINT('',(56.556547,-24.672296,0.));
#12758 = LINE('',#12759,#12760);
#12759 = CARTESIAN_POINT('',(56.556547,-23.799282,0.));
#12760 = VECTOR('',#12761,1.);
#12761 = DIRECTION('',(0.,-1.,0.));
#12762 = ORIENTED_EDGE('',*,*,#12763,.T.);
#12763 = EDGE_CURVE('',#12756,#12764,#12766,.T.);
#12764 = VERTEX_POINT('',#12765);
#12765 = CARTESIAN_POINT('',(29.053138,-29.6138,0.));
#12766 = LINE('',#12767,#12768);
#12767 = CARTESIAN_POINT('',(56.556547,-24.672296,0.));
#12768 = VECTOR('',#12769,1.);
#12769 = DIRECTION('',(-0.984240111386,-0.176837222156,0.));
#12770 = ORIENTED_EDGE('',*,*,#12771,.F.);
#12771 = EDGE_CURVE('',#12772,#12764,#12774,.T.);
#12772 = VERTEX_POINT('',#12773);
#12773 = CARTESIAN_POINT('',(24.372237,-27.945934,0.));
#12774 = CIRCLE('',#12775,4.999708);
#12775 = AXIS2_PLACEMENT_3D('',#12776,#12777,#12778);
#12776 = CARTESIAN_POINT('',(28.168926859581,-24.6929006163,0.));
#12777 = DIRECTION('',(0.,0.,1.));
#12778 = DIRECTION('',(1.,0.,0.));
#12779 = ORIENTED_EDGE('',*,*,#12780,.T.);
#12780 = EDGE_CURVE('',#12772,#12781,#12783,.T.);
#12781 = VERTEX_POINT('',#12782);
#12782 = CARTESIAN_POINT('',(22.102017,-26.907082,0.));
#12783 = CIRCLE('',#12784,3.);
#12784 = AXIS2_PLACEMENT_3D('',#12785,#12786,#12787);
#12785 = CARTESIAN_POINT('',(22.102017071866,-29.907082,0.));
#12786 = DIRECTION('',(0.,0.,1.));
#12787 = DIRECTION('',(1.,0.,0.));
#12788 = ORIENTED_EDGE('',*,*,#12789,.T.);
#12789 = EDGE_CURVE('',#12781,#12790,#12792,.T.);
#12790 = VERTEX_POINT('',#12791);
#12791 = CARTESIAN_POINT('',(19.261011,-28.943398,0.));
#12792 = CIRCLE('',#12793,3.);
#12793 = AXIS2_PLACEMENT_3D('',#12794,#12795,#12796);
#12794 = CARTESIAN_POINT('',(22.102016657887,-29.907082,0.));
#12795 = DIRECTION('',(0.,0.,1.));
#12796 = DIRECTION('',(1.,0.,0.));
#12797 = ORIENTED_EDGE('',*,*,#12798,.F.);
#12798 = EDGE_CURVE('',#12799,#12790,#12801,.T.);
#12799 = VERTEX_POINT('',#12800);
#12800 = CARTESIAN_POINT('',(16.477837,-31.940481,0.));
#12801 = CIRCLE('',#12802,4.999611);
#12802 = AXIS2_PLACEMENT_3D('',#12803,#12804,#12805);
#12803 = CARTESIAN_POINT('',(14.526343055455,-27.33746225837,0.));
#12804 = DIRECTION('',(0.,0.,1.));
#12805 = DIRECTION('',(1.,0.,0.));
#12806 = ORIENTED_EDGE('',*,*,#12807,.T.);
#12807 = EDGE_CURVE('',#12799,#12808,#12810,.T.);
#12808 = VERTEX_POINT('',#12809);
#12809 = CARTESIAN_POINT('',(14.308464,-35.80347,0.));
#12810 = B_SPLINE_CURVE_WITH_KNOTS('',3,(#12811,#12812,#12813,#12814),
  .UNSPECIFIED.,.F.,.F.,(4,4),(0.,1.),.PIECEWISE_BEZIER_KNOTS.);
#12811 = CARTESIAN_POINT('',(16.477837,-31.940481,0.));
#12812 = CARTESIAN_POINT('',(14.957523,-32.535108,0.));
#12813 = CARTESIAN_POINT('',(14.015784,-34.1353,0.));
#12814 = CARTESIAN_POINT('',(14.308464,-35.80347,0.));
#12815 = ORIENTED_EDGE('',*,*,#12816,.T.);
#12816 = EDGE_CURVE('',#12808,#12817,#12819,.T.);
#12817 = VERTEX_POINT('',#12818);
#12818 = CARTESIAN_POINT('',(15.222487,-41.023552,0.));
#12819 = LINE('',#12820,#12821);
#12820 = CARTESIAN_POINT('',(14.308464,-35.80347,0.));
#12821 = VECTOR('',#12822,1.);
#12822 = DIRECTION('',(0.172473459679,-0.985014165231,0.));
#12823 = ORIENTED_EDGE('',*,*,#12824,.T.);
#12824 = EDGE_CURVE('',#12817,#12825,#12827,.T.);
#12825 = VERTEX_POINT('',#12826);
#12826 = CARTESIAN_POINT('',(16.274514,-47.023647,0.));
#12827 = LINE('',#12828,#12829);
#12828 = CARTESIAN_POINT('',(15.222487,-41.023552,0.));
#12829 = VECTOR('',#12830,1.);
#12830 = DIRECTION('',(0.172700538777,-0.984974377284,0.));
#12831 = ORIENTED_EDGE('',*,*,#12832,.T.);
#12832 = EDGE_CURVE('',#12825,#12833,#12835,.T.);
#12833 = VERTEX_POINT('',#12834);
#12834 = CARTESIAN_POINT('',(18.102561,-57.46381,0.));
#12835 = LINE('',#12836,#12837);
#12836 = CARTESIAN_POINT('',(16.274514,-47.023647,0.));
#12837 = VECTOR('',#12838,1.);
#12838 = DIRECTION('',(0.17247356725,-0.985014146396,0.));
#12839 = ORIENTED_EDGE('',*,*,#12840,.T.);
#12840 = EDGE_CURVE('',#12833,#12841,#12843,.T.);
#12841 = VERTEX_POINT('',#12842);
#12842 = CARTESIAN_POINT('',(19.154588,-63.463905,0.));
#12843 = LINE('',#12844,#12845);
#12844 = CARTESIAN_POINT('',(18.102561,-57.46381,0.));
#12845 = VECTOR('',#12846,1.);
#12846 = DIRECTION('',(0.172700538777,-0.984974377284,0.));
#12847 = ORIENTED_EDGE('',*,*,#12848,.T.);
#12848 = EDGE_CURVE('',#12841,#12849,#12851,.T.);
#12849 = VERTEX_POINT('',#12850);
#12850 = CARTESIAN_POINT('',(23.90871,-90.604331,0.));
#12851 = LINE('',#12852,#12853);
#12852 = CARTESIAN_POINT('',(19.154588,-63.463905,0.));
#12853 = VECTOR('',#12854,1.);
#12854 = DIRECTION('',(0.172540465078,-0.985002430408,0.));
#12855 = ORIENTED_EDGE('',*,*,#12856,.T.);
#12856 = EDGE_CURVE('',#12849,#12857,#12859,.T.);
#12857 = VERTEX_POINT('',#12858);
#12858 = CARTESIAN_POINT('',(25.350747,-92.869366,0.));
#12859 = B_SPLINE_CURVE_WITH_KNOTS('',3,(#12860,#12861,#12862,#12863),
  .UNSPECIFIED.,.F.,.F.,(4,4),(0.,1.),.PIECEWISE_BEZIER_KNOTS.);
#12860 = CARTESIAN_POINT('',(23.90871,-90.604331,0.));
#12861 = CARTESIAN_POINT('',(24.069714,-91.521345,0.));
#12862 = CARTESIAN_POINT('',(24.588727,-92.335358,0.));
#12863 = CARTESIAN_POINT('',(25.350747,-92.869366,0.));
#12864 = ORIENTED_EDGE('',*,*,#12865,.T.);
#12865 = EDGE_CURVE('',#12857,#12866,#12868,.T.);
#12866 = VERTEX_POINT('',#12867);
#12867 = CARTESIAN_POINT('',(26.97652,-93.479687,0.));
#12868 = B_SPLINE_CURVE_WITH_KNOTS('',3,(#12869,#12870,#12871,#12872),
  .UNSPECIFIED.,.F.,.F.,(4,4),(0.,1.),.PIECEWISE_BEZIER_KNOTS.);
#12869 = CARTESIAN_POINT('',(25.350747,-92.869366,0.));
#12870 = CARTESIAN_POINT('',(25.837358,-93.209289,0.));
#12871 = CARTESIAN_POINT('',(26.39718,-93.41662,0.));
#12872 = CARTESIAN_POINT('',(26.97652,-93.479687,0.));
#12873 = ORIENTED_EDGE('',*,*,#12874,.F.);
#12874 = EDGE_CURVE('',#12875,#12866,#12877,.T.);
#12875 = VERTEX_POINT('',#12876);
#12876 = CARTESIAN_POINT('',(42.532807,-104.075784,0.));
#12877 = CIRCLE('',#12878,19.999941);
#12878 = AXIS2_PLACEMENT_3D('',#12879,#12880,#12881);
#12879 = CARTESIAN_POINT('',(24.819961246343,-113.3630190735,0.));
#12880 = DIRECTION('',(0.,0.,1.));
#12881 = DIRECTION('',(1.,0.,0.));
#12882 = ORIENTED_EDGE('',*,*,#12883,.T.);
#12883 = EDGE_CURVE('',#12875,#12884,#12886,.T.);
#12884 = VERTEX_POINT('',#12885);
#12885 = CARTESIAN_POINT('',(48.919351,-107.220592,0.));
#12886 = B_SPLINE_CURVE_WITH_KNOTS('',3,(#12887,#12888,#12889,#12890),
  .UNSPECIFIED.,.F.,.F.,(4,4),(0.,1.),.PIECEWISE_BEZIER_KNOTS.);
#12887 = CARTESIAN_POINT('',(42.532807,-104.075784,0.));
#12888 = CARTESIAN_POINT('',(43.710081,-106.349032,0.));
#12889 = CARTESIAN_POINT('',(46.267119,-107.695419,0.));
#12890 = CARTESIAN_POINT('',(48.919351,-107.220592,0.));
#12891 = ORIENTED_EDGE('',*,*,#12892,.T.);
#12892 = EDGE_CURVE('',#12884,#12893,#12895,.T.);
#12893 = VERTEX_POINT('',#12894);
#12894 = CARTESIAN_POINT('',(83.372234,-101.052495,0.));
#12895 = LINE('',#12896,#12897);
#12896 = CARTESIAN_POINT('',(48.919351,-107.220592,0.));
#12897 = VECTOR('',#12898,1.);
#12898 = DIRECTION('',(0.984349376177,0.17622799329,0.));
#12899 = ORIENTED_EDGE('',*,*,#12900,.T.);
#12900 = EDGE_CURVE('',#12893,#12901,#12903,.T.);
#12901 = VERTEX_POINT('',#12902);
#12902 = CARTESIAN_POINT('',(83.779303,-100.965073,0.));
#12903 = B_SPLINE_CURVE_WITH_KNOTS('',3,(#12904,#12905,#12906,#12907),
  .UNSPECIFIED.,.F.,.F.,(4,4),(0.,1.),.PIECEWISE_BEZIER_KNOTS.);
#12904 = CARTESIAN_POINT('',(83.372234,-101.052495,0.));
#12905 = CARTESIAN_POINT('',(83.50974,-101.027873,0.));
#12906 = CARTESIAN_POINT('',(83.64548,-100.998675,0.));
#12907 = CARTESIAN_POINT('',(83.779303,-100.965073,0.));
#12908 = ORIENTED_EDGE('',*,*,#12909,.F.);
#12909 = EDGE_CURVE('',#12910,#12901,#12912,.T.);
#12910 = VERTEX_POINT('',#12911);
#12911 = CARTESIAN_POINT('',(102.551073,-99.891035,0.));
#12912 = CIRCLE('',#12913,50.);
#12913 = AXIS2_PLACEMENT_3D('',#12914,#12915,#12916);
#12914 = CARTESIAN_POINT('',(95.97035598173,-149.4560848186,0.));
#12915 = DIRECTION('',(0.,0.,1.));
#12916 = DIRECTION('',(1.,0.,0.));
#12917 = ORIENTED_EDGE('',*,*,#12918,.T.);
#12918 = EDGE_CURVE('',#12910,#12919,#12921,.T.);
#12919 = VERTEX_POINT('',#12920);
#12920 = CARTESIAN_POINT('',(128.735397,-103.29753,0.));
#12921 = LINE('',#12922,#12923);
#12922 = CARTESIAN_POINT('',(102.551073,-99.891035,0.));
#12923 = VECTOR('',#12924,1.);
#12924 = DIRECTION('',(0.991643349938,-0.129009559817,0.));
#12925 = ORIENTED_EDGE('',*,*,#12926,.T.);
#12926 = EDGE_CURVE('',#12919,#12927,#12929,.T.);
#12927 = VERTEX_POINT('',#12928);
#12928 = CARTESIAN_POINT('',(137.319913,-108.285074,0.));
#12929 = LINE('',#12930,#12931);
#12930 = CARTESIAN_POINT('',(128.735397,-103.29753,0.));
#12931 = VECTOR('',#12932,1.);
#12932 = DIRECTION('',(0.86465830132,-0.502360450234,0.));
#12933 = ORIENTED_EDGE('',*,*,#12934,.F.);
#12934 = EDGE_CURVE('',#12935,#12927,#12937,.T.);
#12935 = VERTEX_POINT('',#12936);
#12936 = CARTESIAN_POINT('',(139.807699,-112.545673,0.));
#12937 = CIRCLE('',#12938,4.999931);
#12938 = AXIS2_PLACEMENT_3D('',#12939,#12940,#12941);
#12939 = CARTESIAN_POINT('',(134.80816041736,-112.6083145633,0.));
#12940 = DIRECTION('',(0.,0.,1.));
#12941 = DIRECTION('',(1.,0.,0.));
#12942 = ORIENTED_EDGE('',*,*,#12943,.T.);
#12943 = EDGE_CURVE('',#12935,#12944,#12946,.T.);
#12944 = VERTEX_POINT('',#12945);
#12945 = CARTESIAN_POINT('',(139.807698,-112.548516,0.));
#12946 = B_SPLINE_CURVE_WITH_KNOTS('',3,(#12947,#12948,#12949,#12950),
  .UNSPECIFIED.,.F.,.F.,(4,4),(0.,1.),.PIECEWISE_BEZIER_KNOTS.);
#12947 = CARTESIAN_POINT('',(139.807699,-112.545673,0.));
#12948 = CARTESIAN_POINT('',(139.807698,-112.546621,0.));
#12949 = CARTESIAN_POINT('',(139.807698,-112.547568,0.));
#12950 = CARTESIAN_POINT('',(139.807698,-112.548516,0.));
#12951 = ORIENTED_EDGE('',*,*,#12952,.T.);
#12952 = EDGE_CURVE('',#12944,#12953,#12955,.T.);
#12953 = VERTEX_POINT('',#12954);
#12954 = CARTESIAN_POINT('',(142.807698,-115.548516,0.));
#12955 = CIRCLE('',#12956,3.);
#12956 = AXIS2_PLACEMENT_3D('',#12957,#12958,#12959);
#12957 = CARTESIAN_POINT('',(142.807698,-112.548516,0.));
#12958 = DIRECTION('',(0.,0.,1.));
#12959 = DIRECTION('',(1.,0.,0.));
#12960 = ORIENTED_EDGE('',*,*,#12961,.T.);
#12961 = EDGE_CURVE('',#12953,#12962,#12964,.T.);
#12962 = VERTEX_POINT('',#12963);
#12963 = CARTESIAN_POINT('',(143.615509,-115.438509,0.));
#12964 = B_SPLINE_CURVE_WITH_KNOTS('',3,(#12965,#12966,#12967,#12968),
  .UNSPECIFIED.,.F.,.F.,(4,4),(0.,1.),.PIECEWISE_BEZIER_KNOTS.);
#12965 = CARTESIAN_POINT('',(142.807698,-115.548516,0.));
#12966 = CARTESIAN_POINT('',(143.087577,-115.548516,0.));
#12967 = CARTESIAN_POINT('',(143.358505,-115.51019,0.));
#12968 = CARTESIAN_POINT('',(143.615509,-115.438509,0.));
#12969 = ORIENTED_EDGE('',*,*,#12970,.F.);
#12970 = EDGE_CURVE('',#12971,#12962,#12973,.T.);
#12971 = VERTEX_POINT('',#12972);
#12972 = CARTESIAN_POINT('',(148.488787,-116.710097,0.));
#12973 = CIRCLE('',#12974,5.);
#12974 = AXIS2_PLACEMENT_3D('',#12975,#12976,#12977);
#12975 = CARTESIAN_POINT('',(144.96155833788,-120.2539166857,0.));
#12976 = DIRECTION('',(0.,0.,1.));
#12977 = DIRECTION('',(1.,0.,0.));
#12978 = ORIENTED_EDGE('',*,*,#12979,.T.);
#12979 = EDGE_CURVE('',#12971,#12980,#12982,.T.);
#12980 = VERTEX_POINT('',#12981);
#12981 = CARTESIAN_POINT('',(155.859092,-123.981855,0.));
#12982 = LINE('',#12983,#12984);
#12983 = CARTESIAN_POINT('',(148.488787,-116.710097,0.));
#12984 = VECTOR('',#12985,1.);
#12985 = DIRECTION('',(0.711849772901,-0.702331759797,0.));
#12986 = ORIENTED_EDGE('',*,*,#12987,.T.);
#12987 = EDGE_CURVE('',#12980,#12988,#12990,.T.);
#12988 = VERTEX_POINT('',#12989);
#12989 = CARTESIAN_POINT('',(156.361105,-124.392861,0.));
#12990 = B_SPLINE_CURVE_WITH_KNOTS('',3,(#12991,#12992,#12993,#12994),
  .UNSPECIFIED.,.F.,.F.,(4,4),(0.,1.),.PIECEWISE_BEZIER_KNOTS.);
#12991 = CARTESIAN_POINT('',(155.859092,-123.981855,0.));
#12992 = CARTESIAN_POINT('',(156.013096,-124.133857,0.));
#12993 = CARTESIAN_POINT('',(156.1811,-124.271859,0.));
#12994 = CARTESIAN_POINT('',(156.361105,-124.392861,0.));
#12995 = ORIENTED_EDGE('',*,*,#12996,.T.);
#12996 = EDGE_CURVE('',#12988,#12997,#12999,.T.);
#12997 = VERTEX_POINT('',#12998);
#12998 = CARTESIAN_POINT('',(162.889272,-123.416846,0.));
#12999 = B_SPLINE_CURVE_WITH_KNOTS('',3,(#13000,#13001,#13002,#13003),
  .UNSPECIFIED.,.F.,.F.,(4,4),(0.,1.),.PIECEWISE_BEZIER_KNOTS.);
#13000 = CARTESIAN_POINT('',(156.361105,-124.392861,0.));
#13001 = CARTESIAN_POINT('',(158.461159,-125.807884,0.));
#13002 = CARTESIAN_POINT('',(161.294231,-125.383877,0.));
#13003 = CARTESIAN_POINT('',(162.889272,-123.416846,0.));
#13004 = ORIENTED_EDGE('',*,*,#13005,.T.);
#13005 = EDGE_CURVE('',#12997,#13006,#13008,.T.);
#13006 = VERTEX_POINT('',#13007);
#13007 = CARTESIAN_POINT('',(182.724104,-103.576942,0.));
#13008 = LINE('',#13009,#13010);
#13009 = CARTESIAN_POINT('',(162.889272,-123.416846,0.));
#13010 = VECTOR('',#13011,1.);
#13011 = DIRECTION('',(0.707016379204,0.707197171613,0.));
#13012 = ORIENTED_EDGE('',*,*,#13013,.F.);
#13013 = EDGE_CURVE('',#13014,#13006,#13016,.T.);
#13014 = VERTEX_POINT('',#13015);
#13015 = CARTESIAN_POINT('',(187.406821,-102.245325,0.));
#13016 = CIRCLE('',#13017,4.999902);
#13017 = AXIS2_PLACEMENT_3D('',#13018,#13019,#13020);
#13018 = CARTESIAN_POINT('',(186.26003842581,-107.1119367306,0.));
#13019 = DIRECTION('',(0.,0.,1.));
#13020 = DIRECTION('',(1.,0.,0.));
#13021 = ORIENTED_EDGE('',*,*,#13022,.T.);
#13022 = EDGE_CURVE('',#13014,#13023,#13025,.T.);
#13023 = VERTEX_POINT('',#13024);
#13024 = CARTESIAN_POINT('',(188.131757,-102.333538,0.));
#13025 = B_SPLINE_CURVE_WITH_KNOTS('',3,(#13026,#13027,#13028,#13029),
  .UNSPECIFIED.,.F.,.F.,(4,4),(0.,1.),.PIECEWISE_BEZIER_KNOTS.);
#13026 = CARTESIAN_POINT('',(187.406821,-102.245325,0.));
#13027 = CARTESIAN_POINT('',(187.63894,-102.302963,0.));
#13028 = CARTESIAN_POINT('',(187.881778,-102.333538,0.));
#13029 = CARTESIAN_POINT('',(188.131757,-102.333538,0.));
#13030 = ORIENTED_EDGE('',*,*,#13031,.T.);
#13031 = EDGE_CURVE('',#13023,#13032,#13034,.T.);
#13032 = VERTEX_POINT('',#13033);
#13033 = CARTESIAN_POINT('',(191.131757,-99.333538,0.));
#13034 = CIRCLE('',#13035,3.);
#13035 = AXIS2_PLACEMENT_3D('',#13036,#13037,#13038);
#13036 = CARTESIAN_POINT('',(188.131757,-99.333538,0.));
#13037 = DIRECTION('',(0.,0.,1.));
#13038 = DIRECTION('',(1.,0.,0.));
#13039 = ORIENTED_EDGE('',*,*,#13040,.T.);
#13040 = EDGE_CURVE('',#13032,#13041,#13043,.T.);
#13041 = VERTEX_POINT('',#13042);
#13042 = CARTESIAN_POINT('',(190.832026,-98.025489,0.));
#13043 = B_SPLINE_CURVE_WITH_KNOTS('',3,(#13044,#13045,#13046,#13047),
  .UNSPECIFIED.,.F.,.F.,(4,4),(0.,1.),.PIECEWISE_BEZIER_KNOTS.);
#13044 = CARTESIAN_POINT('',(191.131757,-99.333538,0.));
#13045 = CARTESIAN_POINT('',(191.131757,-98.864497,0.));
#13046 = CARTESIAN_POINT('',(191.024116,-98.420598,0.));
#13047 = CARTESIAN_POINT('',(190.832026,-98.025489,0.));
#13048 = ORIENTED_EDGE('',*,*,#13049,.F.);
#13049 = EDGE_CURVE('',#13050,#13041,#13052,.T.);
#13050 = VERTEX_POINT('',#13051);
#13051 = CARTESIAN_POINT('',(190.393212,-95.029605,0.));
#13052 = CIRCLE('',#13053,4.99976);
#13053 = AXIS2_PLACEMENT_3D('',#13054,#13055,#13056);
#13054 = CARTESIAN_POINT('',(195.32735464683,-95.83696885741,0.));
#13055 = DIRECTION('',(0.,0.,1.));
#13056 = DIRECTION('',(1.,0.,0.));
#13057 = ORIENTED_EDGE('',*,*,#13058,.T.);
#13058 = EDGE_CURVE('',#13050,#13059,#13061,.T.);
#13059 = VERTEX_POINT('',#13060);
#13060 = CARTESIAN_POINT('',(190.449979,-94.40239,0.));
#13061 = B_SPLINE_CURVE_WITH_KNOTS('',3,(#13062,#13063,#13064,#13065),
  .UNSPECIFIED.,.F.,.F.,(4,4),(0.,1.),.PIECEWISE_BEZIER_KNOTS.);
#13062 = CARTESIAN_POINT('',(190.393212,-95.029605,0.));
#13063 = CARTESIAN_POINT('',(190.430714,-94.824074,0.));
#13064 = CARTESIAN_POINT('',(190.449979,-94.614198,0.));
#13065 = CARTESIAN_POINT('',(190.449979,-94.40239,0.));
#13066 = ORIENTED_EDGE('',*,*,#13067,.T.);
#13067 = EDGE_CURVE('',#13059,#13068,#13070,.T.);
#13068 = VERTEX_POINT('',#13069);
#13069 = CARTESIAN_POINT('',(190.454979,-87.006274,0.));
#13070 = LINE('',#13071,#13072);
#13071 = CARTESIAN_POINT('',(190.449979,-94.40239,0.));
#13072 = VECTOR('',#13073,1.);
#13073 = DIRECTION('',(6.760303458574E-04,0.999999771491,0.));
#13074 = ORIENTED_EDGE('',*,*,#13075,.T.);
#13075 = EDGE_CURVE('',#13068,#13076,#13078,.T.);
#13076 = VERTEX_POINT('',#13077);
#13077 = CARTESIAN_POINT('',(190.454979,-87.001274,0.));
#13078 = B_SPLINE_CURVE_WITH_KNOTS('',3,(#13079,#13080,#13081,#13082),
  .UNSPECIFIED.,.F.,.F.,(4,4),(0.,1.),.PIECEWISE_BEZIER_KNOTS.);
#13079 = CARTESIAN_POINT('',(190.454979,-87.006274,0.));
#13080 = CARTESIAN_POINT('',(190.454979,-87.004274,0.));
#13081 = CARTESIAN_POINT('',(190.454979,-87.003274,0.));
#13082 = CARTESIAN_POINT('',(190.454979,-87.001274,0.));
#13083 = ORIENTED_EDGE('',*,*,#13084,.T.);
#13084 = EDGE_CURVE('',#13076,#13085,#13087,.T.);
#13085 = VERTEX_POINT('',#13086);
#13086 = CARTESIAN_POINT('',(190.449979,-81.00118,0.));
#13087 = LINE('',#13088,#13089);
#13088 = CARTESIAN_POINT('',(190.454979,-87.001274,0.));
#13089 = VECTOR('',#13090,1.);
#13090 = DIRECTION('',(-8.333199886482E-04,0.999999652789,0.));
#13091 = ORIENTED_EDGE('',*,*,#13092,.T.);
#13092 = EDGE_CURVE('',#13085,#13093,#13095,.T.);
#13093 = VERTEX_POINT('',#13094);
#13094 = CARTESIAN_POINT('',(190.416978,-38.000505,0.));
#13095 = LINE('',#13096,#13097);
#13096 = CARTESIAN_POINT('',(190.449979,-81.00118,0.));
#13097 = VECTOR('',#13098,1.);
#13098 = DIRECTION('',(-7.674528430415E-04,0.999999705508,0.));
#13099 = ORIENTED_EDGE('',*,*,#13100,.T.);
#13100 = EDGE_CURVE('',#13093,#13101,#13103,.T.);
#13101 = VERTEX_POINT('',#13102);
#13102 = CARTESIAN_POINT('',(190.415071,-35.14086,0.));
#13103 = LINE('',#13104,#13105);
#13104 = CARTESIAN_POINT('',(190.416978,-38.000505,0.));
#13105 = VECTOR('',#13106,1.);
#13106 = DIRECTION('',(-6.668658438224E-04,0.999999777645,0.));
#13107 = ORIENTED_EDGE('',*,*,#13108,.F.);
#13108 = EDGE_CURVE('',#13109,#13101,#13111,.T.);
#13109 = VERTEX_POINT('',#13110);
#13110 = CARTESIAN_POINT('',(192.561472,-31.031835,0.));
#13111 = CIRCLE('',#13112,4.99988);
#13112 = AXIS2_PLACEMENT_3D('',#13113,#13114,#13115);
#13113 = CARTESIAN_POINT('',(195.41494986929,-35.1374974391,0.));
#13114 = DIRECTION('',(0.,0.,1.));
#13115 = DIRECTION('',(1.,0.,0.));
#13116 = ORIENTED_EDGE('',*,*,#13117,.T.);
#13117 = EDGE_CURVE('',#13109,#13118,#13120,.T.);
#13118 = VERTEX_POINT('',#13119);
#13119 = CARTESIAN_POINT('',(193.848572,-28.56891499913,0.));
#13120 = CIRCLE('',#13121,3.);
#13121 = AXIS2_PLACEMENT_3D('',#13122,#13123,#13124);
#13122 = CARTESIAN_POINT('',(190.848572,-28.5689152713,0.));
#13123 = DIRECTION('',(0.,0.,1.));
#13124 = DIRECTION('',(1.,0.,0.));
#13125 = ORIENTED_EDGE('',*,*,#13126,.T.);
#13126 = EDGE_CURVE('',#13118,#13127,#13129,.T.);
#13127 = VERTEX_POINT('',#13128);
#13128 = CARTESIAN_POINT('',(192.37187599925,-25.98443299956,0.));
#13129 = CIRCLE('',#13130,3.);
#13130 = AXIS2_PLACEMENT_3D('',#13131,#13132,#13133);
#13131 = CARTESIAN_POINT('',(190.848572,-28.56891455798,0.));
#13132 = DIRECTION('',(0.,0.,1.));
#13133 = DIRECTION('',(1.,0.,0.));
#13134 = ORIENTED_EDGE('',*,*,#13135,.F.);
#13135 = EDGE_CURVE('',#13136,#13127,#13138,.T.);
#13136 = VERTEX_POINT('',#13137);
#13137 = CARTESIAN_POINT('',(190.190822,-23.326947,0.));
#13138 = CIRCLE('',#13139,4.999868);
#13139 = AXIS2_PLACEMENT_3D('',#13140,#13141,#13142);
#13140 = CARTESIAN_POINT('',(194.91062813709,-21.67706517221,0.));
#13141 = DIRECTION('',(0.,0.,1.));
#13142 = DIRECTION('',(1.,0.,0.));
#13143 = ORIENTED_EDGE('',*,*,#13144,.T.);
#13144 = EDGE_CURVE('',#13136,#13145,#13147,.T.);
#13145 = VERTEX_POINT('',#13146);
#13146 = CARTESIAN_POINT('',(186.406875,-20.627232,0.));
#13147 = B_SPLINE_CURVE_WITH_KNOTS('',3,(#13148,#13149,#13150,#13151),
  .UNSPECIFIED.,.F.,.F.,(4,4),(0.,1.),.PIECEWISE_BEZIER_KNOTS.);
#13148 = CARTESIAN_POINT('',(190.190822,-23.326947,0.));
#13149 = CARTESIAN_POINT('',(189.651008,-21.756213,0.));
#13150 = CARTESIAN_POINT('',(188.160447,-20.627232,0.));
#13151 = CARTESIAN_POINT('',(186.406875,-20.627232,0.));
#13152 = ORIENTED_EDGE('',*,*,#13153,.T.);
#13153 = EDGE_CURVE('',#13145,#13154,#13156,.T.);
#13154 = VERTEX_POINT('',#13155);
#13155 = CARTESIAN_POINT('',(176.186613,-20.627232,0.));
#13156 = LINE('',#13157,#13158);
#13157 = CARTESIAN_POINT('',(186.406875,-20.627232,0.));
#13158 = VECTOR('',#13159,1.);
#13159 = DIRECTION('',(-1.,0.,0.));
#13160 = ORIENTED_EDGE('',*,*,#13161,.T.);
#13161 = EDGE_CURVE('',#13154,#13162,#13164,.T.);
#13162 = VERTEX_POINT('',#13163);
#13163 = CARTESIAN_POINT('',(161.267293,-18.686685,0.));
#13164 = LINE('',#13165,#13166);
#13165 = CARTESIAN_POINT('',(176.186613,-20.627232,0.));
#13166 = VECTOR('',#13167,1.);
#13167 = DIRECTION('',(-0.991646817089,0.128982906457,0.));
#13168 = ORIENTED_EDGE('',*,*,#13169,.F.);
#13169 = EDGE_CURVE('',#13170,#13162,#13172,.T.);
#13170 = VERTEX_POINT('',#13171);
#13171 = CARTESIAN_POINT('',(157.53906,-16.152288,0.));
#13172 = CIRCLE('',#13173,4.999724);
#13173 = AXIS2_PLACEMENT_3D('',#13174,#13175,#13176);
#13174 = CARTESIAN_POINT('',(161.91210694656,-13.72871615676,0.));
#13175 = DIRECTION('',(0.,0.,1.));
#13176 = DIRECTION('',(1.,0.,0.));
#13177 = ORIENTED_EDGE('',*,*,#13178,.T.);
#13178 = EDGE_CURVE('',#13170,#13179,#13181,.T.);
#13179 = VERTEX_POINT('',#13180);
#13180 = CARTESIAN_POINT('',(154.918248,-14.6122,0.));
#13181 = CIRCLE('',#13182,3.);
#13182 = AXIS2_PLACEMENT_3D('',#13183,#13184,#13185);
#13183 = CARTESIAN_POINT('',(154.91824773044,-17.6122,0.));
#13184 = DIRECTION('',(0.,0.,1.));
#13185 = DIRECTION('',(1.,0.,0.));
#13186 = ORIENTED_EDGE('',*,*,#13187,.T.);
#13187 = EDGE_CURVE('',#13179,#13188,#13190,.T.);
#13188 = VERTEX_POINT('',#13189);
#13189 = CARTESIAN_POINT('',(152.389848,-15.99752,0.));
#13190 = CIRCLE('',#13191,3.);
#13191 = AXIS2_PLACEMENT_3D('',#13192,#13193,#13194);
#13192 = CARTESIAN_POINT('',(154.91824838316,-17.6122,0.));
#13193 = DIRECTION('',(0.,0.,1.));
#13194 = DIRECTION('',(1.,0.,0.));
#13195 = ORIENTED_EDGE('',*,*,#13196,.F.);
#13196 = EDGE_CURVE('',#13197,#13188,#13199,.T.);
#13197 = VERTEX_POINT('',#13198);
#13198 = CARTESIAN_POINT('',(148.156578,-18.306349,0.));
#13199 = CIRCLE('',#13200,5.);
#13200 = AXIS2_PLACEMENT_3D('',#13201,#13202,#13203);
#13201 = CARTESIAN_POINT('',(148.17584770265,-13.30638613228,0.));
#13202 = DIRECTION('',(0.,0.,1.));
#13203 = DIRECTION('',(1.,0.,0.));
#13204 = ORIENTED_EDGE('',*,*,#13205,.T.);
#13205 = EDGE_CURVE('',#13197,#13206,#13208,.T.);
#13206 = VERTEX_POINT('',#13207);
#13207 = CARTESIAN_POINT('',(123.115253,-18.321196,0.));
#13208 = LINE('',#13209,#13210);
#13209 = CARTESIAN_POINT('',(148.156578,-18.306349,0.));
#13210 = VECTOR('',#13211,1.);
#13211 = DIRECTION('',(-0.999999824235,-5.928998321941E-04,0.));
#13212 = ORIENTED_EDGE('',*,*,#13213,.T.);
#13213 = EDGE_CURVE('',#13206,#13214,#13216,.T.);
#13214 = VERTEX_POINT('',#13215);
#13215 = CARTESIAN_POINT('',(119.408158,-15.823157,0.));
#13216 = B_SPLINE_CURVE_WITH_KNOTS('',3,(#13217,#13218,#13219,#13220),
  .UNSPECIFIED.,.F.,.F.,(4,4),(0.,1.),.PIECEWISE_BEZIER_KNOTS.);
#13217 = CARTESIAN_POINT('',(123.115253,-18.321196,0.));
#13218 = CARTESIAN_POINT('',(122.504237,-16.811172,0.));
#13219 = CARTESIAN_POINT('',(121.037199,-15.823157,0.));
#13220 = CARTESIAN_POINT('',(119.408158,-15.823157,0.));
#13221 = ORIENTED_EDGE('',*,*,#13222,.T.);
#13222 = EDGE_CURVE('',#13214,#11899,#13223,.T.);
#13223 = LINE('',#13224,#13225);
#13224 = CARTESIAN_POINT('',(119.408158,-15.823157,0.));
#13225 = VECTOR('',#13226,1.);
#13226 = DIRECTION('',(-1.,0.,0.));
#13227 = ORIENTED_EDGE('',*,*,#11906,.T.);
#13228 = FACE_BOUND('',#13229,.T.);
#13229 = EDGE_LOOP('',(#13230));
#13230 = ORIENTED_EDGE('',*,*,#13231,.T.);
#13231 = EDGE_CURVE('',#13232,#13232,#13234,.T.);
#13232 = VERTEX_POINT('',#13233);
#13233 = CARTESIAN_POINT('',(42.087843,-92.211337,0.));
#13234 = CIRCLE('',#13235,1.6);
#13235 = AXIS2_PLACEMENT_3D('',#13236,#13237,#13238);
#13236 = CARTESIAN_POINT('',(40.487843,-92.211337,0.));
#13237 = DIRECTION('',(0.,0.,-1.));
#13238 = DIRECTION('',(1.,0.,0.));
#13239 = FACE_BOUND('',#13240,.T.);
#13240 = EDGE_LOOP('',(#13241));
#13241 = ORIENTED_EDGE('',*,*,#13242,.T.);
#13242 = EDGE_CURVE('',#13243,#13243,#13245,.T.);
#13243 = VERTEX_POINT('',#13244);
#13244 = CARTESIAN_POINT('',(88.92261,-94.82474,0.));
#13245 = CIRCLE('',#13246,1.6);
#13246 = AXIS2_PLACEMENT_3D('',#13247,#13248,#13249);
#13247 = CARTESIAN_POINT('',(87.32261,-94.82474,0.));
#13248 = DIRECTION('',(0.,0.,-1.));
#13249 = DIRECTION('',(1.,0.,0.));
#13250 = FACE_BOUND('',#13251,.T.);
#13251 = EDGE_LOOP('',(#13252));
#13252 = ORIENTED_EDGE('',*,*,#13253,.T.);
#13253 = EDGE_CURVE('',#13254,#13254,#13256,.T.);
#13254 = VERTEX_POINT('',#13255);
#13255 = CARTESIAN_POINT('',(45.25,-68.23,0.));
#13256 = CIRCLE('',#13257,1.6);
#13257 = AXIS2_PLACEMENT_3D('',#13258,#13259,#13260);
#13258 = CARTESIAN_POINT('',(43.65,-68.23,0.));
#13259 = DIRECTION('',(0.,0.,-1.));
#13260 = DIRECTION('',(1.,0.,0.));
#13261 = FACE_BOUND('',#13262,.T.);
#13262 = EDGE_LOOP('',(#13263));
#13263 = ORIENTED_EDGE('',*,*,#13264,.T.);
#13264 = EDGE_CURVE('',#13265,#13265,#13267,.T.);
#13265 = VERTEX_POINT('',#13266);
#13266 = CARTESIAN_POINT('',(144.407698,-112.548516,0.));
#13267 = CIRCLE('',#13268,1.6);
#13268 = AXIS2_PLACEMENT_3D('',#13269,#13270,#13271);
#13269 = CARTESIAN_POINT('',(142.807698,-112.548516,0.));
#13270 = DIRECTION('',(0.,0.,-1.));
#13271 = DIRECTION('',(1.,0.,0.));
#13272 = FACE_BOUND('',#13273,.T.);
#13273 = EDGE_LOOP('',(#13274));
#13274 = ORIENTED_EDGE('',*,*,#13275,.T.);
#13275 = EDGE_CURVE('',#13276,#13276,#13278,.T.);
#13276 = VERTEX_POINT('',#13277);
#13277 = CARTESIAN_POINT('',(159.45,-94.03,0.));
#13278 = CIRCLE('',#13279,1.6);
#13279 = AXIS2_PLACEMENT_3D('',#13280,#13281,#13282);
#13280 = CARTESIAN_POINT('',(157.85,-94.03,0.));
#13281 = DIRECTION('',(0.,0.,-1.));
#13282 = DIRECTION('',(1.,0.,0.));
#13283 = FACE_BOUND('',#13284,.T.);
#13284 = EDGE_LOOP('',(#13285));
#13285 = ORIENTED_EDGE('',*,*,#13286,.T.);
#13286 = EDGE_CURVE('',#13287,#13287,#13289,.T.);
#13287 = VERTEX_POINT('',#13288);
#13288 = CARTESIAN_POINT('',(189.731757,-99.333538,0.));
#13289 = CIRCLE('',#13290,1.6);
#13290 = AXIS2_PLACEMENT_3D('',#13291,#13292,#13293);
#13291 = CARTESIAN_POINT('',(188.131757,-99.333538,0.));
#13292 = DIRECTION('',(0.,0.,-1.));
#13293 = DIRECTION('',(1.,0.,0.));
#13294 = FACE_BOUND('',#13295,.T.);
#13295 = EDGE_LOOP('',(#13296));
#13296 = ORIENTED_EDGE('',*,*,#13297,.T.);
#13297 = EDGE_CURVE('',#13298,#13298,#13300,.T.);
#13298 = VERTEX_POINT('',#13299);
#13299 = CARTESIAN_POINT('',(41.85,-49.63,0.));
#13300 = CIRCLE('',#13301,1.6);
#13301 = AXIS2_PLACEMENT_3D('',#13302,#13303,#13304);
#13302 = CARTESIAN_POINT('',(40.25,-49.63,0.));
#13303 = DIRECTION('',(0.,0.,-1.));
#13304 = DIRECTION('',(1.,0.,0.));
#13305 = FACE_BOUND('',#13306,.T.);
#13306 = EDGE_LOOP('',(#13307));
#13307 = ORIENTED_EDGE('',*,*,#13308,.T.);
#13308 = EDGE_CURVE('',#13309,#13309,#13311,.T.);
#13309 = VERTEX_POINT('',#13310);
#13310 = CARTESIAN_POINT('',(23.702017,-29.907082,0.));
#13311 = CIRCLE('',#13312,1.6);
#13312 = AXIS2_PLACEMENT_3D('',#13313,#13314,#13315);
#13313 = CARTESIAN_POINT('',(22.102017,-29.907082,0.));
#13314 = DIRECTION('',(0.,0.,-1.));
#13315 = DIRECTION('',(1.,0.,0.));
#13316 = FACE_BOUND('',#13317,.T.);
#13317 = EDGE_LOOP('',(#13318));
#13318 = ORIENTED_EDGE('',*,*,#13319,.T.);
#13319 = EDGE_CURVE('',#13320,#13320,#13322,.T.);
#13320 = VERTEX_POINT('',#13321);
#13321 = CARTESIAN_POINT('',(93.676908,-12.424245,0.));
#13322 = CIRCLE('',#13323,1.6);
#13323 = AXIS2_PLACEMENT_3D('',#13324,#13325,#13326);
#13324 = CARTESIAN_POINT('',(92.076908,-12.424245,0.));
#13325 = DIRECTION('',(0.,0.,-1.));
#13326 = DIRECTION('',(1.,0.,0.));
#13327 = FACE_BOUND('',#13328,.T.);
#13328 = EDGE_LOOP('',(#13329));
#13329 = ORIENTED_EDGE('',*,*,#13330,.T.);
#13330 = EDGE_CURVE('',#13331,#13331,#13333,.T.);
#13331 = VERTEX_POINT('',#13332);
#13332 = CARTESIAN_POINT('',(141.05,-40.33,0.));
#13333 = CIRCLE('',#13334,1.6);
#13334 = AXIS2_PLACEMENT_3D('',#13335,#13336,#13337);
#13335 = CARTESIAN_POINT('',(139.45,-40.33,0.));
#13336 = DIRECTION('',(0.,0.,-1.));
#13337 = DIRECTION('',(1.,0.,0.));
#13338 = FACE_BOUND('',#13339,.T.);
#13339 = EDGE_LOOP('',(#13340,#13350,#13358,#13366));
#13340 = ORIENTED_EDGE('',*,*,#13341,.T.);
#13341 = EDGE_CURVE('',#13342,#13344,#13346,.T.);
#13342 = VERTEX_POINT('',#13343);
#13343 = CARTESIAN_POINT('',(147.76,-38.28,0.));
#13344 = VERTEX_POINT('',#13345);
#13345 = CARTESIAN_POINT('',(158.76,-38.28,0.));
#13346 = LINE('',#13347,#13348);
#13347 = CARTESIAN_POINT('',(133.80372106554,-38.28,0.));
#13348 = VECTOR('',#13349,1.);
#13349 = DIRECTION('',(1.,-2.2E-16,0.));
#13350 = ORIENTED_EDGE('',*,*,#13351,.T.);
#13351 = EDGE_CURVE('',#13344,#13352,#13354,.T.);
#13352 = VERTEX_POINT('',#13353);
#13353 = CARTESIAN_POINT('',(158.76,-44.28,0.));
#13354 = LINE('',#13355,#13356);
#13355 = CARTESIAN_POINT('',(158.76,-53.44006065048,0.));
#13356 = VECTOR('',#13357,1.);
#13357 = DIRECTION('',(-2.2E-16,-1.,0.));
#13358 = ORIENTED_EDGE('',*,*,#13359,.T.);
#13359 = EDGE_CURVE('',#13352,#13360,#13362,.T.);
#13360 = VERTEX_POINT('',#13361);
#13361 = CARTESIAN_POINT('',(147.76,-44.28,0.));
#13362 = LINE('',#13363,#13364);
#13363 = CARTESIAN_POINT('',(128.30372106554,-44.28,0.));
#13364 = VECTOR('',#13365,1.);
#13365 = DIRECTION('',(-1.,2.2E-16,0.));
#13366 = ORIENTED_EDGE('',*,*,#13367,.T.);
#13367 = EDGE_CURVE('',#13360,#13342,#13368,.T.);
#13368 = LINE('',#13369,#13370);
#13369 = CARTESIAN_POINT('',(147.76,-50.44006065048,0.));
#13370 = VECTOR('',#13371,1.);
#13371 = DIRECTION('',(2.2E-16,1.,0.));
#13372 = FACE_BOUND('',#13373,.T.);
#13373 = EDGE_LOOP('',(#13374));
#13374 = ORIENTED_EDGE('',*,*,#13375,.T.);
#13375 = EDGE_CURVE('',#13376,#13376,#13378,.T.);
#13376 = VERTEX_POINT('',#13377);
#13377 = CARTESIAN_POINT('',(192.448572,-28.568915,0.));
#13378 = CIRCLE('',#13379,1.6);
#13379 = AXIS2_PLACEMENT_3D('',#13380,#13381,#13382);
#13380 = CARTESIAN_POINT('',(190.848572,-28.568915,0.));
#13381 = DIRECTION('',(0.,0.,-1.));
#13382 = DIRECTION('',(1.,0.,0.));
#13383 = FACE_BOUND('',#13384,.T.);
#13384 = EDGE_LOOP('',(#13385));
#13385 = ORIENTED_EDGE('',*,*,#13386,.T.);
#13386 = EDGE_CURVE('',#13387,#13387,#13389,.T.);
#13387 = VERTEX_POINT('',#13388);
#13388 = CARTESIAN_POINT('',(156.518248,-17.6122,0.));
#13389 = CIRCLE('',#13390,1.6);
#13390 = AXIS2_PLACEMENT_3D('',#13391,#13392,#13393);
#13391 = CARTESIAN_POINT('',(154.918248,-17.6122,0.));
#13392 = DIRECTION('',(0.,0.,-1.));
#13393 = DIRECTION('',(1.,0.,0.));
#13394 = PLANE('',#13395);
#13395 = AXIS2_PLACEMENT_3D('',#13396,#13397,#13398);
#13396 = CARTESIAN_POINT('',(108.84744213108,-62.60012130097,0.));
#13397 = DIRECTION('',(0.,0.,1.));
#13398 = DIRECTION('',(1.,0.,0.));
#13399 = ADVANCED_FACE('',(#13400),#13411,.F.);
#13400 = FACE_BOUND('',#13401,.F.);
#13401 = EDGE_LOOP('',(#13402,#13408,#13409,#13410));
#13402 = ORIENTED_EDGE('',*,*,#13403,.T.);
#13403 = EDGE_CURVE('',#12495,#13214,#13404,.T.);
#13404 = LINE('',#13405,#13406);
#13405 = CARTESIAN_POINT('',(119.408158,-15.823157,-2.));
#13406 = VECTOR('',#13407,1.);
#13407 = DIRECTION('',(0.,0.,1.));
#13408 = ORIENTED_EDGE('',*,*,#13222,.T.);
#13409 = ORIENTED_EDGE('',*,*,#11896,.F.);
#13410 = ORIENTED_EDGE('',*,*,#12503,.F.);
#13411 = PLANE('',#13412);
#13412 = AXIS2_PLACEMENT_3D('',#13413,#13414,#13415);
#13413 = CARTESIAN_POINT('',(119.408158,-15.823157,-2.));
#13414 = DIRECTION('',(0.,-1.,0.));
#13415 = DIRECTION('',(-1.,0.,0.));
#13416 = ADVANCED_FACE('',(#13417),#13428,.T.);
#13417 = FACE_BOUND('',#13418,.F.);
#13418 = EDGE_LOOP('',(#13419,#13420,#13421,#13427));
#13419 = ORIENTED_EDGE('',*,*,#11932,.T.);
#13420 = ORIENTED_EDGE('',*,*,#12686,.T.);
#13421 = ORIENTED_EDGE('',*,*,#13422,.F.);
#13422 = EDGE_CURVE('',#11968,#12687,#13423,.T.);
#13423 = LINE('',#13424,#13425);
#13424 = CARTESIAN_POINT('',(92.076908,-9.424245,-2.));
#13425 = VECTOR('',#13426,1.);
#13426 = DIRECTION('',(0.,0.,1.));
#13427 = ORIENTED_EDGE('',*,*,#11967,.F.);
#13428 = CYLINDRICAL_SURFACE('',#13429,3.);
#13429 = AXIS2_PLACEMENT_3D('',#13430,#13431,#13432);
#13430 = CARTESIAN_POINT('',(92.076907684171,-12.424245,-2.));
#13431 = DIRECTION('',(-0.,-0.,-1.));
#13432 = DIRECTION('',(1.,0.,0.));
#13433 = ADVANCED_FACE('',(#13434),#13445,.F.);
#13434 = FACE_BOUND('',#13435,.F.);
#13435 = EDGE_LOOP('',(#13436,#13442,#13443,#13444));
#13436 = ORIENTED_EDGE('',*,*,#13437,.T.);
#13437 = EDGE_CURVE('',#12487,#13206,#13438,.T.);
#13438 = LINE('',#13439,#13440);
#13439 = CARTESIAN_POINT('',(123.115253,-18.321196,-2.));
#13440 = VECTOR('',#13441,1.);
#13441 = DIRECTION('',(0.,0.,1.));
#13442 = ORIENTED_EDGE('',*,*,#13213,.T.);
#13443 = ORIENTED_EDGE('',*,*,#13403,.F.);
#13444 = ORIENTED_EDGE('',*,*,#12494,.F.);
#13445 = SURFACE_OF_LINEAR_EXTRUSION('',#13446,#13451);
#13446 = B_SPLINE_CURVE_WITH_KNOTS('',3,(#13447,#13448,#13449,#13450),
  .UNSPECIFIED.,.F.,.F.,(4,4),(0.,1.),.PIECEWISE_BEZIER_KNOTS.);
#13447 = CARTESIAN_POINT('',(123.115253,-18.321196,-2.));
#13448 = CARTESIAN_POINT('',(122.504237,-16.811172,-2.));
#13449 = CARTESIAN_POINT('',(121.037199,-15.823157,-2.));
#13450 = CARTESIAN_POINT('',(119.408158,-15.823157,-2.));
#13451 = VECTOR('',#13452,1.);
#13452 = DIRECTION('',(-0.,-0.,-1.));
#13453 = ADVANCED_FACE('',(#13454),#13465,.T.);
#13454 = FACE_BOUND('',#13455,.F.);
#13455 = EDGE_LOOP('',(#13456,#13457,#13458,#13464));
#13456 = ORIENTED_EDGE('',*,*,#13422,.T.);
#13457 = ORIENTED_EDGE('',*,*,#12695,.T.);
#13458 = ORIENTED_EDGE('',*,*,#13459,.F.);
#13459 = EDGE_CURVE('',#11977,#12696,#13460,.T.);
#13460 = LINE('',#13461,#13462);
#13461 = CARTESIAN_POINT('',(89.447276,-10.980279,-2.));
#13462 = VECTOR('',#13463,1.);
#13463 = DIRECTION('',(0.,0.,1.));
#13464 = ORIENTED_EDGE('',*,*,#11976,.F.);
#13465 = CYLINDRICAL_SURFACE('',#13466,3.);
#13466 = AXIS2_PLACEMENT_3D('',#13467,#13468,#13469);
#13467 = CARTESIAN_POINT('',(92.076907569411,-12.424245,-2.));
#13468 = DIRECTION('',(-0.,-0.,-1.));
#13469 = DIRECTION('',(1.,0.,0.));
#13470 = ADVANCED_FACE('',(#13471),#13482,.F.);
#13471 = FACE_BOUND('',#13472,.F.);
#13472 = EDGE_LOOP('',(#13473,#13479,#13480,#13481));
#13473 = ORIENTED_EDGE('',*,*,#13474,.T.);
#13474 = EDGE_CURVE('',#12478,#13197,#13475,.T.);
#13475 = LINE('',#13476,#13477);
#13476 = CARTESIAN_POINT('',(148.156578,-18.306349,-2.));
#13477 = VECTOR('',#13478,1.);
#13478 = DIRECTION('',(0.,0.,1.));
#13479 = ORIENTED_EDGE('',*,*,#13205,.T.);
#13480 = ORIENTED_EDGE('',*,*,#13437,.F.);
#13481 = ORIENTED_EDGE('',*,*,#12486,.F.);
#13482 = PLANE('',#13483);
#13483 = AXIS2_PLACEMENT_3D('',#13484,#13485,#13486);
#13484 = CARTESIAN_POINT('',(148.156578,-18.306349,-2.));
#13485 = DIRECTION('',(5.928998321941E-04,-0.999999824235,0.));
#13486 = DIRECTION('',(-0.999999824235,-5.928998321941E-04,0.));
#13487 = ADVANCED_FACE('',(#13488),#13499,.F.);
#13488 = FACE_BOUND('',#13489,.T.);
#13489 = EDGE_LOOP('',(#13490,#13496,#13497,#13498));
#13490 = ORIENTED_EDGE('',*,*,#13491,.T.);
#13491 = EDGE_CURVE('',#11986,#12705,#13492,.T.);
#13492 = LINE('',#13493,#13494);
#13493 = CARTESIAN_POINT('',(85.076012,-13.573655,-2.));
#13494 = VECTOR('',#13495,1.);
#13495 = DIRECTION('',(0.,0.,1.));
#13496 = ORIENTED_EDGE('',*,*,#12704,.T.);
#13497 = ORIENTED_EDGE('',*,*,#13459,.F.);
#13498 = ORIENTED_EDGE('',*,*,#11985,.F.);
#13499 = CYLINDRICAL_SURFACE('',#13500,5.);
#13500 = AXIS2_PLACEMENT_3D('',#13501,#13502,#13503);
#13501 = CARTESIAN_POINT('',(85.064557200175,-8.573668121261,-2.));
#13502 = DIRECTION('',(-0.,-0.,-1.));
#13503 = DIRECTION('',(1.,0.,0.));
#13504 = ADVANCED_FACE('',(#13505),#13516,.F.);
#13505 = FACE_BOUND('',#13506,.T.);
#13506 = EDGE_LOOP('',(#13507,#13508,#13509,#13515));
#13507 = ORIENTED_EDGE('',*,*,#13474,.T.);
#13508 = ORIENTED_EDGE('',*,*,#13196,.T.);
#13509 = ORIENTED_EDGE('',*,*,#13510,.F.);
#13510 = EDGE_CURVE('',#12469,#13188,#13511,.T.);
#13511 = LINE('',#13512,#13513);
#13512 = CARTESIAN_POINT('',(152.389848,-15.99752,-2.));
#13513 = VECTOR('',#13514,1.);
#13514 = DIRECTION('',(0.,0.,1.));
#13515 = ORIENTED_EDGE('',*,*,#12477,.F.);
#13516 = CYLINDRICAL_SURFACE('',#13517,5.);
#13517 = AXIS2_PLACEMENT_3D('',#13518,#13519,#13520);
#13518 = CARTESIAN_POINT('',(148.17584770265,-13.30638613228,-2.));
#13519 = DIRECTION('',(-0.,-0.,-1.));
#13520 = DIRECTION('',(1.,0.,0.));
#13521 = ADVANCED_FACE('',(#13522),#13533,.F.);
#13522 = FACE_BOUND('',#13523,.F.);
#13523 = EDGE_LOOP('',(#13524,#13525,#13526,#13532));
#13524 = ORIENTED_EDGE('',*,*,#13491,.T.);
#13525 = ORIENTED_EDGE('',*,*,#12713,.T.);
#13526 = ORIENTED_EDGE('',*,*,#13527,.F.);
#13527 = EDGE_CURVE('',#11995,#12714,#13528,.T.);
#13528 = LINE('',#13529,#13530);
#13529 = CARTESIAN_POINT('',(83.407235,-13.573121,-2.));
#13530 = VECTOR('',#13531,1.);
#13531 = DIRECTION('',(0.,0.,1.));
#13532 = ORIENTED_EDGE('',*,*,#11994,.F.);
#13533 = PLANE('',#13534);
#13534 = AXIS2_PLACEMENT_3D('',#13535,#13536,#13537);
#13535 = CARTESIAN_POINT('',(85.076012,-13.573655,-2.));
#13536 = DIRECTION('',(-3.19994806165E-04,-0.999999948802,0.));
#13537 = DIRECTION('',(-0.999999948802,3.19994806165E-04,0.));
#13538 = ADVANCED_FACE('',(#13539),#13550,.T.);
#13539 = FACE_BOUND('',#13540,.F.);
#13540 = EDGE_LOOP('',(#13541,#13547,#13548,#13549));
#13541 = ORIENTED_EDGE('',*,*,#13542,.T.);
#13542 = EDGE_CURVE('',#12460,#13179,#13543,.T.);
#13543 = LINE('',#13544,#13545);
#13544 = CARTESIAN_POINT('',(154.918248,-14.6122,-2.));
#13545 = VECTOR('',#13546,1.);
#13546 = DIRECTION('',(0.,0.,1.));
#13547 = ORIENTED_EDGE('',*,*,#13187,.T.);
#13548 = ORIENTED_EDGE('',*,*,#13510,.F.);
#13549 = ORIENTED_EDGE('',*,*,#12468,.F.);
#13550 = CYLINDRICAL_SURFACE('',#13551,3.);
#13551 = AXIS2_PLACEMENT_3D('',#13552,#13553,#13554);
#13552 = CARTESIAN_POINT('',(154.91824838316,-17.6122,-2.));
#13553 = DIRECTION('',(-0.,-0.,-1.));
#13554 = DIRECTION('',(1.,0.,0.));
#13555 = ADVANCED_FACE('',(#13556),#13567,.F.);
#13556 = FACE_BOUND('',#13557,.F.);
#13557 = EDGE_LOOP('',(#13558,#13559,#13560,#13566));
#13558 = ORIENTED_EDGE('',*,*,#13527,.T.);
#13559 = ORIENTED_EDGE('',*,*,#12721,.T.);
#13560 = ORIENTED_EDGE('',*,*,#13561,.F.);
#13561 = EDGE_CURVE('',#12003,#12722,#13562,.T.);
#13562 = LINE('',#13563,#13564);
#13563 = CARTESIAN_POINT('',(79.407132,-17.573184,-2.));
#13564 = VECTOR('',#13565,1.);
#13565 = DIRECTION('',(0.,0.,1.));
#13566 = ORIENTED_EDGE('',*,*,#12002,.F.);
#13567 = SURFACE_OF_LINEAR_EXTRUSION('',#13568,#13573);
#13568 = B_SPLINE_CURVE_WITH_KNOTS('',3,(#13569,#13570,#13571,#13572),
  .UNSPECIFIED.,.F.,.F.,(4,4),(0.,1.),.PIECEWISE_BEZIER_KNOTS.);
#13569 = CARTESIAN_POINT('',(83.407235,-13.573121,-2.));
#13570 = CARTESIAN_POINT('',(81.198178,-13.573121,-2.));
#13571 = CARTESIAN_POINT('',(79.407132,-15.36415,-2.));
#13572 = CARTESIAN_POINT('',(79.407132,-17.573184,-2.));
#13573 = VECTOR('',#13574,1.);
#13574 = DIRECTION('',(-0.,-0.,-1.));
#13575 = ADVANCED_FACE('',(#13576),#13587,.T.);
#13576 = FACE_BOUND('',#13577,.F.);
#13577 = EDGE_LOOP('',(#13578,#13584,#13585,#13586));
#13578 = ORIENTED_EDGE('',*,*,#13579,.T.);
#13579 = EDGE_CURVE('',#12451,#13170,#13580,.T.);
#13580 = LINE('',#13581,#13582);
#13581 = CARTESIAN_POINT('',(157.53906,-16.152288,-2.));
#13582 = VECTOR('',#13583,1.);
#13583 = DIRECTION('',(0.,0.,1.));
#13584 = ORIENTED_EDGE('',*,*,#13178,.T.);
#13585 = ORIENTED_EDGE('',*,*,#13542,.F.);
#13586 = ORIENTED_EDGE('',*,*,#12459,.F.);
#13587 = CYLINDRICAL_SURFACE('',#13588,3.);
#13588 = AXIS2_PLACEMENT_3D('',#13589,#13590,#13591);
#13589 = CARTESIAN_POINT('',(154.91824773044,-17.6122,-2.));
#13590 = DIRECTION('',(-0.,-0.,-1.));
#13591 = DIRECTION('',(1.,0.,0.));
#13592 = ADVANCED_FACE('',(#13593),#13604,.F.);
#13593 = FACE_BOUND('',#13594,.F.);
#13594 = EDGE_LOOP('',(#13595,#13596,#13597,#13603));
#13595 = ORIENTED_EDGE('',*,*,#13561,.T.);
#13596 = ORIENTED_EDGE('',*,*,#12730,.T.);
#13597 = ORIENTED_EDGE('',*,*,#13598,.F.);
#13598 = EDGE_CURVE('',#12012,#12731,#13599,.T.);
#13599 = LINE('',#13600,#13601);
#13600 = CARTESIAN_POINT('',(79.407132,-18.5532,-2.));
#13601 = VECTOR('',#13602,1.);
#13602 = DIRECTION('',(0.,0.,1.));
#13603 = ORIENTED_EDGE('',*,*,#12011,.F.);
#13604 = PLANE('',#13605);
#13605 = AXIS2_PLACEMENT_3D('',#13606,#13607,#13608);
#13606 = CARTESIAN_POINT('',(79.407132,-17.573184,-2.));
#13607 = DIRECTION('',(1.,0.,0.));
#13608 = DIRECTION('',(0.,-1.,0.));
#13609 = ADVANCED_FACE('',(#13610),#13621,.F.);
#13610 = FACE_BOUND('',#13611,.T.);
#13611 = EDGE_LOOP('',(#13612,#13613,#13614,#13620));
#13612 = ORIENTED_EDGE('',*,*,#13579,.T.);
#13613 = ORIENTED_EDGE('',*,*,#13169,.T.);
#13614 = ORIENTED_EDGE('',*,*,#13615,.F.);
#13615 = EDGE_CURVE('',#12443,#13162,#13616,.T.);
#13616 = LINE('',#13617,#13618);
#13617 = CARTESIAN_POINT('',(161.267293,-18.686685,-2.));
#13618 = VECTOR('',#13619,1.);
#13619 = DIRECTION('',(0.,0.,1.));
#13620 = ORIENTED_EDGE('',*,*,#12450,.F.);
#13621 = CYLINDRICAL_SURFACE('',#13622,4.999724);
#13622 = AXIS2_PLACEMENT_3D('',#13623,#13624,#13625);
#13623 = CARTESIAN_POINT('',(161.91210694656,-13.72871615676,-2.));
#13624 = DIRECTION('',(-0.,-0.,-1.));
#13625 = DIRECTION('',(1.,0.,0.));
#13626 = ADVANCED_FACE('',(#13627),#13638,.F.);
#13627 = FACE_BOUND('',#13628,.F.);
#13628 = EDGE_LOOP('',(#13629,#13630,#13631,#13637));
#13629 = ORIENTED_EDGE('',*,*,#13598,.T.);
#13630 = ORIENTED_EDGE('',*,*,#12738,.T.);
#13631 = ORIENTED_EDGE('',*,*,#13632,.F.);
#13632 = EDGE_CURVE('',#12020,#12739,#13633,.T.);
#13633 = LINE('',#13634,#13635);
#13634 = CARTESIAN_POINT('',(59.745629,-20.313227,-2.));
#13635 = VECTOR('',#13636,1.);
#13636 = DIRECTION('',(0.,0.,1.));
#13637 = ORIENTED_EDGE('',*,*,#12019,.F.);
#13638 = PLANE('',#13639);
#13639 = AXIS2_PLACEMENT_3D('',#13640,#13641,#13642);
#13640 = CARTESIAN_POINT('',(79.407132,-18.5532,-2.));
#13641 = DIRECTION('',(8.915988706336E-02,-0.996017326425,0.));
#13642 = DIRECTION('',(-0.996017326425,-8.915988706336E-02,0.));
#13643 = ADVANCED_FACE('',(#13644),#13655,.F.);
#13644 = FACE_BOUND('',#13645,.F.);
#13645 = EDGE_LOOP('',(#13646,#13652,#13653,#13654));
#13646 = ORIENTED_EDGE('',*,*,#13647,.T.);
#13647 = EDGE_CURVE('',#12435,#13154,#13648,.T.);
#13648 = LINE('',#13649,#13650);
#13649 = CARTESIAN_POINT('',(176.186613,-20.627232,-2.));
#13650 = VECTOR('',#13651,1.);
#13651 = DIRECTION('',(0.,0.,1.));
#13652 = ORIENTED_EDGE('',*,*,#13161,.T.);
#13653 = ORIENTED_EDGE('',*,*,#13615,.F.);
#13654 = ORIENTED_EDGE('',*,*,#12442,.F.);
#13655 = PLANE('',#13656);
#13656 = AXIS2_PLACEMENT_3D('',#13657,#13658,#13659);
#13657 = CARTESIAN_POINT('',(176.186613,-20.627232,-2.));
#13658 = DIRECTION('',(-0.128982906457,-0.991646817089,0.));
#13659 = DIRECTION('',(-0.991646817089,0.128982906457,0.));
#13660 = ADVANCED_FACE('',(#13661),#13672,.F.);
#13661 = FACE_BOUND('',#13662,.F.);
#13662 = EDGE_LOOP('',(#13663,#13664,#13665,#13671));
#13663 = ORIENTED_EDGE('',*,*,#13632,.T.);
#13664 = ORIENTED_EDGE('',*,*,#12746,.T.);
#13665 = ORIENTED_EDGE('',*,*,#13666,.F.);
#13666 = EDGE_CURVE('',#12028,#12747,#13667,.T.);
#13667 = LINE('',#13668,#13669);
#13668 = CARTESIAN_POINT('',(56.556547,-23.799282,-2.));
#13669 = VECTOR('',#13670,1.);
#13670 = DIRECTION('',(0.,0.,1.));
#13671 = ORIENTED_EDGE('',*,*,#12027,.F.);
#13672 = SURFACE_OF_LINEAR_EXTRUSION('',#13673,#13678);
#13673 = B_SPLINE_CURVE_WITH_KNOTS('',3,(#13674,#13675,#13676,#13677),
  .UNSPECIFIED.,.F.,.F.,(4,4),(0.,1.),.PIECEWISE_BEZIER_KNOTS.);
#13674 = CARTESIAN_POINT('',(59.745629,-20.313227,-2.));
#13675 = CARTESIAN_POINT('',(57.940582,-20.47423,-2.));
#13676 = CARTESIAN_POINT('',(56.556547,-21.987254,-2.));
#13677 = CARTESIAN_POINT('',(56.556547,-23.799282,-2.));
#13678 = VECTOR('',#13679,1.);
#13679 = DIRECTION('',(-0.,-0.,-1.));
#13680 = ADVANCED_FACE('',(#13681),#13692,.F.);
#13681 = FACE_BOUND('',#13682,.F.);
#13682 = EDGE_LOOP('',(#13683,#13689,#13690,#13691));
#13683 = ORIENTED_EDGE('',*,*,#13684,.T.);
#13684 = EDGE_CURVE('',#12426,#13145,#13685,.T.);
#13685 = LINE('',#13686,#13687);
#13686 = CARTESIAN_POINT('',(186.406875,-20.627232,-2.));
#13687 = VECTOR('',#13688,1.);
#13688 = DIRECTION('',(0.,0.,1.));
#13689 = ORIENTED_EDGE('',*,*,#13153,.T.);
#13690 = ORIENTED_EDGE('',*,*,#13647,.F.);
#13691 = ORIENTED_EDGE('',*,*,#12434,.F.);
#13692 = PLANE('',#13693);
#13693 = AXIS2_PLACEMENT_3D('',#13694,#13695,#13696);
#13694 = CARTESIAN_POINT('',(186.406875,-20.627232,-2.));
#13695 = DIRECTION('',(0.,-1.,0.));
#13696 = DIRECTION('',(-1.,0.,0.));
#13697 = ADVANCED_FACE('',(#13698),#13709,.F.);
#13698 = FACE_BOUND('',#13699,.F.);
#13699 = EDGE_LOOP('',(#13700,#13701,#13702,#13708));
#13700 = ORIENTED_EDGE('',*,*,#13666,.T.);
#13701 = ORIENTED_EDGE('',*,*,#12755,.T.);
#13702 = ORIENTED_EDGE('',*,*,#13703,.F.);
#13703 = EDGE_CURVE('',#12037,#12756,#13704,.T.);
#13704 = LINE('',#13705,#13706);
#13705 = CARTESIAN_POINT('',(56.556547,-24.672296,-2.));
#13706 = VECTOR('',#13707,1.);
#13707 = DIRECTION('',(0.,0.,1.));
#13708 = ORIENTED_EDGE('',*,*,#12036,.F.);
#13709 = PLANE('',#13710);
#13710 = AXIS2_PLACEMENT_3D('',#13711,#13712,#13713);
#13711 = CARTESIAN_POINT('',(56.556547,-23.799282,-2.));
#13712 = DIRECTION('',(1.,0.,0.));
#13713 = DIRECTION('',(0.,-1.,0.));
#13714 = ADVANCED_FACE('',(#13715),#13726,.F.);
#13715 = FACE_BOUND('',#13716,.F.);
#13716 = EDGE_LOOP('',(#13717,#13723,#13724,#13725));
#13717 = ORIENTED_EDGE('',*,*,#13718,.T.);
#13718 = EDGE_CURVE('',#12417,#13136,#13719,.T.);
#13719 = LINE('',#13720,#13721);
#13720 = CARTESIAN_POINT('',(190.190822,-23.326947,-2.));
#13721 = VECTOR('',#13722,1.);
#13722 = DIRECTION('',(0.,0.,1.));
#13723 = ORIENTED_EDGE('',*,*,#13144,.T.);
#13724 = ORIENTED_EDGE('',*,*,#13684,.F.);
#13725 = ORIENTED_EDGE('',*,*,#12425,.F.);
#13726 = SURFACE_OF_LINEAR_EXTRUSION('',#13727,#13732);
#13727 = B_SPLINE_CURVE_WITH_KNOTS('',3,(#13728,#13729,#13730,#13731),
  .UNSPECIFIED.,.F.,.F.,(4,4),(0.,1.),.PIECEWISE_BEZIER_KNOTS.);
#13728 = CARTESIAN_POINT('',(190.190822,-23.326947,-2.));
#13729 = CARTESIAN_POINT('',(189.651008,-21.756213,-2.));
#13730 = CARTESIAN_POINT('',(188.160447,-20.627232,-2.));
#13731 = CARTESIAN_POINT('',(186.406875,-20.627232,-2.));
#13732 = VECTOR('',#13733,1.);
#13733 = DIRECTION('',(-0.,-0.,-1.));
#13734 = ADVANCED_FACE('',(#13735),#13746,.F.);
#13735 = FACE_BOUND('',#13736,.F.);
#13736 = EDGE_LOOP('',(#13737,#13738,#13739,#13745));
#13737 = ORIENTED_EDGE('',*,*,#13703,.T.);
#13738 = ORIENTED_EDGE('',*,*,#12763,.T.);
#13739 = ORIENTED_EDGE('',*,*,#13740,.F.);
#13740 = EDGE_CURVE('',#12045,#12764,#13741,.T.);
#13741 = LINE('',#13742,#13743);
#13742 = CARTESIAN_POINT('',(29.053138,-29.6138,-2.));
#13743 = VECTOR('',#13744,1.);
#13744 = DIRECTION('',(0.,0.,1.));
#13745 = ORIENTED_EDGE('',*,*,#12044,.F.);
#13746 = PLANE('',#13747);
#13747 = AXIS2_PLACEMENT_3D('',#13748,#13749,#13750);
#13748 = CARTESIAN_POINT('',(56.556547,-24.672296,-2.));
#13749 = DIRECTION('',(0.176837222156,-0.984240111386,0.));
#13750 = DIRECTION('',(-0.984240111386,-0.176837222156,0.));
#13751 = ADVANCED_FACE('',(#13752),#13763,.F.);
#13752 = FACE_BOUND('',#13753,.T.);
#13753 = EDGE_LOOP('',(#13754,#13755,#13756,#13762));
#13754 = ORIENTED_EDGE('',*,*,#13718,.T.);
#13755 = ORIENTED_EDGE('',*,*,#13135,.T.);
#13756 = ORIENTED_EDGE('',*,*,#13757,.F.);
#13757 = EDGE_CURVE('',#12408,#13127,#13758,.T.);
#13758 = LINE('',#13759,#13760);
#13759 = CARTESIAN_POINT('',(192.37187599925,-25.98443299956,-2.));
#13760 = VECTOR('',#13761,1.);
#13761 = DIRECTION('',(0.,0.,1.));
#13762 = ORIENTED_EDGE('',*,*,#12416,.F.);
#13763 = CYLINDRICAL_SURFACE('',#13764,4.999868);
#13764 = AXIS2_PLACEMENT_3D('',#13765,#13766,#13767);
#13765 = CARTESIAN_POINT('',(194.91062813709,-21.67706517221,-2.));
#13766 = DIRECTION('',(-0.,-0.,-1.));
#13767 = DIRECTION('',(1.,0.,0.));
#13768 = ADVANCED_FACE('',(#13769),#13780,.F.);
#13769 = FACE_BOUND('',#13770,.T.);
#13770 = EDGE_LOOP('',(#13771,#13777,#13778,#13779));
#13771 = ORIENTED_EDGE('',*,*,#13772,.T.);
#13772 = EDGE_CURVE('',#12053,#12772,#13773,.T.);
#13773 = LINE('',#13774,#13775);
#13774 = CARTESIAN_POINT('',(24.372237,-27.945934,-2.));
#13775 = VECTOR('',#13776,1.);
#13776 = DIRECTION('',(0.,0.,1.));
#13777 = ORIENTED_EDGE('',*,*,#12771,.T.);
#13778 = ORIENTED_EDGE('',*,*,#13740,.F.);
#13779 = ORIENTED_EDGE('',*,*,#12052,.F.);
#13780 = CYLINDRICAL_SURFACE('',#13781,4.999708);
#13781 = AXIS2_PLACEMENT_3D('',#13782,#13783,#13784);
#13782 = CARTESIAN_POINT('',(28.168926859581,-24.6929006163,-2.));
#13783 = DIRECTION('',(-0.,-0.,-1.));
#13784 = DIRECTION('',(1.,0.,0.));
#13785 = ADVANCED_FACE('',(#13786),#13797,.T.);
#13786 = FACE_BOUND('',#13787,.F.);
#13787 = EDGE_LOOP('',(#13788,#13794,#13795,#13796));
#13788 = ORIENTED_EDGE('',*,*,#13789,.T.);
#13789 = EDGE_CURVE('',#12399,#13118,#13790,.T.);
#13790 = LINE('',#13791,#13792);
#13791 = CARTESIAN_POINT('',(193.848572,-28.56891499913,-2.));
#13792 = VECTOR('',#13793,1.);
#13793 = DIRECTION('',(0.,0.,1.));
#13794 = ORIENTED_EDGE('',*,*,#13126,.T.);
#13795 = ORIENTED_EDGE('',*,*,#13757,.F.);
#13796 = ORIENTED_EDGE('',*,*,#12407,.F.);
#13797 = CYLINDRICAL_SURFACE('',#13798,3.);
#13798 = AXIS2_PLACEMENT_3D('',#13799,#13800,#13801);
#13799 = CARTESIAN_POINT('',(190.848572,-28.56891455798,-2.));
#13800 = DIRECTION('',(-0.,-0.,-1.));
#13801 = DIRECTION('',(1.,0.,0.));
#13802 = ADVANCED_FACE('',(#13803),#13814,.T.);
#13803 = FACE_BOUND('',#13804,.F.);
#13804 = EDGE_LOOP('',(#13805,#13806,#13807,#13813));
#13805 = ORIENTED_EDGE('',*,*,#13772,.T.);
#13806 = ORIENTED_EDGE('',*,*,#12780,.T.);
#13807 = ORIENTED_EDGE('',*,*,#13808,.F.);
#13808 = EDGE_CURVE('',#12062,#12781,#13809,.T.);
#13809 = LINE('',#13810,#13811);
#13810 = CARTESIAN_POINT('',(22.102017,-26.907082,-2.));
#13811 = VECTOR('',#13812,1.);
#13812 = DIRECTION('',(0.,0.,1.));
#13813 = ORIENTED_EDGE('',*,*,#12061,.F.);
#13814 = CYLINDRICAL_SURFACE('',#13815,3.);
#13815 = AXIS2_PLACEMENT_3D('',#13816,#13817,#13818);
#13816 = CARTESIAN_POINT('',(22.102017071866,-29.907082,-2.));
#13817 = DIRECTION('',(-0.,-0.,-1.));
#13818 = DIRECTION('',(1.,0.,0.));
#13819 = ADVANCED_FACE('',(#13820),#13831,.T.);
#13820 = FACE_BOUND('',#13821,.F.);
#13821 = EDGE_LOOP('',(#13822,#13828,#13829,#13830));
#13822 = ORIENTED_EDGE('',*,*,#13823,.T.);
#13823 = EDGE_CURVE('',#12390,#13109,#13824,.T.);
#13824 = LINE('',#13825,#13826);
#13825 = CARTESIAN_POINT('',(192.561472,-31.031835,-2.));
#13826 = VECTOR('',#13827,1.);
#13827 = DIRECTION('',(0.,0.,1.));
#13828 = ORIENTED_EDGE('',*,*,#13117,.T.);
#13829 = ORIENTED_EDGE('',*,*,#13789,.F.);
#13830 = ORIENTED_EDGE('',*,*,#12398,.F.);
#13831 = CYLINDRICAL_SURFACE('',#13832,3.);
#13832 = AXIS2_PLACEMENT_3D('',#13833,#13834,#13835);
#13833 = CARTESIAN_POINT('',(190.848572,-28.5689152713,-2.));
#13834 = DIRECTION('',(-0.,-0.,-1.));
#13835 = DIRECTION('',(1.,0.,0.));
#13836 = ADVANCED_FACE('',(#13837),#13848,.T.);
#13837 = FACE_BOUND('',#13838,.F.);
#13838 = EDGE_LOOP('',(#13839,#13840,#13841,#13847));
#13839 = ORIENTED_EDGE('',*,*,#13808,.T.);
#13840 = ORIENTED_EDGE('',*,*,#12789,.T.);
#13841 = ORIENTED_EDGE('',*,*,#13842,.F.);
#13842 = EDGE_CURVE('',#12071,#12790,#13843,.T.);
#13843 = LINE('',#13844,#13845);
#13844 = CARTESIAN_POINT('',(19.261011,-28.943398,-2.));
#13845 = VECTOR('',#13846,1.);
#13846 = DIRECTION('',(0.,0.,1.));
#13847 = ORIENTED_EDGE('',*,*,#12070,.F.);
#13848 = CYLINDRICAL_SURFACE('',#13849,3.);
#13849 = AXIS2_PLACEMENT_3D('',#13850,#13851,#13852);
#13850 = CARTESIAN_POINT('',(22.102016657887,-29.907082,-2.));
#13851 = DIRECTION('',(-0.,-0.,-1.));
#13852 = DIRECTION('',(1.,0.,0.));
#13853 = ADVANCED_FACE('',(#13854),#13865,.F.);
#13854 = FACE_BOUND('',#13855,.T.);
#13855 = EDGE_LOOP('',(#13856,#13857,#13858,#13864));
#13856 = ORIENTED_EDGE('',*,*,#13823,.T.);
#13857 = ORIENTED_EDGE('',*,*,#13108,.T.);
#13858 = ORIENTED_EDGE('',*,*,#13859,.F.);
#13859 = EDGE_CURVE('',#12382,#13101,#13860,.T.);
#13860 = LINE('',#13861,#13862);
#13861 = CARTESIAN_POINT('',(190.415071,-35.14086,-2.));
#13862 = VECTOR('',#13863,1.);
#13863 = DIRECTION('',(0.,0.,1.));
#13864 = ORIENTED_EDGE('',*,*,#12389,.F.);
#13865 = CYLINDRICAL_SURFACE('',#13866,4.99988);
#13866 = AXIS2_PLACEMENT_3D('',#13867,#13868,#13869);
#13867 = CARTESIAN_POINT('',(195.41494986929,-35.1374974391,-2.));
#13868 = DIRECTION('',(-0.,-0.,-1.));
#13869 = DIRECTION('',(1.,0.,0.));
#13870 = ADVANCED_FACE('',(#13871),#13882,.F.);
#13871 = FACE_BOUND('',#13872,.T.);
#13872 = EDGE_LOOP('',(#13873,#13879,#13880,#13881));
#13873 = ORIENTED_EDGE('',*,*,#13874,.T.);
#13874 = EDGE_CURVE('',#12080,#12799,#13875,.T.);
#13875 = LINE('',#13876,#13877);
#13876 = CARTESIAN_POINT('',(16.477837,-31.940481,-2.));
#13877 = VECTOR('',#13878,1.);
#13878 = DIRECTION('',(0.,0.,1.));
#13879 = ORIENTED_EDGE('',*,*,#12798,.T.);
#13880 = ORIENTED_EDGE('',*,*,#13842,.F.);
#13881 = ORIENTED_EDGE('',*,*,#12079,.F.);
#13882 = CYLINDRICAL_SURFACE('',#13883,4.999611);
#13883 = AXIS2_PLACEMENT_3D('',#13884,#13885,#13886);
#13884 = CARTESIAN_POINT('',(14.526343055455,-27.33746225837,-2.));
#13885 = DIRECTION('',(-0.,-0.,-1.));
#13886 = DIRECTION('',(1.,0.,0.));
#13887 = ADVANCED_FACE('',(#13888),#13899,.F.);
#13888 = FACE_BOUND('',#13889,.F.);
#13889 = EDGE_LOOP('',(#13890,#13896,#13897,#13898));
#13890 = ORIENTED_EDGE('',*,*,#13891,.T.);
#13891 = EDGE_CURVE('',#12374,#13093,#13892,.T.);
#13892 = LINE('',#13893,#13894);
#13893 = CARTESIAN_POINT('',(190.416978,-38.000505,-2.));
#13894 = VECTOR('',#13895,1.);
#13895 = DIRECTION('',(0.,0.,1.));
#13896 = ORIENTED_EDGE('',*,*,#13100,.T.);
#13897 = ORIENTED_EDGE('',*,*,#13859,.F.);
#13898 = ORIENTED_EDGE('',*,*,#12381,.F.);
#13899 = PLANE('',#13900);
#13900 = AXIS2_PLACEMENT_3D('',#13901,#13902,#13903);
#13901 = CARTESIAN_POINT('',(190.416978,-38.000505,-2.));
#13902 = DIRECTION('',(-0.999999777645,-6.668658438224E-04,0.));
#13903 = DIRECTION('',(-6.668658438224E-04,0.999999777645,0.));
#13904 = ADVANCED_FACE('',(#13905),#13916,.F.);
#13905 = FACE_BOUND('',#13906,.F.);
#13906 = EDGE_LOOP('',(#13907,#13908,#13909,#13915));
#13907 = ORIENTED_EDGE('',*,*,#13874,.T.);
#13908 = ORIENTED_EDGE('',*,*,#12807,.T.);
#13909 = ORIENTED_EDGE('',*,*,#13910,.F.);
#13910 = EDGE_CURVE('',#12089,#12808,#13911,.T.);
#13911 = LINE('',#13912,#13913);
#13912 = CARTESIAN_POINT('',(14.308464,-35.80347,-2.));
#13913 = VECTOR('',#13914,1.);
#13914 = DIRECTION('',(0.,0.,1.));
#13915 = ORIENTED_EDGE('',*,*,#12088,.F.);
#13916 = SURFACE_OF_LINEAR_EXTRUSION('',#13917,#13922);
#13917 = B_SPLINE_CURVE_WITH_KNOTS('',3,(#13918,#13919,#13920,#13921),
  .UNSPECIFIED.,.F.,.F.,(4,4),(0.,1.),.PIECEWISE_BEZIER_KNOTS.);
#13918 = CARTESIAN_POINT('',(16.477837,-31.940481,-2.));
#13919 = CARTESIAN_POINT('',(14.957523,-32.535108,-2.));
#13920 = CARTESIAN_POINT('',(14.015784,-34.1353,-2.));
#13921 = CARTESIAN_POINT('',(14.308464,-35.80347,-2.));
#13922 = VECTOR('',#13923,1.);
#13923 = DIRECTION('',(-0.,-0.,-1.));
#13924 = ADVANCED_FACE('',(#13925),#13936,.F.);
#13925 = FACE_BOUND('',#13926,.F.);
#13926 = EDGE_LOOP('',(#13927,#13933,#13934,#13935));
#13927 = ORIENTED_EDGE('',*,*,#13928,.T.);
#13928 = EDGE_CURVE('',#12366,#13085,#13929,.T.);
#13929 = LINE('',#13930,#13931);
#13930 = CARTESIAN_POINT('',(190.449979,-81.00118,-2.));
#13931 = VECTOR('',#13932,1.);
#13932 = DIRECTION('',(0.,0.,1.));
#13933 = ORIENTED_EDGE('',*,*,#13092,.T.);
#13934 = ORIENTED_EDGE('',*,*,#13891,.F.);
#13935 = ORIENTED_EDGE('',*,*,#12373,.F.);
#13936 = PLANE('',#13937);
#13937 = AXIS2_PLACEMENT_3D('',#13938,#13939,#13940);
#13938 = CARTESIAN_POINT('',(190.449979,-81.00118,-2.));
#13939 = DIRECTION('',(-0.999999705508,-7.674528430415E-04,0.));
#13940 = DIRECTION('',(-7.674528430415E-04,0.999999705508,0.));
#13941 = ADVANCED_FACE('',(#13942),#13953,.F.);
#13942 = FACE_BOUND('',#13943,.F.);
#13943 = EDGE_LOOP('',(#13944,#13945,#13946,#13952));
#13944 = ORIENTED_EDGE('',*,*,#13910,.T.);
#13945 = ORIENTED_EDGE('',*,*,#12816,.T.);
#13946 = ORIENTED_EDGE('',*,*,#13947,.F.);
#13947 = EDGE_CURVE('',#12098,#12817,#13948,.T.);
#13948 = LINE('',#13949,#13950);
#13949 = CARTESIAN_POINT('',(15.222487,-41.023552,-2.));
#13950 = VECTOR('',#13951,1.);
#13951 = DIRECTION('',(0.,0.,1.));
#13952 = ORIENTED_EDGE('',*,*,#12097,.F.);
#13953 = PLANE('',#13954);
#13954 = AXIS2_PLACEMENT_3D('',#13955,#13956,#13957);
#13955 = CARTESIAN_POINT('',(14.308464,-35.80347,-2.));
#13956 = DIRECTION('',(0.985014165231,0.172473459679,0.));
#13957 = DIRECTION('',(0.172473459679,-0.985014165231,0.));
#13958 = ADVANCED_FACE('',(#13959),#13970,.F.);
#13959 = FACE_BOUND('',#13960,.F.);
#13960 = EDGE_LOOP('',(#13961,#13967,#13968,#13969));
#13961 = ORIENTED_EDGE('',*,*,#13962,.T.);
#13962 = EDGE_CURVE('',#12357,#13076,#13963,.T.);
#13963 = LINE('',#13964,#13965);
#13964 = CARTESIAN_POINT('',(190.454979,-87.001274,-2.));
#13965 = VECTOR('',#13966,1.);
#13966 = DIRECTION('',(0.,0.,1.));
#13967 = ORIENTED_EDGE('',*,*,#13084,.T.);
#13968 = ORIENTED_EDGE('',*,*,#13928,.F.);
#13969 = ORIENTED_EDGE('',*,*,#12365,.F.);
#13970 = PLANE('',#13971);
#13971 = AXIS2_PLACEMENT_3D('',#13972,#13973,#13974);
#13972 = CARTESIAN_POINT('',(190.454979,-87.001274,-2.));
#13973 = DIRECTION('',(-0.999999652789,-8.333199886482E-04,0.));
#13974 = DIRECTION('',(-8.333199886482E-04,0.999999652789,0.));
#13975 = ADVANCED_FACE('',(#13976),#13987,.F.);
#13976 = FACE_BOUND('',#13977,.F.);
#13977 = EDGE_LOOP('',(#13978,#13979,#13980,#13986));
#13978 = ORIENTED_EDGE('',*,*,#13947,.T.);
#13979 = ORIENTED_EDGE('',*,*,#12824,.T.);
#13980 = ORIENTED_EDGE('',*,*,#13981,.F.);
#13981 = EDGE_CURVE('',#12106,#12825,#13982,.T.);
#13982 = LINE('',#13983,#13984);
#13983 = CARTESIAN_POINT('',(16.274514,-47.023647,-2.));
#13984 = VECTOR('',#13985,1.);
#13985 = DIRECTION('',(0.,0.,1.));
#13986 = ORIENTED_EDGE('',*,*,#12105,.F.);
#13987 = PLANE('',#13988);
#13988 = AXIS2_PLACEMENT_3D('',#13989,#13990,#13991);
#13989 = CARTESIAN_POINT('',(15.222487,-41.023552,-2.));
#13990 = DIRECTION('',(0.984974377284,0.172700538777,0.));
#13991 = DIRECTION('',(0.172700538777,-0.984974377284,0.));
#13992 = ADVANCED_FACE('',(#13993),#14004,.F.);
#13993 = FACE_BOUND('',#13994,.F.);
#13994 = EDGE_LOOP('',(#13995,#14001,#14002,#14003));
#13995 = ORIENTED_EDGE('',*,*,#13996,.T.);
#13996 = EDGE_CURVE('',#12349,#13068,#13997,.T.);
#13997 = LINE('',#13998,#13999);
#13998 = CARTESIAN_POINT('',(190.454979,-87.006274,-2.));
#13999 = VECTOR('',#14000,1.);
#14000 = DIRECTION('',(0.,0.,1.));
#14001 = ORIENTED_EDGE('',*,*,#13075,.T.);
#14002 = ORIENTED_EDGE('',*,*,#13962,.F.);
#14003 = ORIENTED_EDGE('',*,*,#12356,.F.);
#14004 = SURFACE_OF_LINEAR_EXTRUSION('',#14005,#14010);
#14005 = B_SPLINE_CURVE_WITH_KNOTS('',3,(#14006,#14007,#14008,#14009),
  .UNSPECIFIED.,.F.,.F.,(4,4),(0.,1.),.PIECEWISE_BEZIER_KNOTS.);
#14006 = CARTESIAN_POINT('',(190.454979,-87.006274,-2.));
#14007 = CARTESIAN_POINT('',(190.454979,-87.004274,-2.));
#14008 = CARTESIAN_POINT('',(190.454979,-87.003274,-2.));
#14009 = CARTESIAN_POINT('',(190.454979,-87.001274,-2.));
#14010 = VECTOR('',#14011,1.);
#14011 = DIRECTION('',(-0.,-0.,-1.));
#14012 = ADVANCED_FACE('',(#14013),#14024,.F.);
#14013 = FACE_BOUND('',#14014,.F.);
#14014 = EDGE_LOOP('',(#14015,#14016,#14017,#14023));
#14015 = ORIENTED_EDGE('',*,*,#13981,.T.);
#14016 = ORIENTED_EDGE('',*,*,#12832,.T.);
#14017 = ORIENTED_EDGE('',*,*,#14018,.F.);
#14018 = EDGE_CURVE('',#12114,#12833,#14019,.T.);
#14019 = LINE('',#14020,#14021);
#14020 = CARTESIAN_POINT('',(18.102561,-57.46381,-2.));
#14021 = VECTOR('',#14022,1.);
#14022 = DIRECTION('',(0.,0.,1.));
#14023 = ORIENTED_EDGE('',*,*,#12113,.F.);
#14024 = PLANE('',#14025);
#14025 = AXIS2_PLACEMENT_3D('',#14026,#14027,#14028);
#14026 = CARTESIAN_POINT('',(16.274514,-47.023647,-2.));
#14027 = DIRECTION('',(0.985014146396,0.17247356725,0.));
#14028 = DIRECTION('',(0.17247356725,-0.985014146396,0.));
#14029 = ADVANCED_FACE('',(#14030),#14041,.F.);
#14030 = FACE_BOUND('',#14031,.F.);
#14031 = EDGE_LOOP('',(#14032,#14038,#14039,#14040));
#14032 = ORIENTED_EDGE('',*,*,#14033,.T.);
#14033 = EDGE_CURVE('',#12340,#13059,#14034,.T.);
#14034 = LINE('',#14035,#14036);
#14035 = CARTESIAN_POINT('',(190.449979,-94.40239,-2.));
#14036 = VECTOR('',#14037,1.);
#14037 = DIRECTION('',(0.,0.,1.));
#14038 = ORIENTED_EDGE('',*,*,#13067,.T.);
#14039 = ORIENTED_EDGE('',*,*,#13996,.F.);
#14040 = ORIENTED_EDGE('',*,*,#12348,.F.);
#14041 = PLANE('',#14042);
#14042 = AXIS2_PLACEMENT_3D('',#14043,#14044,#14045);
#14043 = CARTESIAN_POINT('',(190.449979,-94.40239,-2.));
#14044 = DIRECTION('',(-0.999999771491,6.760303458574E-04,0.));
#14045 = DIRECTION('',(6.760303458574E-04,0.999999771491,0.));
#14046 = ADVANCED_FACE('',(#14047),#14058,.F.);
#14047 = FACE_BOUND('',#14048,.F.);
#14048 = EDGE_LOOP('',(#14049,#14050,#14051,#14057));
#14049 = ORIENTED_EDGE('',*,*,#14018,.T.);
#14050 = ORIENTED_EDGE('',*,*,#12840,.T.);
#14051 = ORIENTED_EDGE('',*,*,#14052,.F.);
#14052 = EDGE_CURVE('',#12122,#12841,#14053,.T.);
#14053 = LINE('',#14054,#14055);
#14054 = CARTESIAN_POINT('',(19.154588,-63.463905,-2.));
#14055 = VECTOR('',#14056,1.);
#14056 = DIRECTION('',(0.,0.,1.));
#14057 = ORIENTED_EDGE('',*,*,#12121,.F.);
#14058 = PLANE('',#14059);
#14059 = AXIS2_PLACEMENT_3D('',#14060,#14061,#14062);
#14060 = CARTESIAN_POINT('',(18.102561,-57.46381,-2.));
#14061 = DIRECTION('',(0.984974377284,0.172700538777,0.));
#14062 = DIRECTION('',(0.172700538777,-0.984974377284,0.));
#14063 = ADVANCED_FACE('',(#14064),#14075,.F.);
#14064 = FACE_BOUND('',#14065,.F.);
#14065 = EDGE_LOOP('',(#14066,#14072,#14073,#14074));
#14066 = ORIENTED_EDGE('',*,*,#14067,.T.);
#14067 = EDGE_CURVE('',#12331,#13050,#14068,.T.);
#14068 = LINE('',#14069,#14070);
#14069 = CARTESIAN_POINT('',(190.393212,-95.029605,-2.));
#14070 = VECTOR('',#14071,1.);
#14071 = DIRECTION('',(0.,0.,1.));
#14072 = ORIENTED_EDGE('',*,*,#13058,.T.);
#14073 = ORIENTED_EDGE('',*,*,#14033,.F.);
#14074 = ORIENTED_EDGE('',*,*,#12339,.F.);
#14075 = SURFACE_OF_LINEAR_EXTRUSION('',#14076,#14081);
#14076 = B_SPLINE_CURVE_WITH_KNOTS('',3,(#14077,#14078,#14079,#14080),
  .UNSPECIFIED.,.F.,.F.,(4,4),(0.,1.),.PIECEWISE_BEZIER_KNOTS.);
#14077 = CARTESIAN_POINT('',(190.393212,-95.029605,-2.));
#14078 = CARTESIAN_POINT('',(190.430714,-94.824074,-2.));
#14079 = CARTESIAN_POINT('',(190.449979,-94.614198,-2.));
#14080 = CARTESIAN_POINT('',(190.449979,-94.40239,-2.));
#14081 = VECTOR('',#14082,1.);
#14082 = DIRECTION('',(-0.,-0.,-1.));
#14083 = ADVANCED_FACE('',(#14084),#14095,.F.);
#14084 = FACE_BOUND('',#14085,.F.);
#14085 = EDGE_LOOP('',(#14086,#14087,#14088,#14094));
#14086 = ORIENTED_EDGE('',*,*,#14052,.T.);
#14087 = ORIENTED_EDGE('',*,*,#12848,.T.);
#14088 = ORIENTED_EDGE('',*,*,#14089,.F.);
#14089 = EDGE_CURVE('',#12130,#12849,#14090,.T.);
#14090 = LINE('',#14091,#14092);
#14091 = CARTESIAN_POINT('',(23.90871,-90.604331,-2.));
#14092 = VECTOR('',#14093,1.);
#14093 = DIRECTION('',(0.,0.,1.));
#14094 = ORIENTED_EDGE('',*,*,#12129,.F.);
#14095 = PLANE('',#14096);
#14096 = AXIS2_PLACEMENT_3D('',#14097,#14098,#14099);
#14097 = CARTESIAN_POINT('',(19.154588,-63.463905,-2.));
#14098 = DIRECTION('',(0.985002430408,0.172540465078,0.));
#14099 = DIRECTION('',(0.172540465078,-0.985002430408,0.));
#14100 = ADVANCED_FACE('',(#14101),#14112,.F.);
#14101 = FACE_BOUND('',#14102,.T.);
#14102 = EDGE_LOOP('',(#14103,#14104,#14105,#14111));
#14103 = ORIENTED_EDGE('',*,*,#14067,.T.);
#14104 = ORIENTED_EDGE('',*,*,#13049,.T.);
#14105 = ORIENTED_EDGE('',*,*,#14106,.F.);
#14106 = EDGE_CURVE('',#12322,#13041,#14107,.T.);
#14107 = LINE('',#14108,#14109);
#14108 = CARTESIAN_POINT('',(190.832026,-98.025489,-2.));
#14109 = VECTOR('',#14110,1.);
#14110 = DIRECTION('',(0.,0.,1.));
#14111 = ORIENTED_EDGE('',*,*,#12330,.F.);
#14112 = CYLINDRICAL_SURFACE('',#14113,4.99976);
#14113 = AXIS2_PLACEMENT_3D('',#14114,#14115,#14116);
#14114 = CARTESIAN_POINT('',(195.32735464683,-95.83696885741,-2.));
#14115 = DIRECTION('',(-0.,-0.,-1.));
#14116 = DIRECTION('',(1.,0.,0.));
#14117 = ADVANCED_FACE('',(#14118),#14129,.F.);
#14118 = FACE_BOUND('',#14119,.F.);
#14119 = EDGE_LOOP('',(#14120,#14121,#14122,#14128));
#14120 = ORIENTED_EDGE('',*,*,#14089,.T.);
#14121 = ORIENTED_EDGE('',*,*,#12856,.T.);
#14122 = ORIENTED_EDGE('',*,*,#14123,.F.);
#14123 = EDGE_CURVE('',#12138,#12857,#14124,.T.);
#14124 = LINE('',#14125,#14126);
#14125 = CARTESIAN_POINT('',(25.350747,-92.869366,-2.));
#14126 = VECTOR('',#14127,1.);
#14127 = DIRECTION('',(0.,0.,1.));
#14128 = ORIENTED_EDGE('',*,*,#12137,.F.);
#14129 = SURFACE_OF_LINEAR_EXTRUSION('',#14130,#14135);
#14130 = B_SPLINE_CURVE_WITH_KNOTS('',3,(#14131,#14132,#14133,#14134),
  .UNSPECIFIED.,.F.,.F.,(4,4),(0.,1.),.PIECEWISE_BEZIER_KNOTS.);
#14131 = CARTESIAN_POINT('',(23.90871,-90.604331,-2.));
#14132 = CARTESIAN_POINT('',(24.069714,-91.521345,-2.));
#14133 = CARTESIAN_POINT('',(24.588727,-92.335358,-2.));
#14134 = CARTESIAN_POINT('',(25.350747,-92.869366,-2.));
#14135 = VECTOR('',#14136,1.);
#14136 = DIRECTION('',(-0.,-0.,-1.));
#14137 = ADVANCED_FACE('',(#14138),#14149,.F.);
#14138 = FACE_BOUND('',#14139,.F.);
#14139 = EDGE_LOOP('',(#14140,#14146,#14147,#14148));
#14140 = ORIENTED_EDGE('',*,*,#14141,.T.);
#14141 = EDGE_CURVE('',#12313,#13032,#14142,.T.);
#14142 = LINE('',#14143,#14144);
#14143 = CARTESIAN_POINT('',(191.131757,-99.333538,-2.));
#14144 = VECTOR('',#14145,1.);
#14145 = DIRECTION('',(0.,0.,1.));
#14146 = ORIENTED_EDGE('',*,*,#13040,.T.);
#14147 = ORIENTED_EDGE('',*,*,#14106,.F.);
#14148 = ORIENTED_EDGE('',*,*,#12321,.F.);
#14149 = SURFACE_OF_LINEAR_EXTRUSION('',#14150,#14155);
#14150 = B_SPLINE_CURVE_WITH_KNOTS('',3,(#14151,#14152,#14153,#14154),
  .UNSPECIFIED.,.F.,.F.,(4,4),(0.,1.),.PIECEWISE_BEZIER_KNOTS.);
#14151 = CARTESIAN_POINT('',(191.131757,-99.333538,-2.));
#14152 = CARTESIAN_POINT('',(191.131757,-98.864497,-2.));
#14153 = CARTESIAN_POINT('',(191.024116,-98.420598,-2.));
#14154 = CARTESIAN_POINT('',(190.832026,-98.025489,-2.));
#14155 = VECTOR('',#14156,1.);
#14156 = DIRECTION('',(-0.,-0.,-1.));
#14157 = ADVANCED_FACE('',(#14158),#14169,.F.);
#14158 = FACE_BOUND('',#14159,.F.);
#14159 = EDGE_LOOP('',(#14160,#14161,#14162,#14168));
#14160 = ORIENTED_EDGE('',*,*,#14123,.T.);
#14161 = ORIENTED_EDGE('',*,*,#12865,.T.);
#14162 = ORIENTED_EDGE('',*,*,#14163,.F.);
#14163 = EDGE_CURVE('',#12147,#12866,#14164,.T.);
#14164 = LINE('',#14165,#14166);
#14165 = CARTESIAN_POINT('',(26.97652,-93.479687,-2.));
#14166 = VECTOR('',#14167,1.);
#14167 = DIRECTION('',(0.,0.,1.));
#14168 = ORIENTED_EDGE('',*,*,#12146,.F.);
#14169 = SURFACE_OF_LINEAR_EXTRUSION('',#14170,#14175);
#14170 = B_SPLINE_CURVE_WITH_KNOTS('',3,(#14171,#14172,#14173,#14174),
  .UNSPECIFIED.,.F.,.F.,(4,4),(0.,1.),.PIECEWISE_BEZIER_KNOTS.);
#14171 = CARTESIAN_POINT('',(25.350747,-92.869366,-2.));
#14172 = CARTESIAN_POINT('',(25.837358,-93.209289,-2.));
#14173 = CARTESIAN_POINT('',(26.39718,-93.41662,-2.));
#14174 = CARTESIAN_POINT('',(26.97652,-93.479687,-2.));
#14175 = VECTOR('',#14176,1.);
#14176 = DIRECTION('',(-0.,-0.,-1.));
#14177 = ADVANCED_FACE('',(#14178),#14189,.T.);
#14178 = FACE_BOUND('',#14179,.F.);
#14179 = EDGE_LOOP('',(#14180,#14186,#14187,#14188));
#14180 = ORIENTED_EDGE('',*,*,#14181,.T.);
#14181 = EDGE_CURVE('',#12304,#13023,#14182,.T.);
#14182 = LINE('',#14183,#14184);
#14183 = CARTESIAN_POINT('',(188.131757,-102.333538,-2.));
#14184 = VECTOR('',#14185,1.);
#14185 = DIRECTION('',(0.,0.,1.));
#14186 = ORIENTED_EDGE('',*,*,#13031,.T.);
#14187 = ORIENTED_EDGE('',*,*,#14141,.F.);
#14188 = ORIENTED_EDGE('',*,*,#12312,.F.);
#14189 = CYLINDRICAL_SURFACE('',#14190,3.);
#14190 = AXIS2_PLACEMENT_3D('',#14191,#14192,#14193);
#14191 = CARTESIAN_POINT('',(188.131757,-99.333538,-2.));
#14192 = DIRECTION('',(-0.,-0.,-1.));
#14193 = DIRECTION('',(1.,0.,0.));
#14194 = ADVANCED_FACE('',(#14195),#14206,.F.);
#14195 = FACE_BOUND('',#14196,.T.);
#14196 = EDGE_LOOP('',(#14197,#14203,#14204,#14205));
#14197 = ORIENTED_EDGE('',*,*,#14198,.T.);
#14198 = EDGE_CURVE('',#12156,#12875,#14199,.T.);
#14199 = LINE('',#14200,#14201);
#14200 = CARTESIAN_POINT('',(42.532807,-104.075784,-2.));
#14201 = VECTOR('',#14202,1.);
#14202 = DIRECTION('',(0.,0.,1.));
#14203 = ORIENTED_EDGE('',*,*,#12874,.T.);
#14204 = ORIENTED_EDGE('',*,*,#14163,.F.);
#14205 = ORIENTED_EDGE('',*,*,#12155,.F.);
#14206 = CYLINDRICAL_SURFACE('',#14207,19.999941);
#14207 = AXIS2_PLACEMENT_3D('',#14208,#14209,#14210);
#14208 = CARTESIAN_POINT('',(24.819961246343,-113.3630190735,-2.));
#14209 = DIRECTION('',(-0.,-0.,-1.));
#14210 = DIRECTION('',(1.,0.,0.));
#14211 = ADVANCED_FACE('',(#14212),#14223,.F.);
#14212 = FACE_BOUND('',#14213,.F.);
#14213 = EDGE_LOOP('',(#14214,#14220,#14221,#14222));
#14214 = ORIENTED_EDGE('',*,*,#14215,.T.);
#14215 = EDGE_CURVE('',#12295,#13014,#14216,.T.);
#14216 = LINE('',#14217,#14218);
#14217 = CARTESIAN_POINT('',(187.406821,-102.245325,-2.));
#14218 = VECTOR('',#14219,1.);
#14219 = DIRECTION('',(0.,0.,1.));
#14220 = ORIENTED_EDGE('',*,*,#13022,.T.);
#14221 = ORIENTED_EDGE('',*,*,#14181,.F.);
#14222 = ORIENTED_EDGE('',*,*,#12303,.F.);
#14223 = SURFACE_OF_LINEAR_EXTRUSION('',#14224,#14229);
#14224 = B_SPLINE_CURVE_WITH_KNOTS('',3,(#14225,#14226,#14227,#14228),
  .UNSPECIFIED.,.F.,.F.,(4,4),(0.,1.),.PIECEWISE_BEZIER_KNOTS.);
#14225 = CARTESIAN_POINT('',(187.406821,-102.245325,-2.));
#14226 = CARTESIAN_POINT('',(187.63894,-102.302963,-2.));
#14227 = CARTESIAN_POINT('',(187.881778,-102.333538,-2.));
#14228 = CARTESIAN_POINT('',(188.131757,-102.333538,-2.));
#14229 = VECTOR('',#14230,1.);
#14230 = DIRECTION('',(-0.,-0.,-1.));
#14231 = ADVANCED_FACE('',(#14232),#14243,.F.);
#14232 = FACE_BOUND('',#14233,.F.);
#14233 = EDGE_LOOP('',(#14234,#14235,#14236,#14242));
#14234 = ORIENTED_EDGE('',*,*,#14198,.T.);
#14235 = ORIENTED_EDGE('',*,*,#12883,.T.);
#14236 = ORIENTED_EDGE('',*,*,#14237,.F.);
#14237 = EDGE_CURVE('',#12165,#12884,#14238,.T.);
#14238 = LINE('',#14239,#14240);
#14239 = CARTESIAN_POINT('',(48.919351,-107.220592,-2.));
#14240 = VECTOR('',#14241,1.);
#14241 = DIRECTION('',(0.,0.,1.));
#14242 = ORIENTED_EDGE('',*,*,#12164,.F.);
#14243 = SURFACE_OF_LINEAR_EXTRUSION('',#14244,#14249);
#14244 = B_SPLINE_CURVE_WITH_KNOTS('',3,(#14245,#14246,#14247,#14248),
  .UNSPECIFIED.,.F.,.F.,(4,4),(0.,1.),.PIECEWISE_BEZIER_KNOTS.);
#14245 = CARTESIAN_POINT('',(42.532807,-104.075784,-2.));
#14246 = CARTESIAN_POINT('',(43.710081,-106.349032,-2.));
#14247 = CARTESIAN_POINT('',(46.267119,-107.695419,-2.));
#14248 = CARTESIAN_POINT('',(48.919351,-107.220592,-2.));
#14249 = VECTOR('',#14250,1.);
#14250 = DIRECTION('',(-0.,-0.,-1.));
#14251 = ADVANCED_FACE('',(#14252),#14263,.F.);
#14252 = FACE_BOUND('',#14253,.T.);
#14253 = EDGE_LOOP('',(#14254,#14255,#14256,#14262));
#14254 = ORIENTED_EDGE('',*,*,#14215,.T.);
#14255 = ORIENTED_EDGE('',*,*,#13013,.T.);
#14256 = ORIENTED_EDGE('',*,*,#14257,.F.);
#14257 = EDGE_CURVE('',#12287,#13006,#14258,.T.);
#14258 = LINE('',#14259,#14260);
#14259 = CARTESIAN_POINT('',(182.724104,-103.576942,-2.));
#14260 = VECTOR('',#14261,1.);
#14261 = DIRECTION('',(0.,0.,1.));
#14262 = ORIENTED_EDGE('',*,*,#12294,.F.);
#14263 = CYLINDRICAL_SURFACE('',#14264,4.999902);
#14264 = AXIS2_PLACEMENT_3D('',#14265,#14266,#14267);
#14265 = CARTESIAN_POINT('',(186.26003842581,-107.1119367306,-2.));
#14266 = DIRECTION('',(-0.,-0.,-1.));
#14267 = DIRECTION('',(1.,0.,0.));
#14268 = ADVANCED_FACE('',(#14269),#14280,.F.);
#14269 = FACE_BOUND('',#14270,.F.);
#14270 = EDGE_LOOP('',(#14271,#14272,#14273,#14279));
#14271 = ORIENTED_EDGE('',*,*,#14237,.T.);
#14272 = ORIENTED_EDGE('',*,*,#12892,.T.);
#14273 = ORIENTED_EDGE('',*,*,#14274,.F.);
#14274 = EDGE_CURVE('',#12174,#12893,#14275,.T.);
#14275 = LINE('',#14276,#14277);
#14276 = CARTESIAN_POINT('',(83.372234,-101.052495,-2.));
#14277 = VECTOR('',#14278,1.);
#14278 = DIRECTION('',(0.,0.,1.));
#14279 = ORIENTED_EDGE('',*,*,#12173,.F.);
#14280 = PLANE('',#14281);
#14281 = AXIS2_PLACEMENT_3D('',#14282,#14283,#14284);
#14282 = CARTESIAN_POINT('',(48.919351,-107.220592,-2.));
#14283 = DIRECTION('',(-0.17622799329,0.984349376177,0.));
#14284 = DIRECTION('',(0.984349376177,0.17622799329,0.));
#14285 = ADVANCED_FACE('',(#14286),#14297,.F.);
#14286 = FACE_BOUND('',#14287,.F.);
#14287 = EDGE_LOOP('',(#14288,#14294,#14295,#14296));
#14288 = ORIENTED_EDGE('',*,*,#14289,.T.);
#14289 = EDGE_CURVE('',#12278,#12997,#14290,.T.);
#14290 = LINE('',#14291,#14292);
#14291 = CARTESIAN_POINT('',(162.889272,-123.416846,-2.));
#14292 = VECTOR('',#14293,1.);
#14293 = DIRECTION('',(0.,0.,1.));
#14294 = ORIENTED_EDGE('',*,*,#13005,.T.);
#14295 = ORIENTED_EDGE('',*,*,#14257,.F.);
#14296 = ORIENTED_EDGE('',*,*,#12286,.F.);
#14297 = PLANE('',#14298);
#14298 = AXIS2_PLACEMENT_3D('',#14299,#14300,#14301);
#14299 = CARTESIAN_POINT('',(162.889272,-123.416846,-2.));
#14300 = DIRECTION('',(-0.707197171613,0.707016379204,0.));
#14301 = DIRECTION('',(0.707016379204,0.707197171613,0.));
#14302 = ADVANCED_FACE('',(#14303),#14314,.F.);
#14303 = FACE_BOUND('',#14304,.F.);
#14304 = EDGE_LOOP('',(#14305,#14306,#14307,#14313));
#14305 = ORIENTED_EDGE('',*,*,#14274,.T.);
#14306 = ORIENTED_EDGE('',*,*,#12900,.T.);
#14307 = ORIENTED_EDGE('',*,*,#14308,.F.);
#14308 = EDGE_CURVE('',#12182,#12901,#14309,.T.);
#14309 = LINE('',#14310,#14311);
#14310 = CARTESIAN_POINT('',(83.779303,-100.965073,-2.));
#14311 = VECTOR('',#14312,1.);
#14312 = DIRECTION('',(0.,0.,1.));
#14313 = ORIENTED_EDGE('',*,*,#12181,.F.);
#14314 = SURFACE_OF_LINEAR_EXTRUSION('',#14315,#14320);
#14315 = B_SPLINE_CURVE_WITH_KNOTS('',3,(#14316,#14317,#14318,#14319),
  .UNSPECIFIED.,.F.,.F.,(4,4),(0.,1.),.PIECEWISE_BEZIER_KNOTS.);
#14316 = CARTESIAN_POINT('',(83.372234,-101.052495,-2.));
#14317 = CARTESIAN_POINT('',(83.50974,-101.027873,-2.));
#14318 = CARTESIAN_POINT('',(83.64548,-100.998675,-2.));
#14319 = CARTESIAN_POINT('',(83.779303,-100.965073,-2.));
#14320 = VECTOR('',#14321,1.);
#14321 = DIRECTION('',(-0.,-0.,-1.));
#14322 = ADVANCED_FACE('',(#14323),#14334,.F.);
#14323 = FACE_BOUND('',#14324,.F.);
#14324 = EDGE_LOOP('',(#14325,#14331,#14332,#14333));
#14325 = ORIENTED_EDGE('',*,*,#14326,.T.);
#14326 = EDGE_CURVE('',#12269,#12988,#14327,.T.);
#14327 = LINE('',#14328,#14329);
#14328 = CARTESIAN_POINT('',(156.361105,-124.392861,-2.));
#14329 = VECTOR('',#14330,1.);
#14330 = DIRECTION('',(0.,0.,1.));
#14331 = ORIENTED_EDGE('',*,*,#12996,.T.);
#14332 = ORIENTED_EDGE('',*,*,#14289,.F.);
#14333 = ORIENTED_EDGE('',*,*,#12277,.F.);
#14334 = SURFACE_OF_LINEAR_EXTRUSION('',#14335,#14340);
#14335 = B_SPLINE_CURVE_WITH_KNOTS('',3,(#14336,#14337,#14338,#14339),
  .UNSPECIFIED.,.F.,.F.,(4,4),(0.,1.),.PIECEWISE_BEZIER_KNOTS.);
#14336 = CARTESIAN_POINT('',(156.361105,-124.392861,-2.));
#14337 = CARTESIAN_POINT('',(158.461159,-125.807884,-2.));
#14338 = CARTESIAN_POINT('',(161.294231,-125.383877,-2.));
#14339 = CARTESIAN_POINT('',(162.889272,-123.416846,-2.));
#14340 = VECTOR('',#14341,1.);
#14341 = DIRECTION('',(-0.,-0.,-1.));
#14342 = ADVANCED_FACE('',(#14343),#14354,.F.);
#14343 = FACE_BOUND('',#14344,.T.);
#14344 = EDGE_LOOP('',(#14345,#14351,#14352,#14353));
#14345 = ORIENTED_EDGE('',*,*,#14346,.T.);
#14346 = EDGE_CURVE('',#12191,#12910,#14347,.T.);
#14347 = LINE('',#14348,#14349);
#14348 = CARTESIAN_POINT('',(102.551073,-99.891035,-2.));
#14349 = VECTOR('',#14350,1.);
#14350 = DIRECTION('',(0.,0.,1.));
#14351 = ORIENTED_EDGE('',*,*,#12909,.T.);
#14352 = ORIENTED_EDGE('',*,*,#14308,.F.);
#14353 = ORIENTED_EDGE('',*,*,#12190,.F.);
#14354 = CYLINDRICAL_SURFACE('',#14355,50.);
#14355 = AXIS2_PLACEMENT_3D('',#14356,#14357,#14358);
#14356 = CARTESIAN_POINT('',(95.97035598173,-149.4560848186,-2.));
#14357 = DIRECTION('',(-0.,-0.,-1.));
#14358 = DIRECTION('',(1.,0.,0.));
#14359 = ADVANCED_FACE('',(#14360),#14371,.F.);
#14360 = FACE_BOUND('',#14361,.F.);
#14361 = EDGE_LOOP('',(#14362,#14368,#14369,#14370));
#14362 = ORIENTED_EDGE('',*,*,#14363,.T.);
#14363 = EDGE_CURVE('',#12261,#12980,#14364,.T.);
#14364 = LINE('',#14365,#14366);
#14365 = CARTESIAN_POINT('',(155.859092,-123.981855,-2.));
#14366 = VECTOR('',#14367,1.);
#14367 = DIRECTION('',(0.,0.,1.));
#14368 = ORIENTED_EDGE('',*,*,#12987,.T.);
#14369 = ORIENTED_EDGE('',*,*,#14326,.F.);
#14370 = ORIENTED_EDGE('',*,*,#12268,.F.);
#14371 = SURFACE_OF_LINEAR_EXTRUSION('',#14372,#14377);
#14372 = B_SPLINE_CURVE_WITH_KNOTS('',3,(#14373,#14374,#14375,#14376),
  .UNSPECIFIED.,.F.,.F.,(4,4),(0.,1.),.PIECEWISE_BEZIER_KNOTS.);
#14373 = CARTESIAN_POINT('',(155.859092,-123.981855,-2.));
#14374 = CARTESIAN_POINT('',(156.013096,-124.133857,-2.));
#14375 = CARTESIAN_POINT('',(156.1811,-124.271859,-2.));
#14376 = CARTESIAN_POINT('',(156.361105,-124.392861,-2.));
#14377 = VECTOR('',#14378,1.);
#14378 = DIRECTION('',(-0.,-0.,-1.));
#14379 = ADVANCED_FACE('',(#14380),#14391,.F.);
#14380 = FACE_BOUND('',#14381,.F.);
#14381 = EDGE_LOOP('',(#14382,#14383,#14384,#14390));
#14382 = ORIENTED_EDGE('',*,*,#14346,.T.);
#14383 = ORIENTED_EDGE('',*,*,#12918,.T.);
#14384 = ORIENTED_EDGE('',*,*,#14385,.F.);
#14385 = EDGE_CURVE('',#12200,#12919,#14386,.T.);
#14386 = LINE('',#14387,#14388);
#14387 = CARTESIAN_POINT('',(128.735397,-103.29753,-2.));
#14388 = VECTOR('',#14389,1.);
#14389 = DIRECTION('',(0.,0.,1.));
#14390 = ORIENTED_EDGE('',*,*,#12199,.F.);
#14391 = PLANE('',#14392);
#14392 = AXIS2_PLACEMENT_3D('',#14393,#14394,#14395);
#14393 = CARTESIAN_POINT('',(102.551073,-99.891035,-2.));
#14394 = DIRECTION('',(0.129009559817,0.991643349938,0.));
#14395 = DIRECTION('',(0.991643349938,-0.129009559817,0.));
#14396 = ADVANCED_FACE('',(#14397),#14408,.F.);
#14397 = FACE_BOUND('',#14398,.F.);
#14398 = EDGE_LOOP('',(#14399,#14405,#14406,#14407));
#14399 = ORIENTED_EDGE('',*,*,#14400,.T.);
#14400 = EDGE_CURVE('',#12252,#12971,#14401,.T.);
#14401 = LINE('',#14402,#14403);
#14402 = CARTESIAN_POINT('',(148.488787,-116.710097,-2.));
#14403 = VECTOR('',#14404,1.);
#14404 = DIRECTION('',(0.,0.,1.));
#14405 = ORIENTED_EDGE('',*,*,#12979,.T.);
#14406 = ORIENTED_EDGE('',*,*,#14363,.F.);
#14407 = ORIENTED_EDGE('',*,*,#12260,.F.);
#14408 = PLANE('',#14409);
#14409 = AXIS2_PLACEMENT_3D('',#14410,#14411,#14412);
#14410 = CARTESIAN_POINT('',(148.488787,-116.710097,-2.));
#14411 = DIRECTION('',(0.702331759797,0.711849772901,0.));
#14412 = DIRECTION('',(0.711849772901,-0.702331759797,0.));
#14413 = ADVANCED_FACE('',(#14414),#14425,.F.);
#14414 = FACE_BOUND('',#14415,.F.);
#14415 = EDGE_LOOP('',(#14416,#14417,#14418,#14424));
#14416 = ORIENTED_EDGE('',*,*,#14385,.T.);
#14417 = ORIENTED_EDGE('',*,*,#12926,.T.);
#14418 = ORIENTED_EDGE('',*,*,#14419,.F.);
#14419 = EDGE_CURVE('',#12208,#12927,#14420,.T.);
#14420 = LINE('',#14421,#14422);
#14421 = CARTESIAN_POINT('',(137.319913,-108.285074,-2.));
#14422 = VECTOR('',#14423,1.);
#14423 = DIRECTION('',(0.,0.,1.));
#14424 = ORIENTED_EDGE('',*,*,#12207,.F.);
#14425 = PLANE('',#14426);
#14426 = AXIS2_PLACEMENT_3D('',#14427,#14428,#14429);
#14427 = CARTESIAN_POINT('',(128.735397,-103.29753,-2.));
#14428 = DIRECTION('',(0.502360450234,0.86465830132,0.));
#14429 = DIRECTION('',(0.86465830132,-0.502360450234,0.));
#14430 = ADVANCED_FACE('',(#14431),#14442,.F.);
#14431 = FACE_BOUND('',#14432,.T.);
#14432 = EDGE_LOOP('',(#14433,#14434,#14435,#14441));
#14433 = ORIENTED_EDGE('',*,*,#14400,.T.);
#14434 = ORIENTED_EDGE('',*,*,#12970,.T.);
#14435 = ORIENTED_EDGE('',*,*,#14436,.F.);
#14436 = EDGE_CURVE('',#12243,#12962,#14437,.T.);
#14437 = LINE('',#14438,#14439);
#14438 = CARTESIAN_POINT('',(143.615509,-115.438509,-2.));
#14439 = VECTOR('',#14440,1.);
#14440 = DIRECTION('',(0.,0.,1.));
#14441 = ORIENTED_EDGE('',*,*,#12251,.F.);
#14442 = CYLINDRICAL_SURFACE('',#14443,5.);
#14443 = AXIS2_PLACEMENT_3D('',#14444,#14445,#14446);
#14444 = CARTESIAN_POINT('',(144.96155833788,-120.2539166857,-2.));
#14445 = DIRECTION('',(-0.,-0.,-1.));
#14446 = DIRECTION('',(1.,0.,0.));
#14447 = ADVANCED_FACE('',(#14448),#14459,.F.);
#14448 = FACE_BOUND('',#14449,.T.);
#14449 = EDGE_LOOP('',(#14450,#14456,#14457,#14458));
#14450 = ORIENTED_EDGE('',*,*,#14451,.T.);
#14451 = EDGE_CURVE('',#12216,#12935,#14452,.T.);
#14452 = LINE('',#14453,#14454);
#14453 = CARTESIAN_POINT('',(139.807699,-112.545673,-2.));
#14454 = VECTOR('',#14455,1.);
#14455 = DIRECTION('',(0.,0.,1.));
#14456 = ORIENTED_EDGE('',*,*,#12934,.T.);
#14457 = ORIENTED_EDGE('',*,*,#14419,.F.);
#14458 = ORIENTED_EDGE('',*,*,#12215,.F.);
#14459 = CYLINDRICAL_SURFACE('',#14460,4.999931);
#14460 = AXIS2_PLACEMENT_3D('',#14461,#14462,#14463);
#14461 = CARTESIAN_POINT('',(134.80816041736,-112.6083145633,-2.));
#14462 = DIRECTION('',(-0.,-0.,-1.));
#14463 = DIRECTION('',(1.,0.,0.));
#14464 = ADVANCED_FACE('',(#14465),#14476,.F.);
#14465 = FACE_BOUND('',#14466,.F.);
#14466 = EDGE_LOOP('',(#14467,#14473,#14474,#14475));
#14467 = ORIENTED_EDGE('',*,*,#14468,.T.);
#14468 = EDGE_CURVE('',#12234,#12953,#14469,.T.);
#14469 = LINE('',#14470,#14471);
#14470 = CARTESIAN_POINT('',(142.807698,-115.548516,-2.));
#14471 = VECTOR('',#14472,1.);
#14472 = DIRECTION('',(0.,0.,1.));
#14473 = ORIENTED_EDGE('',*,*,#12961,.T.);
#14474 = ORIENTED_EDGE('',*,*,#14436,.F.);
#14475 = ORIENTED_EDGE('',*,*,#12242,.F.);
#14476 = SURFACE_OF_LINEAR_EXTRUSION('',#14477,#14482);
#14477 = B_SPLINE_CURVE_WITH_KNOTS('',3,(#14478,#14479,#14480,#14481),
  .UNSPECIFIED.,.F.,.F.,(4,4),(0.,1.),.PIECEWISE_BEZIER_KNOTS.);
#14478 = CARTESIAN_POINT('',(142.807698,-115.548516,-2.));
#14479 = CARTESIAN_POINT('',(143.087577,-115.548516,-2.));
#14480 = CARTESIAN_POINT('',(143.358505,-115.51019,-2.));
#14481 = CARTESIAN_POINT('',(143.615509,-115.438509,-2.));
#14482 = VECTOR('',#14483,1.);
#14483 = DIRECTION('',(-0.,-0.,-1.));
#14484 = ADVANCED_FACE('',(#14485),#14496,.F.);
#14485 = FACE_BOUND('',#14486,.F.);
#14486 = EDGE_LOOP('',(#14487,#14488,#14489,#14495));
#14487 = ORIENTED_EDGE('',*,*,#14451,.T.);
#14488 = ORIENTED_EDGE('',*,*,#12943,.T.);
#14489 = ORIENTED_EDGE('',*,*,#14490,.F.);
#14490 = EDGE_CURVE('',#12225,#12944,#14491,.T.);
#14491 = LINE('',#14492,#14493);
#14492 = CARTESIAN_POINT('',(139.807698,-112.548516,-2.));
#14493 = VECTOR('',#14494,1.);
#14494 = DIRECTION('',(0.,0.,1.));
#14495 = ORIENTED_EDGE('',*,*,#12224,.F.);
#14496 = SURFACE_OF_LINEAR_EXTRUSION('',#14497,#14502);
#14497 = B_SPLINE_CURVE_WITH_KNOTS('',3,(#14498,#14499,#14500,#14501),
  .UNSPECIFIED.,.F.,.F.,(4,4),(0.,1.),.PIECEWISE_BEZIER_KNOTS.);
#14498 = CARTESIAN_POINT('',(139.807699,-112.545673,-2.));
#14499 = CARTESIAN_POINT('',(139.807698,-112.546621,-2.));
#14500 = CARTESIAN_POINT('',(139.807698,-112.547568,-2.));
#14501 = CARTESIAN_POINT('',(139.807698,-112.548516,-2.));
#14502 = VECTOR('',#14503,1.);
#14503 = DIRECTION('',(-0.,-0.,-1.));
#14504 = ADVANCED_FACE('',(#14505),#14511,.T.);
#14505 = FACE_BOUND('',#14506,.F.);
#14506 = EDGE_LOOP('',(#14507,#14508,#14509,#14510));
#14507 = ORIENTED_EDGE('',*,*,#14490,.T.);
#14508 = ORIENTED_EDGE('',*,*,#12952,.T.);
#14509 = ORIENTED_EDGE('',*,*,#14468,.F.);
#14510 = ORIENTED_EDGE('',*,*,#12233,.F.);
#14511 = CYLINDRICAL_SURFACE('',#14512,3.);
#14512 = AXIS2_PLACEMENT_3D('',#14513,#14514,#14515);
#14513 = CARTESIAN_POINT('',(142.807698,-112.548516,-2.));
#14514 = DIRECTION('',(-0.,-0.,-1.));
#14515 = DIRECTION('',(1.,0.,0.));
#14516 = ADVANCED_FACE('',(#14517),#14528,.F.);
#14517 = FACE_BOUND('',#14518,.T.);
#14518 = EDGE_LOOP('',(#14519,#14520,#14526,#14527));
#14519 = ORIENTED_EDGE('',*,*,#12512,.F.);
#14520 = ORIENTED_EDGE('',*,*,#14521,.T.);
#14521 = EDGE_CURVE('',#12513,#13232,#14522,.T.);
#14522 = LINE('',#14523,#14524);
#14523 = CARTESIAN_POINT('',(42.087843,-92.211337,-2.));
#14524 = VECTOR('',#14525,1.);
#14525 = DIRECTION('',(0.,0.,1.));
#14526 = ORIENTED_EDGE('',*,*,#13231,.F.);
#14527 = ORIENTED_EDGE('',*,*,#14521,.F.);
#14528 = CYLINDRICAL_SURFACE('',#14529,1.6);
#14529 = AXIS2_PLACEMENT_3D('',#14530,#14531,#14532);
#14530 = CARTESIAN_POINT('',(40.487843,-92.211337,-2.));
#14531 = DIRECTION('',(-0.,-0.,-1.));
#14532 = DIRECTION('',(1.,0.,0.));
#14533 = ADVANCED_FACE('',(#14534),#14545,.F.);
#14534 = FACE_BOUND('',#14535,.T.);
#14535 = EDGE_LOOP('',(#14536,#14537,#14543,#14544));
#14536 = ORIENTED_EDGE('',*,*,#12523,.F.);
#14537 = ORIENTED_EDGE('',*,*,#14538,.T.);
#14538 = EDGE_CURVE('',#12524,#13243,#14539,.T.);
#14539 = LINE('',#14540,#14541);
#14540 = CARTESIAN_POINT('',(88.92261,-94.82474,-2.));
#14541 = VECTOR('',#14542,1.);
#14542 = DIRECTION('',(0.,0.,1.));
#14543 = ORIENTED_EDGE('',*,*,#13242,.F.);
#14544 = ORIENTED_EDGE('',*,*,#14538,.F.);
#14545 = CYLINDRICAL_SURFACE('',#14546,1.6);
#14546 = AXIS2_PLACEMENT_3D('',#14547,#14548,#14549);
#14547 = CARTESIAN_POINT('',(87.32261,-94.82474,-2.));
#14548 = DIRECTION('',(-0.,-0.,-1.));
#14549 = DIRECTION('',(1.,0.,0.));
#14550 = ADVANCED_FACE('',(#14551),#14562,.F.);
#14551 = FACE_BOUND('',#14552,.T.);
#14552 = EDGE_LOOP('',(#14553,#14554,#14560,#14561));
#14553 = ORIENTED_EDGE('',*,*,#12534,.F.);
#14554 = ORIENTED_EDGE('',*,*,#14555,.T.);
#14555 = EDGE_CURVE('',#12535,#13254,#14556,.T.);
#14556 = LINE('',#14557,#14558);
#14557 = CARTESIAN_POINT('',(45.25,-68.23,-2.));
#14558 = VECTOR('',#14559,1.);
#14559 = DIRECTION('',(0.,0.,1.));
#14560 = ORIENTED_EDGE('',*,*,#13253,.F.);
#14561 = ORIENTED_EDGE('',*,*,#14555,.F.);
#14562 = CYLINDRICAL_SURFACE('',#14563,1.6);
#14563 = AXIS2_PLACEMENT_3D('',#14564,#14565,#14566);
#14564 = CARTESIAN_POINT('',(43.65,-68.23,-2.));
#14565 = DIRECTION('',(-0.,-0.,-1.));
#14566 = DIRECTION('',(1.,0.,0.));
#14567 = ADVANCED_FACE('',(#14568),#14579,.F.);
#14568 = FACE_BOUND('',#14569,.T.);
#14569 = EDGE_LOOP('',(#14570,#14571,#14577,#14578));
#14570 = ORIENTED_EDGE('',*,*,#12545,.F.);
#14571 = ORIENTED_EDGE('',*,*,#14572,.T.);
#14572 = EDGE_CURVE('',#12546,#13265,#14573,.T.);
#14573 = LINE('',#14574,#14575);
#14574 = CARTESIAN_POINT('',(144.407698,-112.548516,-2.));
#14575 = VECTOR('',#14576,1.);
#14576 = DIRECTION('',(0.,0.,1.));
#14577 = ORIENTED_EDGE('',*,*,#13264,.F.);
#14578 = ORIENTED_EDGE('',*,*,#14572,.F.);
#14579 = CYLINDRICAL_SURFACE('',#14580,1.6);
#14580 = AXIS2_PLACEMENT_3D('',#14581,#14582,#14583);
#14581 = CARTESIAN_POINT('',(142.807698,-112.548516,-2.));
#14582 = DIRECTION('',(-0.,-0.,-1.));
#14583 = DIRECTION('',(1.,0.,0.));
#14584 = ADVANCED_FACE('',(#14585),#14596,.F.);
#14585 = FACE_BOUND('',#14586,.T.);
#14586 = EDGE_LOOP('',(#14587,#14588,#14594,#14595));
#14587 = ORIENTED_EDGE('',*,*,#12556,.F.);
#14588 = ORIENTED_EDGE('',*,*,#14589,.T.);
#14589 = EDGE_CURVE('',#12557,#13276,#14590,.T.);
#14590 = LINE('',#14591,#14592);
#14591 = CARTESIAN_POINT('',(159.45,-94.03,-2.));
#14592 = VECTOR('',#14593,1.);
#14593 = DIRECTION('',(0.,0.,1.));
#14594 = ORIENTED_EDGE('',*,*,#13275,.F.);
#14595 = ORIENTED_EDGE('',*,*,#14589,.F.);
#14596 = CYLINDRICAL_SURFACE('',#14597,1.6);
#14597 = AXIS2_PLACEMENT_3D('',#14598,#14599,#14600);
#14598 = CARTESIAN_POINT('',(157.85,-94.03,-2.));
#14599 = DIRECTION('',(-0.,-0.,-1.));
#14600 = DIRECTION('',(1.,0.,0.));
#14601 = ADVANCED_FACE('',(#14602),#14613,.F.);
#14602 = FACE_BOUND('',#14603,.T.);
#14603 = EDGE_LOOP('',(#14604,#14605,#14611,#14612));
#14604 = ORIENTED_EDGE('',*,*,#12567,.F.);
#14605 = ORIENTED_EDGE('',*,*,#14606,.T.);
#14606 = EDGE_CURVE('',#12568,#13287,#14607,.T.);
#14607 = LINE('',#14608,#14609);
#14608 = CARTESIAN_POINT('',(189.731757,-99.333538,-2.));
#14609 = VECTOR('',#14610,1.);
#14610 = DIRECTION('',(0.,0.,1.));
#14611 = ORIENTED_EDGE('',*,*,#13286,.F.);
#14612 = ORIENTED_EDGE('',*,*,#14606,.F.);
#14613 = CYLINDRICAL_SURFACE('',#14614,1.6);
#14614 = AXIS2_PLACEMENT_3D('',#14615,#14616,#14617);
#14615 = CARTESIAN_POINT('',(188.131757,-99.333538,-2.));
#14616 = DIRECTION('',(-0.,-0.,-1.));
#14617 = DIRECTION('',(1.,0.,0.));
#14618 = ADVANCED_FACE('',(#14619),#14630,.F.);
#14619 = FACE_BOUND('',#14620,.T.);
#14620 = EDGE_LOOP('',(#14621,#14622,#14628,#14629));
#14621 = ORIENTED_EDGE('',*,*,#12578,.F.);
#14622 = ORIENTED_EDGE('',*,*,#14623,.T.);
#14623 = EDGE_CURVE('',#12579,#13298,#14624,.T.);
#14624 = LINE('',#14625,#14626);
#14625 = CARTESIAN_POINT('',(41.85,-49.63,-2.));
#14626 = VECTOR('',#14627,1.);
#14627 = DIRECTION('',(0.,0.,1.));
#14628 = ORIENTED_EDGE('',*,*,#13297,.F.);
#14629 = ORIENTED_EDGE('',*,*,#14623,.F.);
#14630 = CYLINDRICAL_SURFACE('',#14631,1.6);
#14631 = AXIS2_PLACEMENT_3D('',#14632,#14633,#14634);
#14632 = CARTESIAN_POINT('',(40.25,-49.63,-2.));
#14633 = DIRECTION('',(-0.,-0.,-1.));
#14634 = DIRECTION('',(1.,0.,0.));
#14635 = ADVANCED_FACE('',(#14636),#14647,.F.);
#14636 = FACE_BOUND('',#14637,.T.);
#14637 = EDGE_LOOP('',(#14638,#14639,#14645,#14646));
#14638 = ORIENTED_EDGE('',*,*,#12589,.F.);
#14639 = ORIENTED_EDGE('',*,*,#14640,.T.);
#14640 = EDGE_CURVE('',#12590,#13309,#14641,.T.);
#14641 = LINE('',#14642,#14643);
#14642 = CARTESIAN_POINT('',(23.702017,-29.907082,-2.));
#14643 = VECTOR('',#14644,1.);
#14644 = DIRECTION('',(0.,0.,1.));
#14645 = ORIENTED_EDGE('',*,*,#13308,.F.);
#14646 = ORIENTED_EDGE('',*,*,#14640,.F.);
#14647 = CYLINDRICAL_SURFACE('',#14648,1.6);
#14648 = AXIS2_PLACEMENT_3D('',#14649,#14650,#14651);
#14649 = CARTESIAN_POINT('',(22.102017,-29.907082,-2.));
#14650 = DIRECTION('',(-0.,-0.,-1.));
#14651 = DIRECTION('',(1.,0.,0.));
#14652 = ADVANCED_FACE('',(#14653),#14664,.F.);
#14653 = FACE_BOUND('',#14654,.T.);
#14654 = EDGE_LOOP('',(#14655,#14656,#14662,#14663));
#14655 = ORIENTED_EDGE('',*,*,#12600,.F.);
#14656 = ORIENTED_EDGE('',*,*,#14657,.T.);
#14657 = EDGE_CURVE('',#12601,#13320,#14658,.T.);
#14658 = LINE('',#14659,#14660);
#14659 = CARTESIAN_POINT('',(93.676908,-12.424245,-2.));
#14660 = VECTOR('',#14661,1.);
#14661 = DIRECTION('',(0.,0.,1.));
#14662 = ORIENTED_EDGE('',*,*,#13319,.F.);
#14663 = ORIENTED_EDGE('',*,*,#14657,.F.);
#14664 = CYLINDRICAL_SURFACE('',#14665,1.6);
#14665 = AXIS2_PLACEMENT_3D('',#14666,#14667,#14668);
#14666 = CARTESIAN_POINT('',(92.076908,-12.424245,-2.));
#14667 = DIRECTION('',(-0.,-0.,-1.));
#14668 = DIRECTION('',(1.,0.,0.));
#14669 = ADVANCED_FACE('',(#14670),#14681,.F.);
#14670 = FACE_BOUND('',#14671,.T.);
#14671 = EDGE_LOOP('',(#14672,#14673,#14679,#14680));
#14672 = ORIENTED_EDGE('',*,*,#12611,.F.);
#14673 = ORIENTED_EDGE('',*,*,#14674,.T.);
#14674 = EDGE_CURVE('',#12612,#13331,#14675,.T.);
#14675 = LINE('',#14676,#14677);
#14676 = CARTESIAN_POINT('',(141.05,-40.33,-2.));
#14677 = VECTOR('',#14678,1.);
#14678 = DIRECTION('',(0.,0.,1.));
#14679 = ORIENTED_EDGE('',*,*,#13330,.F.);
#14680 = ORIENTED_EDGE('',*,*,#14674,.F.);
#14681 = CYLINDRICAL_SURFACE('',#14682,1.6);
#14682 = AXIS2_PLACEMENT_3D('',#14683,#14684,#14685);
#14683 = CARTESIAN_POINT('',(139.45,-40.33,-2.));
#14684 = DIRECTION('',(-0.,-0.,-1.));
#14685 = DIRECTION('',(1.,0.,0.));
#14686 = ADVANCED_FACE('',(#14687),#14703,.T.);
#14687 = FACE_BOUND('',#14688,.T.);
#14688 = EDGE_LOOP('',(#14689,#14690,#14696,#14697));
#14689 = ORIENTED_EDGE('',*,*,#12622,.F.);
#14690 = ORIENTED_EDGE('',*,*,#14691,.T.);
#14691 = EDGE_CURVE('',#12623,#13352,#14692,.T.);
#14692 = LINE('',#14693,#14694);
#14693 = CARTESIAN_POINT('',(158.76,-44.28,-2.));
#14694 = VECTOR('',#14695,1.);
#14695 = DIRECTION('',(0.,0.,1.));
#14696 = ORIENTED_EDGE('',*,*,#13351,.F.);
#14697 = ORIENTED_EDGE('',*,*,#14698,.F.);
#14698 = EDGE_CURVE('',#12625,#13344,#14699,.T.);
#14699 = LINE('',#14700,#14701);
#14700 = CARTESIAN_POINT('',(158.76,-38.28,-2.));
#14701 = VECTOR('',#14702,1.);
#14702 = DIRECTION('',(0.,0.,1.));
#14703 = PLANE('',#14704);
#14704 = AXIS2_PLACEMENT_3D('',#14705,#14706,#14707);
#14705 = CARTESIAN_POINT('',(158.76,-44.28,-2.));
#14706 = DIRECTION('',(-1.,2.2E-16,0.));
#14707 = DIRECTION('',(2.2E-16,1.,0.));
#14708 = ADVANCED_FACE('',(#14709),#14720,.T.);
#14709 = FACE_BOUND('',#14710,.T.);
#14710 = EDGE_LOOP('',(#14711,#14712,#14713,#14714));
#14711 = ORIENTED_EDGE('',*,*,#12648,.F.);
#14712 = ORIENTED_EDGE('',*,*,#14698,.T.);
#14713 = ORIENTED_EDGE('',*,*,#13341,.F.);
#14714 = ORIENTED_EDGE('',*,*,#14715,.F.);
#14715 = EDGE_CURVE('',#12641,#13342,#14716,.T.);
#14716 = LINE('',#14717,#14718);
#14717 = CARTESIAN_POINT('',(147.76,-38.28,-2.));
#14718 = VECTOR('',#14719,1.);
#14719 = DIRECTION('',(0.,0.,1.));
#14720 = PLANE('',#14721);
#14721 = AXIS2_PLACEMENT_3D('',#14722,#14723,#14724);
#14722 = CARTESIAN_POINT('',(158.76,-38.28,-2.));
#14723 = DIRECTION('',(-2.2E-16,-1.,0.));
#14724 = DIRECTION('',(-1.,2.2E-16,0.));
#14725 = ADVANCED_FACE('',(#14726),#14737,.T.);
#14726 = FACE_BOUND('',#14727,.T.);
#14727 = EDGE_LOOP('',(#14728,#14729,#14730,#14731));
#14728 = ORIENTED_EDGE('',*,*,#12640,.F.);
#14729 = ORIENTED_EDGE('',*,*,#14715,.T.);
#14730 = ORIENTED_EDGE('',*,*,#13367,.F.);
#14731 = ORIENTED_EDGE('',*,*,#14732,.F.);
#14732 = EDGE_CURVE('',#12633,#13360,#14733,.T.);
#14733 = LINE('',#14734,#14735);
#14734 = CARTESIAN_POINT('',(147.76,-44.28,-2.));
#14735 = VECTOR('',#14736,1.);
#14736 = DIRECTION('',(0.,0.,1.));
#14737 = PLANE('',#14738);
#14738 = AXIS2_PLACEMENT_3D('',#14739,#14740,#14741);
#14739 = CARTESIAN_POINT('',(147.76,-38.28,-2.));
#14740 = DIRECTION('',(1.,-2.2E-16,0.));
#14741 = DIRECTION('',(-2.2E-16,-1.,0.));
#14742 = ADVANCED_FACE('',(#14743),#14749,.T.);
#14743 = FACE_BOUND('',#14744,.T.);
#14744 = EDGE_LOOP('',(#14745,#14746,#14747,#14748));
#14745 = ORIENTED_EDGE('',*,*,#12632,.F.);
#14746 = ORIENTED_EDGE('',*,*,#14732,.T.);
#14747 = ORIENTED_EDGE('',*,*,#13359,.F.);
#14748 = ORIENTED_EDGE('',*,*,#14691,.F.);
#14749 = PLANE('',#14750);
#14750 = AXIS2_PLACEMENT_3D('',#14751,#14752,#14753);
#14751 = CARTESIAN_POINT('',(147.76,-44.28,-2.));
#14752 = DIRECTION('',(2.2E-16,1.,0.));
#14753 = DIRECTION('',(1.,-2.2E-16,0.));
#14754 = ADVANCED_FACE('',(#14755),#14766,.F.);
#14755 = FACE_BOUND('',#14756,.T.);
#14756 = EDGE_LOOP('',(#14757,#14758,#14764,#14765));
#14757 = ORIENTED_EDGE('',*,*,#12656,.F.);
#14758 = ORIENTED_EDGE('',*,*,#14759,.T.);
#14759 = EDGE_CURVE('',#12657,#13376,#14760,.T.);
#14760 = LINE('',#14761,#14762);
#14761 = CARTESIAN_POINT('',(192.448572,-28.568915,-2.));
#14762 = VECTOR('',#14763,1.);
#14763 = DIRECTION('',(0.,0.,1.));
#14764 = ORIENTED_EDGE('',*,*,#13375,.F.);
#14765 = ORIENTED_EDGE('',*,*,#14759,.F.);
#14766 = CYLINDRICAL_SURFACE('',#14767,1.6);
#14767 = AXIS2_PLACEMENT_3D('',#14768,#14769,#14770);
#14768 = CARTESIAN_POINT('',(190.848572,-28.568915,-2.));
#14769 = DIRECTION('',(-0.,-0.,-1.));
#14770 = DIRECTION('',(1.,0.,0.));
#14771 = ADVANCED_FACE('',(#14772),#14783,.F.);
#14772 = FACE_BOUND('',#14773,.T.);
#14773 = EDGE_LOOP('',(#14774,#14775,#14781,#14782));
#14774 = ORIENTED_EDGE('',*,*,#12667,.F.);
#14775 = ORIENTED_EDGE('',*,*,#14776,.T.);
#14776 = EDGE_CURVE('',#12668,#13387,#14777,.T.);
#14777 = LINE('',#14778,#14779);
#14778 = CARTESIAN_POINT('',(156.518248,-17.6122,-2.));
#14779 = VECTOR('',#14780,1.);
#14780 = DIRECTION('',(0.,0.,1.));
#14781 = ORIENTED_EDGE('',*,*,#13386,.F.);
#14782 = ORIENTED_EDGE('',*,*,#14776,.F.);
#14783 = CYLINDRICAL_SURFACE('',#14784,1.6);
#14784 = AXIS2_PLACEMENT_3D('',#14785,#14786,#14787);
#14785 = CARTESIAN_POINT('',(154.918248,-17.6122,-2.));
#14786 = DIRECTION('',(-0.,-0.,-1.));
#14787 = DIRECTION('',(1.,0.,0.));
#14788 = ( GEOMETRIC_REPRESENTATION_CONTEXT(3) 
GLOBAL_UNCERTAINTY_ASSIGNED_CONTEXT((#14792)) 
GLOBAL_UNIT_ASSIGNED_CONTEXT((#14789,#14790,#14791)) 
REPRESENTATION_CONTEXT('Context #1',
  '3D Context with UNIT and UNCERTAINTY') );
#14789 = ( LENGTH_UNIT() NAMED_UNIT(*) SI_UNIT(.MILLI.,.METRE.) );
#14790 = ( NAMED_UNIT(*) PLANE_ANGLE_UNIT() SI_UNIT($,.RADIAN.) );
#14791 = ( NAMED_UNIT(*) SI_UNIT($,.STERADIAN.) SOLID_ANGLE_UNIT() );
#14792 = UNCERTAINTY_MEASURE_WITH_UNIT(LENGTH_MEASURE(5.E-05),#14789,
  'distance_accuracy_value','confusion accuracy');
#14793 = PRODUCT_RELATED_PRODUCT_CATEGORY('part',$,(#7));
ENDSEC;
END-ISO-10303-21;
