ISO-10303-21;
HEADER;
FILE_DESCRIPTION(('FreeCAD Model'),'2;1');
FILE_NAME('Open CASCADE Shape Model','2026-08-07T13:55:21',('FreeCAD'),(
    'FreeCAD'),'Open CASCADE STEP processor 7.8','FreeCAD','Unknown');
FILE_SCHEMA(('AUTOMOTIVE_DESIGN { 1 0 10303 214 1 1 1 1 }'));
ENDSEC;
DATA;
#1 = APPLICATION_PROTOCOL_DEFINITION('international standard',
  'automotive_design',2000,#2);
#2 = APPLICATION_CONTEXT(
  'core data for automotive mechanical design processes');
#3 = SHAPE_DEFINITION_REPRESENTATION(#4,#10);
#4 = PRODUCT_DEFINITION_SHAPE('','',#5);
#5 = PRODUCT_DEFINITION('design','',#6,#9);
#6 = PRODUCT_DEFINITION_FORMATION('','',#7);
#7 = PRODUCT('Open CASCADE STEP translator 7.8 1',
  'Open CASCADE STEP translator 7.8 1','',(#8));
#8 = PRODUCT_CONTEXT('',#2,'mechanical');
#9 = PRODUCT_DEFINITION_CONTEXT('part definition',#2,'design');
#10 = SHAPE_REPRESENTATION('',(#11,#15,#3903,#9243,#11111,#11467),#11617
  );
#11 = AXIS2_PLACEMENT_3D('',#12,#13,#14);
#12 = CARTESIAN_POINT('',(0.,0.,0.));
#13 = DIRECTION('',(0.,0.,1.));
#14 = DIRECTION('',(1.,0.,-0.));
#15 = MANIFOLD_SOLID_BREP('',#16);
#16 = CLOSED_SHELL('',(#17,#89,#988,#1012,#1820,#1844,#1868,#1892,#2000,
    #2017,#2034,#2051,#2068,#2085,#2102,#2119,#2136,#2153,#2170,#2187,
    #2208,#2225,#2242,#2259,#2276,#2293,#2310,#2327,#2344,#2361,#2378,
    #2395,#2412,#2429,#2446,#2463,#2480,#2497,#2514,#2531,#2548,#2565,
    #2582,#2599,#2616,#2633,#2650,#2667,#2684,#2701,#2718,#2735,#2752,
    #2769,#2820,#2837,#2854,#2871,#2888,#2905,#2922,#2939,#2956,#2973,
    #2990,#3007,#3024,#3041,#3058,#3075,#3092,#3109,#3126,#3143,#3160,
    #3177,#3194,#3211,#3228,#3245,#3262,#3279,#3296,#3313,#3330,#3347,
    #3364,#3381,#3432,#3449,#3466,#3483,#3500,#3517,#3534,#3551,#3568,
    #3585,#3602,#3619,#3636,#3653,#3670,#3687,#3704,#3721,#3738,#3755,
    #3772,#3789,#3806,#3823,#3835,#3857,#3874,#3891));
#17 = ADVANCED_FACE('',(#18),#84,.F.);
#18 = FACE_BOUND('',#19,.F.);
#19 = EDGE_LOOP('',(#20,#30,#38,#46,#54,#62,#70,#78));
#20 = ORIENTED_EDGE('',*,*,#21,.F.);
#21 = EDGE_CURVE('',#22,#24,#26,.T.);
#22 = VERTEX_POINT('',#23);
#23 = CARTESIAN_POINT('',(186.40694475569,-20.62398,0.));
#24 = VERTEX_POINT('',#25);
#25 = CARTESIAN_POINT('',(176.18712339261,-20.62398,0.));
#26 = LINE('',#27,#28);
#27 = CARTESIAN_POINT('',(186.406927,-20.62398,0.));
#28 = VECTOR('',#29,1.);
#29 = DIRECTION('',(-1.,0.,0.));
#30 = ORIENTED_EDGE('',*,*,#31,.T.);
#31 = EDGE_CURVE('',#22,#32,#34,.T.);
#32 = VERTEX_POINT('',#33);
#33 = CARTESIAN_POINT('',(186.40694475569,-20.62398,8.5));
#34 = LINE('',#35,#36);
#35 = CARTESIAN_POINT('',(186.40694475569,-20.62398,0.));
#36 = VECTOR('',#37,1.);
#37 = DIRECTION('',(0.,0.,1.));
#38 = ORIENTED_EDGE('',*,*,#39,.T.);
#39 = EDGE_CURVE('',#32,#40,#42,.T.);
#40 = VERTEX_POINT('',#41);
#41 = CARTESIAN_POINT('',(186.16,-20.62398,8.5));
#42 = LINE('',#43,#44);
#43 = CARTESIAN_POINT('',(186.406927,-20.62398,8.5));
#44 = VECTOR('',#45,1.);
#45 = DIRECTION('',(-1.,0.,0.));
#46 = ORIENTED_EDGE('',*,*,#47,.T.);
#47 = EDGE_CURVE('',#40,#48,#50,.T.);
#48 = VERTEX_POINT('',#49);
#49 = CARTESIAN_POINT('',(186.16,-20.62398,4.8));
#50 = LINE('',#51,#52);
#51 = CARTESIAN_POINT('',(186.16,-20.62398,4.5));
#52 = VECTOR('',#53,1.);
#53 = DIRECTION('',(-0.,-0.,-1.));
#54 = ORIENTED_EDGE('',*,*,#55,.T.);
#55 = EDGE_CURVE('',#48,#56,#58,.T.);
#56 = VERTEX_POINT('',#57);
#57 = CARTESIAN_POINT('',(176.56,-20.62398,4.8));
#58 = LINE('',#59,#60);
#59 = CARTESIAN_POINT('',(186.28347237784,-20.62398,4.8));
#60 = VECTOR('',#61,1.);
#61 = DIRECTION('',(-1.,0.,0.));
#62 = ORIENTED_EDGE('',*,*,#63,.T.);
#63 = EDGE_CURVE('',#56,#64,#66,.T.);
#64 = VERTEX_POINT('',#65);
#65 = CARTESIAN_POINT('',(176.56,-20.62398,8.5));
#66 = LINE('',#67,#68);
#67 = CARTESIAN_POINT('',(176.56,-20.62398,2.4));
#68 = VECTOR('',#69,1.);
#69 = DIRECTION('',(0.,0.,1.));
#70 = ORIENTED_EDGE('',*,*,#71,.T.);
#71 = EDGE_CURVE('',#64,#72,#74,.T.);
#72 = VERTEX_POINT('',#73);
#73 = CARTESIAN_POINT('',(176.18712339261,-20.62398,8.5));
#74 = LINE('',#75,#76);
#75 = CARTESIAN_POINT('',(186.406927,-20.62398,8.5));
#76 = VECTOR('',#77,1.);
#77 = DIRECTION('',(-1.,0.,0.));
#78 = ORIENTED_EDGE('',*,*,#79,.F.);
#79 = EDGE_CURVE('',#24,#72,#80,.T.);
#80 = LINE('',#81,#82);
#81 = CARTESIAN_POINT('',(176.18712339261,-20.62398,0.));
#82 = VECTOR('',#83,1.);
#83 = DIRECTION('',(0.,0.,1.));
#84 = PLANE('',#85);
#85 = AXIS2_PLACEMENT_3D('',#86,#87,#88);
#86 = CARTESIAN_POINT('',(186.40694475569,-20.62398,0.));
#87 = DIRECTION('',(0.,-1.,0.));
#88 = DIRECTION('',(-1.,0.,0.));
#89 = ADVANCED_FACE('',(#90),#983,.F.);
#90 = FACE_BOUND('',#91,.F.);
#91 = EDGE_LOOP('',(#92,#101,#102,#110,#119,#127,#136,#145,#153,#162,
    #171,#179,#188,#197,#206,#214,#222,#231,#239,#247,#256,#264,#273,
    #281,#289,#298,#306,#315,#323,#332,#340,#348,#357,#366,#374,#382,
    #390,#399,#408,#416,#425,#433,#442,#450,#458,#466,#475,#483,#492,
    #500,#509,#518,#526,#534,#543,#552,#560,#569,#578,#586,#594,#603,
    #611,#620,#628,#637,#645,#653,#662,#670,#679,#687,#695,#704,#712,
    #721,#730,#738,#747,#756,#765,#773,#782,#791,#800,#808,#817,#825,
    #834,#843,#852,#860,#869,#877,#886,#894,#902,#911,#919,#928,#936,
    #944,#952,#960,#968,#977));
#92 = ORIENTED_EDGE('',*,*,#93,.T.);
#93 = EDGE_CURVE('',#94,#22,#96,.T.);
#94 = VERTEX_POINT('',#95);
#95 = CARTESIAN_POINT('',(190.40689959236,-24.62212014594,0.));
#96 = CIRCLE('',#97,3.999955248502);
#97 = AXIS2_PLACEMENT_3D('',#98,#99,#100);
#98 = CARTESIAN_POINT('',(186.40694475569,-24.62393524818,0.));
#99 = DIRECTION('',(0.,0.,1.));
#100 = DIRECTION('',(-3.55145602708E-05,0.999999999369,0.));
#101 = ORIENTED_EDGE('',*,*,#21,.T.);
#102 = ORIENTED_EDGE('',*,*,#103,.T.);
#103 = EDGE_CURVE('',#24,#104,#106,.T.);
#104 = VERTEX_POINT('',#105);
#105 = CARTESIAN_POINT('',(158.51187398055,-18.32521013233,0.));
#106 = LINE('',#107,#108);
#107 = CARTESIAN_POINT('',(158.51187398055,-18.32521013233,0.));
#108 = VECTOR('',#109,1.);
#109 = DIRECTION('',(-0.99164853362,0.12896970873,0.));
#110 = ORIENTED_EDGE('',*,*,#111,.F.);
#111 = EDGE_CURVE('',#112,#104,#114,.T.);
#112 = VERTEX_POINT('',#113);
#113 = CARTESIAN_POINT('',(158.05824709399,-18.29598071226,0.));
#114 = CIRCLE('',#115,3.5);
#115 = AXIS2_PLACEMENT_3D('',#116,#117,#118);
#116 = CARTESIAN_POINT('',(158.06048,-21.79598,0.));
#117 = DIRECTION('',(-0.,0.,-1.));
#118 = DIRECTION('',(-0.999999796495,-6.37973144348E-04,0.));
#119 = ORIENTED_EDGE('',*,*,#120,.T.);
#120 = EDGE_CURVE('',#112,#121,#123,.T.);
#121 = VERTEX_POINT('',#122);
#122 = CARTESIAN_POINT('',(123.11739934552,-18.3182720393,0.));
#123 = LINE('',#124,#125);
#124 = CARTESIAN_POINT('',(158.05824709399,-18.29598071226,0.));
#125 = VECTOR('',#126,1.);
#126 = DIRECTION('',(-0.999999796495,-6.37973144348E-04,0.));
#127 = ORIENTED_EDGE('',*,*,#128,.T.);
#128 = EDGE_CURVE('',#121,#129,#131,.T.);
#129 = VERTEX_POINT('',#130);
#130 = CARTESIAN_POINT('',(119.41000933498,-15.82000000001,0.));
#131 = CIRCLE('',#132,4.000001333575);
#132 = AXIS2_PLACEMENT_3D('',#133,#134,#135);
#133 = CARTESIAN_POINT('',(119.40999866642,-19.82000133357,0.));
#134 = DIRECTION('',(0.,-0.,1.));
#135 = DIRECTION('',(2.667139162621E-06,0.999999999996,0.));
#136 = ORIENTED_EDGE('',*,*,#137,.F.);
#137 = EDGE_CURVE('',#138,#129,#140,.T.);
#138 = VERTEX_POINT('',#139);
#139 = CARTESIAN_POINT('',(119.41,-15.82,0.));
#140 = CIRCLE('',#141,3.5);
#141 = AXIS2_PLACEMENT_3D('',#142,#143,#144);
#142 = CARTESIAN_POINT('',(119.41,-19.32,0.));
#143 = DIRECTION('',(0.,0.,-1.));
#144 = DIRECTION('',(-1.,0.,0.));
#145 = ORIENTED_EDGE('',*,*,#146,.T.);
#146 = EDGE_CURVE('',#138,#147,#149,.T.);
#147 = VERTEX_POINT('',#148);
#148 = CARTESIAN_POINT('',(104.00687314312,-15.82,0.));
#149 = LINE('',#150,#151);
#150 = CARTESIAN_POINT('',(119.41,-15.82,0.));
#151 = VECTOR('',#152,1.);
#152 = DIRECTION('',(-1.,0.,0.));
#153 = ORIENTED_EDGE('',*,*,#154,.T.);
#154 = EDGE_CURVE('',#147,#155,#157,.T.);
#155 = VERTEX_POINT('',#156);
#156 = CARTESIAN_POINT('',(100.41000933498,-13.57000000001,0.));
#157 = CIRCLE('',#158,4.000001333575);
#158 = AXIS2_PLACEMENT_3D('',#159,#160,#161);
#159 = CARTESIAN_POINT('',(100.40999866642,-17.57000133357,0.));
#160 = DIRECTION('',(0.,-0.,1.));
#161 = DIRECTION('',(2.667139162621E-06,0.999999999996,0.));
#162 = ORIENTED_EDGE('',*,*,#163,.F.);
#163 = EDGE_CURVE('',#164,#155,#166,.T.);
#164 = VERTEX_POINT('',#165);
#165 = CARTESIAN_POINT('',(100.41,-13.57,0.));
#166 = CIRCLE('',#167,3.5);
#167 = AXIS2_PLACEMENT_3D('',#168,#169,#170);
#168 = CARTESIAN_POINT('',(100.41,-17.07,0.));
#169 = DIRECTION('',(0.,0.,-1.));
#170 = DIRECTION('',(-1.,0.,0.));
#171 = ORIENTED_EDGE('',*,*,#172,.T.);
#172 = EDGE_CURVE('',#164,#173,#175,.T.);
#173 = VERTEX_POINT('',#174);
#174 = CARTESIAN_POINT('',(83.41,-13.57,0.));
#175 = LINE('',#176,#177);
#176 = CARTESIAN_POINT('',(100.41,-13.57,0.));
#177 = VECTOR('',#178,1.);
#178 = DIRECTION('',(-1.,0.,0.));
#179 = ORIENTED_EDGE('',*,*,#180,.F.);
#180 = EDGE_CURVE('',#181,#173,#183,.T.);
#181 = VERTEX_POINT('',#182);
#182 = CARTESIAN_POINT('',(83.409990665013,-13.57000000001,0.));
#183 = CIRCLE('',#184,3.5);
#184 = AXIS2_PLACEMENT_3D('',#185,#186,#187);
#185 = CARTESIAN_POINT('',(83.41,-17.07,0.));
#186 = DIRECTION('',(-0.,0.,-1.));
#187 = DIRECTION('',(-0.999999999996,-2.667139219752E-06,0.));
#188 = ORIENTED_EDGE('',*,*,#189,.T.);
#189 = EDGE_CURVE('',#181,#190,#192,.T.);
#190 = VERTEX_POINT('',#191);
#191 = CARTESIAN_POINT('',(79.410000000012,-17.56999066501,0.));
#192 = CIRCLE('',#193,4.000001333575);
#193 = AXIS2_PLACEMENT_3D('',#194,#195,#196);
#194 = CARTESIAN_POINT('',(83.410001333573,-17.57000133357,0.));
#195 = DIRECTION('',(0.,0.,1.));
#196 = DIRECTION('',(-0.999999999996,2.667139198148E-06,0.));
#197 = ORIENTED_EDGE('',*,*,#198,.F.);
#198 = EDGE_CURVE('',#199,#190,#201,.T.);
#199 = VERTEX_POINT('',#200);
#200 = CARTESIAN_POINT('',(79.41,-17.57,0.));
#201 = CIRCLE('',#202,3.5);
#202 = AXIS2_PLACEMENT_3D('',#203,#204,#205);
#203 = CARTESIAN_POINT('',(82.91,-17.57,0.));
#204 = DIRECTION('',(-0.,-0.,-1.));
#205 = DIRECTION('',(0.,-1.,0.));
#206 = ORIENTED_EDGE('',*,*,#207,.T.);
#207 = EDGE_CURVE('',#199,#208,#210,.T.);
#208 = VERTEX_POINT('',#209);
#209 = CARTESIAN_POINT('',(79.41,-18.55045610094,0.));
#210 = LINE('',#211,#212);
#211 = CARTESIAN_POINT('',(79.41,-17.57,0.));
#212 = VECTOR('',#213,1.);
#213 = DIRECTION('',(0.,-1.,0.));
#214 = ORIENTED_EDGE('',*,*,#215,.T.);
#215 = EDGE_CURVE('',#208,#216,#218,.T.);
#216 = VERTEX_POINT('',#217);
#217 = CARTESIAN_POINT('',(59.748520761018,-20.30991037458,0.));
#218 = LINE('',#219,#220);
#219 = CARTESIAN_POINT('',(82.098040761018,-18.30991037458,0.));
#220 = VECTOR('',#221,1.);
#221 = DIRECTION('',(-0.996019892975,-8.913121113783E-02,0.));
#222 = ORIENTED_EDGE('',*,*,#223,.F.);
#223 = EDGE_CURVE('',#224,#216,#226,.T.);
#224 = VERTEX_POINT('',#225);
#225 = CARTESIAN_POINT('',(56.56048,-23.79598,0.));
#226 = CIRCLE('',#227,3.5);
#227 = AXIS2_PLACEMENT_3D('',#228,#229,#230);
#228 = CARTESIAN_POINT('',(60.06048,-23.79598,0.));
#229 = DIRECTION('',(-0.,-0.,-1.));
#230 = DIRECTION('',(0.,-1.,0.));
#231 = ORIENTED_EDGE('',*,*,#232,.T.);
#232 = EDGE_CURVE('',#224,#233,#235,.T.);
#233 = VERTEX_POINT('',#234);
#234 = CARTESIAN_POINT('',(56.56048,-24.66878022161,0.));
#235 = LINE('',#236,#237);
#236 = CARTESIAN_POINT('',(56.56048,-23.79598,0.));
#237 = VECTOR('',#238,1.);
#238 = DIRECTION('',(0.,-1.,0.));
#239 = ORIENTED_EDGE('',*,*,#240,.T.);
#240 = EDGE_CURVE('',#233,#241,#243,.T.);
#241 = VERTEX_POINT('',#242);
#242 = CARTESIAN_POINT('',(17.141567031585,-31.75116009361,0.));
#243 = LINE('',#244,#245);
#244 = CARTESIAN_POINT('',(59.441547031585,-24.15114009361,0.));
#245 = VECTOR('',#246,1.);
#246 = DIRECTION('',(-0.984239973252,-0.176837990976,0.));
#247 = ORIENTED_EDGE('',*,*,#248,.F.);
#248 = EDGE_CURVE('',#249,#241,#251,.T.);
#249 = VERTEX_POINT('',#250);
#250 = CARTESIAN_POINT('',(14.312994341823,-35.7999078877,0.));
#251 = CIRCLE('',#252,3.5);
#252 = AXIS2_PLACEMENT_3D('',#253,#254,#255);
#253 = CARTESIAN_POINT('',(17.7605,-35.196,0.));
#254 = DIRECTION('',(0.,-0.,-1.));
#255 = DIRECTION('',(0.172545110774,-0.985001616622,0.));
#256 = ORIENTED_EDGE('',*,*,#257,.T.);
#257 = EDGE_CURVE('',#249,#258,#260,.T.);
#258 = VERTEX_POINT('',#259);
#259 = CARTESIAN_POINT('',(15.227394341823,-41.0199078877,0.));
#260 = LINE('',#261,#262);
#261 = CARTESIAN_POINT('',(14.312994341823,-35.7999078877,0.));
#262 = VECTOR('',#263,1.);
#263 = DIRECTION('',(0.172545110774,-0.985001616622,0.));
#264 = ORIENTED_EDGE('',*,*,#265,.F.);
#265 = EDGE_CURVE('',#266,#258,#268,.T.);
#266 = VERTEX_POINT('',#267);
#267 = CARTESIAN_POINT('',(15.227400740074,-41.01994441201,0.));
#268 = CIRCLE('',#269,3.5);
#269 = AXIS2_PLACEMENT_3D('',#270,#271,#272);
#270 = CARTESIAN_POINT('',(18.6749,-40.416,0.));
#271 = DIRECTION('',(0.,-0.,-1.));
#272 = DIRECTION('',(0.172555546291,-0.98499978855,0.));
#273 = ORIENTED_EDGE('',*,*,#274,.T.);
#274 = EDGE_CURVE('',#266,#275,#277,.T.);
#275 = VERTEX_POINT('',#276);
#276 = CARTESIAN_POINT('',(16.27850034719,-47.01994216931,0.));
#277 = LINE('',#278,#279);
#278 = CARTESIAN_POINT('',(15.227400740074,-41.01994441201,0.));
#279 = VECTOR('',#280,1.);
#280 = DIRECTION('',(0.172555546291,-0.98499978855,0.));
#281 = ORIENTED_EDGE('',*,*,#282,.T.);
#282 = EDGE_CURVE('',#275,#283,#285,.T.);
#283 = VERTEX_POINT('',#284);
#284 = CARTESIAN_POINT('',(18.107399954304,-57.45993992658,0.));
#285 = LINE('',#286,#287);
#286 = CARTESIAN_POINT('',(16.278499954304,-47.01993992658,0.));
#287 = VECTOR('',#288,1.);
#288 = DIRECTION('',(0.172554264739,-0.985000013056,0.));
#289 = ORIENTED_EDGE('',*,*,#290,.F.);
#290 = EDGE_CURVE('',#291,#283,#293,.T.);
#291 = VERTEX_POINT('',#292);
#292 = CARTESIAN_POINT('',(18.107400740074,-57.45994441201,0.));
#293 = CIRCLE('',#294,3.5);
#294 = AXIS2_PLACEMENT_3D('',#295,#296,#297);
#295 = CARTESIAN_POINT('',(21.5549,-56.856,0.));
#296 = DIRECTION('',(0.,-0.,-1.));
#297 = DIRECTION('',(0.172555546291,-0.98499978855,0.));
#298 = ORIENTED_EDGE('',*,*,#299,.T.);
#299 = EDGE_CURVE('',#291,#300,#302,.T.);
#300 = VERTEX_POINT('',#301);
#301 = CARTESIAN_POINT('',(19.158500740074,-63.45994441201,0.));
#302 = LINE('',#303,#304);
#303 = CARTESIAN_POINT('',(18.107400740074,-57.45994441201,0.));
#304 = VECTOR('',#305,1.);
#305 = DIRECTION('',(0.172555546291,-0.98499978855,0.));
#306 = ORIENTED_EDGE('',*,*,#307,.F.);
#307 = EDGE_CURVE('',#308,#300,#310,.T.);
#308 = VERTEX_POINT('',#309);
#309 = CARTESIAN_POINT('',(19.15850126544,-63.45994741096,0.));
#310 = CIRCLE('',#311,3.5);
#311 = AXIS2_PLACEMENT_3D('',#312,#313,#314);
#312 = CARTESIAN_POINT('',(22.606,-62.856,0.));
#313 = DIRECTION('',(0.,-0.,-1.));
#314 = DIRECTION('',(0.172556403132,-0.984999638446,0.));
#315 = ORIENTED_EDGE('',*,*,#316,.T.);
#316 = EDGE_CURVE('',#308,#317,#319,.T.);
#317 = VERTEX_POINT('',#318);
#318 = CARTESIAN_POINT('',(23.91300126544,-90.59994741096,0.));
#319 = LINE('',#320,#321);
#320 = CARTESIAN_POINT('',(19.15850126544,-63.45994741096,0.));
#321 = VECTOR('',#322,1.);
#322 = DIRECTION('',(0.172556403132,-0.984999638446,0.));
#323 = ORIENTED_EDGE('',*,*,#324,.F.);
#324 = EDGE_CURVE('',#325,#317,#327,.T.);
#325 = VERTEX_POINT('',#326);
#326 = CARTESIAN_POINT('',(27.977268464031,-93.4412281001,0.));
#327 = CIRCLE('',#328,3.5);
#328 = AXIS2_PLACEMENT_3D('',#329,#330,#331);
#329 = CARTESIAN_POINT('',(27.3605,-89.996,0.));
#330 = DIRECTION('',(0.,0.,-1.));
#331 = DIRECTION('',(0.984350885745,0.176219561152,0.));
#332 = ORIENTED_EDGE('',*,*,#333,.T.);
#333 = EDGE_CURVE('',#325,#334,#336,.T.);
#334 = VERTEX_POINT('',#335);
#335 = CARTESIAN_POINT('',(80.090200951293,-84.11191451262,0.));
#336 = LINE('',#337,#338);
#337 = CARTESIAN_POINT('',(27.977268464031,-93.4412281001,0.));
#338 = VECTOR('',#339,1.);
#339 = DIRECTION('',(0.984350885745,0.176219561152,0.));
#340 = ORIENTED_EDGE('',*,*,#341,.T.);
#341 = EDGE_CURVE('',#334,#342,#344,.T.);
#342 = VERTEX_POINT('',#343);
#343 = CARTESIAN_POINT('',(89.478537440338,-96.98581571904,0.));
#344 = LINE('',#345,#346);
#345 = CARTESIAN_POINT('',(78.935643440338,-82.52870971904,0.));
#346 = VECTOR('',#347,1.);
#347 = DIRECTION('',(0.589217919728,-0.807974159904,0.));
#348 = ORIENTED_EDGE('',*,*,#349,.F.);
#349 = EDGE_CURVE('',#350,#342,#352,.T.);
#350 = VERTEX_POINT('',#351);
#351 = CARTESIAN_POINT('',(89.831555016265,-97.39840848443,0.));
#352 = CIRCLE('',#353,3.5);
#353 = AXIS2_PLACEMENT_3D('',#354,#355,#356);
#354 = CARTESIAN_POINT('',(92.306447,-94.923553,0.));
#355 = DIRECTION('',(0.,-0.,-1.));
#356 = DIRECTION('',(0.707101566982,-0.707111995353,0.));
#357 = ORIENTED_EDGE('',*,*,#358,.T.);
#358 = EDGE_CURVE('',#350,#359,#361,.T.);
#359 = VERTEX_POINT('',#360);
#360 = CARTESIAN_POINT('',(92.325784707232,-98.55601323373,0.));
#361 = CIRCLE('',#362,3.999992432518);
#362 = AXIS2_PLACEMENT_3D('',#363,#364,#365);
#363 = CARTESIAN_POINT('',(92.659997646619,-94.57000756748,0.));
#364 = DIRECTION('',(-0.,0.,1.));
#365 = DIRECTION('',(4.706832625491E-06,-0.999999999989,0.));
#366 = ORIENTED_EDGE('',*,*,#367,.T.);
#367 = EDGE_CURVE('',#359,#368,#370,.T.);
#368 = VERTEX_POINT('',#369);
#369 = CARTESIAN_POINT('',(128.73651157065,-103.2925569727,0.));
#370 = LINE('',#371,#372);
#371 = CARTESIAN_POINT('',(92.208501491076,-98.54075627154,0.));
#372 = VECTOR('',#373,1.);
#373 = DIRECTION('',(0.991644649012,-0.128999573978,0.));
#374 = ORIENTED_EDGE('',*,*,#375,.T.);
#375 = EDGE_CURVE('',#368,#376,#378,.T.);
#376 = VERTEX_POINT('',#377);
#377 = CARTESIAN_POINT('',(143.71828180388,-111.9991606494,0.));
#378 = LINE('',#379,#380);
#379 = CARTESIAN_POINT('',(128.22639118105,-102.9961022821,0.));
#380 = VECTOR('',#381,1.);
#381 = DIRECTION('',(0.864600652038,-0.502459662555,0.));
#382 = ORIENTED_EDGE('',*,*,#383,.T.);
#383 = EDGE_CURVE('',#376,#384,#386,.T.);
#384 = VERTEX_POINT('',#385);
#385 = CARTESIAN_POINT('',(155.85961908401,-123.9769347406,0.));
#386 = LINE('',#387,#388);
#387 = CARTESIAN_POINT('',(143.40244608401,-111.6875797406,0.));
#388 = VECTOR('',#389,1.);
#389 = DIRECTION('',(0.711885640199,-0.702295404568,0.));
#390 = ORIENTED_EDGE('',*,*,#391,.F.);
#391 = EDGE_CURVE('',#392,#384,#394,.T.);
#392 = VERTEX_POINT('',#393);
#393 = CARTESIAN_POINT('',(156.36173428294,-124.3878135911,0.));
#394 = CIRCLE('',#395,3.5);
#395 = AXIS2_PLACEMENT_3D('',#396,#397,#398);
#396 = CARTESIAN_POINT('',(158.317653,-121.485335,0.));
#397 = DIRECTION('',(0.,-0.,-1.));
#398 = DIRECTION('',(0.829279597481,-0.558833919158,0.));
#399 = ORIENTED_EDGE('',*,*,#400,.T.);
#400 = EDGE_CURVE('',#392,#401,#403,.T.);
#401 = VERTEX_POINT('',#402);
#402 = CARTESIAN_POINT('',(162.88966567078,-123.4115588433,0.));
#403 = CIRCLE('',#404,4.88679886816);
#404 = AXIS2_PLACEMENT_3D('',#405,#406,#407);
#405 = CARTESIAN_POINT('',(159.09264324657,-120.3352909928,0.));
#406 = DIRECTION('',(-0.,0.,1.));
#407 = DIRECTION('',(0.83142680593,-0.555634291941,0.));
#408 = ORIENTED_EDGE('',*,*,#409,.T.);
#409 = EDGE_CURVE('',#401,#410,#412,.T.);
#410 = VERTEX_POINT('',#411);
#411 = CARTESIAN_POINT('',(189.42558765949,-96.8706197867,0.));
#412 = LINE('',#413,#414);
#413 = CARTESIAN_POINT('',(162.72077265949,-123.5804837867,0.));
#414 = VECTOR('',#415,1.);
#415 = DIRECTION('',(0.707039939058,0.707173616997,0.));
#416 = ORIENTED_EDGE('',*,*,#417,.F.);
#417 = EDGE_CURVE('',#418,#410,#420,.T.);
#418 = VERTEX_POINT('',#419);
#419 = CARTESIAN_POINT('',(190.45047940294,-94.39802435347,0.));
#420 = CIRCLE('',#421,3.5);
#421 = AXIS2_PLACEMENT_3D('',#422,#423,#424);
#422 = CARTESIAN_POINT('',(186.95048,-94.39598,0.));
#423 = DIRECTION('',(0.,0.,-1.));
#424 = DIRECTION('',(5.841009931167E-04,0.999999829413,0.));
#425 = ORIENTED_EDGE('',*,*,#426,.T.);
#426 = EDGE_CURVE('',#418,#427,#429,.T.);
#427 = VERTEX_POINT('',#428);
#428 = CARTESIAN_POINT('',(190.45479940294,-87.00204435347,0.));
#429 = LINE('',#430,#431);
#430 = CARTESIAN_POINT('',(190.45479940294,-87.00204435347,0.));
#431 = VECTOR('',#432,1.);
#432 = DIRECTION('',(5.841009931167E-04,0.999999829413,0.));
#433 = ORIENTED_EDGE('',*,*,#434,.F.);
#434 = EDGE_CURVE('',#435,#427,#437,.T.);
#435 = VERTEX_POINT('',#436);
#436 = CARTESIAN_POINT('',(190.45479897138,-86.99731666745,0.));
#437 = CIRCLE('',#438,3.5);
#438 = AXIS2_PLACEMENT_3D('',#439,#440,#441);
#439 = CARTESIAN_POINT('',(186.9548,-87.,0.));
#440 = DIRECTION('',(0.,0.,-1.));
#441 = DIRECTION('',(-7.666664413537E-04,0.999999706111,0.));
#442 = ORIENTED_EDGE('',*,*,#443,.T.);
#443 = EDGE_CURVE('',#435,#444,#446,.T.);
#444 = VERTEX_POINT('',#445);
#445 = CARTESIAN_POINT('',(190.4524835824,-83.97724408202,
    -4.163336342344E-16));
#446 = LINE('',#447,#448);
#447 = CARTESIAN_POINT('',(190.45019897138,-80.99731666745,0.));
#448 = VECTOR('',#449,1.);
#449 = DIRECTION('',(-7.666664413537E-04,0.999999706111,0.));
#450 = ORIENTED_EDGE('',*,*,#451,.F.);
#451 = EDGE_CURVE('',#452,#444,#454,.T.);
#452 = VERTEX_POINT('',#453);
#453 = CARTESIAN_POINT('',(187.45248446585,-83.97954640693,
    -4.163336342344E-16));
#454 = LINE('',#455,#456);
#455 = CARTESIAN_POINT('',(174.86288143993,-83.9892081953,
    -8.326672684689E-16));
#456 = VECTOR('',#457,1.);
#457 = DIRECTION('',(0.999999705517,7.674416345629E-04,0.));
#458 = ORIENTED_EDGE('',*,*,#459,.F.);
#459 = EDGE_CURVE('',#460,#452,#462,.T.);
#460 = VERTEX_POINT('',#461);
#461 = CARTESIAN_POINT('',(187.45479985305,-86.99961666677,0.));
#462 = LINE('',#463,#464);
#463 = CARTESIAN_POINT('',(187.45019985305,-80.99961666677,0.));
#464 = VECTOR('',#465,1.);
#465 = DIRECTION('',(-7.666664413537E-04,0.999999706111,0.));
#466 = ORIENTED_EDGE('',*,*,#467,.T.);
#467 = EDGE_CURVE('',#460,#468,#470,.T.);
#468 = VERTEX_POINT('',#469);
#469 = CARTESIAN_POINT('',(187.4547999147,-87.00029205049,0.));
#470 = CIRCLE('',#471,0.5);
#471 = AXIS2_PLACEMENT_3D('',#472,#473,#474);
#472 = CARTESIAN_POINT('',(186.9548,-87.,0.));
#473 = DIRECTION('',(0.,0.,-1.));
#474 = DIRECTION('',(-7.666664413537E-04,0.999999706111,0.));
#475 = ORIENTED_EDGE('',*,*,#476,.F.);
#476 = EDGE_CURVE('',#477,#468,#479,.T.);
#477 = VERTEX_POINT('',#478);
#478 = CARTESIAN_POINT('',(187.4504799147,-94.39627205049,0.));
#479 = LINE('',#480,#481);
#480 = CARTESIAN_POINT('',(187.4547999147,-87.00029205049,0.));
#481 = VECTOR('',#482,1.);
#482 = DIRECTION('',(5.841009931167E-04,0.999999829413,0.));
#483 = ORIENTED_EDGE('',*,*,#484,.T.);
#484 = EDGE_CURVE('',#477,#485,#487,.T.);
#485 = VERTEX_POINT('',#486);
#486 = CARTESIAN_POINT('',(187.30406680849,-94.74949996952,0.));
#487 = CIRCLE('',#488,0.5);
#488 = AXIS2_PLACEMENT_3D('',#489,#490,#491);
#489 = CARTESIAN_POINT('',(186.95048,-94.39598,0.));
#490 = DIRECTION('',(0.,0.,-1.));
#491 = DIRECTION('',(5.841009931167E-04,0.999999829413,0.));
#492 = ORIENTED_EDGE('',*,*,#493,.F.);
#493 = EDGE_CURVE('',#494,#485,#496,.T.);
#494 = VERTEX_POINT('',#495);
#495 = CARTESIAN_POINT('',(160.63134531726,-121.4272643929,0.));
#496 = LINE('',#497,#498);
#497 = CARTESIAN_POINT('',(160.59925180849,-121.4593639695,0.));
#498 = VECTOR('',#499,1.);
#499 = DIRECTION('',(0.707039939058,0.707173616997,0.));
#500 = ORIENTED_EDGE('',*,*,#501,.F.);
#501 = EDGE_CURVE('',#502,#494,#504,.T.);
#502 = VERTEX_POINT('',#503);
#503 = CARTESIAN_POINT('',(158.03823604042,-121.8999747987,0.));
#504 = CIRCLE('',#505,1.88679886816);
#505 = AXIS2_PLACEMENT_3D('',#506,#507,#508);
#506 = CARTESIAN_POINT('',(159.09264324657,-120.3352909928,0.));
#507 = DIRECTION('',(-0.,0.,1.));
#508 = DIRECTION('',(0.83142680593,-0.555634291941,0.));
#509 = ORIENTED_EDGE('',*,*,#510,.T.);
#510 = EDGE_CURVE('',#502,#511,#513,.T.);
#511 = VERTEX_POINT('',#512);
#512 = CARTESIAN_POINT('',(157.96650529771,-121.8412778201,0.));
#513 = CIRCLE('',#514,0.5);
#514 = AXIS2_PLACEMENT_3D('',#515,#516,#517);
#515 = CARTESIAN_POINT('',(158.317653,-121.485335,0.));
#516 = DIRECTION('',(0.,-0.,-1.));
#517 = DIRECTION('',(0.829279597481,-0.558833919158,0.));
#518 = ORIENTED_EDGE('',*,*,#519,.F.);
#519 = EDGE_CURVE('',#520,#511,#522,.T.);
#520 = VERTEX_POINT('',#521);
#521 = CARTESIAN_POINT('',(145.55445168627,-109.5964343784,0.));
#522 = LINE('',#523,#524);
#523 = CARTESIAN_POINT('',(145.50933229771,-109.5519228201,0.));
#524 = VECTOR('',#525,1.);
#525 = DIRECTION('',(0.711885640199,-0.702295404568,0.));
#526 = ORIENTED_EDGE('',*,*,#527,.F.);
#527 = EDGE_CURVE('',#528,#520,#530,.T.);
#528 = VERTEX_POINT('',#529);
#529 = CARTESIAN_POINT('',(129.78639421145,-100.4328826054,0.));
#530 = LINE('',#531,#532);
#531 = CARTESIAN_POINT('',(129.73377016872,-100.402300326,0.));
#532 = VECTOR('',#533,1.);
#533 = DIRECTION('',(0.864600652038,-0.502459662555,0.));
#534 = ORIENTED_EDGE('',*,*,#535,.F.);
#535 = EDGE_CURVE('',#536,#528,#538,.T.);
#536 = VERTEX_POINT('',#537);
#537 = CARTESIAN_POINT('',(129.28176936971,-100.3379581725,0.));
#538 = CIRCLE('',#539,2.914392258102);
#539 = AXIS2_PLACEMENT_3D('',#540,#541,#542);
#540 = CARTESIAN_POINT('',(128.9974026145,-103.2384439564,0.));
#541 = DIRECTION('',(0.,0.,-1.));
#542 = DIRECTION('',(9.757326057143E-02,0.995228345065,0.));
#543 = ORIENTED_EDGE('',*,*,#544,.T.);
#544 = EDGE_CURVE('',#536,#545,#547,.T.);
#545 = VERTEX_POINT('',#546);
#546 = CARTESIAN_POINT('',(129.26605621301,-100.3361663245,0.));
#547 = CIRCLE('',#548,0.5);
#548 = AXIS2_PLACEMENT_3D('',#549,#550,#551);
#549 = CARTESIAN_POINT('',(129.330556,-99.840344,0.));
#550 = DIRECTION('',(0.,-0.,-1.));
#551 = DIRECTION('',(0.995228345065,-9.757326057143E-02,0.));
#552 = ORIENTED_EDGE('',*,*,#553,.F.);
#553 = EDGE_CURVE('',#554,#545,#556,.T.);
#554 = VERTEX_POINT('',#555);
#555 = CARTESIAN_POINT('',(92.622089400957,-95.56928121869,0.));
#556 = LINE('',#557,#558);
#557 = CARTESIAN_POINT('',(92.595500213011,-95.5658223245,0.));
#558 = VECTOR('',#559,1.);
#559 = DIRECTION('',(0.991644649012,-0.128999573978,0.));
#560 = ORIENTED_EDGE('',*,*,#561,.F.);
#561 = EDGE_CURVE('',#562,#554,#564,.T.);
#562 = VERTEX_POINT('',#563);
#563 = CARTESIAN_POINT('',(91.952891002324,-95.27710378349,0.));
#564 = CIRCLE('',#565,0.999992432518);
#565 = AXIS2_PLACEMENT_3D('',#566,#567,#568);
#566 = CARTESIAN_POINT('',(92.659997646619,-94.57000756748,0.));
#567 = DIRECTION('',(-0.,0.,1.));
#568 = DIRECTION('',(4.706832625491E-06,-0.999999999989,0.));
#569 = ORIENTED_EDGE('',*,*,#570,.T.);
#570 = EDGE_CURVE('',#562,#571,#573,.T.);
#571 = VERTEX_POINT('',#572);
#572 = CARTESIAN_POINT('',(91.902459920048,-95.21816195986,0.));
#573 = CIRCLE('',#574,0.5);
#574 = AXIS2_PLACEMENT_3D('',#575,#576,#577);
#575 = CARTESIAN_POINT('',(92.306447,-94.923553,0.));
#576 = DIRECTION('',(0.,-0.,-1.));
#577 = DIRECTION('',(0.707101566982,-0.707111995353,0.));
#578 = ORIENTED_EDGE('',*,*,#579,.F.);
#579 = EDGE_CURVE('',#580,#571,#582,.T.);
#580 = VERTEX_POINT('',#581);
#581 = CARTESIAN_POINT('',(81.408538645173,-80.82821056449,0.));
#582 = LINE('',#583,#584);
#583 = CARTESIAN_POINT('',(81.359565920048,-80.76105595986,0.));
#584 = VECTOR('',#585,1.);
#585 = DIRECTION('',(0.589217919728,-0.807974159904,0.));
#586 = ORIENTED_EDGE('',*,*,#587,.F.);
#587 = EDGE_CURVE('',#588,#580,#590,.T.);
#588 = VERTEX_POINT('',#589);
#589 = CARTESIAN_POINT('',(27.448609780576,-90.48817544287,0.));
#590 = LINE('',#591,#592);
#591 = CARTESIAN_POINT('',(27.448609780576,-90.48817544287,0.));
#592 = VECTOR('',#593,1.);
#593 = DIRECTION('',(0.984350885745,0.176219561152,0.));
#594 = ORIENTED_EDGE('',*,*,#595,.T.);
#595 = EDGE_CURVE('',#588,#596,#598,.T.);
#596 = VERTEX_POINT('',#597);
#597 = CARTESIAN_POINT('',(26.868000180777,-90.08227820156,0.));
#598 = CIRCLE('',#599,0.5);
#599 = AXIS2_PLACEMENT_3D('',#600,#601,#602);
#600 = CARTESIAN_POINT('',(27.3605,-89.996,0.));
#601 = DIRECTION('',(0.,0.,-1.));
#602 = DIRECTION('',(0.984350885745,0.176219561152,0.));
#603 = ORIENTED_EDGE('',*,*,#604,.F.);
#604 = EDGE_CURVE('',#605,#596,#607,.T.);
#605 = VERTEX_POINT('',#606);
#606 = CARTESIAN_POINT('',(22.113500180777,-62.94227820156,0.));
#607 = LINE('',#608,#609);
#608 = CARTESIAN_POINT('',(22.113500180777,-62.94227820156,0.));
#609 = VECTOR('',#610,1.);
#610 = DIRECTION('',(0.172556403132,-0.984999638446,0.));
#611 = ORIENTED_EDGE('',*,*,#612,.T.);
#612 = EDGE_CURVE('',#605,#613,#615,.T.);
#613 = VERTEX_POINT('',#614);
#614 = CARTESIAN_POINT('',(22.113500105725,-62.94227777314,0.));
#615 = CIRCLE('',#616,0.5);
#616 = AXIS2_PLACEMENT_3D('',#617,#618,#619);
#617 = CARTESIAN_POINT('',(22.606,-62.856,0.));
#618 = DIRECTION('',(0.,-0.,-1.));
#619 = DIRECTION('',(0.172556403132,-0.984999638446,0.));
#620 = ORIENTED_EDGE('',*,*,#621,.F.);
#621 = EDGE_CURVE('',#622,#613,#624,.T.);
#622 = VERTEX_POINT('',#623);
#623 = CARTESIAN_POINT('',(21.062400105725,-56.94227777314,0.));
#624 = LINE('',#625,#626);
#625 = CARTESIAN_POINT('',(21.062400105725,-56.94227777314,0.));
#626 = VECTOR('',#627,1.);
#627 = DIRECTION('',(0.172555546291,-0.98499978855,0.));
#628 = ORIENTED_EDGE('',*,*,#629,.T.);
#629 = EDGE_CURVE('',#622,#630,#632,.T.);
#630 = VERTEX_POINT('',#631);
#631 = CARTESIAN_POINT('',(21.062399993472,-56.94227713237,0.));
#632 = CIRCLE('',#633,0.5);
#633 = AXIS2_PLACEMENT_3D('',#634,#635,#636);
#634 = CARTESIAN_POINT('',(21.5549,-56.856,0.));
#635 = DIRECTION('',(0.,-0.,-1.));
#636 = DIRECTION('',(0.172555546291,-0.98499978855,0.));
#637 = ORIENTED_EDGE('',*,*,#638,.F.);
#638 = EDGE_CURVE('',#639,#630,#641,.T.);
#639 = VERTEX_POINT('',#640);
#640 = CARTESIAN_POINT('',(19.233500049599,-46.50227745276,0.));
#641 = LINE('',#642,#643);
#642 = CARTESIAN_POINT('',(19.233499993472,-46.50227713237,0.));
#643 = VECTOR('',#644,1.);
#644 = DIRECTION('',(0.172554264739,-0.985000013056,0.));
#645 = ORIENTED_EDGE('',*,*,#646,.F.);
#646 = EDGE_CURVE('',#647,#639,#649,.T.);
#647 = VERTEX_POINT('',#648);
#648 = CARTESIAN_POINT('',(18.182400105725,-40.50227777314,0.));
#649 = LINE('',#650,#651);
#650 = CARTESIAN_POINT('',(18.182400105725,-40.50227777314,0.));
#651 = VECTOR('',#652,1.);
#652 = DIRECTION('',(0.172555546291,-0.98499978855,0.));
#653 = ORIENTED_EDGE('',*,*,#654,.T.);
#654 = EDGE_CURVE('',#647,#655,#657,.T.);
#655 = VERTEX_POINT('',#656);
#656 = CARTESIAN_POINT('',(18.182399191689,-40.50227255538,0.));
#657 = CIRCLE('',#658,0.5);
#658 = AXIS2_PLACEMENT_3D('',#659,#660,#661);
#659 = CARTESIAN_POINT('',(18.6749,-40.416,0.));
#660 = DIRECTION('',(0.,-0.,-1.));
#661 = DIRECTION('',(0.172555546291,-0.98499978855,0.));
#662 = ORIENTED_EDGE('',*,*,#663,.F.);
#663 = EDGE_CURVE('',#664,#655,#666,.T.);
#664 = VERTEX_POINT('',#665);
#665 = CARTESIAN_POINT('',(17.267999191689,-35.28227255538,0.));
#666 = LINE('',#667,#668);
#667 = CARTESIAN_POINT('',(17.267999191689,-35.28227255538,0.));
#668 = VECTOR('',#669,1.);
#669 = DIRECTION('',(0.172545110774,-0.985001616622,0.));
#670 = ORIENTED_EDGE('',*,*,#671,.T.);
#671 = EDGE_CURVE('',#664,#672,#674,.T.);
#672 = VERTEX_POINT('',#673);
#673 = CARTESIAN_POINT('',(17.672081004512,-34.70388001337,0.));
#674 = CIRCLE('',#675,0.5);
#675 = AXIS2_PLACEMENT_3D('',#676,#677,#678);
#676 = CARTESIAN_POINT('',(17.7605,-35.196,0.));
#677 = DIRECTION('',(0.,-0.,-1.));
#678 = DIRECTION('',(0.172545110774,-0.985001616622,0.));
#679 = ORIENTED_EDGE('',*,*,#680,.F.);
#680 = EDGE_CURVE('',#681,#672,#683,.T.);
#681 = VERTEX_POINT('',#682);
#682 = CARTESIAN_POINT('',(59.56048,-27.17780860308,0.));
#683 = LINE('',#684,#685);
#684 = CARTESIAN_POINT('',(59.972061004512,-27.10386001337,0.));
#685 = VECTOR('',#686,1.);
#686 = DIRECTION('',(-0.984239973252,-0.176837990976,0.));
#687 = ORIENTED_EDGE('',*,*,#688,.F.);
#688 = EDGE_CURVE('',#689,#681,#691,.T.);
#689 = VERTEX_POINT('',#690);
#690 = CARTESIAN_POINT('',(59.56048,-23.79598,0.));
#691 = LINE('',#692,#693);
#692 = CARTESIAN_POINT('',(59.56048,-23.79598,0.));
#693 = VECTOR('',#694,1.);
#694 = DIRECTION('',(0.,-1.,0.));
#695 = ORIENTED_EDGE('',*,*,#696,.T.);
#696 = EDGE_CURVE('',#689,#697,#699,.T.);
#697 = VERTEX_POINT('',#698);
#698 = CARTESIAN_POINT('',(60.015914394431,-23.29797005351,0.));
#699 = CIRCLE('',#700,0.5);
#700 = AXIS2_PLACEMENT_3D('',#701,#702,#703);
#701 = CARTESIAN_POINT('',(60.06048,-23.79598,0.));
#702 = DIRECTION('',(-0.,-0.,-1.));
#703 = DIRECTION('',(0.,-1.,0.));
#704 = ORIENTED_EDGE('',*,*,#705,.F.);
#705 = EDGE_CURVE('',#706,#697,#708,.T.);
#706 = VERTEX_POINT('',#707);
#707 = CARTESIAN_POINT('',(82.365434394431,-21.29797005351,0.));
#708 = LINE('',#709,#710);
#709 = CARTESIAN_POINT('',(82.365434394431,-21.29797005351,0.));
#710 = VECTOR('',#711,1.);
#711 = DIRECTION('',(-0.996019892975,-8.913121113783E-02,0.));
#712 = ORIENTED_EDGE('',*,*,#713,.T.);
#713 = EDGE_CURVE('',#706,#714,#716,.T.);
#714 = VERTEX_POINT('',#715);
#715 = CARTESIAN_POINT('',(82.40999866611,-21.29598,0.));
#716 = CIRCLE('',#717,0.5);
#717 = AXIS2_PLACEMENT_3D('',#718,#719,#720);
#718 = CARTESIAN_POINT('',(82.41,-21.79598,0.));
#719 = DIRECTION('',(-0.,0.,-1.));
#720 = DIRECTION('',(-0.996019892975,-8.913121113783E-02,0.));
#721 = ORIENTED_EDGE('',*,*,#722,.F.);
#722 = EDGE_CURVE('',#723,#714,#725,.T.);
#723 = VERTEX_POINT('',#724);
#724 = CARTESIAN_POINT('',(82.41,-21.29597866565,0.));
#725 = CIRCLE('',#726,1.334348873949E-06);
#726 = AXIS2_PLACEMENT_3D('',#727,#728,#729);
#727 = CARTESIAN_POINT('',(82.409998666106,-21.29597866565,0.));
#728 = DIRECTION('',(0.,-0.,-1.));
#729 = DIRECTION('',(0.99999999909,-4.266858032257E-05,0.));
#730 = ORIENTED_EDGE('',*,*,#731,.F.);
#731 = EDGE_CURVE('',#732,#723,#734,.T.);
#732 = VERTEX_POINT('',#733);
#733 = CARTESIAN_POINT('',(82.41,-17.57,0.));
#734 = LINE('',#735,#736);
#735 = CARTESIAN_POINT('',(82.41,-17.57,0.));
#736 = VECTOR('',#737,1.);
#737 = DIRECTION('',(0.,-1.,0.));
#738 = ORIENTED_EDGE('',*,*,#739,.T.);
#739 = EDGE_CURVE('',#732,#740,#742,.T.);
#740 = VERTEX_POINT('',#741);
#741 = CARTESIAN_POINT('',(82.410000000002,-17.56999866643,0.));
#742 = CIRCLE('',#743,0.5);
#743 = AXIS2_PLACEMENT_3D('',#744,#745,#746);
#744 = CARTESIAN_POINT('',(82.91,-17.57,0.));
#745 = DIRECTION('',(-0.,-0.,-1.));
#746 = DIRECTION('',(0.,-1.,0.));
#747 = ORIENTED_EDGE('',*,*,#748,.F.);
#748 = EDGE_CURVE('',#749,#740,#751,.T.);
#749 = VERTEX_POINT('',#750);
#750 = CARTESIAN_POINT('',(83.40999866643,-16.57,0.));
#751 = CIRCLE('',#752,1.000001333575);
#752 = AXIS2_PLACEMENT_3D('',#753,#754,#755);
#753 = CARTESIAN_POINT('',(83.410001333573,-17.57000133357,0.));
#754 = DIRECTION('',(0.,0.,1.));
#755 = DIRECTION('',(-0.999999999996,2.667139198148E-06,0.));
#756 = ORIENTED_EDGE('',*,*,#757,.T.);
#757 = EDGE_CURVE('',#749,#758,#760,.T.);
#758 = VERTEX_POINT('',#759);
#759 = CARTESIAN_POINT('',(83.41,-16.57,0.));
#760 = CIRCLE('',#761,0.5);
#761 = AXIS2_PLACEMENT_3D('',#762,#763,#764);
#762 = CARTESIAN_POINT('',(83.41,-17.07,0.));
#763 = DIRECTION('',(-0.,0.,-1.));
#764 = DIRECTION('',(-0.999999999996,-2.667139219752E-06,0.));
#765 = ORIENTED_EDGE('',*,*,#766,.F.);
#766 = EDGE_CURVE('',#767,#758,#769,.T.);
#767 = VERTEX_POINT('',#768);
#768 = CARTESIAN_POINT('',(100.41,-16.57,0.));
#769 = LINE('',#770,#771);
#770 = CARTESIAN_POINT('',(100.41,-16.57,0.));
#771 = VECTOR('',#772,1.);
#772 = DIRECTION('',(-1.,0.,0.));
#773 = ORIENTED_EDGE('',*,*,#774,.T.);
#774 = EDGE_CURVE('',#767,#775,#777,.T.);
#775 = VERTEX_POINT('',#776);
#776 = CARTESIAN_POINT('',(100.41000133357,-16.57,0.));
#777 = CIRCLE('',#778,0.5);
#778 = AXIS2_PLACEMENT_3D('',#779,#780,#781);
#779 = CARTESIAN_POINT('',(100.41,-17.07,0.));
#780 = DIRECTION('',(0.,0.,-1.));
#781 = DIRECTION('',(-1.,0.,0.));
#782 = ORIENTED_EDGE('',*,*,#783,.F.);
#783 = EDGE_CURVE('',#784,#775,#786,.T.);
#784 = VERTEX_POINT('',#785);
#785 = CARTESIAN_POINT('',(101.40999999999,-17.56999866643,0.));
#786 = CIRCLE('',#787,1.000001333575);
#787 = AXIS2_PLACEMENT_3D('',#788,#789,#790);
#788 = CARTESIAN_POINT('',(100.40999866642,-17.57000133357,0.));
#789 = DIRECTION('',(0.,-0.,1.));
#790 = DIRECTION('',(2.667139162621E-06,0.999999999996,0.));
#791 = ORIENTED_EDGE('',*,*,#792,.T.);
#792 = EDGE_CURVE('',#784,#793,#795,.T.);
#793 = VERTEX_POINT('',#794);
#794 = CARTESIAN_POINT('',(101.41,-17.57,0.));
#795 = CIRCLE('',#796,0.5);
#796 = AXIS2_PLACEMENT_3D('',#797,#798,#799);
#797 = CARTESIAN_POINT('',(100.91,-17.57,0.));
#798 = DIRECTION('',(0.,0.,-1.));
#799 = DIRECTION('',(-2.667139155803E-06,0.999999999996,0.));
#800 = ORIENTED_EDGE('',*,*,#801,.F.);
#801 = EDGE_CURVE('',#802,#793,#804,.T.);
#802 = VERTEX_POINT('',#803);
#803 = CARTESIAN_POINT('',(101.40999999999,-18.81999866642,0.));
#804 = LINE('',#805,#806);
#805 = CARTESIAN_POINT('',(101.41,-18.82,0.));
#806 = VECTOR('',#807,1.);
#807 = DIRECTION('',(0.,1.,0.));
#808 = ORIENTED_EDGE('',*,*,#809,.F.);
#809 = EDGE_CURVE('',#810,#802,#812,.T.);
#810 = VERTEX_POINT('',#811);
#811 = CARTESIAN_POINT('',(101.41000133357,-18.82,0.));
#812 = CIRCLE('',#813,1.333574944917E-06);
#813 = AXIS2_PLACEMENT_3D('',#814,#815,#816);
#814 = CARTESIAN_POINT('',(101.41000133357,-18.81999866642,0.));
#815 = DIRECTION('',(-0.,0.,-1.));
#816 = DIRECTION('',(-2.667139219464E-06,-0.999999999996,0.));
#817 = ORIENTED_EDGE('',*,*,#818,.F.);
#818 = EDGE_CURVE('',#819,#810,#821,.T.);
#819 = VERTEX_POINT('',#820);
#820 = CARTESIAN_POINT('',(119.41,-18.82,0.));
#821 = LINE('',#822,#823);
#822 = CARTESIAN_POINT('',(119.41,-18.82,0.));
#823 = VECTOR('',#824,1.);
#824 = DIRECTION('',(-1.,0.,0.));
#825 = ORIENTED_EDGE('',*,*,#826,.T.);
#826 = EDGE_CURVE('',#819,#827,#829,.T.);
#827 = VERTEX_POINT('',#828);
#828 = CARTESIAN_POINT('',(119.41000133357,-18.82,0.));
#829 = CIRCLE('',#830,0.5);
#830 = AXIS2_PLACEMENT_3D('',#831,#832,#833);
#831 = CARTESIAN_POINT('',(119.41,-19.32,0.));
#832 = DIRECTION('',(0.,0.,-1.));
#833 = DIRECTION('',(-1.,0.,0.));
#834 = ORIENTED_EDGE('',*,*,#835,.F.);
#835 = EDGE_CURVE('',#836,#827,#838,.T.);
#836 = VERTEX_POINT('',#837);
#837 = CARTESIAN_POINT('',(120.40999999999,-19.81999866643,0.));
#838 = CIRCLE('',#839,1.000001333575);
#839 = AXIS2_PLACEMENT_3D('',#840,#841,#842);
#840 = CARTESIAN_POINT('',(119.40999866642,-19.82000133357,0.));
#841 = DIRECTION('',(0.,-0.,1.));
#842 = DIRECTION('',(2.667139162621E-06,0.999999999996,0.));
#843 = ORIENTED_EDGE('',*,*,#844,.T.);
#844 = EDGE_CURVE('',#836,#845,#847,.T.);
#845 = VERTEX_POINT('',#846);
#846 = CARTESIAN_POINT('',(120.41,-19.82,0.));
#847 = CIRCLE('',#848,0.5);
#848 = AXIS2_PLACEMENT_3D('',#849,#850,#851);
#849 = CARTESIAN_POINT('',(119.91,-19.82,0.));
#850 = DIRECTION('',(0.,0.,-1.));
#851 = DIRECTION('',(-2.667139155803E-06,0.999999999996,0.));
#852 = ORIENTED_EDGE('',*,*,#853,.F.);
#853 = EDGE_CURVE('',#854,#845,#856,.T.);
#854 = VERTEX_POINT('',#855);
#855 = CARTESIAN_POINT('',(120.40999999999,-21.31999866642,0.));
#856 = LINE('',#857,#858);
#857 = CARTESIAN_POINT('',(120.41,-21.32,0.));
#858 = VECTOR('',#859,1.);
#859 = DIRECTION('',(0.,1.,0.));
#860 = ORIENTED_EDGE('',*,*,#861,.F.);
#861 = EDGE_CURVE('',#862,#854,#864,.T.);
#862 = VERTEX_POINT('',#863);
#863 = CARTESIAN_POINT('',(120.41000133435,-21.31999989739,0.));
#864 = CIRCLE('',#865,1.333574944917E-06);
#865 = AXIS2_PLACEMENT_3D('',#866,#867,#868);
#866 = CARTESIAN_POINT('',(120.41000133357,-21.31999866642,0.));
#867 = DIRECTION('',(-0.,0.,-1.));
#868 = DIRECTION('',(-2.667139219464E-06,-0.999999999996,0.));
#869 = ORIENTED_EDGE('',*,*,#870,.F.);
#870 = EDGE_CURVE('',#871,#862,#873,.T.);
#871 = VERTEX_POINT('',#872);
#872 = CARTESIAN_POINT('',(158.06016101342,-21.29598010175,0.));
#873 = LINE('',#874,#875);
#874 = CARTESIAN_POINT('',(158.06016101342,-21.29598010175,0.));
#875 = VECTOR('',#876,1.);
#876 = DIRECTION('',(-0.999999796495,-6.37973144348E-04,0.));
#877 = ORIENTED_EDGE('',*,*,#878,.T.);
#878 = EDGE_CURVE('',#871,#879,#881,.T.);
#879 = VERTEX_POINT('',#880);
#880 = CARTESIAN_POINT('',(158.12496485436,-21.30015573319,0.));
#881 = CIRCLE('',#882,0.5);
#882 = AXIS2_PLACEMENT_3D('',#883,#884,#885);
#883 = CARTESIAN_POINT('',(158.06048,-21.79598,0.));
#884 = DIRECTION('',(-0.,0.,-1.));
#885 = DIRECTION('',(-0.999999796495,-6.37973144348E-04,0.));
#886 = ORIENTED_EDGE('',*,*,#887,.F.);
#887 = EDGE_CURVE('',#888,#879,#890,.T.);
#888 = VERTEX_POINT('',#889);
#889 = CARTESIAN_POINT('',(175.99285762751,-23.62398,0.));
#890 = LINE('',#891,#892);
#891 = CARTESIAN_POINT('',(158.12496485436,-21.30015573319,0.));
#892 = VECTOR('',#893,1.);
#893 = DIRECTION('',(-0.99164853362,0.12896970873,0.));
#894 = ORIENTED_EDGE('',*,*,#895,.F.);
#895 = EDGE_CURVE('',#896,#888,#898,.T.);
#896 = VERTEX_POINT('',#897);
#897 = CARTESIAN_POINT('',(186.40694475569,-23.62398,0.));
#898 = LINE('',#899,#900);
#899 = CARTESIAN_POINT('',(186.406927,-23.62398,0.));
#900 = VECTOR('',#901,1.);
#901 = DIRECTION('',(-1.,0.,0.));
#902 = ORIENTED_EDGE('',*,*,#903,.F.);
#903 = EDGE_CURVE('',#904,#896,#906,.T.);
#904 = VERTEX_POINT('',#905);
#905 = CARTESIAN_POINT('',(187.40689999511,-24.62380048004,0.));
#906 = CIRCLE('',#907,0.999955248502);
#907 = AXIS2_PLACEMENT_3D('',#908,#909,#910);
#908 = CARTESIAN_POINT('',(186.40694475569,-24.62393524818,0.));
#909 = DIRECTION('',(0.,0.,1.));
#910 = DIRECTION('',(-3.55145602708E-05,0.999999999369,0.));
#911 = ORIENTED_EDGE('',*,*,#912,.F.);
#912 = EDGE_CURVE('',#913,#904,#915,.T.);
#913 = VERTEX_POINT('',#914);
#914 = CARTESIAN_POINT('',(187.4125998507,-31.99961361182,0.));
#915 = LINE('',#916,#917);
#916 = CARTESIAN_POINT('',(187.4068998507,-24.62361361182,0.));
#917 = VECTOR('',#918,1.);
#918 = DIRECTION('',(-7.727763419221E-04,0.999999701408,0.));
#919 = ORIENTED_EDGE('',*,*,#920,.T.);
#920 = EDGE_CURVE('',#913,#921,#923,.T.);
#921 = VERTEX_POINT('',#922);
#922 = CARTESIAN_POINT('',(187.41259985305,-31.99961666677,0.));
#923 = CIRCLE('',#924,0.5);
#924 = AXIS2_PLACEMENT_3D('',#925,#926,#927);
#925 = CARTESIAN_POINT('',(186.9126,-32.,0.));
#926 = DIRECTION('',(0.,0.,-1.));
#927 = DIRECTION('',(-7.727763419221E-04,0.999999701408,0.));
#928 = ORIENTED_EDGE('',*,*,#929,.F.);
#929 = EDGE_CURVE('',#930,#921,#932,.T.);
#930 = VERTEX_POINT('',#931);
#931 = CARTESIAN_POINT('',(187.4171998529,-37.99961647301,0.));
#932 = LINE('',#933,#934);
#933 = CARTESIAN_POINT('',(187.41259985305,-31.99961666677,0.));
#934 = VECTOR('',#935,1.);
#935 = DIRECTION('',(-7.666664413537E-04,0.999999706111,0.));
#936 = ORIENTED_EDGE('',*,*,#937,.F.);
#937 = EDGE_CURVE('',#938,#930,#940,.T.);
#938 = VERTEX_POINT('',#939);
#939 = CARTESIAN_POINT('',(187.44673096362,-76.47954861378,
    4.163336342344E-16));
#940 = LINE('',#941,#942);
#941 = CARTESIAN_POINT('',(187.41719985275,-37.99961627918,0.));
#942 = VECTOR('',#943,1.);
#943 = DIRECTION('',(-7.674416344659E-04,0.999999705517,0.));
#944 = ORIENTED_EDGE('',*,*,#945,.T.);
#945 = EDGE_CURVE('',#938,#946,#948,.T.);
#946 = VERTEX_POINT('',#947);
#947 = CARTESIAN_POINT('',(190.44673008017,-76.47724628888,
    4.163336342344E-16));
#948 = LINE('',#949,#950);
#949 = CARTESIAN_POINT('',(174.85712562767,-76.48921040392,
    8.326672684689E-16));
#950 = VECTOR('',#951,1.);
#951 = DIRECTION('',(0.999999705517,7.674416345629E-04,0.));
#952 = ORIENTED_EDGE('',*,*,#953,.T.);
#953 = EDGE_CURVE('',#946,#954,#956,.T.);
#954 = VERTEX_POINT('',#955);
#955 = CARTESIAN_POINT('',(190.41719897034,-37.99731531107,0.));
#956 = LINE('',#957,#958);
#957 = CARTESIAN_POINT('',(190.4171989693,-37.99731395427,0.));
#958 = VECTOR('',#959,1.);
#959 = DIRECTION('',(-7.674416344659E-04,0.999999705517,0.));
#960 = ORIENTED_EDGE('',*,*,#961,.T.);
#961 = EDGE_CURVE('',#954,#962,#964,.T.);
#962 = VERTEX_POINT('',#963);
#963 = CARTESIAN_POINT('',(190.41259897138,-31.99731666745,0.));
#964 = LINE('',#965,#966);
#965 = CARTESIAN_POINT('',(190.41259897138,-31.99731666745,0.));
#966 = VECTOR('',#967,1.);
#967 = DIRECTION('',(-7.666664413537E-04,0.999999706111,0.));
#968 = ORIENTED_EDGE('',*,*,#969,.F.);
#969 = EDGE_CURVE('',#970,#962,#972,.T.);
#970 = VERTEX_POINT('',#971);
#971 = CARTESIAN_POINT('',(190.41259895492,-31.9972952828,0.));
#972 = CIRCLE('',#973,3.5);
#973 = AXIS2_PLACEMENT_3D('',#974,#975,#976);
#974 = CARTESIAN_POINT('',(186.9126,-32.,0.));
#975 = DIRECTION('',(0.,0.,-1.));
#976 = DIRECTION('',(-7.727763419221E-04,0.999999701408,0.));
#977 = ORIENTED_EDGE('',*,*,#978,.T.);
#978 = EDGE_CURVE('',#970,#94,#979,.T.);
#979 = LINE('',#980,#981);
#980 = CARTESIAN_POINT('',(190.40689895492,-24.6212952828,0.));
#981 = VECTOR('',#982,1.);
#982 = DIRECTION('',(-7.727763419221E-04,0.999999701408,0.));
#983 = PLANE('',#984);
#984 = AXIS2_PLACEMENT_3D('',#985,#986,#987);
#985 = CARTESIAN_POINT('',(108.46195840831,-61.52807632523,0.));
#986 = DIRECTION('',(0.,0.,1.));
#987 = DIRECTION('',(1.,0.,0.));
#988 = ADVANCED_FACE('',(#989),#1007,.F.);
#989 = FACE_BOUND('',#990,.F.);
#990 = EDGE_LOOP('',(#991,#992,#1000,#1006));
#991 = ORIENTED_EDGE('',*,*,#79,.T.);
#992 = ORIENTED_EDGE('',*,*,#993,.T.);
#993 = EDGE_CURVE('',#72,#994,#996,.T.);
#994 = VERTEX_POINT('',#995);
#995 = CARTESIAN_POINT('',(158.51187398055,-18.32521013233,8.5));
#996 = LINE('',#997,#998);
#997 = CARTESIAN_POINT('',(158.51187398055,-18.32521013233,8.5));
#998 = VECTOR('',#999,1.);
#999 = DIRECTION('',(-0.99164853362,0.12896970873,0.));
#1000 = ORIENTED_EDGE('',*,*,#1001,.F.);
#1001 = EDGE_CURVE('',#104,#994,#1002,.T.);
#1002 = LINE('',#1003,#1004);
#1003 = CARTESIAN_POINT('',(158.51187398055,-18.32521013233,0.));
#1004 = VECTOR('',#1005,1.);
#1005 = DIRECTION('',(0.,0.,1.));
#1006 = ORIENTED_EDGE('',*,*,#103,.F.);
#1007 = PLANE('',#1008);
#1008 = AXIS2_PLACEMENT_3D('',#1009,#1010,#1011);
#1009 = CARTESIAN_POINT('',(176.18712339261,-20.62398,0.));
#1010 = DIRECTION('',(-0.12896970873,-0.99164853362,0.));
#1011 = DIRECTION('',(-0.99164853362,0.12896970873,0.));
#1012 = ADVANCED_FACE('',(#1013),#1815,.T.);
#1013 = FACE_BOUND('',#1014,.T.);
#1014 = EDGE_LOOP('',(#1015,#1023,#1024,#1025,#1034,#1042,#1051,#1060,
    #1068,#1077,#1086,#1094,#1103,#1112,#1121,#1129,#1137,#1146,#1154,
    #1162,#1171,#1179,#1188,#1196,#1204,#1213,#1221,#1230,#1238,#1247,
    #1255,#1263,#1272,#1281,#1289,#1297,#1305,#1314,#1323,#1331,#1340,
    #1348,#1357,#1365,#1373,#1381,#1390,#1398,#1407,#1415,#1424,#1433,
    #1441,#1449,#1458,#1467,#1475,#1484,#1493,#1501,#1509,#1518,#1526,
    #1535,#1543,#1552,#1560,#1568,#1577,#1585,#1594,#1602,#1610,#1619,
    #1627,#1636,#1645,#1653,#1662,#1671,#1680,#1688,#1697,#1706,#1715,
    #1723,#1732,#1740,#1749,#1758,#1767,#1775,#1784,#1792,#1801,#1809));
#1015 = ORIENTED_EDGE('',*,*,#1016,.T.);
#1016 = EDGE_CURVE('',#1017,#64,#1019,.T.);
#1017 = VERTEX_POINT('',#1018);
#1018 = CARTESIAN_POINT('',(176.56,-23.62398,8.5));
#1019 = LINE('',#1020,#1021);
#1020 = CARTESIAN_POINT('',(176.56,-49.95403816261,8.5));
#1021 = VECTOR('',#1022,1.);
#1022 = DIRECTION('',(0.,1.,0.));
#1023 = ORIENTED_EDGE('',*,*,#71,.T.);
#1024 = ORIENTED_EDGE('',*,*,#993,.T.);
#1025 = ORIENTED_EDGE('',*,*,#1026,.F.);
#1026 = EDGE_CURVE('',#1027,#994,#1029,.T.);
#1027 = VERTEX_POINT('',#1028);
#1028 = CARTESIAN_POINT('',(158.05824709399,-18.29598071226,8.5));
#1029 = CIRCLE('',#1030,3.5);
#1030 = AXIS2_PLACEMENT_3D('',#1031,#1032,#1033);
#1031 = CARTESIAN_POINT('',(158.06048,-21.79598,8.5));
#1032 = DIRECTION('',(-0.,0.,-1.));
#1033 = DIRECTION('',(-0.999999796495,-6.37973144348E-04,0.));
#1034 = ORIENTED_EDGE('',*,*,#1035,.T.);
#1035 = EDGE_CURVE('',#1027,#1036,#1038,.T.);
#1036 = VERTEX_POINT('',#1037);
#1037 = CARTESIAN_POINT('',(123.11739934552,-18.3182720393,8.5));
#1038 = LINE('',#1039,#1040);
#1039 = CARTESIAN_POINT('',(158.05824709399,-18.29598071226,8.5));
#1040 = VECTOR('',#1041,1.);
#1041 = DIRECTION('',(-0.999999796495,-6.37973144348E-04,0.));
#1042 = ORIENTED_EDGE('',*,*,#1043,.T.);
#1043 = EDGE_CURVE('',#1036,#1044,#1046,.T.);
#1044 = VERTEX_POINT('',#1045);
#1045 = CARTESIAN_POINT('',(119.41000933498,-15.82000000001,8.5));
#1046 = CIRCLE('',#1047,4.000001333575);
#1047 = AXIS2_PLACEMENT_3D('',#1048,#1049,#1050);
#1048 = CARTESIAN_POINT('',(119.40999866642,-19.82000133357,8.5));
#1049 = DIRECTION('',(0.,-0.,1.));
#1050 = DIRECTION('',(2.667139162621E-06,0.999999999996,0.));
#1051 = ORIENTED_EDGE('',*,*,#1052,.F.);
#1052 = EDGE_CURVE('',#1053,#1044,#1055,.T.);
#1053 = VERTEX_POINT('',#1054);
#1054 = CARTESIAN_POINT('',(119.41,-15.82,8.5));
#1055 = CIRCLE('',#1056,3.5);
#1056 = AXIS2_PLACEMENT_3D('',#1057,#1058,#1059);
#1057 = CARTESIAN_POINT('',(119.41,-19.32,8.5));
#1058 = DIRECTION('',(0.,0.,-1.));
#1059 = DIRECTION('',(-1.,0.,0.));
#1060 = ORIENTED_EDGE('',*,*,#1061,.T.);
#1061 = EDGE_CURVE('',#1053,#1062,#1064,.T.);
#1062 = VERTEX_POINT('',#1063);
#1063 = CARTESIAN_POINT('',(104.00687314312,-15.82,8.5));
#1064 = LINE('',#1065,#1066);
#1065 = CARTESIAN_POINT('',(119.41,-15.82,8.5));
#1066 = VECTOR('',#1067,1.);
#1067 = DIRECTION('',(-1.,0.,0.));
#1068 = ORIENTED_EDGE('',*,*,#1069,.T.);
#1069 = EDGE_CURVE('',#1062,#1070,#1072,.T.);
#1070 = VERTEX_POINT('',#1071);
#1071 = CARTESIAN_POINT('',(100.41000933498,-13.57000000001,8.5));
#1072 = CIRCLE('',#1073,4.000001333575);
#1073 = AXIS2_PLACEMENT_3D('',#1074,#1075,#1076);
#1074 = CARTESIAN_POINT('',(100.40999866642,-17.57000133357,8.5));
#1075 = DIRECTION('',(0.,-0.,1.));
#1076 = DIRECTION('',(2.667139162621E-06,0.999999999996,0.));
#1077 = ORIENTED_EDGE('',*,*,#1078,.F.);
#1078 = EDGE_CURVE('',#1079,#1070,#1081,.T.);
#1079 = VERTEX_POINT('',#1080);
#1080 = CARTESIAN_POINT('',(100.41,-13.57,8.5));
#1081 = CIRCLE('',#1082,3.5);
#1082 = AXIS2_PLACEMENT_3D('',#1083,#1084,#1085);
#1083 = CARTESIAN_POINT('',(100.41,-17.07,8.5));
#1084 = DIRECTION('',(0.,0.,-1.));
#1085 = DIRECTION('',(-1.,0.,0.));
#1086 = ORIENTED_EDGE('',*,*,#1087,.T.);
#1087 = EDGE_CURVE('',#1079,#1088,#1090,.T.);
#1088 = VERTEX_POINT('',#1089);
#1089 = CARTESIAN_POINT('',(83.41,-13.57,8.5));
#1090 = LINE('',#1091,#1092);
#1091 = CARTESIAN_POINT('',(100.41,-13.57,8.5));
#1092 = VECTOR('',#1093,1.);
#1093 = DIRECTION('',(-1.,0.,0.));
#1094 = ORIENTED_EDGE('',*,*,#1095,.F.);
#1095 = EDGE_CURVE('',#1096,#1088,#1098,.T.);
#1096 = VERTEX_POINT('',#1097);
#1097 = CARTESIAN_POINT('',(83.409990665013,-13.57000000001,8.5));
#1098 = CIRCLE('',#1099,3.5);
#1099 = AXIS2_PLACEMENT_3D('',#1100,#1101,#1102);
#1100 = CARTESIAN_POINT('',(83.41,-17.07,8.5));
#1101 = DIRECTION('',(-0.,0.,-1.));
#1102 = DIRECTION('',(-0.999999999996,-2.667139219752E-06,0.));
#1103 = ORIENTED_EDGE('',*,*,#1104,.T.);
#1104 = EDGE_CURVE('',#1096,#1105,#1107,.T.);
#1105 = VERTEX_POINT('',#1106);
#1106 = CARTESIAN_POINT('',(79.410000000012,-17.56999066501,8.5));
#1107 = CIRCLE('',#1108,4.000001333575);
#1108 = AXIS2_PLACEMENT_3D('',#1109,#1110,#1111);
#1109 = CARTESIAN_POINT('',(83.410001333573,-17.57000133357,8.5));
#1110 = DIRECTION('',(0.,0.,1.));
#1111 = DIRECTION('',(-0.999999999996,2.667139198148E-06,0.));
#1112 = ORIENTED_EDGE('',*,*,#1113,.F.);
#1113 = EDGE_CURVE('',#1114,#1105,#1116,.T.);
#1114 = VERTEX_POINT('',#1115);
#1115 = CARTESIAN_POINT('',(79.41,-17.57,8.5));
#1116 = CIRCLE('',#1117,3.5);
#1117 = AXIS2_PLACEMENT_3D('',#1118,#1119,#1120);
#1118 = CARTESIAN_POINT('',(82.91,-17.57,8.5));
#1119 = DIRECTION('',(-0.,-0.,-1.));
#1120 = DIRECTION('',(0.,-1.,0.));
#1121 = ORIENTED_EDGE('',*,*,#1122,.T.);
#1122 = EDGE_CURVE('',#1114,#1123,#1125,.T.);
#1123 = VERTEX_POINT('',#1124);
#1124 = CARTESIAN_POINT('',(79.41,-18.55045610094,8.5));
#1125 = LINE('',#1126,#1127);
#1126 = CARTESIAN_POINT('',(79.41,-17.57,8.5));
#1127 = VECTOR('',#1128,1.);
#1128 = DIRECTION('',(0.,-1.,0.));
#1129 = ORIENTED_EDGE('',*,*,#1130,.T.);
#1130 = EDGE_CURVE('',#1123,#1131,#1133,.T.);
#1131 = VERTEX_POINT('',#1132);
#1132 = CARTESIAN_POINT('',(59.748520761018,-20.30991037458,8.5));
#1133 = LINE('',#1134,#1135);
#1134 = CARTESIAN_POINT('',(82.098040761018,-18.30991037458,8.5));
#1135 = VECTOR('',#1136,1.);
#1136 = DIRECTION('',(-0.996019892975,-8.913121113783E-02,0.));
#1137 = ORIENTED_EDGE('',*,*,#1138,.F.);
#1138 = EDGE_CURVE('',#1139,#1131,#1141,.T.);
#1139 = VERTEX_POINT('',#1140);
#1140 = CARTESIAN_POINT('',(56.56048,-23.79598,8.5));
#1141 = CIRCLE('',#1142,3.5);
#1142 = AXIS2_PLACEMENT_3D('',#1143,#1144,#1145);
#1143 = CARTESIAN_POINT('',(60.06048,-23.79598,8.5));
#1144 = DIRECTION('',(-0.,-0.,-1.));
#1145 = DIRECTION('',(0.,-1.,0.));
#1146 = ORIENTED_EDGE('',*,*,#1147,.T.);
#1147 = EDGE_CURVE('',#1139,#1148,#1150,.T.);
#1148 = VERTEX_POINT('',#1149);
#1149 = CARTESIAN_POINT('',(56.56048,-24.66878022161,8.5));
#1150 = LINE('',#1151,#1152);
#1151 = CARTESIAN_POINT('',(56.56048,-23.79598,8.5));
#1152 = VECTOR('',#1153,1.);
#1153 = DIRECTION('',(0.,-1.,0.));
#1154 = ORIENTED_EDGE('',*,*,#1155,.T.);
#1155 = EDGE_CURVE('',#1148,#1156,#1158,.T.);
#1156 = VERTEX_POINT('',#1157);
#1157 = CARTESIAN_POINT('',(17.141567031585,-31.75116009361,8.5));
#1158 = LINE('',#1159,#1160);
#1159 = CARTESIAN_POINT('',(59.441547031585,-24.15114009361,8.5));
#1160 = VECTOR('',#1161,1.);
#1161 = DIRECTION('',(-0.984239973252,-0.176837990976,0.));
#1162 = ORIENTED_EDGE('',*,*,#1163,.F.);
#1163 = EDGE_CURVE('',#1164,#1156,#1166,.T.);
#1164 = VERTEX_POINT('',#1165);
#1165 = CARTESIAN_POINT('',(14.312994341823,-35.7999078877,8.5));
#1166 = CIRCLE('',#1167,3.5);
#1167 = AXIS2_PLACEMENT_3D('',#1168,#1169,#1170);
#1168 = CARTESIAN_POINT('',(17.7605,-35.196,8.5));
#1169 = DIRECTION('',(0.,-0.,-1.));
#1170 = DIRECTION('',(0.172545110774,-0.985001616622,0.));
#1171 = ORIENTED_EDGE('',*,*,#1172,.T.);
#1172 = EDGE_CURVE('',#1164,#1173,#1175,.T.);
#1173 = VERTEX_POINT('',#1174);
#1174 = CARTESIAN_POINT('',(15.227394341823,-41.0199078877,8.5));
#1175 = LINE('',#1176,#1177);
#1176 = CARTESIAN_POINT('',(14.312994341823,-35.7999078877,8.5));
#1177 = VECTOR('',#1178,1.);
#1178 = DIRECTION('',(0.172545110774,-0.985001616622,0.));
#1179 = ORIENTED_EDGE('',*,*,#1180,.F.);
#1180 = EDGE_CURVE('',#1181,#1173,#1183,.T.);
#1181 = VERTEX_POINT('',#1182);
#1182 = CARTESIAN_POINT('',(15.227400740074,-41.01994441201,8.5));
#1183 = CIRCLE('',#1184,3.5);
#1184 = AXIS2_PLACEMENT_3D('',#1185,#1186,#1187);
#1185 = CARTESIAN_POINT('',(18.6749,-40.416,8.5));
#1186 = DIRECTION('',(0.,-0.,-1.));
#1187 = DIRECTION('',(0.172555546291,-0.98499978855,0.));
#1188 = ORIENTED_EDGE('',*,*,#1189,.T.);
#1189 = EDGE_CURVE('',#1181,#1190,#1192,.T.);
#1190 = VERTEX_POINT('',#1191);
#1191 = CARTESIAN_POINT('',(16.27850034719,-47.01994216931,8.5));
#1192 = LINE('',#1193,#1194);
#1193 = CARTESIAN_POINT('',(15.227400740074,-41.01994441201,8.5));
#1194 = VECTOR('',#1195,1.);
#1195 = DIRECTION('',(0.172555546291,-0.98499978855,0.));
#1196 = ORIENTED_EDGE('',*,*,#1197,.T.);
#1197 = EDGE_CURVE('',#1190,#1198,#1200,.T.);
#1198 = VERTEX_POINT('',#1199);
#1199 = CARTESIAN_POINT('',(18.107399954304,-57.45993992658,8.5));
#1200 = LINE('',#1201,#1202);
#1201 = CARTESIAN_POINT('',(16.278499954304,-47.01993992658,8.5));
#1202 = VECTOR('',#1203,1.);
#1203 = DIRECTION('',(0.172554264739,-0.985000013056,0.));
#1204 = ORIENTED_EDGE('',*,*,#1205,.F.);
#1205 = EDGE_CURVE('',#1206,#1198,#1208,.T.);
#1206 = VERTEX_POINT('',#1207);
#1207 = CARTESIAN_POINT('',(18.107400740074,-57.45994441201,8.5));
#1208 = CIRCLE('',#1209,3.5);
#1209 = AXIS2_PLACEMENT_3D('',#1210,#1211,#1212);
#1210 = CARTESIAN_POINT('',(21.5549,-56.856,8.5));
#1211 = DIRECTION('',(0.,-0.,-1.));
#1212 = DIRECTION('',(0.172555546291,-0.98499978855,0.));
#1213 = ORIENTED_EDGE('',*,*,#1214,.T.);
#1214 = EDGE_CURVE('',#1206,#1215,#1217,.T.);
#1215 = VERTEX_POINT('',#1216);
#1216 = CARTESIAN_POINT('',(19.158500740074,-63.45994441201,8.5));
#1217 = LINE('',#1218,#1219);
#1218 = CARTESIAN_POINT('',(18.107400740074,-57.45994441201,8.5));
#1219 = VECTOR('',#1220,1.);
#1220 = DIRECTION('',(0.172555546291,-0.98499978855,0.));
#1221 = ORIENTED_EDGE('',*,*,#1222,.F.);
#1222 = EDGE_CURVE('',#1223,#1215,#1225,.T.);
#1223 = VERTEX_POINT('',#1224);
#1224 = CARTESIAN_POINT('',(19.15850126544,-63.45994741096,8.5));
#1225 = CIRCLE('',#1226,3.5);
#1226 = AXIS2_PLACEMENT_3D('',#1227,#1228,#1229);
#1227 = CARTESIAN_POINT('',(22.606,-62.856,8.5));
#1228 = DIRECTION('',(0.,-0.,-1.));
#1229 = DIRECTION('',(0.172556403132,-0.984999638446,0.));
#1230 = ORIENTED_EDGE('',*,*,#1231,.T.);
#1231 = EDGE_CURVE('',#1223,#1232,#1234,.T.);
#1232 = VERTEX_POINT('',#1233);
#1233 = CARTESIAN_POINT('',(23.91300126544,-90.59994741096,8.5));
#1234 = LINE('',#1235,#1236);
#1235 = CARTESIAN_POINT('',(19.15850126544,-63.45994741096,8.5));
#1236 = VECTOR('',#1237,1.);
#1237 = DIRECTION('',(0.172556403132,-0.984999638446,0.));
#1238 = ORIENTED_EDGE('',*,*,#1239,.F.);
#1239 = EDGE_CURVE('',#1240,#1232,#1242,.T.);
#1240 = VERTEX_POINT('',#1241);
#1241 = CARTESIAN_POINT('',(27.977268464031,-93.4412281001,8.5));
#1242 = CIRCLE('',#1243,3.5);
#1243 = AXIS2_PLACEMENT_3D('',#1244,#1245,#1246);
#1244 = CARTESIAN_POINT('',(27.3605,-89.996,8.5));
#1245 = DIRECTION('',(0.,0.,-1.));
#1246 = DIRECTION('',(0.984350885745,0.176219561152,0.));
#1247 = ORIENTED_EDGE('',*,*,#1248,.T.);
#1248 = EDGE_CURVE('',#1240,#1249,#1251,.T.);
#1249 = VERTEX_POINT('',#1250);
#1250 = CARTESIAN_POINT('',(80.090200951293,-84.11191451262,8.5));
#1251 = LINE('',#1252,#1253);
#1252 = CARTESIAN_POINT('',(27.977268464031,-93.4412281001,8.5));
#1253 = VECTOR('',#1254,1.);
#1254 = DIRECTION('',(0.984350885745,0.176219561152,0.));
#1255 = ORIENTED_EDGE('',*,*,#1256,.T.);
#1256 = EDGE_CURVE('',#1249,#1257,#1259,.T.);
#1257 = VERTEX_POINT('',#1258);
#1258 = CARTESIAN_POINT('',(89.478537440338,-96.98581571904,8.5));
#1259 = LINE('',#1260,#1261);
#1260 = CARTESIAN_POINT('',(78.935643440338,-82.52870971904,8.5));
#1261 = VECTOR('',#1262,1.);
#1262 = DIRECTION('',(0.589217919728,-0.807974159904,0.));
#1263 = ORIENTED_EDGE('',*,*,#1264,.F.);
#1264 = EDGE_CURVE('',#1265,#1257,#1267,.T.);
#1265 = VERTEX_POINT('',#1266);
#1266 = CARTESIAN_POINT('',(89.831555016265,-97.39840848443,8.5));
#1267 = CIRCLE('',#1268,3.5);
#1268 = AXIS2_PLACEMENT_3D('',#1269,#1270,#1271);
#1269 = CARTESIAN_POINT('',(92.306447,-94.923553,8.5));
#1270 = DIRECTION('',(0.,-0.,-1.));
#1271 = DIRECTION('',(0.707101566982,-0.707111995353,0.));
#1272 = ORIENTED_EDGE('',*,*,#1273,.T.);
#1273 = EDGE_CURVE('',#1265,#1274,#1276,.T.);
#1274 = VERTEX_POINT('',#1275);
#1275 = CARTESIAN_POINT('',(92.325784707232,-98.55601323373,8.5));
#1276 = CIRCLE('',#1277,3.999992432518);
#1277 = AXIS2_PLACEMENT_3D('',#1278,#1279,#1280);
#1278 = CARTESIAN_POINT('',(92.659997646619,-94.57000756748,8.5));
#1279 = DIRECTION('',(-0.,0.,1.));
#1280 = DIRECTION('',(4.706832625491E-06,-0.999999999989,0.));
#1281 = ORIENTED_EDGE('',*,*,#1282,.T.);
#1282 = EDGE_CURVE('',#1274,#1283,#1285,.T.);
#1283 = VERTEX_POINT('',#1284);
#1284 = CARTESIAN_POINT('',(128.73651157065,-103.2925569727,8.5));
#1285 = LINE('',#1286,#1287);
#1286 = CARTESIAN_POINT('',(92.208501491076,-98.54075627154,8.5));
#1287 = VECTOR('',#1288,1.);
#1288 = DIRECTION('',(0.991644649012,-0.128999573978,0.));
#1289 = ORIENTED_EDGE('',*,*,#1290,.T.);
#1290 = EDGE_CURVE('',#1283,#1291,#1293,.T.);
#1291 = VERTEX_POINT('',#1292);
#1292 = CARTESIAN_POINT('',(143.71828180388,-111.9991606494,8.5));
#1293 = LINE('',#1294,#1295);
#1294 = CARTESIAN_POINT('',(128.22639118105,-102.9961022821,8.5));
#1295 = VECTOR('',#1296,1.);
#1296 = DIRECTION('',(0.864600652038,-0.502459662555,0.));
#1297 = ORIENTED_EDGE('',*,*,#1298,.T.);
#1298 = EDGE_CURVE('',#1291,#1299,#1301,.T.);
#1299 = VERTEX_POINT('',#1300);
#1300 = CARTESIAN_POINT('',(155.85961908401,-123.9769347406,8.5));
#1301 = LINE('',#1302,#1303);
#1302 = CARTESIAN_POINT('',(143.40244608401,-111.6875797406,8.5));
#1303 = VECTOR('',#1304,1.);
#1304 = DIRECTION('',(0.711885640199,-0.702295404568,0.));
#1305 = ORIENTED_EDGE('',*,*,#1306,.F.);
#1306 = EDGE_CURVE('',#1307,#1299,#1309,.T.);
#1307 = VERTEX_POINT('',#1308);
#1308 = CARTESIAN_POINT('',(156.36173428294,-124.3878135911,8.5));
#1309 = CIRCLE('',#1310,3.5);
#1310 = AXIS2_PLACEMENT_3D('',#1311,#1312,#1313);
#1311 = CARTESIAN_POINT('',(158.317653,-121.485335,8.5));
#1312 = DIRECTION('',(0.,-0.,-1.));
#1313 = DIRECTION('',(0.829279597481,-0.558833919158,0.));
#1314 = ORIENTED_EDGE('',*,*,#1315,.T.);
#1315 = EDGE_CURVE('',#1307,#1316,#1318,.T.);
#1316 = VERTEX_POINT('',#1317);
#1317 = CARTESIAN_POINT('',(162.88966567078,-123.4115588433,8.5));
#1318 = CIRCLE('',#1319,4.88679886816);
#1319 = AXIS2_PLACEMENT_3D('',#1320,#1321,#1322);
#1320 = CARTESIAN_POINT('',(159.09264324657,-120.3352909928,8.5));
#1321 = DIRECTION('',(-0.,0.,1.));
#1322 = DIRECTION('',(0.83142680593,-0.555634291941,0.));
#1323 = ORIENTED_EDGE('',*,*,#1324,.T.);
#1324 = EDGE_CURVE('',#1316,#1325,#1327,.T.);
#1325 = VERTEX_POINT('',#1326);
#1326 = CARTESIAN_POINT('',(189.42558765949,-96.8706197867,8.5));
#1327 = LINE('',#1328,#1329);
#1328 = CARTESIAN_POINT('',(162.72077265949,-123.5804837867,8.5));
#1329 = VECTOR('',#1330,1.);
#1330 = DIRECTION('',(0.707039939058,0.707173616997,0.));
#1331 = ORIENTED_EDGE('',*,*,#1332,.F.);
#1332 = EDGE_CURVE('',#1333,#1325,#1335,.T.);
#1333 = VERTEX_POINT('',#1334);
#1334 = CARTESIAN_POINT('',(190.45047940294,-94.39802435347,8.5));
#1335 = CIRCLE('',#1336,3.5);
#1336 = AXIS2_PLACEMENT_3D('',#1337,#1338,#1339);
#1337 = CARTESIAN_POINT('',(186.95048,-94.39598,8.5));
#1338 = DIRECTION('',(0.,0.,-1.));
#1339 = DIRECTION('',(5.841009931167E-04,0.999999829413,0.));
#1340 = ORIENTED_EDGE('',*,*,#1341,.T.);
#1341 = EDGE_CURVE('',#1333,#1342,#1344,.T.);
#1342 = VERTEX_POINT('',#1343);
#1343 = CARTESIAN_POINT('',(190.45479940294,-87.00204435347,8.5));
#1344 = LINE('',#1345,#1346);
#1345 = CARTESIAN_POINT('',(190.45479940294,-87.00204435347,8.5));
#1346 = VECTOR('',#1347,1.);
#1347 = DIRECTION('',(5.841009931167E-04,0.999999829413,0.));
#1348 = ORIENTED_EDGE('',*,*,#1349,.F.);
#1349 = EDGE_CURVE('',#1350,#1342,#1352,.T.);
#1350 = VERTEX_POINT('',#1351);
#1351 = CARTESIAN_POINT('',(190.45479897138,-86.99731666745,8.5));
#1352 = CIRCLE('',#1353,3.5);
#1353 = AXIS2_PLACEMENT_3D('',#1354,#1355,#1356);
#1354 = CARTESIAN_POINT('',(186.9548,-87.,8.5));
#1355 = DIRECTION('',(0.,0.,-1.));
#1356 = DIRECTION('',(-7.666664413537E-04,0.999999706111,0.));
#1357 = ORIENTED_EDGE('',*,*,#1358,.T.);
#1358 = EDGE_CURVE('',#1350,#1359,#1361,.T.);
#1359 = VERTEX_POINT('',#1360);
#1360 = CARTESIAN_POINT('',(190.4524835824,-83.97724408202,8.5));
#1361 = LINE('',#1362,#1363);
#1362 = CARTESIAN_POINT('',(190.45019897138,-80.99731666745,8.5));
#1363 = VECTOR('',#1364,1.);
#1364 = DIRECTION('',(-7.666664413537E-04,0.999999706111,0.));
#1365 = ORIENTED_EDGE('',*,*,#1366,.F.);
#1366 = EDGE_CURVE('',#1367,#1359,#1369,.T.);
#1367 = VERTEX_POINT('',#1368);
#1368 = CARTESIAN_POINT('',(187.45248446585,-83.97954640693,8.5));
#1369 = LINE('',#1370,#1371);
#1370 = CARTESIAN_POINT('',(174.86288143993,-83.9892081953,8.5));
#1371 = VECTOR('',#1372,1.);
#1372 = DIRECTION('',(0.999999705517,7.674416345629E-04,0.));
#1373 = ORIENTED_EDGE('',*,*,#1374,.F.);
#1374 = EDGE_CURVE('',#1375,#1367,#1377,.T.);
#1375 = VERTEX_POINT('',#1376);
#1376 = CARTESIAN_POINT('',(187.45479985305,-86.99961666677,8.5));
#1377 = LINE('',#1378,#1379);
#1378 = CARTESIAN_POINT('',(187.45019985305,-80.99961666677,8.5));
#1379 = VECTOR('',#1380,1.);
#1380 = DIRECTION('',(-7.666664413537E-04,0.999999706111,0.));
#1381 = ORIENTED_EDGE('',*,*,#1382,.T.);
#1382 = EDGE_CURVE('',#1375,#1383,#1385,.T.);
#1383 = VERTEX_POINT('',#1384);
#1384 = CARTESIAN_POINT('',(187.4547999147,-87.00029205049,8.5));
#1385 = CIRCLE('',#1386,0.5);
#1386 = AXIS2_PLACEMENT_3D('',#1387,#1388,#1389);
#1387 = CARTESIAN_POINT('',(186.9548,-87.,8.5));
#1388 = DIRECTION('',(0.,0.,-1.));
#1389 = DIRECTION('',(-7.666664413537E-04,0.999999706111,0.));
#1390 = ORIENTED_EDGE('',*,*,#1391,.F.);
#1391 = EDGE_CURVE('',#1392,#1383,#1394,.T.);
#1392 = VERTEX_POINT('',#1393);
#1393 = CARTESIAN_POINT('',(187.4504799147,-94.39627205049,8.5));
#1394 = LINE('',#1395,#1396);
#1395 = CARTESIAN_POINT('',(187.4547999147,-87.00029205049,8.5));
#1396 = VECTOR('',#1397,1.);
#1397 = DIRECTION('',(5.841009931167E-04,0.999999829413,0.));
#1398 = ORIENTED_EDGE('',*,*,#1399,.T.);
#1399 = EDGE_CURVE('',#1392,#1400,#1402,.T.);
#1400 = VERTEX_POINT('',#1401);
#1401 = CARTESIAN_POINT('',(187.30406680849,-94.74949996952,8.5));
#1402 = CIRCLE('',#1403,0.5);
#1403 = AXIS2_PLACEMENT_3D('',#1404,#1405,#1406);
#1404 = CARTESIAN_POINT('',(186.95048,-94.39598,8.5));
#1405 = DIRECTION('',(0.,0.,-1.));
#1406 = DIRECTION('',(5.841009931167E-04,0.999999829413,0.));
#1407 = ORIENTED_EDGE('',*,*,#1408,.F.);
#1408 = EDGE_CURVE('',#1409,#1400,#1411,.T.);
#1409 = VERTEX_POINT('',#1410);
#1410 = CARTESIAN_POINT('',(160.63134531726,-121.4272643929,8.5));
#1411 = LINE('',#1412,#1413);
#1412 = CARTESIAN_POINT('',(160.59925180849,-121.4593639695,8.5));
#1413 = VECTOR('',#1414,1.);
#1414 = DIRECTION('',(0.707039939058,0.707173616997,0.));
#1415 = ORIENTED_EDGE('',*,*,#1416,.F.);
#1416 = EDGE_CURVE('',#1417,#1409,#1419,.T.);
#1417 = VERTEX_POINT('',#1418);
#1418 = CARTESIAN_POINT('',(158.03823604042,-121.8999747987,8.5));
#1419 = CIRCLE('',#1420,1.88679886816);
#1420 = AXIS2_PLACEMENT_3D('',#1421,#1422,#1423);
#1421 = CARTESIAN_POINT('',(159.09264324657,-120.3352909928,8.5));
#1422 = DIRECTION('',(-0.,0.,1.));
#1423 = DIRECTION('',(0.83142680593,-0.555634291941,0.));
#1424 = ORIENTED_EDGE('',*,*,#1425,.T.);
#1425 = EDGE_CURVE('',#1417,#1426,#1428,.T.);
#1426 = VERTEX_POINT('',#1427);
#1427 = CARTESIAN_POINT('',(157.96650529771,-121.8412778201,8.5));
#1428 = CIRCLE('',#1429,0.5);
#1429 = AXIS2_PLACEMENT_3D('',#1430,#1431,#1432);
#1430 = CARTESIAN_POINT('',(158.317653,-121.485335,8.5));
#1431 = DIRECTION('',(0.,-0.,-1.));
#1432 = DIRECTION('',(0.829279597481,-0.558833919158,0.));
#1433 = ORIENTED_EDGE('',*,*,#1434,.F.);
#1434 = EDGE_CURVE('',#1435,#1426,#1437,.T.);
#1435 = VERTEX_POINT('',#1436);
#1436 = CARTESIAN_POINT('',(145.55445168627,-109.5964343784,8.5));
#1437 = LINE('',#1438,#1439);
#1438 = CARTESIAN_POINT('',(145.50933229771,-109.5519228201,8.5));
#1439 = VECTOR('',#1440,1.);
#1440 = DIRECTION('',(0.711885640199,-0.702295404568,0.));
#1441 = ORIENTED_EDGE('',*,*,#1442,.F.);
#1442 = EDGE_CURVE('',#1443,#1435,#1445,.T.);
#1443 = VERTEX_POINT('',#1444);
#1444 = CARTESIAN_POINT('',(129.78639421145,-100.4328826054,8.5));
#1445 = LINE('',#1446,#1447);
#1446 = CARTESIAN_POINT('',(129.73377016872,-100.402300326,8.5));
#1447 = VECTOR('',#1448,1.);
#1448 = DIRECTION('',(0.864600652038,-0.502459662555,0.));
#1449 = ORIENTED_EDGE('',*,*,#1450,.F.);
#1450 = EDGE_CURVE('',#1451,#1443,#1453,.T.);
#1451 = VERTEX_POINT('',#1452);
#1452 = CARTESIAN_POINT('',(129.28176936971,-100.3379581725,8.5));
#1453 = CIRCLE('',#1454,2.914392258102);
#1454 = AXIS2_PLACEMENT_3D('',#1455,#1456,#1457);
#1455 = CARTESIAN_POINT('',(128.9974026145,-103.2384439564,8.5));
#1456 = DIRECTION('',(0.,0.,-1.));
#1457 = DIRECTION('',(9.757326057143E-02,0.995228345065,0.));
#1458 = ORIENTED_EDGE('',*,*,#1459,.T.);
#1459 = EDGE_CURVE('',#1451,#1460,#1462,.T.);
#1460 = VERTEX_POINT('',#1461);
#1461 = CARTESIAN_POINT('',(129.26605621301,-100.3361663245,8.5));
#1462 = CIRCLE('',#1463,0.5);
#1463 = AXIS2_PLACEMENT_3D('',#1464,#1465,#1466);
#1464 = CARTESIAN_POINT('',(129.330556,-99.840344,8.5));
#1465 = DIRECTION('',(0.,-0.,-1.));
#1466 = DIRECTION('',(0.995228345065,-9.757326057143E-02,0.));
#1467 = ORIENTED_EDGE('',*,*,#1468,.F.);
#1468 = EDGE_CURVE('',#1469,#1460,#1471,.T.);
#1469 = VERTEX_POINT('',#1470);
#1470 = CARTESIAN_POINT('',(92.622089400957,-95.56928121869,8.5));
#1471 = LINE('',#1472,#1473);
#1472 = CARTESIAN_POINT('',(92.595500213011,-95.5658223245,8.5));
#1473 = VECTOR('',#1474,1.);
#1474 = DIRECTION('',(0.991644649012,-0.128999573978,0.));
#1475 = ORIENTED_EDGE('',*,*,#1476,.F.);
#1476 = EDGE_CURVE('',#1477,#1469,#1479,.T.);
#1477 = VERTEX_POINT('',#1478);
#1478 = CARTESIAN_POINT('',(91.952891002324,-95.27710378349,8.5));
#1479 = CIRCLE('',#1480,0.999992432518);
#1480 = AXIS2_PLACEMENT_3D('',#1481,#1482,#1483);
#1481 = CARTESIAN_POINT('',(92.659997646619,-94.57000756748,8.5));
#1482 = DIRECTION('',(-0.,0.,1.));
#1483 = DIRECTION('',(4.706832625491E-06,-0.999999999989,0.));
#1484 = ORIENTED_EDGE('',*,*,#1485,.T.);
#1485 = EDGE_CURVE('',#1477,#1486,#1488,.T.);
#1486 = VERTEX_POINT('',#1487);
#1487 = CARTESIAN_POINT('',(91.902459920048,-95.21816195986,8.5));
#1488 = CIRCLE('',#1489,0.5);
#1489 = AXIS2_PLACEMENT_3D('',#1490,#1491,#1492);
#1490 = CARTESIAN_POINT('',(92.306447,-94.923553,8.5));
#1491 = DIRECTION('',(0.,-0.,-1.));
#1492 = DIRECTION('',(0.707101566982,-0.707111995353,0.));
#1493 = ORIENTED_EDGE('',*,*,#1494,.F.);
#1494 = EDGE_CURVE('',#1495,#1486,#1497,.T.);
#1495 = VERTEX_POINT('',#1496);
#1496 = CARTESIAN_POINT('',(81.408538645173,-80.82821056449,8.5));
#1497 = LINE('',#1498,#1499);
#1498 = CARTESIAN_POINT('',(81.359565920048,-80.76105595986,8.5));
#1499 = VECTOR('',#1500,1.);
#1500 = DIRECTION('',(0.589217919728,-0.807974159904,0.));
#1501 = ORIENTED_EDGE('',*,*,#1502,.F.);
#1502 = EDGE_CURVE('',#1503,#1495,#1505,.T.);
#1503 = VERTEX_POINT('',#1504);
#1504 = CARTESIAN_POINT('',(27.448609780576,-90.48817544287,8.5));
#1505 = LINE('',#1506,#1507);
#1506 = CARTESIAN_POINT('',(27.448609780576,-90.48817544287,8.5));
#1507 = VECTOR('',#1508,1.);
#1508 = DIRECTION('',(0.984350885745,0.176219561152,0.));
#1509 = ORIENTED_EDGE('',*,*,#1510,.T.);
#1510 = EDGE_CURVE('',#1503,#1511,#1513,.T.);
#1511 = VERTEX_POINT('',#1512);
#1512 = CARTESIAN_POINT('',(26.868000180777,-90.08227820156,8.5));
#1513 = CIRCLE('',#1514,0.5);
#1514 = AXIS2_PLACEMENT_3D('',#1515,#1516,#1517);
#1515 = CARTESIAN_POINT('',(27.3605,-89.996,8.5));
#1516 = DIRECTION('',(0.,0.,-1.));
#1517 = DIRECTION('',(0.984350885745,0.176219561152,0.));
#1518 = ORIENTED_EDGE('',*,*,#1519,.F.);
#1519 = EDGE_CURVE('',#1520,#1511,#1522,.T.);
#1520 = VERTEX_POINT('',#1521);
#1521 = CARTESIAN_POINT('',(22.113500180777,-62.94227820156,8.5));
#1522 = LINE('',#1523,#1524);
#1523 = CARTESIAN_POINT('',(22.113500180777,-62.94227820156,8.5));
#1524 = VECTOR('',#1525,1.);
#1525 = DIRECTION('',(0.172556403132,-0.984999638446,0.));
#1526 = ORIENTED_EDGE('',*,*,#1527,.T.);
#1527 = EDGE_CURVE('',#1520,#1528,#1530,.T.);
#1528 = VERTEX_POINT('',#1529);
#1529 = CARTESIAN_POINT('',(22.113500105725,-62.94227777314,8.5));
#1530 = CIRCLE('',#1531,0.5);
#1531 = AXIS2_PLACEMENT_3D('',#1532,#1533,#1534);
#1532 = CARTESIAN_POINT('',(22.606,-62.856,8.5));
#1533 = DIRECTION('',(0.,-0.,-1.));
#1534 = DIRECTION('',(0.172556403132,-0.984999638446,0.));
#1535 = ORIENTED_EDGE('',*,*,#1536,.F.);
#1536 = EDGE_CURVE('',#1537,#1528,#1539,.T.);
#1537 = VERTEX_POINT('',#1538);
#1538 = CARTESIAN_POINT('',(21.062400105725,-56.94227777314,8.5));
#1539 = LINE('',#1540,#1541);
#1540 = CARTESIAN_POINT('',(21.062400105725,-56.94227777314,8.5));
#1541 = VECTOR('',#1542,1.);
#1542 = DIRECTION('',(0.172555546291,-0.98499978855,0.));
#1543 = ORIENTED_EDGE('',*,*,#1544,.T.);
#1544 = EDGE_CURVE('',#1537,#1545,#1547,.T.);
#1545 = VERTEX_POINT('',#1546);
#1546 = CARTESIAN_POINT('',(21.062399993472,-56.94227713237,8.5));
#1547 = CIRCLE('',#1548,0.5);
#1548 = AXIS2_PLACEMENT_3D('',#1549,#1550,#1551);
#1549 = CARTESIAN_POINT('',(21.5549,-56.856,8.5));
#1550 = DIRECTION('',(0.,-0.,-1.));
#1551 = DIRECTION('',(0.172555546291,-0.98499978855,0.));
#1552 = ORIENTED_EDGE('',*,*,#1553,.F.);
#1553 = EDGE_CURVE('',#1554,#1545,#1556,.T.);
#1554 = VERTEX_POINT('',#1555);
#1555 = CARTESIAN_POINT('',(19.233500049599,-46.50227745276,8.5));
#1556 = LINE('',#1557,#1558);
#1557 = CARTESIAN_POINT('',(19.233499993472,-46.50227713237,8.5));
#1558 = VECTOR('',#1559,1.);
#1559 = DIRECTION('',(0.172554264739,-0.985000013056,0.));
#1560 = ORIENTED_EDGE('',*,*,#1561,.F.);
#1561 = EDGE_CURVE('',#1562,#1554,#1564,.T.);
#1562 = VERTEX_POINT('',#1563);
#1563 = CARTESIAN_POINT('',(18.182400105725,-40.50227777314,8.5));
#1564 = LINE('',#1565,#1566);
#1565 = CARTESIAN_POINT('',(18.182400105725,-40.50227777314,8.5));
#1566 = VECTOR('',#1567,1.);
#1567 = DIRECTION('',(0.172555546291,-0.98499978855,0.));
#1568 = ORIENTED_EDGE('',*,*,#1569,.T.);
#1569 = EDGE_CURVE('',#1562,#1570,#1572,.T.);
#1570 = VERTEX_POINT('',#1571);
#1571 = CARTESIAN_POINT('',(18.182399191689,-40.50227255538,8.5));
#1572 = CIRCLE('',#1573,0.5);
#1573 = AXIS2_PLACEMENT_3D('',#1574,#1575,#1576);
#1574 = CARTESIAN_POINT('',(18.6749,-40.416,8.5));
#1575 = DIRECTION('',(0.,-0.,-1.));
#1576 = DIRECTION('',(0.172555546291,-0.98499978855,0.));
#1577 = ORIENTED_EDGE('',*,*,#1578,.F.);
#1578 = EDGE_CURVE('',#1579,#1570,#1581,.T.);
#1579 = VERTEX_POINT('',#1580);
#1580 = CARTESIAN_POINT('',(17.267999191689,-35.28227255538,8.5));
#1581 = LINE('',#1582,#1583);
#1582 = CARTESIAN_POINT('',(17.267999191689,-35.28227255538,8.5));
#1583 = VECTOR('',#1584,1.);
#1584 = DIRECTION('',(0.172545110774,-0.985001616622,0.));
#1585 = ORIENTED_EDGE('',*,*,#1586,.T.);
#1586 = EDGE_CURVE('',#1579,#1587,#1589,.T.);
#1587 = VERTEX_POINT('',#1588);
#1588 = CARTESIAN_POINT('',(17.672081004512,-34.70388001337,8.5));
#1589 = CIRCLE('',#1590,0.5);
#1590 = AXIS2_PLACEMENT_3D('',#1591,#1592,#1593);
#1591 = CARTESIAN_POINT('',(17.7605,-35.196,8.5));
#1592 = DIRECTION('',(0.,-0.,-1.));
#1593 = DIRECTION('',(0.172545110774,-0.985001616622,0.));
#1594 = ORIENTED_EDGE('',*,*,#1595,.F.);
#1595 = EDGE_CURVE('',#1596,#1587,#1598,.T.);
#1596 = VERTEX_POINT('',#1597);
#1597 = CARTESIAN_POINT('',(59.56048,-27.17780860308,8.5));
#1598 = LINE('',#1599,#1600);
#1599 = CARTESIAN_POINT('',(59.972061004512,-27.10386001337,8.5));
#1600 = VECTOR('',#1601,1.);
#1601 = DIRECTION('',(-0.984239973252,-0.176837990976,0.));
#1602 = ORIENTED_EDGE('',*,*,#1603,.F.);
#1603 = EDGE_CURVE('',#1604,#1596,#1606,.T.);
#1604 = VERTEX_POINT('',#1605);
#1605 = CARTESIAN_POINT('',(59.56048,-23.79598,8.5));
#1606 = LINE('',#1607,#1608);
#1607 = CARTESIAN_POINT('',(59.56048,-23.79598,8.5));
#1608 = VECTOR('',#1609,1.);
#1609 = DIRECTION('',(0.,-1.,0.));
#1610 = ORIENTED_EDGE('',*,*,#1611,.T.);
#1611 = EDGE_CURVE('',#1604,#1612,#1614,.T.);
#1612 = VERTEX_POINT('',#1613);
#1613 = CARTESIAN_POINT('',(60.015914394431,-23.29797005351,8.5));
#1614 = CIRCLE('',#1615,0.5);
#1615 = AXIS2_PLACEMENT_3D('',#1616,#1617,#1618);
#1616 = CARTESIAN_POINT('',(60.06048,-23.79598,8.5));
#1617 = DIRECTION('',(-0.,-0.,-1.));
#1618 = DIRECTION('',(0.,-1.,0.));
#1619 = ORIENTED_EDGE('',*,*,#1620,.F.);
#1620 = EDGE_CURVE('',#1621,#1612,#1623,.T.);
#1621 = VERTEX_POINT('',#1622);
#1622 = CARTESIAN_POINT('',(82.365434394431,-21.29797005351,8.5));
#1623 = LINE('',#1624,#1625);
#1624 = CARTESIAN_POINT('',(82.365434394431,-21.29797005351,8.5));
#1625 = VECTOR('',#1626,1.);
#1626 = DIRECTION('',(-0.996019892975,-8.913121113783E-02,0.));
#1627 = ORIENTED_EDGE('',*,*,#1628,.T.);
#1628 = EDGE_CURVE('',#1621,#1629,#1631,.T.);
#1629 = VERTEX_POINT('',#1630);
#1630 = CARTESIAN_POINT('',(82.40999866611,-21.29598,8.5));
#1631 = CIRCLE('',#1632,0.5);
#1632 = AXIS2_PLACEMENT_3D('',#1633,#1634,#1635);
#1633 = CARTESIAN_POINT('',(82.41,-21.79598,8.5));
#1634 = DIRECTION('',(-0.,0.,-1.));
#1635 = DIRECTION('',(-0.996019892975,-8.913121113783E-02,0.));
#1636 = ORIENTED_EDGE('',*,*,#1637,.F.);
#1637 = EDGE_CURVE('',#1638,#1629,#1640,.T.);
#1638 = VERTEX_POINT('',#1639);
#1639 = CARTESIAN_POINT('',(82.41,-21.29597866565,8.5));
#1640 = CIRCLE('',#1641,1.334348873949E-06);
#1641 = AXIS2_PLACEMENT_3D('',#1642,#1643,#1644);
#1642 = CARTESIAN_POINT('',(82.409998666106,-21.29597866565,8.5));
#1643 = DIRECTION('',(0.,-0.,-1.));
#1644 = DIRECTION('',(0.99999999909,-4.266858032257E-05,0.));
#1645 = ORIENTED_EDGE('',*,*,#1646,.F.);
#1646 = EDGE_CURVE('',#1647,#1638,#1649,.T.);
#1647 = VERTEX_POINT('',#1648);
#1648 = CARTESIAN_POINT('',(82.41,-17.57,8.5));
#1649 = LINE('',#1650,#1651);
#1650 = CARTESIAN_POINT('',(82.41,-17.57,8.5));
#1651 = VECTOR('',#1652,1.);
#1652 = DIRECTION('',(0.,-1.,0.));
#1653 = ORIENTED_EDGE('',*,*,#1654,.T.);
#1654 = EDGE_CURVE('',#1647,#1655,#1657,.T.);
#1655 = VERTEX_POINT('',#1656);
#1656 = CARTESIAN_POINT('',(82.410000000002,-17.56999866643,8.5));
#1657 = CIRCLE('',#1658,0.5);
#1658 = AXIS2_PLACEMENT_3D('',#1659,#1660,#1661);
#1659 = CARTESIAN_POINT('',(82.91,-17.57,8.5));
#1660 = DIRECTION('',(-0.,-0.,-1.));
#1661 = DIRECTION('',(0.,-1.,0.));
#1662 = ORIENTED_EDGE('',*,*,#1663,.F.);
#1663 = EDGE_CURVE('',#1664,#1655,#1666,.T.);
#1664 = VERTEX_POINT('',#1665);
#1665 = CARTESIAN_POINT('',(83.40999866643,-16.57,8.5));
#1666 = CIRCLE('',#1667,1.000001333575);
#1667 = AXIS2_PLACEMENT_3D('',#1668,#1669,#1670);
#1668 = CARTESIAN_POINT('',(83.410001333573,-17.57000133357,8.5));
#1669 = DIRECTION('',(0.,0.,1.));
#1670 = DIRECTION('',(-0.999999999996,2.667139198148E-06,0.));
#1671 = ORIENTED_EDGE('',*,*,#1672,.T.);
#1672 = EDGE_CURVE('',#1664,#1673,#1675,.T.);
#1673 = VERTEX_POINT('',#1674);
#1674 = CARTESIAN_POINT('',(83.41,-16.57,8.5));
#1675 = CIRCLE('',#1676,0.5);
#1676 = AXIS2_PLACEMENT_3D('',#1677,#1678,#1679);
#1677 = CARTESIAN_POINT('',(83.41,-17.07,8.5));
#1678 = DIRECTION('',(-0.,0.,-1.));
#1679 = DIRECTION('',(-0.999999999996,-2.667139219752E-06,0.));
#1680 = ORIENTED_EDGE('',*,*,#1681,.F.);
#1681 = EDGE_CURVE('',#1682,#1673,#1684,.T.);
#1682 = VERTEX_POINT('',#1683);
#1683 = CARTESIAN_POINT('',(100.41,-16.57,8.5));
#1684 = LINE('',#1685,#1686);
#1685 = CARTESIAN_POINT('',(100.41,-16.57,8.5));
#1686 = VECTOR('',#1687,1.);
#1687 = DIRECTION('',(-1.,0.,0.));
#1688 = ORIENTED_EDGE('',*,*,#1689,.T.);
#1689 = EDGE_CURVE('',#1682,#1690,#1692,.T.);
#1690 = VERTEX_POINT('',#1691);
#1691 = CARTESIAN_POINT('',(100.41000133357,-16.57,8.5));
#1692 = CIRCLE('',#1693,0.5);
#1693 = AXIS2_PLACEMENT_3D('',#1694,#1695,#1696);
#1694 = CARTESIAN_POINT('',(100.41,-17.07,8.5));
#1695 = DIRECTION('',(0.,0.,-1.));
#1696 = DIRECTION('',(-1.,0.,0.));
#1697 = ORIENTED_EDGE('',*,*,#1698,.F.);
#1698 = EDGE_CURVE('',#1699,#1690,#1701,.T.);
#1699 = VERTEX_POINT('',#1700);
#1700 = CARTESIAN_POINT('',(101.40999999999,-17.56999866643,8.5));
#1701 = CIRCLE('',#1702,1.000001333575);
#1702 = AXIS2_PLACEMENT_3D('',#1703,#1704,#1705);
#1703 = CARTESIAN_POINT('',(100.40999866642,-17.57000133357,8.5));
#1704 = DIRECTION('',(0.,-0.,1.));
#1705 = DIRECTION('',(2.667139162621E-06,0.999999999996,0.));
#1706 = ORIENTED_EDGE('',*,*,#1707,.T.);
#1707 = EDGE_CURVE('',#1699,#1708,#1710,.T.);
#1708 = VERTEX_POINT('',#1709);
#1709 = CARTESIAN_POINT('',(101.41,-17.57,8.5));
#1710 = CIRCLE('',#1711,0.5);
#1711 = AXIS2_PLACEMENT_3D('',#1712,#1713,#1714);
#1712 = CARTESIAN_POINT('',(100.91,-17.57,8.5));
#1713 = DIRECTION('',(0.,0.,-1.));
#1714 = DIRECTION('',(-2.667139155803E-06,0.999999999996,0.));
#1715 = ORIENTED_EDGE('',*,*,#1716,.F.);
#1716 = EDGE_CURVE('',#1717,#1708,#1719,.T.);
#1717 = VERTEX_POINT('',#1718);
#1718 = CARTESIAN_POINT('',(101.40999999999,-18.81999866642,8.5));
#1719 = LINE('',#1720,#1721);
#1720 = CARTESIAN_POINT('',(101.41,-18.82,8.5));
#1721 = VECTOR('',#1722,1.);
#1722 = DIRECTION('',(0.,1.,0.));
#1723 = ORIENTED_EDGE('',*,*,#1724,.F.);
#1724 = EDGE_CURVE('',#1725,#1717,#1727,.T.);
#1725 = VERTEX_POINT('',#1726);
#1726 = CARTESIAN_POINT('',(101.41000133357,-18.82,8.5));
#1727 = CIRCLE('',#1728,1.333574944917E-06);
#1728 = AXIS2_PLACEMENT_3D('',#1729,#1730,#1731);
#1729 = CARTESIAN_POINT('',(101.41000133357,-18.81999866642,8.5));
#1730 = DIRECTION('',(-0.,0.,-1.));
#1731 = DIRECTION('',(-2.667139219464E-06,-0.999999999996,0.));
#1732 = ORIENTED_EDGE('',*,*,#1733,.F.);
#1733 = EDGE_CURVE('',#1734,#1725,#1736,.T.);
#1734 = VERTEX_POINT('',#1735);
#1735 = CARTESIAN_POINT('',(119.41,-18.82,8.5));
#1736 = LINE('',#1737,#1738);
#1737 = CARTESIAN_POINT('',(119.41,-18.82,8.5));
#1738 = VECTOR('',#1739,1.);
#1739 = DIRECTION('',(-1.,0.,0.));
#1740 = ORIENTED_EDGE('',*,*,#1741,.T.);
#1741 = EDGE_CURVE('',#1734,#1742,#1744,.T.);
#1742 = VERTEX_POINT('',#1743);
#1743 = CARTESIAN_POINT('',(119.41000133357,-18.82,8.5));
#1744 = CIRCLE('',#1745,0.5);
#1745 = AXIS2_PLACEMENT_3D('',#1746,#1747,#1748);
#1746 = CARTESIAN_POINT('',(119.41,-19.32,8.5));
#1747 = DIRECTION('',(0.,0.,-1.));
#1748 = DIRECTION('',(-1.,0.,0.));
#1749 = ORIENTED_EDGE('',*,*,#1750,.F.);
#1750 = EDGE_CURVE('',#1751,#1742,#1753,.T.);
#1751 = VERTEX_POINT('',#1752);
#1752 = CARTESIAN_POINT('',(120.40999999999,-19.81999866643,8.5));
#1753 = CIRCLE('',#1754,1.000001333575);
#1754 = AXIS2_PLACEMENT_3D('',#1755,#1756,#1757);
#1755 = CARTESIAN_POINT('',(119.40999866642,-19.82000133357,8.5));
#1756 = DIRECTION('',(0.,-0.,1.));
#1757 = DIRECTION('',(2.667139162621E-06,0.999999999996,0.));
#1758 = ORIENTED_EDGE('',*,*,#1759,.T.);
#1759 = EDGE_CURVE('',#1751,#1760,#1762,.T.);
#1760 = VERTEX_POINT('',#1761);
#1761 = CARTESIAN_POINT('',(120.41,-19.82,8.5));
#1762 = CIRCLE('',#1763,0.5);
#1763 = AXIS2_PLACEMENT_3D('',#1764,#1765,#1766);
#1764 = CARTESIAN_POINT('',(119.91,-19.82,8.5));
#1765 = DIRECTION('',(0.,0.,-1.));
#1766 = DIRECTION('',(-2.667139155803E-06,0.999999999996,0.));
#1767 = ORIENTED_EDGE('',*,*,#1768,.F.);
#1768 = EDGE_CURVE('',#1769,#1760,#1771,.T.);
#1769 = VERTEX_POINT('',#1770);
#1770 = CARTESIAN_POINT('',(120.40999999999,-21.31999866642,8.5));
#1771 = LINE('',#1772,#1773);
#1772 = CARTESIAN_POINT('',(120.41,-21.32,8.5));
#1773 = VECTOR('',#1774,1.);
#1774 = DIRECTION('',(0.,1.,0.));
#1775 = ORIENTED_EDGE('',*,*,#1776,.F.);
#1776 = EDGE_CURVE('',#1777,#1769,#1779,.T.);
#1777 = VERTEX_POINT('',#1778);
#1778 = CARTESIAN_POINT('',(120.41000133435,-21.31999989739,8.5));
#1779 = CIRCLE('',#1780,1.333574944917E-06);
#1780 = AXIS2_PLACEMENT_3D('',#1781,#1782,#1783);
#1781 = CARTESIAN_POINT('',(120.41000133357,-21.31999866642,8.5));
#1782 = DIRECTION('',(-0.,0.,-1.));
#1783 = DIRECTION('',(-2.667139219464E-06,-0.999999999996,0.));
#1784 = ORIENTED_EDGE('',*,*,#1785,.F.);
#1785 = EDGE_CURVE('',#1786,#1777,#1788,.T.);
#1786 = VERTEX_POINT('',#1787);
#1787 = CARTESIAN_POINT('',(158.06016101342,-21.29598010175,8.5));
#1788 = LINE('',#1789,#1790);
#1789 = CARTESIAN_POINT('',(158.06016101342,-21.29598010175,8.5));
#1790 = VECTOR('',#1791,1.);
#1791 = DIRECTION('',(-0.999999796495,-6.37973144348E-04,0.));
#1792 = ORIENTED_EDGE('',*,*,#1793,.T.);
#1793 = EDGE_CURVE('',#1786,#1794,#1796,.T.);
#1794 = VERTEX_POINT('',#1795);
#1795 = CARTESIAN_POINT('',(158.12496485436,-21.30015573319,8.5));
#1796 = CIRCLE('',#1797,0.5);
#1797 = AXIS2_PLACEMENT_3D('',#1798,#1799,#1800);
#1798 = CARTESIAN_POINT('',(158.06048,-21.79598,8.5));
#1799 = DIRECTION('',(-0.,0.,-1.));
#1800 = DIRECTION('',(-0.999999796495,-6.37973144348E-04,0.));
#1801 = ORIENTED_EDGE('',*,*,#1802,.F.);
#1802 = EDGE_CURVE('',#1803,#1794,#1805,.T.);
#1803 = VERTEX_POINT('',#1804);
#1804 = CARTESIAN_POINT('',(175.99285762751,-23.62398,8.5));
#1805 = LINE('',#1806,#1807);
#1806 = CARTESIAN_POINT('',(158.12496485436,-21.30015573319,8.5));
#1807 = VECTOR('',#1808,1.);
#1808 = DIRECTION('',(-0.99164853362,0.12896970873,0.));
#1809 = ORIENTED_EDGE('',*,*,#1810,.F.);
#1810 = EDGE_CURVE('',#1017,#1803,#1811,.T.);
#1811 = LINE('',#1812,#1813);
#1812 = CARTESIAN_POINT('',(186.406927,-23.62398,8.5));
#1813 = VECTOR('',#1814,1.);
#1814 = DIRECTION('',(-1.,0.,0.));
#1815 = PLANE('',#1816);
#1816 = AXIS2_PLACEMENT_3D('',#1817,#1818,#1819);
#1817 = CARTESIAN_POINT('',(108.46195840831,-61.52807632523,8.5));
#1818 = DIRECTION('',(0.,0.,1.));
#1819 = DIRECTION('',(1.,0.,0.));
#1820 = ADVANCED_FACE('',(#1821),#1839,.T.);
#1821 = FACE_BOUND('',#1822,.T.);
#1822 = EDGE_LOOP('',(#1823,#1831,#1837,#1838));
#1823 = ORIENTED_EDGE('',*,*,#1824,.F.);
#1824 = EDGE_CURVE('',#1825,#1017,#1827,.T.);
#1825 = VERTEX_POINT('',#1826);
#1826 = CARTESIAN_POINT('',(176.56,-23.62398,4.8));
#1827 = LINE('',#1828,#1829);
#1828 = CARTESIAN_POINT('',(176.56,-23.62398,2.4));
#1829 = VECTOR('',#1830,1.);
#1830 = DIRECTION('',(0.,0.,1.));
#1831 = ORIENTED_EDGE('',*,*,#1832,.T.);
#1832 = EDGE_CURVE('',#1825,#56,#1833,.T.);
#1833 = LINE('',#1834,#1835);
#1834 = CARTESIAN_POINT('',(176.56,-38.38,4.8));
#1835 = VECTOR('',#1836,1.);
#1836 = DIRECTION('',(0.,1.,-2.22044604925E-16));
#1837 = ORIENTED_EDGE('',*,*,#63,.T.);
#1838 = ORIENTED_EDGE('',*,*,#1016,.F.);
#1839 = PLANE('',#1840);
#1840 = AXIS2_PLACEMENT_3D('',#1841,#1842,#1843);
#1841 = CARTESIAN_POINT('',(176.56,-38.38,4.8));
#1842 = DIRECTION('',(1.,0.,0.));
#1843 = DIRECTION('',(0.,2.22044604925E-16,1.));
#1844 = ADVANCED_FACE('',(#1845),#1863,.T.);
#1845 = FACE_BOUND('',#1846,.T.);
#1846 = EDGE_LOOP('',(#1847,#1855,#1861,#1862));
#1847 = ORIENTED_EDGE('',*,*,#1848,.F.);
#1848 = EDGE_CURVE('',#1849,#1825,#1851,.T.);
#1849 = VERTEX_POINT('',#1850);
#1850 = CARTESIAN_POINT('',(186.16,-23.62398,4.8));
#1851 = LINE('',#1852,#1853);
#1852 = CARTESIAN_POINT('',(186.28347237784,-23.62398,4.8));
#1853 = VECTOR('',#1854,1.);
#1854 = DIRECTION('',(-1.,0.,0.));
#1855 = ORIENTED_EDGE('',*,*,#1856,.T.);
#1856 = EDGE_CURVE('',#1849,#48,#1857,.T.);
#1857 = LINE('',#1858,#1859);
#1858 = CARTESIAN_POINT('',(186.16,-38.38,4.8));
#1859 = VECTOR('',#1860,1.);
#1860 = DIRECTION('',(0.,1.,-2.22044604925E-16));
#1861 = ORIENTED_EDGE('',*,*,#55,.T.);
#1862 = ORIENTED_EDGE('',*,*,#1832,.F.);
#1863 = PLANE('',#1864);
#1864 = AXIS2_PLACEMENT_3D('',#1865,#1866,#1867);
#1865 = CARTESIAN_POINT('',(186.16,-38.38,4.8));
#1866 = DIRECTION('',(0.,2.22044604925E-16,1.));
#1867 = DIRECTION('',(-1.,0.,0.));
#1868 = ADVANCED_FACE('',(#1869),#1887,.T.);
#1869 = FACE_BOUND('',#1870,.T.);
#1870 = EDGE_LOOP('',(#1871,#1872,#1880,#1886));
#1871 = ORIENTED_EDGE('',*,*,#1856,.F.);
#1872 = ORIENTED_EDGE('',*,*,#1873,.F.);
#1873 = EDGE_CURVE('',#1874,#1849,#1876,.T.);
#1874 = VERTEX_POINT('',#1875);
#1875 = CARTESIAN_POINT('',(186.16,-23.62398,8.5));
#1876 = LINE('',#1877,#1878);
#1877 = CARTESIAN_POINT('',(186.16,-23.62398,4.5));
#1878 = VECTOR('',#1879,1.);
#1879 = DIRECTION('',(-0.,-0.,-1.));
#1880 = ORIENTED_EDGE('',*,*,#1881,.F.);
#1881 = EDGE_CURVE('',#40,#1874,#1882,.T.);
#1882 = LINE('',#1883,#1884);
#1883 = CARTESIAN_POINT('',(186.16,-49.95403816261,8.5));
#1884 = VECTOR('',#1885,1.);
#1885 = DIRECTION('',(0.,-1.,0.));
#1886 = ORIENTED_EDGE('',*,*,#47,.T.);
#1887 = PLANE('',#1888);
#1888 = AXIS2_PLACEMENT_3D('',#1889,#1890,#1891);
#1889 = CARTESIAN_POINT('',(186.16,-38.38,9.));
#1890 = DIRECTION('',(-1.,0.,0.));
#1891 = DIRECTION('',(0.,-2.22044604925E-16,-1.));
#1892 = ADVANCED_FACE('',(#1893),#1995,.T.);
#1893 = FACE_BOUND('',#1894,.T.);
#1894 = EDGE_LOOP('',(#1895,#1904,#1905,#1906,#1914,#1923,#1931,#1940,
    #1948,#1956,#1964,#1972,#1980,#1989));
#1895 = ORIENTED_EDGE('',*,*,#1896,.T.);
#1896 = EDGE_CURVE('',#1897,#32,#1899,.T.);
#1897 = VERTEX_POINT('',#1898);
#1898 = CARTESIAN_POINT('',(190.40689959236,-24.62212014594,8.5));
#1899 = CIRCLE('',#1900,3.999955248502);
#1900 = AXIS2_PLACEMENT_3D('',#1901,#1902,#1903);
#1901 = CARTESIAN_POINT('',(186.40694475569,-24.62393524818,8.5));
#1902 = DIRECTION('',(0.,0.,1.));
#1903 = DIRECTION('',(-3.55145602708E-05,0.999999999369,0.));
#1904 = ORIENTED_EDGE('',*,*,#39,.T.);
#1905 = ORIENTED_EDGE('',*,*,#1881,.T.);
#1906 = ORIENTED_EDGE('',*,*,#1907,.F.);
#1907 = EDGE_CURVE('',#1908,#1874,#1910,.T.);
#1908 = VERTEX_POINT('',#1909);
#1909 = CARTESIAN_POINT('',(186.40694475569,-23.62398,8.5));
#1910 = LINE('',#1911,#1912);
#1911 = CARTESIAN_POINT('',(186.406927,-23.62398,8.5));
#1912 = VECTOR('',#1913,1.);
#1913 = DIRECTION('',(-1.,0.,0.));
#1914 = ORIENTED_EDGE('',*,*,#1915,.F.);
#1915 = EDGE_CURVE('',#1916,#1908,#1918,.T.);
#1916 = VERTEX_POINT('',#1917);
#1917 = CARTESIAN_POINT('',(187.40689999511,-24.62380048004,8.5));
#1918 = CIRCLE('',#1919,0.999955248502);
#1919 = AXIS2_PLACEMENT_3D('',#1920,#1921,#1922);
#1920 = CARTESIAN_POINT('',(186.40694475569,-24.62393524818,8.5));
#1921 = DIRECTION('',(0.,0.,1.));
#1922 = DIRECTION('',(-3.55145602708E-05,0.999999999369,0.));
#1923 = ORIENTED_EDGE('',*,*,#1924,.F.);
#1924 = EDGE_CURVE('',#1925,#1916,#1927,.T.);
#1925 = VERTEX_POINT('',#1926);
#1926 = CARTESIAN_POINT('',(187.4125998507,-31.99961361182,8.5));
#1927 = LINE('',#1928,#1929);
#1928 = CARTESIAN_POINT('',(187.4068998507,-24.62361361182,8.5));
#1929 = VECTOR('',#1930,1.);
#1930 = DIRECTION('',(-7.727763419221E-04,0.999999701408,0.));
#1931 = ORIENTED_EDGE('',*,*,#1932,.T.);
#1932 = EDGE_CURVE('',#1925,#1933,#1935,.T.);
#1933 = VERTEX_POINT('',#1934);
#1934 = CARTESIAN_POINT('',(187.41259985305,-31.99961666677,8.5));
#1935 = CIRCLE('',#1936,0.5);
#1936 = AXIS2_PLACEMENT_3D('',#1937,#1938,#1939);
#1937 = CARTESIAN_POINT('',(186.9126,-32.,8.5));
#1938 = DIRECTION('',(0.,0.,-1.));
#1939 = DIRECTION('',(-7.727763419221E-04,0.999999701408,0.));
#1940 = ORIENTED_EDGE('',*,*,#1941,.F.);
#1941 = EDGE_CURVE('',#1942,#1933,#1944,.T.);
#1942 = VERTEX_POINT('',#1943);
#1943 = CARTESIAN_POINT('',(187.4171998529,-37.99961647301,8.5));
#1944 = LINE('',#1945,#1946);
#1945 = CARTESIAN_POINT('',(187.41259985305,-31.99961666677,8.5));
#1946 = VECTOR('',#1947,1.);
#1947 = DIRECTION('',(-7.666664413537E-04,0.999999706111,0.));
#1948 = ORIENTED_EDGE('',*,*,#1949,.F.);
#1949 = EDGE_CURVE('',#1950,#1942,#1952,.T.);
#1950 = VERTEX_POINT('',#1951);
#1951 = CARTESIAN_POINT('',(187.44673096362,-76.47954861378,8.5));
#1952 = LINE('',#1953,#1954);
#1953 = CARTESIAN_POINT('',(187.41719985275,-37.99961627918,8.5));
#1954 = VECTOR('',#1955,1.);
#1955 = DIRECTION('',(-7.674416344659E-04,0.999999705517,0.));
#1956 = ORIENTED_EDGE('',*,*,#1957,.T.);
#1957 = EDGE_CURVE('',#1950,#1958,#1960,.T.);
#1958 = VERTEX_POINT('',#1959);
#1959 = CARTESIAN_POINT('',(190.44673008017,-76.47724628888,8.5));
#1960 = LINE('',#1961,#1962);
#1961 = CARTESIAN_POINT('',(174.85712562767,-76.48921040392,8.5));
#1962 = VECTOR('',#1963,1.);
#1963 = DIRECTION('',(0.999999705517,7.674416345629E-04,0.));
#1964 = ORIENTED_EDGE('',*,*,#1965,.T.);
#1965 = EDGE_CURVE('',#1958,#1966,#1968,.T.);
#1966 = VERTEX_POINT('',#1967);
#1967 = CARTESIAN_POINT('',(190.41719897034,-37.99731531107,8.5));
#1968 = LINE('',#1969,#1970);
#1969 = CARTESIAN_POINT('',(190.4171989693,-37.99731395427,8.5));
#1970 = VECTOR('',#1971,1.);
#1971 = DIRECTION('',(-7.674416344659E-04,0.999999705517,0.));
#1972 = ORIENTED_EDGE('',*,*,#1973,.T.);
#1973 = EDGE_CURVE('',#1966,#1974,#1976,.T.);
#1974 = VERTEX_POINT('',#1975);
#1975 = CARTESIAN_POINT('',(190.41259897138,-31.99731666745,8.5));
#1976 = LINE('',#1977,#1978);
#1977 = CARTESIAN_POINT('',(190.41259897138,-31.99731666745,8.5));
#1978 = VECTOR('',#1979,1.);
#1979 = DIRECTION('',(-7.666664413537E-04,0.999999706111,0.));
#1980 = ORIENTED_EDGE('',*,*,#1981,.F.);
#1981 = EDGE_CURVE('',#1982,#1974,#1984,.T.);
#1982 = VERTEX_POINT('',#1983);
#1983 = CARTESIAN_POINT('',(190.41259895492,-31.9972952828,8.5));
#1984 = CIRCLE('',#1985,3.5);
#1985 = AXIS2_PLACEMENT_3D('',#1986,#1987,#1988);
#1986 = CARTESIAN_POINT('',(186.9126,-32.,8.5));
#1987 = DIRECTION('',(0.,0.,-1.));
#1988 = DIRECTION('',(-7.727763419221E-04,0.999999701408,0.));
#1989 = ORIENTED_EDGE('',*,*,#1990,.T.);
#1990 = EDGE_CURVE('',#1982,#1897,#1991,.T.);
#1991 = LINE('',#1992,#1993);
#1992 = CARTESIAN_POINT('',(190.40689895492,-24.6212952828,8.5));
#1993 = VECTOR('',#1994,1.);
#1994 = DIRECTION('',(-7.727763419221E-04,0.999999701408,0.));
#1995 = PLANE('',#1996);
#1996 = AXIS2_PLACEMENT_3D('',#1997,#1998,#1999);
#1997 = CARTESIAN_POINT('',(108.46195840831,-61.52807632523,8.5));
#1998 = DIRECTION('',(0.,0.,1.));
#1999 = DIRECTION('',(1.,0.,0.));
#2000 = ADVANCED_FACE('',(#2001),#2012,.T.);
#2001 = FACE_BOUND('',#2002,.F.);
#2002 = EDGE_LOOP('',(#2003,#2009,#2010,#2011));
#2003 = ORIENTED_EDGE('',*,*,#2004,.T.);
#2004 = EDGE_CURVE('',#94,#1897,#2005,.T.);
#2005 = LINE('',#2006,#2007);
#2006 = CARTESIAN_POINT('',(190.40689959236,-24.62212014594,0.));
#2007 = VECTOR('',#2008,1.);
#2008 = DIRECTION('',(0.,0.,1.));
#2009 = ORIENTED_EDGE('',*,*,#1896,.T.);
#2010 = ORIENTED_EDGE('',*,*,#31,.F.);
#2011 = ORIENTED_EDGE('',*,*,#93,.F.);
#2012 = CYLINDRICAL_SURFACE('',#2013,3.999955248502);
#2013 = AXIS2_PLACEMENT_3D('',#2014,#2015,#2016);
#2014 = CARTESIAN_POINT('',(186.40694475569,-24.62393524818,0.));
#2015 = DIRECTION('',(-0.,-0.,-1.));
#2016 = DIRECTION('',(-3.55145602708E-05,0.999999999369,0.));
#2017 = ADVANCED_FACE('',(#2018),#2029,.F.);
#2018 = FACE_BOUND('',#2019,.F.);
#2019 = EDGE_LOOP('',(#2020,#2026,#2027,#2028));
#2020 = ORIENTED_EDGE('',*,*,#2021,.T.);
#2021 = EDGE_CURVE('',#970,#1982,#2022,.T.);
#2022 = LINE('',#2023,#2024);
#2023 = CARTESIAN_POINT('',(190.41259895492,-31.9972952828,0.));
#2024 = VECTOR('',#2025,1.);
#2025 = DIRECTION('',(0.,0.,1.));
#2026 = ORIENTED_EDGE('',*,*,#1990,.T.);
#2027 = ORIENTED_EDGE('',*,*,#2004,.F.);
#2028 = ORIENTED_EDGE('',*,*,#978,.F.);
#2029 = PLANE('',#2030);
#2030 = AXIS2_PLACEMENT_3D('',#2031,#2032,#2033);
#2031 = CARTESIAN_POINT('',(190.41259895492,-31.9972952828,0.));
#2032 = DIRECTION('',(-0.999999701408,-7.727763419221E-04,0.));
#2033 = DIRECTION('',(-7.727763419221E-04,0.999999701408,0.));
#2034 = ADVANCED_FACE('',(#2035),#2046,.T.);
#2035 = FACE_BOUND('',#2036,.T.);
#2036 = EDGE_LOOP('',(#2037,#2038,#2039,#2045));
#2037 = ORIENTED_EDGE('',*,*,#2021,.T.);
#2038 = ORIENTED_EDGE('',*,*,#1981,.T.);
#2039 = ORIENTED_EDGE('',*,*,#2040,.F.);
#2040 = EDGE_CURVE('',#962,#1974,#2041,.T.);
#2041 = LINE('',#2042,#2043);
#2042 = CARTESIAN_POINT('',(190.41259897138,-31.99731666745,0.));
#2043 = VECTOR('',#2044,1.);
#2044 = DIRECTION('',(0.,0.,1.));
#2045 = ORIENTED_EDGE('',*,*,#969,.F.);
#2046 = CYLINDRICAL_SURFACE('',#2047,3.5);
#2047 = AXIS2_PLACEMENT_3D('',#2048,#2049,#2050);
#2048 = CARTESIAN_POINT('',(186.9126,-32.,0.));
#2049 = DIRECTION('',(0.,0.,-1.));
#2050 = DIRECTION('',(-7.727763419221E-04,0.999999701408,0.));
#2051 = ADVANCED_FACE('',(#2052),#2063,.F.);
#2052 = FACE_BOUND('',#2053,.F.);
#2053 = EDGE_LOOP('',(#2054,#2060,#2061,#2062));
#2054 = ORIENTED_EDGE('',*,*,#2055,.T.);
#2055 = EDGE_CURVE('',#954,#1966,#2056,.T.);
#2056 = LINE('',#2057,#2058);
#2057 = CARTESIAN_POINT('',(190.41719897034,-37.99731531107,0.));
#2058 = VECTOR('',#2059,1.);
#2059 = DIRECTION('',(0.,0.,1.));
#2060 = ORIENTED_EDGE('',*,*,#1973,.T.);
#2061 = ORIENTED_EDGE('',*,*,#2040,.F.);
#2062 = ORIENTED_EDGE('',*,*,#961,.F.);
#2063 = PLANE('',#2064);
#2064 = AXIS2_PLACEMENT_3D('',#2065,#2066,#2067);
#2065 = CARTESIAN_POINT('',(190.41719897034,-37.99731531107,0.));
#2066 = DIRECTION('',(-0.999999706111,-7.666664413537E-04,0.));
#2067 = DIRECTION('',(-7.666664413537E-04,0.999999706111,0.));
#2068 = ADVANCED_FACE('',(#2069),#2080,.F.);
#2069 = FACE_BOUND('',#2070,.F.);
#2070 = EDGE_LOOP('',(#2071,#2072,#2078,#2079));
#2071 = ORIENTED_EDGE('',*,*,#953,.F.);
#2072 = ORIENTED_EDGE('',*,*,#2073,.T.);
#2073 = EDGE_CURVE('',#946,#1958,#2074,.T.);
#2074 = LINE('',#2075,#2076);
#2075 = CARTESIAN_POINT('',(190.44673008017,-76.47724628888,
    9.181621015136E-16));
#2076 = VECTOR('',#2077,1.);
#2077 = DIRECTION('',(1.70406274528E-19,-2.220445395366E-16,1.));
#2078 = ORIENTED_EDGE('',*,*,#1965,.T.);
#2079 = ORIENTED_EDGE('',*,*,#2055,.F.);
#2080 = PLANE('',#2081);
#2081 = AXIS2_PLACEMENT_3D('',#2082,#2083,#2084);
#2082 = CARTESIAN_POINT('',(190.4501989693,-80.99731395427,0.));
#2083 = DIRECTION('',(-0.999999705517,-7.674416344659E-04,0.));
#2084 = DIRECTION('',(-7.674416344659E-04,0.999999705517,0.));
#2085 = ADVANCED_FACE('',(#2086),#2097,.T.);
#2086 = FACE_BOUND('',#2087,.T.);
#2087 = EDGE_LOOP('',(#2088,#2094,#2095,#2096));
#2088 = ORIENTED_EDGE('',*,*,#2089,.F.);
#2089 = EDGE_CURVE('',#938,#1950,#2090,.T.);
#2090 = LINE('',#2091,#2092);
#2091 = CARTESIAN_POINT('',(187.44673096362,-76.47954861378,
    9.181621015136E-16));
#2092 = VECTOR('',#2093,1.);
#2093 = DIRECTION('',(1.70406274528E-19,-2.220445395366E-16,1.));
#2094 = ORIENTED_EDGE('',*,*,#945,.T.);
#2095 = ORIENTED_EDGE('',*,*,#2073,.T.);
#2096 = ORIENTED_EDGE('',*,*,#1957,.F.);
#2097 = PLANE('',#2098);
#2098 = AXIS2_PLACEMENT_3D('',#2099,#2100,#2101);
#2099 = CARTESIAN_POINT('',(174.85712562767,-76.48921040392,
    8.326672684689E-16));
#2100 = DIRECTION('',(7.674416345629E-04,-0.999999705517,
    -2.22044604925E-16));
#2101 = DIRECTION('',(-1.70406174186E-19,-2.220448010903E-16,1.));
#2102 = ADVANCED_FACE('',(#2103),#2114,.T.);
#2103 = FACE_BOUND('',#2104,.T.);
#2104 = EDGE_LOOP('',(#2105,#2106,#2107,#2108));
#2105 = ORIENTED_EDGE('',*,*,#937,.F.);
#2106 = ORIENTED_EDGE('',*,*,#2089,.T.);
#2107 = ORIENTED_EDGE('',*,*,#1949,.T.);
#2108 = ORIENTED_EDGE('',*,*,#2109,.F.);
#2109 = EDGE_CURVE('',#930,#1942,#2110,.T.);
#2110 = LINE('',#2111,#2112);
#2111 = CARTESIAN_POINT('',(187.4171998529,-37.99961647301,0.));
#2112 = VECTOR('',#2113,1.);
#2113 = DIRECTION('',(0.,0.,1.));
#2114 = PLANE('',#2115);
#2115 = AXIS2_PLACEMENT_3D('',#2116,#2117,#2118);
#2116 = CARTESIAN_POINT('',(187.45019985275,-80.99961627918,0.));
#2117 = DIRECTION('',(-0.999999705517,-7.674416344659E-04,0.));
#2118 = DIRECTION('',(-7.674416344659E-04,0.999999705517,0.));
#2119 = ADVANCED_FACE('',(#2120),#2131,.T.);
#2120 = FACE_BOUND('',#2121,.T.);
#2121 = EDGE_LOOP('',(#2122,#2123,#2124,#2130));
#2122 = ORIENTED_EDGE('',*,*,#2109,.T.);
#2123 = ORIENTED_EDGE('',*,*,#1941,.T.);
#2124 = ORIENTED_EDGE('',*,*,#2125,.F.);
#2125 = EDGE_CURVE('',#921,#1933,#2126,.T.);
#2126 = LINE('',#2127,#2128);
#2127 = CARTESIAN_POINT('',(187.41259985305,-31.99961666677,0.));
#2128 = VECTOR('',#2129,1.);
#2129 = DIRECTION('',(0.,0.,1.));
#2130 = ORIENTED_EDGE('',*,*,#929,.F.);
#2131 = PLANE('',#2132);
#2132 = AXIS2_PLACEMENT_3D('',#2133,#2134,#2135);
#2133 = CARTESIAN_POINT('',(187.4171998529,-37.99961647301,0.));
#2134 = DIRECTION('',(-0.999999706111,-7.666664413537E-04,0.));
#2135 = DIRECTION('',(-7.666664413537E-04,0.999999706111,0.));
#2136 = ADVANCED_FACE('',(#2137),#2148,.F.);
#2137 = FACE_BOUND('',#2138,.F.);
#2138 = EDGE_LOOP('',(#2139,#2145,#2146,#2147));
#2139 = ORIENTED_EDGE('',*,*,#2140,.T.);
#2140 = EDGE_CURVE('',#913,#1925,#2141,.T.);
#2141 = LINE('',#2142,#2143);
#2142 = CARTESIAN_POINT('',(187.4125998507,-31.99961361182,0.));
#2143 = VECTOR('',#2144,1.);
#2144 = DIRECTION('',(0.,0.,1.));
#2145 = ORIENTED_EDGE('',*,*,#1932,.T.);
#2146 = ORIENTED_EDGE('',*,*,#2125,.F.);
#2147 = ORIENTED_EDGE('',*,*,#920,.F.);
#2148 = CYLINDRICAL_SURFACE('',#2149,0.5);
#2149 = AXIS2_PLACEMENT_3D('',#2150,#2151,#2152);
#2150 = CARTESIAN_POINT('',(186.9126,-32.,0.));
#2151 = DIRECTION('',(0.,0.,-1.));
#2152 = DIRECTION('',(-7.727763419221E-04,0.999999701408,0.));
#2153 = ADVANCED_FACE('',(#2154),#2165,.T.);
#2154 = FACE_BOUND('',#2155,.T.);
#2155 = EDGE_LOOP('',(#2156,#2157,#2158,#2164));
#2156 = ORIENTED_EDGE('',*,*,#2140,.T.);
#2157 = ORIENTED_EDGE('',*,*,#1924,.T.);
#2158 = ORIENTED_EDGE('',*,*,#2159,.F.);
#2159 = EDGE_CURVE('',#904,#1916,#2160,.T.);
#2160 = LINE('',#2161,#2162);
#2161 = CARTESIAN_POINT('',(187.40689999511,-24.62380048004,0.));
#2162 = VECTOR('',#2163,1.);
#2163 = DIRECTION('',(0.,0.,1.));
#2164 = ORIENTED_EDGE('',*,*,#912,.F.);
#2165 = PLANE('',#2166);
#2166 = AXIS2_PLACEMENT_3D('',#2167,#2168,#2169);
#2167 = CARTESIAN_POINT('',(187.4125998507,-31.99961361182,0.));
#2168 = DIRECTION('',(-0.999999701408,-7.727763419221E-04,0.));
#2169 = DIRECTION('',(-7.727763419221E-04,0.999999701408,0.));
#2170 = ADVANCED_FACE('',(#2171),#2182,.F.);
#2171 = FACE_BOUND('',#2172,.T.);
#2172 = EDGE_LOOP('',(#2173,#2174,#2175,#2181));
#2173 = ORIENTED_EDGE('',*,*,#2159,.T.);
#2174 = ORIENTED_EDGE('',*,*,#1915,.T.);
#2175 = ORIENTED_EDGE('',*,*,#2176,.F.);
#2176 = EDGE_CURVE('',#896,#1908,#2177,.T.);
#2177 = LINE('',#2178,#2179);
#2178 = CARTESIAN_POINT('',(186.40694475569,-23.62398,0.));
#2179 = VECTOR('',#2180,1.);
#2180 = DIRECTION('',(0.,0.,1.));
#2181 = ORIENTED_EDGE('',*,*,#903,.F.);
#2182 = CYLINDRICAL_SURFACE('',#2183,0.999955248502);
#2183 = AXIS2_PLACEMENT_3D('',#2184,#2185,#2186);
#2184 = CARTESIAN_POINT('',(186.40694475569,-24.62393524818,0.));
#2185 = DIRECTION('',(-0.,-0.,-1.));
#2186 = DIRECTION('',(-3.55145602708E-05,0.999999999369,0.));
#2187 = ADVANCED_FACE('',(#2188),#2203,.T.);
#2188 = FACE_BOUND('',#2189,.T.);
#2189 = EDGE_LOOP('',(#2190,#2191,#2192,#2193,#2194,#2195,#2196,#2197));
#2190 = ORIENTED_EDGE('',*,*,#895,.F.);
#2191 = ORIENTED_EDGE('',*,*,#2176,.T.);
#2192 = ORIENTED_EDGE('',*,*,#1907,.T.);
#2193 = ORIENTED_EDGE('',*,*,#1873,.T.);
#2194 = ORIENTED_EDGE('',*,*,#1848,.T.);
#2195 = ORIENTED_EDGE('',*,*,#1824,.T.);
#2196 = ORIENTED_EDGE('',*,*,#1810,.T.);
#2197 = ORIENTED_EDGE('',*,*,#2198,.F.);
#2198 = EDGE_CURVE('',#888,#1803,#2199,.T.);
#2199 = LINE('',#2200,#2201);
#2200 = CARTESIAN_POINT('',(175.99285762751,-23.62398,0.));
#2201 = VECTOR('',#2202,1.);
#2202 = DIRECTION('',(0.,0.,1.));
#2203 = PLANE('',#2204);
#2204 = AXIS2_PLACEMENT_3D('',#2205,#2206,#2207);
#2205 = CARTESIAN_POINT('',(186.40694475569,-23.62398,0.));
#2206 = DIRECTION('',(0.,-1.,0.));
#2207 = DIRECTION('',(-1.,0.,0.));
#2208 = ADVANCED_FACE('',(#2209),#2220,.T.);
#2209 = FACE_BOUND('',#2210,.T.);
#2210 = EDGE_LOOP('',(#2211,#2212,#2213,#2219));
#2211 = ORIENTED_EDGE('',*,*,#2198,.T.);
#2212 = ORIENTED_EDGE('',*,*,#1802,.T.);
#2213 = ORIENTED_EDGE('',*,*,#2214,.F.);
#2214 = EDGE_CURVE('',#879,#1794,#2215,.T.);
#2215 = LINE('',#2216,#2217);
#2216 = CARTESIAN_POINT('',(158.12496485436,-21.30015573319,0.));
#2217 = VECTOR('',#2218,1.);
#2218 = DIRECTION('',(0.,0.,1.));
#2219 = ORIENTED_EDGE('',*,*,#887,.F.);
#2220 = PLANE('',#2221);
#2221 = AXIS2_PLACEMENT_3D('',#2222,#2223,#2224);
#2222 = CARTESIAN_POINT('',(175.99285762751,-23.62398,0.));
#2223 = DIRECTION('',(-0.12896970873,-0.99164853362,0.));
#2224 = DIRECTION('',(-0.99164853362,0.12896970873,0.));
#2225 = ADVANCED_FACE('',(#2226),#2237,.F.);
#2226 = FACE_BOUND('',#2227,.F.);
#2227 = EDGE_LOOP('',(#2228,#2234,#2235,#2236));
#2228 = ORIENTED_EDGE('',*,*,#2229,.T.);
#2229 = EDGE_CURVE('',#871,#1786,#2230,.T.);
#2230 = LINE('',#2231,#2232);
#2231 = CARTESIAN_POINT('',(158.06016101342,-21.29598010175,0.));
#2232 = VECTOR('',#2233,1.);
#2233 = DIRECTION('',(0.,0.,1.));
#2234 = ORIENTED_EDGE('',*,*,#1793,.T.);
#2235 = ORIENTED_EDGE('',*,*,#2214,.F.);
#2236 = ORIENTED_EDGE('',*,*,#878,.F.);
#2237 = CYLINDRICAL_SURFACE('',#2238,0.5);
#2238 = AXIS2_PLACEMENT_3D('',#2239,#2240,#2241);
#2239 = CARTESIAN_POINT('',(158.06048,-21.79598,0.));
#2240 = DIRECTION('',(0.,0.,-1.));
#2241 = DIRECTION('',(-0.999999796495,-6.37973144348E-04,0.));
#2242 = ADVANCED_FACE('',(#2243),#2254,.T.);
#2243 = FACE_BOUND('',#2244,.T.);
#2244 = EDGE_LOOP('',(#2245,#2246,#2247,#2253));
#2245 = ORIENTED_EDGE('',*,*,#2229,.T.);
#2246 = ORIENTED_EDGE('',*,*,#1785,.T.);
#2247 = ORIENTED_EDGE('',*,*,#2248,.F.);
#2248 = EDGE_CURVE('',#862,#1777,#2249,.T.);
#2249 = LINE('',#2250,#2251);
#2250 = CARTESIAN_POINT('',(120.41000133435,-21.31999989739,0.));
#2251 = VECTOR('',#2252,1.);
#2252 = DIRECTION('',(0.,0.,1.));
#2253 = ORIENTED_EDGE('',*,*,#870,.F.);
#2254 = PLANE('',#2255);
#2255 = AXIS2_PLACEMENT_3D('',#2256,#2257,#2258);
#2256 = CARTESIAN_POINT('',(158.06016101342,-21.29598010175,0.));
#2257 = DIRECTION('',(6.37973144348E-04,-0.999999796495,0.));
#2258 = DIRECTION('',(-0.999999796495,-6.37973144348E-04,0.));
#2259 = ADVANCED_FACE('',(#2260),#2271,.T.);
#2260 = FACE_BOUND('',#2261,.T.);
#2261 = EDGE_LOOP('',(#2262,#2263,#2264,#2270));
#2262 = ORIENTED_EDGE('',*,*,#2248,.T.);
#2263 = ORIENTED_EDGE('',*,*,#1776,.T.);
#2264 = ORIENTED_EDGE('',*,*,#2265,.F.);
#2265 = EDGE_CURVE('',#854,#1769,#2266,.T.);
#2266 = LINE('',#2267,#2268);
#2267 = CARTESIAN_POINT('',(120.40999999999,-21.31999866642,0.));
#2268 = VECTOR('',#2269,1.);
#2269 = DIRECTION('',(0.,0.,1.));
#2270 = ORIENTED_EDGE('',*,*,#861,.F.);
#2271 = CYLINDRICAL_SURFACE('',#2272,1.333574944917E-06);
#2272 = AXIS2_PLACEMENT_3D('',#2273,#2274,#2275);
#2273 = CARTESIAN_POINT('',(120.41000133357,-21.31999866642,0.));
#2274 = DIRECTION('',(0.,0.,-1.));
#2275 = DIRECTION('',(-2.667139219464E-06,-0.999999999996,0.));
#2276 = ADVANCED_FACE('',(#2277),#2288,.T.);
#2277 = FACE_BOUND('',#2278,.T.);
#2278 = EDGE_LOOP('',(#2279,#2280,#2281,#2287));
#2279 = ORIENTED_EDGE('',*,*,#2265,.T.);
#2280 = ORIENTED_EDGE('',*,*,#1768,.T.);
#2281 = ORIENTED_EDGE('',*,*,#2282,.F.);
#2282 = EDGE_CURVE('',#845,#1760,#2283,.T.);
#2283 = LINE('',#2284,#2285);
#2284 = CARTESIAN_POINT('',(120.41,-19.82,0.));
#2285 = VECTOR('',#2286,1.);
#2286 = DIRECTION('',(0.,0.,1.));
#2287 = ORIENTED_EDGE('',*,*,#853,.F.);
#2288 = PLANE('',#2289);
#2289 = AXIS2_PLACEMENT_3D('',#2290,#2291,#2292);
#2290 = CARTESIAN_POINT('',(120.41,-21.31999866642,0.));
#2291 = DIRECTION('',(-1.,0.,0.));
#2292 = DIRECTION('',(0.,1.,0.));
#2293 = ADVANCED_FACE('',(#2294),#2305,.F.);
#2294 = FACE_BOUND('',#2295,.F.);
#2295 = EDGE_LOOP('',(#2296,#2302,#2303,#2304));
#2296 = ORIENTED_EDGE('',*,*,#2297,.T.);
#2297 = EDGE_CURVE('',#836,#1751,#2298,.T.);
#2298 = LINE('',#2299,#2300);
#2299 = CARTESIAN_POINT('',(120.40999999999,-19.81999866643,0.));
#2300 = VECTOR('',#2301,1.);
#2301 = DIRECTION('',(0.,0.,1.));
#2302 = ORIENTED_EDGE('',*,*,#1759,.T.);
#2303 = ORIENTED_EDGE('',*,*,#2282,.F.);
#2304 = ORIENTED_EDGE('',*,*,#844,.F.);
#2305 = CYLINDRICAL_SURFACE('',#2306,0.5);
#2306 = AXIS2_PLACEMENT_3D('',#2307,#2308,#2309);
#2307 = CARTESIAN_POINT('',(119.91,-19.82,0.));
#2308 = DIRECTION('',(0.,0.,-1.));
#2309 = DIRECTION('',(-2.667139155803E-06,0.999999999996,0.));
#2310 = ADVANCED_FACE('',(#2311),#2322,.F.);
#2311 = FACE_BOUND('',#2312,.T.);
#2312 = EDGE_LOOP('',(#2313,#2314,#2315,#2321));
#2313 = ORIENTED_EDGE('',*,*,#2297,.T.);
#2314 = ORIENTED_EDGE('',*,*,#1750,.T.);
#2315 = ORIENTED_EDGE('',*,*,#2316,.F.);
#2316 = EDGE_CURVE('',#827,#1742,#2317,.T.);
#2317 = LINE('',#2318,#2319);
#2318 = CARTESIAN_POINT('',(119.41000133357,-18.82,0.));
#2319 = VECTOR('',#2320,1.);
#2320 = DIRECTION('',(0.,0.,1.));
#2321 = ORIENTED_EDGE('',*,*,#835,.F.);
#2322 = CYLINDRICAL_SURFACE('',#2323,1.000001333575);
#2323 = AXIS2_PLACEMENT_3D('',#2324,#2325,#2326);
#2324 = CARTESIAN_POINT('',(119.40999866642,-19.82000133357,0.));
#2325 = DIRECTION('',(0.,0.,-1.));
#2326 = DIRECTION('',(2.667139162621E-06,0.999999999996,0.));
#2327 = ADVANCED_FACE('',(#2328),#2339,.F.);
#2328 = FACE_BOUND('',#2329,.F.);
#2329 = EDGE_LOOP('',(#2330,#2336,#2337,#2338));
#2330 = ORIENTED_EDGE('',*,*,#2331,.T.);
#2331 = EDGE_CURVE('',#819,#1734,#2332,.T.);
#2332 = LINE('',#2333,#2334);
#2333 = CARTESIAN_POINT('',(119.41,-18.82,0.));
#2334 = VECTOR('',#2335,1.);
#2335 = DIRECTION('',(0.,0.,1.));
#2336 = ORIENTED_EDGE('',*,*,#1741,.T.);
#2337 = ORIENTED_EDGE('',*,*,#2316,.F.);
#2338 = ORIENTED_EDGE('',*,*,#826,.F.);
#2339 = CYLINDRICAL_SURFACE('',#2340,0.5);
#2340 = AXIS2_PLACEMENT_3D('',#2341,#2342,#2343);
#2341 = CARTESIAN_POINT('',(119.41,-19.32,0.));
#2342 = DIRECTION('',(0.,0.,-1.));
#2343 = DIRECTION('',(-1.,0.,0.));
#2344 = ADVANCED_FACE('',(#2345),#2356,.T.);
#2345 = FACE_BOUND('',#2346,.T.);
#2346 = EDGE_LOOP('',(#2347,#2348,#2349,#2355));
#2347 = ORIENTED_EDGE('',*,*,#2331,.T.);
#2348 = ORIENTED_EDGE('',*,*,#1733,.T.);
#2349 = ORIENTED_EDGE('',*,*,#2350,.F.);
#2350 = EDGE_CURVE('',#810,#1725,#2351,.T.);
#2351 = LINE('',#2352,#2353);
#2352 = CARTESIAN_POINT('',(101.41000133357,-18.82,0.));
#2353 = VECTOR('',#2354,1.);
#2354 = DIRECTION('',(0.,0.,1.));
#2355 = ORIENTED_EDGE('',*,*,#818,.F.);
#2356 = PLANE('',#2357);
#2357 = AXIS2_PLACEMENT_3D('',#2358,#2359,#2360);
#2358 = CARTESIAN_POINT('',(119.41,-18.82,0.));
#2359 = DIRECTION('',(0.,-1.,0.));
#2360 = DIRECTION('',(-1.,0.,0.));
#2361 = ADVANCED_FACE('',(#2362),#2373,.T.);
#2362 = FACE_BOUND('',#2363,.T.);
#2363 = EDGE_LOOP('',(#2364,#2365,#2366,#2372));
#2364 = ORIENTED_EDGE('',*,*,#2350,.T.);
#2365 = ORIENTED_EDGE('',*,*,#1724,.T.);
#2366 = ORIENTED_EDGE('',*,*,#2367,.F.);
#2367 = EDGE_CURVE('',#802,#1717,#2368,.T.);
#2368 = LINE('',#2369,#2370);
#2369 = CARTESIAN_POINT('',(101.40999999999,-18.81999866642,0.));
#2370 = VECTOR('',#2371,1.);
#2371 = DIRECTION('',(0.,0.,1.));
#2372 = ORIENTED_EDGE('',*,*,#809,.F.);
#2373 = CYLINDRICAL_SURFACE('',#2374,1.333574944917E-06);
#2374 = AXIS2_PLACEMENT_3D('',#2375,#2376,#2377);
#2375 = CARTESIAN_POINT('',(101.41000133357,-18.81999866642,0.));
#2376 = DIRECTION('',(0.,0.,-1.));
#2377 = DIRECTION('',(-2.667139219464E-06,-0.999999999996,0.));
#2378 = ADVANCED_FACE('',(#2379),#2390,.T.);
#2379 = FACE_BOUND('',#2380,.T.);
#2380 = EDGE_LOOP('',(#2381,#2382,#2383,#2389));
#2381 = ORIENTED_EDGE('',*,*,#2367,.T.);
#2382 = ORIENTED_EDGE('',*,*,#1716,.T.);
#2383 = ORIENTED_EDGE('',*,*,#2384,.F.);
#2384 = EDGE_CURVE('',#793,#1708,#2385,.T.);
#2385 = LINE('',#2386,#2387);
#2386 = CARTESIAN_POINT('',(101.41,-17.57,0.));
#2387 = VECTOR('',#2388,1.);
#2388 = DIRECTION('',(0.,0.,1.));
#2389 = ORIENTED_EDGE('',*,*,#801,.F.);
#2390 = PLANE('',#2391);
#2391 = AXIS2_PLACEMENT_3D('',#2392,#2393,#2394);
#2392 = CARTESIAN_POINT('',(101.41,-18.81999866642,0.));
#2393 = DIRECTION('',(-1.,0.,0.));
#2394 = DIRECTION('',(0.,1.,0.));
#2395 = ADVANCED_FACE('',(#2396),#2407,.F.);
#2396 = FACE_BOUND('',#2397,.F.);
#2397 = EDGE_LOOP('',(#2398,#2404,#2405,#2406));
#2398 = ORIENTED_EDGE('',*,*,#2399,.T.);
#2399 = EDGE_CURVE('',#784,#1699,#2400,.T.);
#2400 = LINE('',#2401,#2402);
#2401 = CARTESIAN_POINT('',(101.40999999999,-17.56999866643,0.));
#2402 = VECTOR('',#2403,1.);
#2403 = DIRECTION('',(0.,0.,1.));
#2404 = ORIENTED_EDGE('',*,*,#1707,.T.);
#2405 = ORIENTED_EDGE('',*,*,#2384,.F.);
#2406 = ORIENTED_EDGE('',*,*,#792,.F.);
#2407 = CYLINDRICAL_SURFACE('',#2408,0.5);
#2408 = AXIS2_PLACEMENT_3D('',#2409,#2410,#2411);
#2409 = CARTESIAN_POINT('',(100.91,-17.57,0.));
#2410 = DIRECTION('',(0.,0.,-1.));
#2411 = DIRECTION('',(-2.667139155803E-06,0.999999999996,0.));
#2412 = ADVANCED_FACE('',(#2413),#2424,.F.);
#2413 = FACE_BOUND('',#2414,.T.);
#2414 = EDGE_LOOP('',(#2415,#2416,#2417,#2423));
#2415 = ORIENTED_EDGE('',*,*,#2399,.T.);
#2416 = ORIENTED_EDGE('',*,*,#1698,.T.);
#2417 = ORIENTED_EDGE('',*,*,#2418,.F.);
#2418 = EDGE_CURVE('',#775,#1690,#2419,.T.);
#2419 = LINE('',#2420,#2421);
#2420 = CARTESIAN_POINT('',(100.41000133357,-16.57,0.));
#2421 = VECTOR('',#2422,1.);
#2422 = DIRECTION('',(0.,0.,1.));
#2423 = ORIENTED_EDGE('',*,*,#783,.F.);
#2424 = CYLINDRICAL_SURFACE('',#2425,1.000001333575);
#2425 = AXIS2_PLACEMENT_3D('',#2426,#2427,#2428);
#2426 = CARTESIAN_POINT('',(100.40999866642,-17.57000133357,0.));
#2427 = DIRECTION('',(0.,0.,-1.));
#2428 = DIRECTION('',(2.667139162621E-06,0.999999999996,0.));
#2429 = ADVANCED_FACE('',(#2430),#2441,.F.);
#2430 = FACE_BOUND('',#2431,.F.);
#2431 = EDGE_LOOP('',(#2432,#2438,#2439,#2440));
#2432 = ORIENTED_EDGE('',*,*,#2433,.T.);
#2433 = EDGE_CURVE('',#767,#1682,#2434,.T.);
#2434 = LINE('',#2435,#2436);
#2435 = CARTESIAN_POINT('',(100.41,-16.57,0.));
#2436 = VECTOR('',#2437,1.);
#2437 = DIRECTION('',(0.,0.,1.));
#2438 = ORIENTED_EDGE('',*,*,#1689,.T.);
#2439 = ORIENTED_EDGE('',*,*,#2418,.F.);
#2440 = ORIENTED_EDGE('',*,*,#774,.F.);
#2441 = CYLINDRICAL_SURFACE('',#2442,0.5);
#2442 = AXIS2_PLACEMENT_3D('',#2443,#2444,#2445);
#2443 = CARTESIAN_POINT('',(100.41,-17.07,0.));
#2444 = DIRECTION('',(0.,0.,-1.));
#2445 = DIRECTION('',(-1.,0.,0.));
#2446 = ADVANCED_FACE('',(#2447),#2458,.T.);
#2447 = FACE_BOUND('',#2448,.T.);
#2448 = EDGE_LOOP('',(#2449,#2450,#2451,#2457));
#2449 = ORIENTED_EDGE('',*,*,#2433,.T.);
#2450 = ORIENTED_EDGE('',*,*,#1681,.T.);
#2451 = ORIENTED_EDGE('',*,*,#2452,.F.);
#2452 = EDGE_CURVE('',#758,#1673,#2453,.T.);
#2453 = LINE('',#2454,#2455);
#2454 = CARTESIAN_POINT('',(83.41,-16.57,0.));
#2455 = VECTOR('',#2456,1.);
#2456 = DIRECTION('',(0.,0.,1.));
#2457 = ORIENTED_EDGE('',*,*,#766,.F.);
#2458 = PLANE('',#2459);
#2459 = AXIS2_PLACEMENT_3D('',#2460,#2461,#2462);
#2460 = CARTESIAN_POINT('',(100.41,-16.57,0.));
#2461 = DIRECTION('',(0.,-1.,0.));
#2462 = DIRECTION('',(-1.,0.,0.));
#2463 = ADVANCED_FACE('',(#2464),#2475,.F.);
#2464 = FACE_BOUND('',#2465,.F.);
#2465 = EDGE_LOOP('',(#2466,#2472,#2473,#2474));
#2466 = ORIENTED_EDGE('',*,*,#2467,.T.);
#2467 = EDGE_CURVE('',#749,#1664,#2468,.T.);
#2468 = LINE('',#2469,#2470);
#2469 = CARTESIAN_POINT('',(83.40999866643,-16.57,0.));
#2470 = VECTOR('',#2471,1.);
#2471 = DIRECTION('',(0.,0.,1.));
#2472 = ORIENTED_EDGE('',*,*,#1672,.T.);
#2473 = ORIENTED_EDGE('',*,*,#2452,.F.);
#2474 = ORIENTED_EDGE('',*,*,#757,.F.);
#2475 = CYLINDRICAL_SURFACE('',#2476,0.5);
#2476 = AXIS2_PLACEMENT_3D('',#2477,#2478,#2479);
#2477 = CARTESIAN_POINT('',(83.41,-17.07,0.));
#2478 = DIRECTION('',(0.,0.,-1.));
#2479 = DIRECTION('',(-0.999999999996,-2.667139219752E-06,0.));
#2480 = ADVANCED_FACE('',(#2481),#2492,.F.);
#2481 = FACE_BOUND('',#2482,.T.);
#2482 = EDGE_LOOP('',(#2483,#2484,#2485,#2491));
#2483 = ORIENTED_EDGE('',*,*,#2467,.T.);
#2484 = ORIENTED_EDGE('',*,*,#1663,.T.);
#2485 = ORIENTED_EDGE('',*,*,#2486,.F.);
#2486 = EDGE_CURVE('',#740,#1655,#2487,.T.);
#2487 = LINE('',#2488,#2489);
#2488 = CARTESIAN_POINT('',(82.410000000002,-17.56999866643,0.));
#2489 = VECTOR('',#2490,1.);
#2490 = DIRECTION('',(0.,0.,1.));
#2491 = ORIENTED_EDGE('',*,*,#748,.F.);
#2492 = CYLINDRICAL_SURFACE('',#2493,1.000001333575);
#2493 = AXIS2_PLACEMENT_3D('',#2494,#2495,#2496);
#2494 = CARTESIAN_POINT('',(83.410001333573,-17.57000133357,0.));
#2495 = DIRECTION('',(-0.,-0.,-1.));
#2496 = DIRECTION('',(-0.999999999996,2.667139198148E-06,0.));
#2497 = ADVANCED_FACE('',(#2498),#2509,.F.);
#2498 = FACE_BOUND('',#2499,.F.);
#2499 = EDGE_LOOP('',(#2500,#2506,#2507,#2508));
#2500 = ORIENTED_EDGE('',*,*,#2501,.T.);
#2501 = EDGE_CURVE('',#732,#1647,#2502,.T.);
#2502 = LINE('',#2503,#2504);
#2503 = CARTESIAN_POINT('',(82.41,-17.57,0.));
#2504 = VECTOR('',#2505,1.);
#2505 = DIRECTION('',(0.,0.,1.));
#2506 = ORIENTED_EDGE('',*,*,#1654,.T.);
#2507 = ORIENTED_EDGE('',*,*,#2486,.F.);
#2508 = ORIENTED_EDGE('',*,*,#739,.F.);
#2509 = CYLINDRICAL_SURFACE('',#2510,0.5);
#2510 = AXIS2_PLACEMENT_3D('',#2511,#2512,#2513);
#2511 = CARTESIAN_POINT('',(82.91,-17.57,0.));
#2512 = DIRECTION('',(0.,0.,-1.));
#2513 = DIRECTION('',(0.,-1.,0.));
#2514 = ADVANCED_FACE('',(#2515),#2526,.T.);
#2515 = FACE_BOUND('',#2516,.T.);
#2516 = EDGE_LOOP('',(#2517,#2518,#2519,#2525));
#2517 = ORIENTED_EDGE('',*,*,#2501,.T.);
#2518 = ORIENTED_EDGE('',*,*,#1646,.T.);
#2519 = ORIENTED_EDGE('',*,*,#2520,.F.);
#2520 = EDGE_CURVE('',#723,#1638,#2521,.T.);
#2521 = LINE('',#2522,#2523);
#2522 = CARTESIAN_POINT('',(82.41,-21.29597866565,0.));
#2523 = VECTOR('',#2524,1.);
#2524 = DIRECTION('',(0.,0.,1.));
#2525 = ORIENTED_EDGE('',*,*,#731,.F.);
#2526 = PLANE('',#2527);
#2527 = AXIS2_PLACEMENT_3D('',#2528,#2529,#2530);
#2528 = CARTESIAN_POINT('',(82.41,-17.57,0.));
#2529 = DIRECTION('',(1.,0.,0.));
#2530 = DIRECTION('',(0.,-1.,0.));
#2531 = ADVANCED_FACE('',(#2532),#2543,.T.);
#2532 = FACE_BOUND('',#2533,.T.);
#2533 = EDGE_LOOP('',(#2534,#2535,#2536,#2542));
#2534 = ORIENTED_EDGE('',*,*,#2520,.T.);
#2535 = ORIENTED_EDGE('',*,*,#1637,.T.);
#2536 = ORIENTED_EDGE('',*,*,#2537,.F.);
#2537 = EDGE_CURVE('',#714,#1629,#2538,.T.);
#2538 = LINE('',#2539,#2540);
#2539 = CARTESIAN_POINT('',(82.40999866611,-21.29598,0.));
#2540 = VECTOR('',#2541,1.);
#2541 = DIRECTION('',(0.,0.,1.));
#2542 = ORIENTED_EDGE('',*,*,#722,.F.);
#2543 = CYLINDRICAL_SURFACE('',#2544,1.334348873949E-06);
#2544 = AXIS2_PLACEMENT_3D('',#2545,#2546,#2547);
#2545 = CARTESIAN_POINT('',(82.409998666106,-21.29597866565,0.));
#2546 = DIRECTION('',(0.,0.,-1.));
#2547 = DIRECTION('',(0.99999999909,-4.266858032257E-05,0.));
#2548 = ADVANCED_FACE('',(#2549),#2560,.F.);
#2549 = FACE_BOUND('',#2550,.F.);
#2550 = EDGE_LOOP('',(#2551,#2557,#2558,#2559));
#2551 = ORIENTED_EDGE('',*,*,#2552,.T.);
#2552 = EDGE_CURVE('',#706,#1621,#2553,.T.);
#2553 = LINE('',#2554,#2555);
#2554 = CARTESIAN_POINT('',(82.365434394431,-21.29797005351,0.));
#2555 = VECTOR('',#2556,1.);
#2556 = DIRECTION('',(0.,0.,1.));
#2557 = ORIENTED_EDGE('',*,*,#1628,.T.);
#2558 = ORIENTED_EDGE('',*,*,#2537,.F.);
#2559 = ORIENTED_EDGE('',*,*,#713,.F.);
#2560 = CYLINDRICAL_SURFACE('',#2561,0.5);
#2561 = AXIS2_PLACEMENT_3D('',#2562,#2563,#2564);
#2562 = CARTESIAN_POINT('',(82.41,-21.79598,0.));
#2563 = DIRECTION('',(0.,0.,-1.));
#2564 = DIRECTION('',(-0.996019892975,-8.913121113783E-02,0.));
#2565 = ADVANCED_FACE('',(#2566),#2577,.T.);
#2566 = FACE_BOUND('',#2567,.T.);
#2567 = EDGE_LOOP('',(#2568,#2569,#2570,#2576));
#2568 = ORIENTED_EDGE('',*,*,#2552,.T.);
#2569 = ORIENTED_EDGE('',*,*,#1620,.T.);
#2570 = ORIENTED_EDGE('',*,*,#2571,.F.);
#2571 = EDGE_CURVE('',#697,#1612,#2572,.T.);
#2572 = LINE('',#2573,#2574);
#2573 = CARTESIAN_POINT('',(60.015914394431,-23.29797005351,0.));
#2574 = VECTOR('',#2575,1.);
#2575 = DIRECTION('',(0.,0.,1.));
#2576 = ORIENTED_EDGE('',*,*,#705,.F.);
#2577 = PLANE('',#2578);
#2578 = AXIS2_PLACEMENT_3D('',#2579,#2580,#2581);
#2579 = CARTESIAN_POINT('',(82.365434394431,-21.29797005351,0.));
#2580 = DIRECTION('',(8.913121113783E-02,-0.996019892975,0.));
#2581 = DIRECTION('',(-0.996019892975,-8.913121113783E-02,0.));
#2582 = ADVANCED_FACE('',(#2583),#2594,.F.);
#2583 = FACE_BOUND('',#2584,.F.);
#2584 = EDGE_LOOP('',(#2585,#2591,#2592,#2593));
#2585 = ORIENTED_EDGE('',*,*,#2586,.T.);
#2586 = EDGE_CURVE('',#689,#1604,#2587,.T.);
#2587 = LINE('',#2588,#2589);
#2588 = CARTESIAN_POINT('',(59.56048,-23.79598,0.));
#2589 = VECTOR('',#2590,1.);
#2590 = DIRECTION('',(0.,0.,1.));
#2591 = ORIENTED_EDGE('',*,*,#1611,.T.);
#2592 = ORIENTED_EDGE('',*,*,#2571,.F.);
#2593 = ORIENTED_EDGE('',*,*,#696,.F.);
#2594 = CYLINDRICAL_SURFACE('',#2595,0.5);
#2595 = AXIS2_PLACEMENT_3D('',#2596,#2597,#2598);
#2596 = CARTESIAN_POINT('',(60.06048,-23.79598,0.));
#2597 = DIRECTION('',(0.,0.,-1.));
#2598 = DIRECTION('',(0.,-1.,0.));
#2599 = ADVANCED_FACE('',(#2600),#2611,.T.);
#2600 = FACE_BOUND('',#2601,.T.);
#2601 = EDGE_LOOP('',(#2602,#2603,#2604,#2610));
#2602 = ORIENTED_EDGE('',*,*,#2586,.T.);
#2603 = ORIENTED_EDGE('',*,*,#1603,.T.);
#2604 = ORIENTED_EDGE('',*,*,#2605,.F.);
#2605 = EDGE_CURVE('',#681,#1596,#2606,.T.);
#2606 = LINE('',#2607,#2608);
#2607 = CARTESIAN_POINT('',(59.56048,-27.17780860308,0.));
#2608 = VECTOR('',#2609,1.);
#2609 = DIRECTION('',(0.,0.,1.));
#2610 = ORIENTED_EDGE('',*,*,#688,.F.);
#2611 = PLANE('',#2612);
#2612 = AXIS2_PLACEMENT_3D('',#2613,#2614,#2615);
#2613 = CARTESIAN_POINT('',(59.56048,-23.79598,0.));
#2614 = DIRECTION('',(1.,0.,0.));
#2615 = DIRECTION('',(0.,-1.,0.));
#2616 = ADVANCED_FACE('',(#2617),#2628,.T.);
#2617 = FACE_BOUND('',#2618,.T.);
#2618 = EDGE_LOOP('',(#2619,#2620,#2621,#2627));
#2619 = ORIENTED_EDGE('',*,*,#2605,.T.);
#2620 = ORIENTED_EDGE('',*,*,#1595,.T.);
#2621 = ORIENTED_EDGE('',*,*,#2622,.F.);
#2622 = EDGE_CURVE('',#672,#1587,#2623,.T.);
#2623 = LINE('',#2624,#2625);
#2624 = CARTESIAN_POINT('',(17.672081004512,-34.70388001337,0.));
#2625 = VECTOR('',#2626,1.);
#2626 = DIRECTION('',(0.,0.,1.));
#2627 = ORIENTED_EDGE('',*,*,#680,.F.);
#2628 = PLANE('',#2629);
#2629 = AXIS2_PLACEMENT_3D('',#2630,#2631,#2632);
#2630 = CARTESIAN_POINT('',(59.56048,-27.17780860308,0.));
#2631 = DIRECTION('',(0.176837990976,-0.984239973252,0.));
#2632 = DIRECTION('',(-0.984239973252,-0.176837990976,0.));
#2633 = ADVANCED_FACE('',(#2634),#2645,.F.);
#2634 = FACE_BOUND('',#2635,.F.);
#2635 = EDGE_LOOP('',(#2636,#2642,#2643,#2644));
#2636 = ORIENTED_EDGE('',*,*,#2637,.T.);
#2637 = EDGE_CURVE('',#664,#1579,#2638,.T.);
#2638 = LINE('',#2639,#2640);
#2639 = CARTESIAN_POINT('',(17.267999191689,-35.28227255538,0.));
#2640 = VECTOR('',#2641,1.);
#2641 = DIRECTION('',(0.,0.,1.));
#2642 = ORIENTED_EDGE('',*,*,#1586,.T.);
#2643 = ORIENTED_EDGE('',*,*,#2622,.F.);
#2644 = ORIENTED_EDGE('',*,*,#671,.F.);
#2645 = CYLINDRICAL_SURFACE('',#2646,0.5);
#2646 = AXIS2_PLACEMENT_3D('',#2647,#2648,#2649);
#2647 = CARTESIAN_POINT('',(17.7605,-35.196,0.));
#2648 = DIRECTION('',(0.,0.,-1.));
#2649 = DIRECTION('',(0.172545110774,-0.985001616622,0.));
#2650 = ADVANCED_FACE('',(#2651),#2662,.T.);
#2651 = FACE_BOUND('',#2652,.T.);
#2652 = EDGE_LOOP('',(#2653,#2654,#2655,#2661));
#2653 = ORIENTED_EDGE('',*,*,#2637,.T.);
#2654 = ORIENTED_EDGE('',*,*,#1578,.T.);
#2655 = ORIENTED_EDGE('',*,*,#2656,.F.);
#2656 = EDGE_CURVE('',#655,#1570,#2657,.T.);
#2657 = LINE('',#2658,#2659);
#2658 = CARTESIAN_POINT('',(18.182399191689,-40.50227255538,0.));
#2659 = VECTOR('',#2660,1.);
#2660 = DIRECTION('',(0.,0.,1.));
#2661 = ORIENTED_EDGE('',*,*,#663,.F.);
#2662 = PLANE('',#2663);
#2663 = AXIS2_PLACEMENT_3D('',#2664,#2665,#2666);
#2664 = CARTESIAN_POINT('',(17.267999191689,-35.28227255538,0.));
#2665 = DIRECTION('',(0.985001616622,0.172545110774,0.));
#2666 = DIRECTION('',(0.172545110774,-0.985001616622,0.));
#2667 = ADVANCED_FACE('',(#2668),#2679,.F.);
#2668 = FACE_BOUND('',#2669,.F.);
#2669 = EDGE_LOOP('',(#2670,#2676,#2677,#2678));
#2670 = ORIENTED_EDGE('',*,*,#2671,.T.);
#2671 = EDGE_CURVE('',#647,#1562,#2672,.T.);
#2672 = LINE('',#2673,#2674);
#2673 = CARTESIAN_POINT('',(18.182400105725,-40.50227777314,0.));
#2674 = VECTOR('',#2675,1.);
#2675 = DIRECTION('',(0.,0.,1.));
#2676 = ORIENTED_EDGE('',*,*,#1569,.T.);
#2677 = ORIENTED_EDGE('',*,*,#2656,.F.);
#2678 = ORIENTED_EDGE('',*,*,#654,.F.);
#2679 = CYLINDRICAL_SURFACE('',#2680,0.5);
#2680 = AXIS2_PLACEMENT_3D('',#2681,#2682,#2683);
#2681 = CARTESIAN_POINT('',(18.6749,-40.416,0.));
#2682 = DIRECTION('',(0.,0.,-1.));
#2683 = DIRECTION('',(0.172555546291,-0.98499978855,0.));
#2684 = ADVANCED_FACE('',(#2685),#2696,.T.);
#2685 = FACE_BOUND('',#2686,.T.);
#2686 = EDGE_LOOP('',(#2687,#2688,#2689,#2695));
#2687 = ORIENTED_EDGE('',*,*,#2671,.T.);
#2688 = ORIENTED_EDGE('',*,*,#1561,.T.);
#2689 = ORIENTED_EDGE('',*,*,#2690,.F.);
#2690 = EDGE_CURVE('',#639,#1554,#2691,.T.);
#2691 = LINE('',#2692,#2693);
#2692 = CARTESIAN_POINT('',(19.233500049599,-46.50227745276,0.));
#2693 = VECTOR('',#2694,1.);
#2694 = DIRECTION('',(0.,0.,1.));
#2695 = ORIENTED_EDGE('',*,*,#646,.F.);
#2696 = PLANE('',#2697);
#2697 = AXIS2_PLACEMENT_3D('',#2698,#2699,#2700);
#2698 = CARTESIAN_POINT('',(18.182400105725,-40.50227777314,0.));
#2699 = DIRECTION('',(0.98499978855,0.172555546291,0.));
#2700 = DIRECTION('',(0.172555546291,-0.98499978855,0.));
#2701 = ADVANCED_FACE('',(#2702),#2713,.T.);
#2702 = FACE_BOUND('',#2703,.T.);
#2703 = EDGE_LOOP('',(#2704,#2705,#2706,#2712));
#2704 = ORIENTED_EDGE('',*,*,#2690,.T.);
#2705 = ORIENTED_EDGE('',*,*,#1553,.T.);
#2706 = ORIENTED_EDGE('',*,*,#2707,.F.);
#2707 = EDGE_CURVE('',#630,#1545,#2708,.T.);
#2708 = LINE('',#2709,#2710);
#2709 = CARTESIAN_POINT('',(21.062399993472,-56.94227713237,0.));
#2710 = VECTOR('',#2711,1.);
#2711 = DIRECTION('',(0.,0.,1.));
#2712 = ORIENTED_EDGE('',*,*,#638,.F.);
#2713 = PLANE('',#2714);
#2714 = AXIS2_PLACEMENT_3D('',#2715,#2716,#2717);
#2715 = CARTESIAN_POINT('',(19.233500049599,-46.50227745276,0.));
#2716 = DIRECTION('',(0.985000013056,0.172554264739,0.));
#2717 = DIRECTION('',(0.172554264739,-0.985000013056,0.));
#2718 = ADVANCED_FACE('',(#2719),#2730,.F.);
#2719 = FACE_BOUND('',#2720,.F.);
#2720 = EDGE_LOOP('',(#2721,#2727,#2728,#2729));
#2721 = ORIENTED_EDGE('',*,*,#2722,.T.);
#2722 = EDGE_CURVE('',#622,#1537,#2723,.T.);
#2723 = LINE('',#2724,#2725);
#2724 = CARTESIAN_POINT('',(21.062400105725,-56.94227777314,0.));
#2725 = VECTOR('',#2726,1.);
#2726 = DIRECTION('',(0.,0.,1.));
#2727 = ORIENTED_EDGE('',*,*,#1544,.T.);
#2728 = ORIENTED_EDGE('',*,*,#2707,.F.);
#2729 = ORIENTED_EDGE('',*,*,#629,.F.);
#2730 = CYLINDRICAL_SURFACE('',#2731,0.5);
#2731 = AXIS2_PLACEMENT_3D('',#2732,#2733,#2734);
#2732 = CARTESIAN_POINT('',(21.5549,-56.856,0.));
#2733 = DIRECTION('',(0.,0.,-1.));
#2734 = DIRECTION('',(0.172555546291,-0.98499978855,0.));
#2735 = ADVANCED_FACE('',(#2736),#2747,.T.);
#2736 = FACE_BOUND('',#2737,.T.);
#2737 = EDGE_LOOP('',(#2738,#2739,#2740,#2746));
#2738 = ORIENTED_EDGE('',*,*,#2722,.T.);
#2739 = ORIENTED_EDGE('',*,*,#1536,.T.);
#2740 = ORIENTED_EDGE('',*,*,#2741,.F.);
#2741 = EDGE_CURVE('',#613,#1528,#2742,.T.);
#2742 = LINE('',#2743,#2744);
#2743 = CARTESIAN_POINT('',(22.113500105725,-62.94227777314,0.));
#2744 = VECTOR('',#2745,1.);
#2745 = DIRECTION('',(0.,0.,1.));
#2746 = ORIENTED_EDGE('',*,*,#621,.F.);
#2747 = PLANE('',#2748);
#2748 = AXIS2_PLACEMENT_3D('',#2749,#2750,#2751);
#2749 = CARTESIAN_POINT('',(21.062400105725,-56.94227777314,0.));
#2750 = DIRECTION('',(0.98499978855,0.172555546291,0.));
#2751 = DIRECTION('',(0.172555546291,-0.98499978855,0.));
#2752 = ADVANCED_FACE('',(#2753),#2764,.F.);
#2753 = FACE_BOUND('',#2754,.F.);
#2754 = EDGE_LOOP('',(#2755,#2761,#2762,#2763));
#2755 = ORIENTED_EDGE('',*,*,#2756,.T.);
#2756 = EDGE_CURVE('',#605,#1520,#2757,.T.);
#2757 = LINE('',#2758,#2759);
#2758 = CARTESIAN_POINT('',(22.113500180777,-62.94227820156,0.));
#2759 = VECTOR('',#2760,1.);
#2760 = DIRECTION('',(0.,0.,1.));
#2761 = ORIENTED_EDGE('',*,*,#1527,.T.);
#2762 = ORIENTED_EDGE('',*,*,#2741,.F.);
#2763 = ORIENTED_EDGE('',*,*,#612,.F.);
#2764 = CYLINDRICAL_SURFACE('',#2765,0.5);
#2765 = AXIS2_PLACEMENT_3D('',#2766,#2767,#2768);
#2766 = CARTESIAN_POINT('',(22.606,-62.856,0.));
#2767 = DIRECTION('',(0.,0.,-1.));
#2768 = DIRECTION('',(0.172556403132,-0.984999638446,0.));
#2769 = ADVANCED_FACE('',(#2770,#2781),#2815,.T.);
#2770 = FACE_BOUND('',#2771,.T.);
#2771 = EDGE_LOOP('',(#2772,#2773,#2774,#2780));
#2772 = ORIENTED_EDGE('',*,*,#2756,.T.);
#2773 = ORIENTED_EDGE('',*,*,#1519,.T.);
#2774 = ORIENTED_EDGE('',*,*,#2775,.F.);
#2775 = EDGE_CURVE('',#596,#1511,#2776,.T.);
#2776 = LINE('',#2777,#2778);
#2777 = CARTESIAN_POINT('',(26.868000180777,-90.08227820156,0.));
#2778 = VECTOR('',#2779,1.);
#2779 = DIRECTION('',(0.,0.,1.));
#2780 = ORIENTED_EDGE('',*,*,#604,.F.);
#2781 = FACE_BOUND('',#2782,.T.);
#2782 = EDGE_LOOP('',(#2783,#2793,#2801,#2809));
#2783 = ORIENTED_EDGE('',*,*,#2784,.T.);
#2784 = EDGE_CURVE('',#2785,#2787,#2789,.T.);
#2785 = VERTEX_POINT('',#2786);
#2786 = CARTESIAN_POINT('',(23.636136352725,-71.63390628163,3.5));
#2787 = VERTEX_POINT('',#2788);
#2788 = CARTESIAN_POINT('',(23.636136352725,-71.63390628163,0.5));
#2789 = LINE('',#2790,#2791);
#2790 = CARTESIAN_POINT('',(23.636136352725,-71.63390628163,1.75));
#2791 = VECTOR('',#2792,1.);
#2792 = DIRECTION('',(-2.873641377047E-17,1.640353916775E-16,-1.));
#2793 = ORIENTED_EDGE('',*,*,#2794,.T.);
#2794 = EDGE_CURVE('',#2787,#2795,#2797,.T.);
#2795 = VERTEX_POINT('',#2796);
#2796 = CARTESIAN_POINT('',(25.189143980909,-80.49890302764,0.5));
#2797 = LINE('',#2798,#2799);
#2798 = CARTESIAN_POINT('',(22.874818266751,-67.28809224159,0.5));
#2799 = VECTOR('',#2800,1.);
#2800 = DIRECTION('',(0.172556403132,-0.984999638446,-1.665334536938E-16
    ));
#2801 = ORIENTED_EDGE('',*,*,#2802,.T.);
#2802 = EDGE_CURVE('',#2795,#2803,#2805,.T.);
#2803 = VERTEX_POINT('',#2804);
#2804 = CARTESIAN_POINT('',(25.189143980909,-80.49890302764,3.5));
#2805 = LINE('',#2806,#2807);
#2806 = CARTESIAN_POINT('',(25.189143980909,-80.49890302764,0.25));
#2807 = VECTOR('',#2808,1.);
#2808 = DIRECTION('',(2.873641377047E-17,-1.640353916775E-16,1.));
#2809 = ORIENTED_EDGE('',*,*,#2810,.T.);
#2810 = EDGE_CURVE('',#2803,#2785,#2811,.T.);
#2811 = LINE('',#2812,#2813);
#2812 = CARTESIAN_POINT('',(23.651322080843,-71.7205906146,3.5));
#2813 = VECTOR('',#2814,1.);
#2814 = DIRECTION('',(-0.172556403132,0.984999638446,1.665334536938E-16)
  );
#2815 = PLANE('',#2816);
#2816 = AXIS2_PLACEMENT_3D('',#2817,#2818,#2819);
#2817 = CARTESIAN_POINT('',(22.113500180777,-62.94227820156,0.));
#2818 = DIRECTION('',(0.984999638446,0.172556403132,0.));
#2819 = DIRECTION('',(0.172556403132,-0.984999638446,0.));
#2820 = ADVANCED_FACE('',(#2821),#2832,.F.);
#2821 = FACE_BOUND('',#2822,.F.);
#2822 = EDGE_LOOP('',(#2823,#2829,#2830,#2831));
#2823 = ORIENTED_EDGE('',*,*,#2824,.T.);
#2824 = EDGE_CURVE('',#588,#1503,#2825,.T.);
#2825 = LINE('',#2826,#2827);
#2826 = CARTESIAN_POINT('',(27.448609780576,-90.48817544287,0.));
#2827 = VECTOR('',#2828,1.);
#2828 = DIRECTION('',(0.,0.,1.));
#2829 = ORIENTED_EDGE('',*,*,#1510,.T.);
#2830 = ORIENTED_EDGE('',*,*,#2775,.F.);
#2831 = ORIENTED_EDGE('',*,*,#595,.F.);
#2832 = CYLINDRICAL_SURFACE('',#2833,0.5);
#2833 = AXIS2_PLACEMENT_3D('',#2834,#2835,#2836);
#2834 = CARTESIAN_POINT('',(27.3605,-89.996,0.));
#2835 = DIRECTION('',(0.,0.,-1.));
#2836 = DIRECTION('',(0.984350885745,0.176219561152,0.));
#2837 = ADVANCED_FACE('',(#2838),#2849,.T.);
#2838 = FACE_BOUND('',#2839,.T.);
#2839 = EDGE_LOOP('',(#2840,#2841,#2842,#2848));
#2840 = ORIENTED_EDGE('',*,*,#2824,.T.);
#2841 = ORIENTED_EDGE('',*,*,#1502,.T.);
#2842 = ORIENTED_EDGE('',*,*,#2843,.F.);
#2843 = EDGE_CURVE('',#580,#1495,#2844,.T.);
#2844 = LINE('',#2845,#2846);
#2845 = CARTESIAN_POINT('',(81.408538645173,-80.82821056449,0.));
#2846 = VECTOR('',#2847,1.);
#2847 = DIRECTION('',(0.,0.,1.));
#2848 = ORIENTED_EDGE('',*,*,#587,.F.);
#2849 = PLANE('',#2850);
#2850 = AXIS2_PLACEMENT_3D('',#2851,#2852,#2853);
#2851 = CARTESIAN_POINT('',(27.448609780576,-90.48817544287,0.));
#2852 = DIRECTION('',(-0.176219561152,0.984350885745,0.));
#2853 = DIRECTION('',(0.984350885745,0.176219561152,0.));
#2854 = ADVANCED_FACE('',(#2855),#2866,.T.);
#2855 = FACE_BOUND('',#2856,.T.);
#2856 = EDGE_LOOP('',(#2857,#2858,#2859,#2865));
#2857 = ORIENTED_EDGE('',*,*,#2843,.T.);
#2858 = ORIENTED_EDGE('',*,*,#1494,.T.);
#2859 = ORIENTED_EDGE('',*,*,#2860,.F.);
#2860 = EDGE_CURVE('',#571,#1486,#2861,.T.);
#2861 = LINE('',#2862,#2863);
#2862 = CARTESIAN_POINT('',(91.902459920048,-95.21816195986,0.));
#2863 = VECTOR('',#2864,1.);
#2864 = DIRECTION('',(0.,0.,1.));
#2865 = ORIENTED_EDGE('',*,*,#579,.F.);
#2866 = PLANE('',#2867);
#2867 = AXIS2_PLACEMENT_3D('',#2868,#2869,#2870);
#2868 = CARTESIAN_POINT('',(81.408538645173,-80.82821056449,0.));
#2869 = DIRECTION('',(0.807974159904,0.589217919728,0.));
#2870 = DIRECTION('',(0.589217919728,-0.807974159904,0.));
#2871 = ADVANCED_FACE('',(#2872),#2883,.F.);
#2872 = FACE_BOUND('',#2873,.F.);
#2873 = EDGE_LOOP('',(#2874,#2880,#2881,#2882));
#2874 = ORIENTED_EDGE('',*,*,#2875,.T.);
#2875 = EDGE_CURVE('',#562,#1477,#2876,.T.);
#2876 = LINE('',#2877,#2878);
#2877 = CARTESIAN_POINT('',(91.952891002324,-95.27710378349,0.));
#2878 = VECTOR('',#2879,1.);
#2879 = DIRECTION('',(0.,0.,1.));
#2880 = ORIENTED_EDGE('',*,*,#1485,.T.);
#2881 = ORIENTED_EDGE('',*,*,#2860,.F.);
#2882 = ORIENTED_EDGE('',*,*,#570,.F.);
#2883 = CYLINDRICAL_SURFACE('',#2884,0.5);
#2884 = AXIS2_PLACEMENT_3D('',#2885,#2886,#2887);
#2885 = CARTESIAN_POINT('',(92.306447,-94.923553,0.));
#2886 = DIRECTION('',(0.,0.,-1.));
#2887 = DIRECTION('',(0.707101566982,-0.707111995353,0.));
#2888 = ADVANCED_FACE('',(#2889),#2900,.F.);
#2889 = FACE_BOUND('',#2890,.T.);
#2890 = EDGE_LOOP('',(#2891,#2892,#2893,#2899));
#2891 = ORIENTED_EDGE('',*,*,#2875,.T.);
#2892 = ORIENTED_EDGE('',*,*,#1476,.T.);
#2893 = ORIENTED_EDGE('',*,*,#2894,.F.);
#2894 = EDGE_CURVE('',#554,#1469,#2895,.T.);
#2895 = LINE('',#2896,#2897);
#2896 = CARTESIAN_POINT('',(92.622089400957,-95.56928121869,0.));
#2897 = VECTOR('',#2898,1.);
#2898 = DIRECTION('',(0.,0.,1.));
#2899 = ORIENTED_EDGE('',*,*,#561,.F.);
#2900 = CYLINDRICAL_SURFACE('',#2901,0.999992432518);
#2901 = AXIS2_PLACEMENT_3D('',#2902,#2903,#2904);
#2902 = CARTESIAN_POINT('',(92.659997646619,-94.57000756748,0.));
#2903 = DIRECTION('',(0.,0.,-1.));
#2904 = DIRECTION('',(4.706832625491E-06,-0.999999999989,0.));
#2905 = ADVANCED_FACE('',(#2906),#2917,.T.);
#2906 = FACE_BOUND('',#2907,.T.);
#2907 = EDGE_LOOP('',(#2908,#2909,#2910,#2916));
#2908 = ORIENTED_EDGE('',*,*,#2894,.T.);
#2909 = ORIENTED_EDGE('',*,*,#1468,.T.);
#2910 = ORIENTED_EDGE('',*,*,#2911,.F.);
#2911 = EDGE_CURVE('',#545,#1460,#2912,.T.);
#2912 = LINE('',#2913,#2914);
#2913 = CARTESIAN_POINT('',(129.26605621301,-100.3361663245,0.));
#2914 = VECTOR('',#2915,1.);
#2915 = DIRECTION('',(0.,0.,1.));
#2916 = ORIENTED_EDGE('',*,*,#553,.F.);
#2917 = PLANE('',#2918);
#2918 = AXIS2_PLACEMENT_3D('',#2919,#2920,#2921);
#2919 = CARTESIAN_POINT('',(92.622089400957,-95.56928121869,0.));
#2920 = DIRECTION('',(0.128999573978,0.991644649012,0.));
#2921 = DIRECTION('',(0.991644649012,-0.128999573978,0.));
#2922 = ADVANCED_FACE('',(#2923),#2934,.F.);
#2923 = FACE_BOUND('',#2924,.F.);
#2924 = EDGE_LOOP('',(#2925,#2931,#2932,#2933));
#2925 = ORIENTED_EDGE('',*,*,#2926,.T.);
#2926 = EDGE_CURVE('',#536,#1451,#2927,.T.);
#2927 = LINE('',#2928,#2929);
#2928 = CARTESIAN_POINT('',(129.28176936971,-100.3379581725,0.));
#2929 = VECTOR('',#2930,1.);
#2930 = DIRECTION('',(0.,0.,1.));
#2931 = ORIENTED_EDGE('',*,*,#1459,.T.);
#2932 = ORIENTED_EDGE('',*,*,#2911,.F.);
#2933 = ORIENTED_EDGE('',*,*,#544,.F.);
#2934 = CYLINDRICAL_SURFACE('',#2935,0.5);
#2935 = AXIS2_PLACEMENT_3D('',#2936,#2937,#2938);
#2936 = CARTESIAN_POINT('',(129.330556,-99.840344,0.));
#2937 = DIRECTION('',(0.,0.,-1.));
#2938 = DIRECTION('',(0.995228345065,-9.757326057143E-02,0.));
#2939 = ADVANCED_FACE('',(#2940),#2951,.T.);
#2940 = FACE_BOUND('',#2941,.T.);
#2941 = EDGE_LOOP('',(#2942,#2943,#2944,#2950));
#2942 = ORIENTED_EDGE('',*,*,#2926,.T.);
#2943 = ORIENTED_EDGE('',*,*,#1450,.T.);
#2944 = ORIENTED_EDGE('',*,*,#2945,.F.);
#2945 = EDGE_CURVE('',#528,#1443,#2946,.T.);
#2946 = LINE('',#2947,#2948);
#2947 = CARTESIAN_POINT('',(129.78639421145,-100.4328826054,0.));
#2948 = VECTOR('',#2949,1.);
#2949 = DIRECTION('',(0.,0.,1.));
#2950 = ORIENTED_EDGE('',*,*,#535,.F.);
#2951 = CYLINDRICAL_SURFACE('',#2952,2.914392258102);
#2952 = AXIS2_PLACEMENT_3D('',#2953,#2954,#2955);
#2953 = CARTESIAN_POINT('',(128.9974026145,-103.2384439564,0.));
#2954 = DIRECTION('',(0.,0.,-1.));
#2955 = DIRECTION('',(9.757326057143E-02,0.995228345065,0.));
#2956 = ADVANCED_FACE('',(#2957),#2968,.T.);
#2957 = FACE_BOUND('',#2958,.T.);
#2958 = EDGE_LOOP('',(#2959,#2960,#2961,#2967));
#2959 = ORIENTED_EDGE('',*,*,#2945,.T.);
#2960 = ORIENTED_EDGE('',*,*,#1442,.T.);
#2961 = ORIENTED_EDGE('',*,*,#2962,.F.);
#2962 = EDGE_CURVE('',#520,#1435,#2963,.T.);
#2963 = LINE('',#2964,#2965);
#2964 = CARTESIAN_POINT('',(145.55445168627,-109.5964343784,0.));
#2965 = VECTOR('',#2966,1.);
#2966 = DIRECTION('',(0.,0.,1.));
#2967 = ORIENTED_EDGE('',*,*,#527,.F.);
#2968 = PLANE('',#2969);
#2969 = AXIS2_PLACEMENT_3D('',#2970,#2971,#2972);
#2970 = CARTESIAN_POINT('',(129.78639421145,-100.4328826054,0.));
#2971 = DIRECTION('',(0.502459662555,0.864600652038,0.));
#2972 = DIRECTION('',(0.864600652038,-0.502459662555,0.));
#2973 = ADVANCED_FACE('',(#2974),#2985,.T.);
#2974 = FACE_BOUND('',#2975,.T.);
#2975 = EDGE_LOOP('',(#2976,#2977,#2978,#2984));
#2976 = ORIENTED_EDGE('',*,*,#2962,.T.);
#2977 = ORIENTED_EDGE('',*,*,#1434,.T.);
#2978 = ORIENTED_EDGE('',*,*,#2979,.F.);
#2979 = EDGE_CURVE('',#511,#1426,#2980,.T.);
#2980 = LINE('',#2981,#2982);
#2981 = CARTESIAN_POINT('',(157.96650529771,-121.8412778201,0.));
#2982 = VECTOR('',#2983,1.);
#2983 = DIRECTION('',(0.,0.,1.));
#2984 = ORIENTED_EDGE('',*,*,#519,.F.);
#2985 = PLANE('',#2986);
#2986 = AXIS2_PLACEMENT_3D('',#2987,#2988,#2989);
#2987 = CARTESIAN_POINT('',(145.55445168627,-109.5964343784,0.));
#2988 = DIRECTION('',(0.702295404568,0.711885640199,0.));
#2989 = DIRECTION('',(0.711885640199,-0.702295404568,0.));
#2990 = ADVANCED_FACE('',(#2991),#3002,.F.);
#2991 = FACE_BOUND('',#2992,.F.);
#2992 = EDGE_LOOP('',(#2993,#2999,#3000,#3001));
#2993 = ORIENTED_EDGE('',*,*,#2994,.T.);
#2994 = EDGE_CURVE('',#502,#1417,#2995,.T.);
#2995 = LINE('',#2996,#2997);
#2996 = CARTESIAN_POINT('',(158.03823604042,-121.8999747987,0.));
#2997 = VECTOR('',#2998,1.);
#2998 = DIRECTION('',(0.,0.,1.));
#2999 = ORIENTED_EDGE('',*,*,#1425,.T.);
#3000 = ORIENTED_EDGE('',*,*,#2979,.F.);
#3001 = ORIENTED_EDGE('',*,*,#510,.F.);
#3002 = CYLINDRICAL_SURFACE('',#3003,0.5);
#3003 = AXIS2_PLACEMENT_3D('',#3004,#3005,#3006);
#3004 = CARTESIAN_POINT('',(158.317653,-121.485335,0.));
#3005 = DIRECTION('',(0.,0.,-1.));
#3006 = DIRECTION('',(0.829279597481,-0.558833919158,0.));
#3007 = ADVANCED_FACE('',(#3008),#3019,.F.);
#3008 = FACE_BOUND('',#3009,.T.);
#3009 = EDGE_LOOP('',(#3010,#3011,#3012,#3018));
#3010 = ORIENTED_EDGE('',*,*,#2994,.T.);
#3011 = ORIENTED_EDGE('',*,*,#1416,.T.);
#3012 = ORIENTED_EDGE('',*,*,#3013,.F.);
#3013 = EDGE_CURVE('',#494,#1409,#3014,.T.);
#3014 = LINE('',#3015,#3016);
#3015 = CARTESIAN_POINT('',(160.63134531726,-121.4272643929,0.));
#3016 = VECTOR('',#3017,1.);
#3017 = DIRECTION('',(0.,0.,1.));
#3018 = ORIENTED_EDGE('',*,*,#501,.F.);
#3019 = CYLINDRICAL_SURFACE('',#3020,1.88679886816);
#3020 = AXIS2_PLACEMENT_3D('',#3021,#3022,#3023);
#3021 = CARTESIAN_POINT('',(159.09264324657,-120.3352909928,0.));
#3022 = DIRECTION('',(0.,0.,-1.));
#3023 = DIRECTION('',(0.83142680593,-0.555634291941,0.));
#3024 = ADVANCED_FACE('',(#3025),#3036,.T.);
#3025 = FACE_BOUND('',#3026,.T.);
#3026 = EDGE_LOOP('',(#3027,#3028,#3029,#3035));
#3027 = ORIENTED_EDGE('',*,*,#3013,.T.);
#3028 = ORIENTED_EDGE('',*,*,#1408,.T.);
#3029 = ORIENTED_EDGE('',*,*,#3030,.F.);
#3030 = EDGE_CURVE('',#485,#1400,#3031,.T.);
#3031 = LINE('',#3032,#3033);
#3032 = CARTESIAN_POINT('',(187.30406680849,-94.74949996952,0.));
#3033 = VECTOR('',#3034,1.);
#3034 = DIRECTION('',(0.,0.,1.));
#3035 = ORIENTED_EDGE('',*,*,#493,.F.);
#3036 = PLANE('',#3037);
#3037 = AXIS2_PLACEMENT_3D('',#3038,#3039,#3040);
#3038 = CARTESIAN_POINT('',(160.63134531726,-121.4272643929,0.));
#3039 = DIRECTION('',(-0.707173616997,0.707039939058,0.));
#3040 = DIRECTION('',(0.707039939058,0.707173616997,0.));
#3041 = ADVANCED_FACE('',(#3042),#3053,.F.);
#3042 = FACE_BOUND('',#3043,.F.);
#3043 = EDGE_LOOP('',(#3044,#3050,#3051,#3052));
#3044 = ORIENTED_EDGE('',*,*,#3045,.T.);
#3045 = EDGE_CURVE('',#477,#1392,#3046,.T.);
#3046 = LINE('',#3047,#3048);
#3047 = CARTESIAN_POINT('',(187.4504799147,-94.39627205049,0.));
#3048 = VECTOR('',#3049,1.);
#3049 = DIRECTION('',(0.,0.,1.));
#3050 = ORIENTED_EDGE('',*,*,#1399,.T.);
#3051 = ORIENTED_EDGE('',*,*,#3030,.F.);
#3052 = ORIENTED_EDGE('',*,*,#484,.F.);
#3053 = CYLINDRICAL_SURFACE('',#3054,0.5);
#3054 = AXIS2_PLACEMENT_3D('',#3055,#3056,#3057);
#3055 = CARTESIAN_POINT('',(186.95048,-94.39598,0.));
#3056 = DIRECTION('',(0.,0.,-1.));
#3057 = DIRECTION('',(5.841009931167E-04,0.999999829413,0.));
#3058 = ADVANCED_FACE('',(#3059),#3070,.T.);
#3059 = FACE_BOUND('',#3060,.T.);
#3060 = EDGE_LOOP('',(#3061,#3062,#3063,#3069));
#3061 = ORIENTED_EDGE('',*,*,#3045,.T.);
#3062 = ORIENTED_EDGE('',*,*,#1391,.T.);
#3063 = ORIENTED_EDGE('',*,*,#3064,.F.);
#3064 = EDGE_CURVE('',#468,#1383,#3065,.T.);
#3065 = LINE('',#3066,#3067);
#3066 = CARTESIAN_POINT('',(187.4547999147,-87.00029205049,0.));
#3067 = VECTOR('',#3068,1.);
#3068 = DIRECTION('',(0.,0.,1.));
#3069 = ORIENTED_EDGE('',*,*,#476,.F.);
#3070 = PLANE('',#3071);
#3071 = AXIS2_PLACEMENT_3D('',#3072,#3073,#3074);
#3072 = CARTESIAN_POINT('',(187.4504799147,-94.39627205049,0.));
#3073 = DIRECTION('',(-0.999999829413,5.841009931167E-04,0.));
#3074 = DIRECTION('',(5.841009931167E-04,0.999999829413,0.));
#3075 = ADVANCED_FACE('',(#3076),#3087,.F.);
#3076 = FACE_BOUND('',#3077,.F.);
#3077 = EDGE_LOOP('',(#3078,#3084,#3085,#3086));
#3078 = ORIENTED_EDGE('',*,*,#3079,.T.);
#3079 = EDGE_CURVE('',#460,#1375,#3080,.T.);
#3080 = LINE('',#3081,#3082);
#3081 = CARTESIAN_POINT('',(187.45479985305,-86.99961666677,0.));
#3082 = VECTOR('',#3083,1.);
#3083 = DIRECTION('',(0.,0.,1.));
#3084 = ORIENTED_EDGE('',*,*,#1382,.T.);
#3085 = ORIENTED_EDGE('',*,*,#3064,.F.);
#3086 = ORIENTED_EDGE('',*,*,#467,.F.);
#3087 = CYLINDRICAL_SURFACE('',#3088,0.5);
#3088 = AXIS2_PLACEMENT_3D('',#3089,#3090,#3091);
#3089 = CARTESIAN_POINT('',(186.9548,-87.,0.));
#3090 = DIRECTION('',(0.,0.,-1.));
#3091 = DIRECTION('',(-7.666664413537E-04,0.999999706111,0.));
#3092 = ADVANCED_FACE('',(#3093),#3104,.T.);
#3093 = FACE_BOUND('',#3094,.T.);
#3094 = EDGE_LOOP('',(#3095,#3096,#3097,#3098));
#3095 = ORIENTED_EDGE('',*,*,#459,.F.);
#3096 = ORIENTED_EDGE('',*,*,#3079,.T.);
#3097 = ORIENTED_EDGE('',*,*,#1374,.T.);
#3098 = ORIENTED_EDGE('',*,*,#3099,.T.);
#3099 = EDGE_CURVE('',#1367,#452,#3100,.T.);
#3100 = LINE('',#3101,#3102);
#3101 = CARTESIAN_POINT('',(187.45248446585,-83.97954640693,4.25));
#3102 = VECTOR('',#3103,1.);
#3103 = DIRECTION('',(-1.702341470797E-19,2.220445396687E-16,-1.));
#3104 = PLANE('',#3105);
#3105 = AXIS2_PLACEMENT_3D('',#3106,#3107,#3108);
#3106 = CARTESIAN_POINT('',(187.45479985305,-86.99961666677,0.));
#3107 = DIRECTION('',(-0.999999706111,-7.666664413537E-04,0.));
#3108 = DIRECTION('',(-7.666664413537E-04,0.999999706111,0.));
#3109 = ADVANCED_FACE('',(#3110),#3121,.T.);
#3110 = FACE_BOUND('',#3111,.T.);
#3111 = EDGE_LOOP('',(#3112,#3113,#3114,#3120));
#3112 = ORIENTED_EDGE('',*,*,#3099,.F.);
#3113 = ORIENTED_EDGE('',*,*,#1366,.T.);
#3114 = ORIENTED_EDGE('',*,*,#3115,.T.);
#3115 = EDGE_CURVE('',#1359,#444,#3116,.T.);
#3116 = LINE('',#3117,#3118);
#3117 = CARTESIAN_POINT('',(190.4524835824,-83.97724408202,4.25));
#3118 = VECTOR('',#3119,1.);
#3119 = DIRECTION('',(-1.702341470797E-19,2.220445396687E-16,-1.));
#3120 = ORIENTED_EDGE('',*,*,#451,.F.);
#3121 = PLANE('',#3122);
#3122 = AXIS2_PLACEMENT_3D('',#3123,#3124,#3125);
#3123 = CARTESIAN_POINT('',(174.86288143993,-83.9892081953,8.5));
#3124 = DIRECTION('',(-7.674416345629E-04,0.999999705517,
    2.22044604925E-16));
#3125 = DIRECTION('',(1.70406174186E-19,2.220448010903E-16,-1.));
#3126 = ADVANCED_FACE('',(#3127),#3138,.F.);
#3127 = FACE_BOUND('',#3128,.F.);
#3128 = EDGE_LOOP('',(#3129,#3130,#3136,#3137));
#3129 = ORIENTED_EDGE('',*,*,#443,.F.);
#3130 = ORIENTED_EDGE('',*,*,#3131,.T.);
#3131 = EDGE_CURVE('',#435,#1350,#3132,.T.);
#3132 = LINE('',#3133,#3134);
#3133 = CARTESIAN_POINT('',(190.45479897138,-86.99731666745,0.));
#3134 = VECTOR('',#3135,1.);
#3135 = DIRECTION('',(0.,0.,1.));
#3136 = ORIENTED_EDGE('',*,*,#1358,.T.);
#3137 = ORIENTED_EDGE('',*,*,#3115,.T.);
#3138 = PLANE('',#3139);
#3139 = AXIS2_PLACEMENT_3D('',#3140,#3141,#3142);
#3140 = CARTESIAN_POINT('',(190.45479897138,-86.99731666745,0.));
#3141 = DIRECTION('',(-0.999999706111,-7.666664413537E-04,0.));
#3142 = DIRECTION('',(-7.666664413537E-04,0.999999706111,0.));
#3143 = ADVANCED_FACE('',(#3144),#3155,.T.);
#3144 = FACE_BOUND('',#3145,.T.);
#3145 = EDGE_LOOP('',(#3146,#3147,#3148,#3154));
#3146 = ORIENTED_EDGE('',*,*,#3131,.T.);
#3147 = ORIENTED_EDGE('',*,*,#1349,.T.);
#3148 = ORIENTED_EDGE('',*,*,#3149,.F.);
#3149 = EDGE_CURVE('',#427,#1342,#3150,.T.);
#3150 = LINE('',#3151,#3152);
#3151 = CARTESIAN_POINT('',(190.45479940294,-87.00204435347,0.));
#3152 = VECTOR('',#3153,1.);
#3153 = DIRECTION('',(0.,0.,1.));
#3154 = ORIENTED_EDGE('',*,*,#434,.F.);
#3155 = CYLINDRICAL_SURFACE('',#3156,3.5);
#3156 = AXIS2_PLACEMENT_3D('',#3157,#3158,#3159);
#3157 = CARTESIAN_POINT('',(186.9548,-87.,0.));
#3158 = DIRECTION('',(0.,0.,-1.));
#3159 = DIRECTION('',(-7.666664413537E-04,0.999999706111,0.));
#3160 = ADVANCED_FACE('',(#3161),#3172,.F.);
#3161 = FACE_BOUND('',#3162,.F.);
#3162 = EDGE_LOOP('',(#3163,#3169,#3170,#3171));
#3163 = ORIENTED_EDGE('',*,*,#3164,.T.);
#3164 = EDGE_CURVE('',#418,#1333,#3165,.T.);
#3165 = LINE('',#3166,#3167);
#3166 = CARTESIAN_POINT('',(190.45047940294,-94.39802435347,0.));
#3167 = VECTOR('',#3168,1.);
#3168 = DIRECTION('',(0.,0.,1.));
#3169 = ORIENTED_EDGE('',*,*,#1341,.T.);
#3170 = ORIENTED_EDGE('',*,*,#3149,.F.);
#3171 = ORIENTED_EDGE('',*,*,#426,.F.);
#3172 = PLANE('',#3173);
#3173 = AXIS2_PLACEMENT_3D('',#3174,#3175,#3176);
#3174 = CARTESIAN_POINT('',(190.45047940294,-94.39802435347,0.));
#3175 = DIRECTION('',(-0.999999829413,5.841009931167E-04,0.));
#3176 = DIRECTION('',(5.841009931167E-04,0.999999829413,0.));
#3177 = ADVANCED_FACE('',(#3178),#3189,.T.);
#3178 = FACE_BOUND('',#3179,.T.);
#3179 = EDGE_LOOP('',(#3180,#3181,#3182,#3188));
#3180 = ORIENTED_EDGE('',*,*,#3164,.T.);
#3181 = ORIENTED_EDGE('',*,*,#1332,.T.);
#3182 = ORIENTED_EDGE('',*,*,#3183,.F.);
#3183 = EDGE_CURVE('',#410,#1325,#3184,.T.);
#3184 = LINE('',#3185,#3186);
#3185 = CARTESIAN_POINT('',(189.42558765949,-96.8706197867,0.));
#3186 = VECTOR('',#3187,1.);
#3187 = DIRECTION('',(0.,0.,1.));
#3188 = ORIENTED_EDGE('',*,*,#417,.F.);
#3189 = CYLINDRICAL_SURFACE('',#3190,3.5);
#3190 = AXIS2_PLACEMENT_3D('',#3191,#3192,#3193);
#3191 = CARTESIAN_POINT('',(186.95048,-94.39598,0.));
#3192 = DIRECTION('',(0.,0.,-1.));
#3193 = DIRECTION('',(5.841009931167E-04,0.999999829413,0.));
#3194 = ADVANCED_FACE('',(#3195),#3206,.F.);
#3195 = FACE_BOUND('',#3196,.F.);
#3196 = EDGE_LOOP('',(#3197,#3203,#3204,#3205));
#3197 = ORIENTED_EDGE('',*,*,#3198,.T.);
#3198 = EDGE_CURVE('',#401,#1316,#3199,.T.);
#3199 = LINE('',#3200,#3201);
#3200 = CARTESIAN_POINT('',(162.88966567078,-123.4115588433,0.));
#3201 = VECTOR('',#3202,1.);
#3202 = DIRECTION('',(0.,0.,1.));
#3203 = ORIENTED_EDGE('',*,*,#1324,.T.);
#3204 = ORIENTED_EDGE('',*,*,#3183,.F.);
#3205 = ORIENTED_EDGE('',*,*,#409,.F.);
#3206 = PLANE('',#3207);
#3207 = AXIS2_PLACEMENT_3D('',#3208,#3209,#3210);
#3208 = CARTESIAN_POINT('',(162.88966567078,-123.4115588433,0.));
#3209 = DIRECTION('',(-0.707173616997,0.707039939058,0.));
#3210 = DIRECTION('',(0.707039939058,0.707173616997,0.));
#3211 = ADVANCED_FACE('',(#3212),#3223,.T.);
#3212 = FACE_BOUND('',#3213,.F.);
#3213 = EDGE_LOOP('',(#3214,#3220,#3221,#3222));
#3214 = ORIENTED_EDGE('',*,*,#3215,.T.);
#3215 = EDGE_CURVE('',#392,#1307,#3216,.T.);
#3216 = LINE('',#3217,#3218);
#3217 = CARTESIAN_POINT('',(156.36173428294,-124.3878135911,0.));
#3218 = VECTOR('',#3219,1.);
#3219 = DIRECTION('',(0.,0.,1.));
#3220 = ORIENTED_EDGE('',*,*,#1315,.T.);
#3221 = ORIENTED_EDGE('',*,*,#3198,.F.);
#3222 = ORIENTED_EDGE('',*,*,#400,.F.);
#3223 = CYLINDRICAL_SURFACE('',#3224,4.88679886816);
#3224 = AXIS2_PLACEMENT_3D('',#3225,#3226,#3227);
#3225 = CARTESIAN_POINT('',(159.09264324657,-120.3352909928,0.));
#3226 = DIRECTION('',(0.,0.,-1.));
#3227 = DIRECTION('',(0.83142680593,-0.555634291941,0.));
#3228 = ADVANCED_FACE('',(#3229),#3240,.T.);
#3229 = FACE_BOUND('',#3230,.T.);
#3230 = EDGE_LOOP('',(#3231,#3232,#3233,#3239));
#3231 = ORIENTED_EDGE('',*,*,#3215,.T.);
#3232 = ORIENTED_EDGE('',*,*,#1306,.T.);
#3233 = ORIENTED_EDGE('',*,*,#3234,.F.);
#3234 = EDGE_CURVE('',#384,#1299,#3235,.T.);
#3235 = LINE('',#3236,#3237);
#3236 = CARTESIAN_POINT('',(155.85961908401,-123.9769347406,0.));
#3237 = VECTOR('',#3238,1.);
#3238 = DIRECTION('',(0.,0.,1.));
#3239 = ORIENTED_EDGE('',*,*,#391,.F.);
#3240 = CYLINDRICAL_SURFACE('',#3241,3.5);
#3241 = AXIS2_PLACEMENT_3D('',#3242,#3243,#3244);
#3242 = CARTESIAN_POINT('',(158.317653,-121.485335,0.));
#3243 = DIRECTION('',(0.,0.,-1.));
#3244 = DIRECTION('',(0.829279597481,-0.558833919158,0.));
#3245 = ADVANCED_FACE('',(#3246),#3257,.F.);
#3246 = FACE_BOUND('',#3247,.F.);
#3247 = EDGE_LOOP('',(#3248,#3254,#3255,#3256));
#3248 = ORIENTED_EDGE('',*,*,#3249,.T.);
#3249 = EDGE_CURVE('',#376,#1291,#3250,.T.);
#3250 = LINE('',#3251,#3252);
#3251 = CARTESIAN_POINT('',(143.71828180388,-111.9991606494,0.));
#3252 = VECTOR('',#3253,1.);
#3253 = DIRECTION('',(0.,0.,1.));
#3254 = ORIENTED_EDGE('',*,*,#1298,.T.);
#3255 = ORIENTED_EDGE('',*,*,#3234,.F.);
#3256 = ORIENTED_EDGE('',*,*,#383,.F.);
#3257 = PLANE('',#3258);
#3258 = AXIS2_PLACEMENT_3D('',#3259,#3260,#3261);
#3259 = CARTESIAN_POINT('',(143.71828180388,-111.9991606494,0.));
#3260 = DIRECTION('',(0.702295404568,0.711885640199,0.));
#3261 = DIRECTION('',(0.711885640199,-0.702295404568,0.));
#3262 = ADVANCED_FACE('',(#3263),#3274,.F.);
#3263 = FACE_BOUND('',#3264,.F.);
#3264 = EDGE_LOOP('',(#3265,#3271,#3272,#3273));
#3265 = ORIENTED_EDGE('',*,*,#3266,.T.);
#3266 = EDGE_CURVE('',#368,#1283,#3267,.T.);
#3267 = LINE('',#3268,#3269);
#3268 = CARTESIAN_POINT('',(128.73651157065,-103.2925569727,0.));
#3269 = VECTOR('',#3270,1.);
#3270 = DIRECTION('',(0.,0.,1.));
#3271 = ORIENTED_EDGE('',*,*,#1290,.T.);
#3272 = ORIENTED_EDGE('',*,*,#3249,.F.);
#3273 = ORIENTED_EDGE('',*,*,#375,.F.);
#3274 = PLANE('',#3275);
#3275 = AXIS2_PLACEMENT_3D('',#3276,#3277,#3278);
#3276 = CARTESIAN_POINT('',(128.73651157065,-103.2925569727,0.));
#3277 = DIRECTION('',(0.502459662555,0.864600652038,0.));
#3278 = DIRECTION('',(0.864600652038,-0.502459662555,0.));
#3279 = ADVANCED_FACE('',(#3280),#3291,.F.);
#3280 = FACE_BOUND('',#3281,.F.);
#3281 = EDGE_LOOP('',(#3282,#3288,#3289,#3290));
#3282 = ORIENTED_EDGE('',*,*,#3283,.T.);
#3283 = EDGE_CURVE('',#359,#1274,#3284,.T.);
#3284 = LINE('',#3285,#3286);
#3285 = CARTESIAN_POINT('',(92.325784707232,-98.55601323373,0.));
#3286 = VECTOR('',#3287,1.);
#3287 = DIRECTION('',(0.,0.,1.));
#3288 = ORIENTED_EDGE('',*,*,#1282,.T.);
#3289 = ORIENTED_EDGE('',*,*,#3266,.F.);
#3290 = ORIENTED_EDGE('',*,*,#367,.F.);
#3291 = PLANE('',#3292);
#3292 = AXIS2_PLACEMENT_3D('',#3293,#3294,#3295);
#3293 = CARTESIAN_POINT('',(92.325784707232,-98.55601323373,0.));
#3294 = DIRECTION('',(0.128999573978,0.991644649012,0.));
#3295 = DIRECTION('',(0.991644649012,-0.128999573978,0.));
#3296 = ADVANCED_FACE('',(#3297),#3308,.T.);
#3297 = FACE_BOUND('',#3298,.F.);
#3298 = EDGE_LOOP('',(#3299,#3305,#3306,#3307));
#3299 = ORIENTED_EDGE('',*,*,#3300,.T.);
#3300 = EDGE_CURVE('',#350,#1265,#3301,.T.);
#3301 = LINE('',#3302,#3303);
#3302 = CARTESIAN_POINT('',(89.831555016265,-97.39840848443,0.));
#3303 = VECTOR('',#3304,1.);
#3304 = DIRECTION('',(0.,0.,1.));
#3305 = ORIENTED_EDGE('',*,*,#1273,.T.);
#3306 = ORIENTED_EDGE('',*,*,#3283,.F.);
#3307 = ORIENTED_EDGE('',*,*,#358,.F.);
#3308 = CYLINDRICAL_SURFACE('',#3309,3.999992432518);
#3309 = AXIS2_PLACEMENT_3D('',#3310,#3311,#3312);
#3310 = CARTESIAN_POINT('',(92.659997646619,-94.57000756748,0.));
#3311 = DIRECTION('',(0.,0.,-1.));
#3312 = DIRECTION('',(4.706832625491E-06,-0.999999999989,0.));
#3313 = ADVANCED_FACE('',(#3314),#3325,.T.);
#3314 = FACE_BOUND('',#3315,.T.);
#3315 = EDGE_LOOP('',(#3316,#3317,#3318,#3324));
#3316 = ORIENTED_EDGE('',*,*,#3300,.T.);
#3317 = ORIENTED_EDGE('',*,*,#1264,.T.);
#3318 = ORIENTED_EDGE('',*,*,#3319,.F.);
#3319 = EDGE_CURVE('',#342,#1257,#3320,.T.);
#3320 = LINE('',#3321,#3322);
#3321 = CARTESIAN_POINT('',(89.478537440338,-96.98581571904,0.));
#3322 = VECTOR('',#3323,1.);
#3323 = DIRECTION('',(0.,0.,1.));
#3324 = ORIENTED_EDGE('',*,*,#349,.F.);
#3325 = CYLINDRICAL_SURFACE('',#3326,3.5);
#3326 = AXIS2_PLACEMENT_3D('',#3327,#3328,#3329);
#3327 = CARTESIAN_POINT('',(92.306447,-94.923553,0.));
#3328 = DIRECTION('',(0.,0.,-1.));
#3329 = DIRECTION('',(0.707101566982,-0.707111995353,0.));
#3330 = ADVANCED_FACE('',(#3331),#3342,.F.);
#3331 = FACE_BOUND('',#3332,.F.);
#3332 = EDGE_LOOP('',(#3333,#3339,#3340,#3341));
#3333 = ORIENTED_EDGE('',*,*,#3334,.T.);
#3334 = EDGE_CURVE('',#334,#1249,#3335,.T.);
#3335 = LINE('',#3336,#3337);
#3336 = CARTESIAN_POINT('',(80.090200951293,-84.11191451262,0.));
#3337 = VECTOR('',#3338,1.);
#3338 = DIRECTION('',(0.,0.,1.));
#3339 = ORIENTED_EDGE('',*,*,#1256,.T.);
#3340 = ORIENTED_EDGE('',*,*,#3319,.F.);
#3341 = ORIENTED_EDGE('',*,*,#341,.F.);
#3342 = PLANE('',#3343);
#3343 = AXIS2_PLACEMENT_3D('',#3344,#3345,#3346);
#3344 = CARTESIAN_POINT('',(80.090200951293,-84.11191451262,0.));
#3345 = DIRECTION('',(0.807974159904,0.589217919728,0.));
#3346 = DIRECTION('',(0.589217919728,-0.807974159904,0.));
#3347 = ADVANCED_FACE('',(#3348),#3359,.F.);
#3348 = FACE_BOUND('',#3349,.F.);
#3349 = EDGE_LOOP('',(#3350,#3356,#3357,#3358));
#3350 = ORIENTED_EDGE('',*,*,#3351,.T.);
#3351 = EDGE_CURVE('',#325,#1240,#3352,.T.);
#3352 = LINE('',#3353,#3354);
#3353 = CARTESIAN_POINT('',(27.977268464031,-93.4412281001,0.));
#3354 = VECTOR('',#3355,1.);
#3355 = DIRECTION('',(0.,0.,1.));
#3356 = ORIENTED_EDGE('',*,*,#1248,.T.);
#3357 = ORIENTED_EDGE('',*,*,#3334,.F.);
#3358 = ORIENTED_EDGE('',*,*,#333,.F.);
#3359 = PLANE('',#3360);
#3360 = AXIS2_PLACEMENT_3D('',#3361,#3362,#3363);
#3361 = CARTESIAN_POINT('',(27.977268464031,-93.4412281001,0.));
#3362 = DIRECTION('',(-0.176219561152,0.984350885745,0.));
#3363 = DIRECTION('',(0.984350885745,0.176219561152,0.));
#3364 = ADVANCED_FACE('',(#3365),#3376,.T.);
#3365 = FACE_BOUND('',#3366,.T.);
#3366 = EDGE_LOOP('',(#3367,#3368,#3369,#3375));
#3367 = ORIENTED_EDGE('',*,*,#3351,.T.);
#3368 = ORIENTED_EDGE('',*,*,#1239,.T.);
#3369 = ORIENTED_EDGE('',*,*,#3370,.F.);
#3370 = EDGE_CURVE('',#317,#1232,#3371,.T.);
#3371 = LINE('',#3372,#3373);
#3372 = CARTESIAN_POINT('',(23.91300126544,-90.59994741096,0.));
#3373 = VECTOR('',#3374,1.);
#3374 = DIRECTION('',(0.,0.,1.));
#3375 = ORIENTED_EDGE('',*,*,#324,.F.);
#3376 = CYLINDRICAL_SURFACE('',#3377,3.5);
#3377 = AXIS2_PLACEMENT_3D('',#3378,#3379,#3380);
#3378 = CARTESIAN_POINT('',(27.3605,-89.996,0.));
#3379 = DIRECTION('',(0.,0.,-1.));
#3380 = DIRECTION('',(0.984350885745,0.176219561152,0.));
#3381 = ADVANCED_FACE('',(#3382,#3393),#3427,.F.);
#3382 = FACE_BOUND('',#3383,.F.);
#3383 = EDGE_LOOP('',(#3384,#3390,#3391,#3392));
#3384 = ORIENTED_EDGE('',*,*,#3385,.T.);
#3385 = EDGE_CURVE('',#308,#1223,#3386,.T.);
#3386 = LINE('',#3387,#3388);
#3387 = CARTESIAN_POINT('',(19.15850126544,-63.45994741096,0.));
#3388 = VECTOR('',#3389,1.);
#3389 = DIRECTION('',(0.,0.,1.));
#3390 = ORIENTED_EDGE('',*,*,#1231,.T.);
#3391 = ORIENTED_EDGE('',*,*,#3370,.F.);
#3392 = ORIENTED_EDGE('',*,*,#316,.F.);
#3393 = FACE_BOUND('',#3394,.F.);
#3394 = EDGE_LOOP('',(#3395,#3405,#3413,#3421));
#3395 = ORIENTED_EDGE('',*,*,#3396,.T.);
#3396 = EDGE_CURVE('',#3397,#3399,#3401,.T.);
#3397 = VERTEX_POINT('',#3398);
#3398 = CARTESIAN_POINT('',(20.681137437388,-72.15157549102,3.5));
#3399 = VERTEX_POINT('',#3400);
#3400 = CARTESIAN_POINT('',(20.681137437388,-72.15157549102,0.5));
#3401 = LINE('',#3402,#3403);
#3402 = CARTESIAN_POINT('',(20.681137437388,-72.15157549102,1.75));
#3403 = VECTOR('',#3404,1.);
#3404 = DIRECTION('',(-2.873641377047E-17,1.640353916775E-16,-1.));
#3405 = ORIENTED_EDGE('',*,*,#3406,.T.);
#3406 = EDGE_CURVE('',#3399,#3407,#3409,.T.);
#3407 = VERTEX_POINT('',#3408);
#3408 = CARTESIAN_POINT('',(22.234145065572,-81.01657223703,0.5));
#3409 = LINE('',#3410,#3411);
#3410 = CARTESIAN_POINT('',(19.919819351414,-67.80576145099,0.5));
#3411 = VECTOR('',#3412,1.);
#3412 = DIRECTION('',(0.172556403132,-0.984999638446,-1.665334536938E-16
    ));
#3413 = ORIENTED_EDGE('',*,*,#3414,.T.);
#3414 = EDGE_CURVE('',#3407,#3415,#3417,.T.);
#3415 = VERTEX_POINT('',#3416);
#3416 = CARTESIAN_POINT('',(22.234145065572,-81.01657223703,3.5));
#3417 = LINE('',#3418,#3419);
#3418 = CARTESIAN_POINT('',(22.234145065572,-81.01657223703,0.25));
#3419 = VECTOR('',#3420,1.);
#3420 = DIRECTION('',(2.873641377047E-17,-1.640353916775E-16,1.));
#3421 = ORIENTED_EDGE('',*,*,#3422,.T.);
#3422 = EDGE_CURVE('',#3415,#3397,#3423,.T.);
#3423 = LINE('',#3424,#3425);
#3424 = CARTESIAN_POINT('',(20.696323165506,-72.23825982399,3.5));
#3425 = VECTOR('',#3426,1.);
#3426 = DIRECTION('',(-0.172556403132,0.984999638446,1.665334536938E-16)
  );
#3427 = PLANE('',#3428);
#3428 = AXIS2_PLACEMENT_3D('',#3429,#3430,#3431);
#3429 = CARTESIAN_POINT('',(19.15850126544,-63.45994741096,0.));
#3430 = DIRECTION('',(0.984999638446,0.172556403132,0.));
#3431 = DIRECTION('',(0.172556403132,-0.984999638446,0.));
#3432 = ADVANCED_FACE('',(#3433),#3444,.T.);
#3433 = FACE_BOUND('',#3434,.T.);
#3434 = EDGE_LOOP('',(#3435,#3436,#3437,#3443));
#3435 = ORIENTED_EDGE('',*,*,#3385,.T.);
#3436 = ORIENTED_EDGE('',*,*,#1222,.T.);
#3437 = ORIENTED_EDGE('',*,*,#3438,.F.);
#3438 = EDGE_CURVE('',#300,#1215,#3439,.T.);
#3439 = LINE('',#3440,#3441);
#3440 = CARTESIAN_POINT('',(19.158500740074,-63.45994441201,0.));
#3441 = VECTOR('',#3442,1.);
#3442 = DIRECTION('',(0.,0.,1.));
#3443 = ORIENTED_EDGE('',*,*,#307,.F.);
#3444 = CYLINDRICAL_SURFACE('',#3445,3.5);
#3445 = AXIS2_PLACEMENT_3D('',#3446,#3447,#3448);
#3446 = CARTESIAN_POINT('',(22.606,-62.856,0.));
#3447 = DIRECTION('',(0.,0.,-1.));
#3448 = DIRECTION('',(0.172556403132,-0.984999638446,0.));
#3449 = ADVANCED_FACE('',(#3450),#3461,.F.);
#3450 = FACE_BOUND('',#3451,.F.);
#3451 = EDGE_LOOP('',(#3452,#3458,#3459,#3460));
#3452 = ORIENTED_EDGE('',*,*,#3453,.T.);
#3453 = EDGE_CURVE('',#291,#1206,#3454,.T.);
#3454 = LINE('',#3455,#3456);
#3455 = CARTESIAN_POINT('',(18.107400740074,-57.45994441201,0.));
#3456 = VECTOR('',#3457,1.);
#3457 = DIRECTION('',(0.,0.,1.));
#3458 = ORIENTED_EDGE('',*,*,#1214,.T.);
#3459 = ORIENTED_EDGE('',*,*,#3438,.F.);
#3460 = ORIENTED_EDGE('',*,*,#299,.F.);
#3461 = PLANE('',#3462);
#3462 = AXIS2_PLACEMENT_3D('',#3463,#3464,#3465);
#3463 = CARTESIAN_POINT('',(18.107400740074,-57.45994441201,0.));
#3464 = DIRECTION('',(0.98499978855,0.172555546291,0.));
#3465 = DIRECTION('',(0.172555546291,-0.98499978855,0.));
#3466 = ADVANCED_FACE('',(#3467),#3478,.T.);
#3467 = FACE_BOUND('',#3468,.T.);
#3468 = EDGE_LOOP('',(#3469,#3470,#3471,#3477));
#3469 = ORIENTED_EDGE('',*,*,#3453,.T.);
#3470 = ORIENTED_EDGE('',*,*,#1205,.T.);
#3471 = ORIENTED_EDGE('',*,*,#3472,.F.);
#3472 = EDGE_CURVE('',#283,#1198,#3473,.T.);
#3473 = LINE('',#3474,#3475);
#3474 = CARTESIAN_POINT('',(18.107399954304,-57.45993992658,0.));
#3475 = VECTOR('',#3476,1.);
#3476 = DIRECTION('',(0.,0.,1.));
#3477 = ORIENTED_EDGE('',*,*,#290,.F.);
#3478 = CYLINDRICAL_SURFACE('',#3479,3.5);
#3479 = AXIS2_PLACEMENT_3D('',#3480,#3481,#3482);
#3480 = CARTESIAN_POINT('',(21.5549,-56.856,0.));
#3481 = DIRECTION('',(0.,0.,-1.));
#3482 = DIRECTION('',(0.172555546291,-0.98499978855,0.));
#3483 = ADVANCED_FACE('',(#3484),#3495,.F.);
#3484 = FACE_BOUND('',#3485,.F.);
#3485 = EDGE_LOOP('',(#3486,#3492,#3493,#3494));
#3486 = ORIENTED_EDGE('',*,*,#3487,.T.);
#3487 = EDGE_CURVE('',#275,#1190,#3488,.T.);
#3488 = LINE('',#3489,#3490);
#3489 = CARTESIAN_POINT('',(16.27850034719,-47.01994216931,0.));
#3490 = VECTOR('',#3491,1.);
#3491 = DIRECTION('',(0.,0.,1.));
#3492 = ORIENTED_EDGE('',*,*,#1197,.T.);
#3493 = ORIENTED_EDGE('',*,*,#3472,.F.);
#3494 = ORIENTED_EDGE('',*,*,#282,.F.);
#3495 = PLANE('',#3496);
#3496 = AXIS2_PLACEMENT_3D('',#3497,#3498,#3499);
#3497 = CARTESIAN_POINT('',(16.27850034719,-47.01994216931,0.));
#3498 = DIRECTION('',(0.985000013056,0.172554264739,0.));
#3499 = DIRECTION('',(0.172554264739,-0.985000013056,0.));
#3500 = ADVANCED_FACE('',(#3501),#3512,.F.);
#3501 = FACE_BOUND('',#3502,.F.);
#3502 = EDGE_LOOP('',(#3503,#3509,#3510,#3511));
#3503 = ORIENTED_EDGE('',*,*,#3504,.T.);
#3504 = EDGE_CURVE('',#266,#1181,#3505,.T.);
#3505 = LINE('',#3506,#3507);
#3506 = CARTESIAN_POINT('',(15.227400740074,-41.01994441201,0.));
#3507 = VECTOR('',#3508,1.);
#3508 = DIRECTION('',(0.,0.,1.));
#3509 = ORIENTED_EDGE('',*,*,#1189,.T.);
#3510 = ORIENTED_EDGE('',*,*,#3487,.F.);
#3511 = ORIENTED_EDGE('',*,*,#274,.F.);
#3512 = PLANE('',#3513);
#3513 = AXIS2_PLACEMENT_3D('',#3514,#3515,#3516);
#3514 = CARTESIAN_POINT('',(15.227400740074,-41.01994441201,0.));
#3515 = DIRECTION('',(0.98499978855,0.172555546291,0.));
#3516 = DIRECTION('',(0.172555546291,-0.98499978855,0.));
#3517 = ADVANCED_FACE('',(#3518),#3529,.T.);
#3518 = FACE_BOUND('',#3519,.T.);
#3519 = EDGE_LOOP('',(#3520,#3521,#3522,#3528));
#3520 = ORIENTED_EDGE('',*,*,#3504,.T.);
#3521 = ORIENTED_EDGE('',*,*,#1180,.T.);
#3522 = ORIENTED_EDGE('',*,*,#3523,.F.);
#3523 = EDGE_CURVE('',#258,#1173,#3524,.T.);
#3524 = LINE('',#3525,#3526);
#3525 = CARTESIAN_POINT('',(15.227394341823,-41.0199078877,0.));
#3526 = VECTOR('',#3527,1.);
#3527 = DIRECTION('',(0.,0.,1.));
#3528 = ORIENTED_EDGE('',*,*,#265,.F.);
#3529 = CYLINDRICAL_SURFACE('',#3530,3.5);
#3530 = AXIS2_PLACEMENT_3D('',#3531,#3532,#3533);
#3531 = CARTESIAN_POINT('',(18.6749,-40.416,0.));
#3532 = DIRECTION('',(0.,0.,-1.));
#3533 = DIRECTION('',(0.172555546291,-0.98499978855,0.));
#3534 = ADVANCED_FACE('',(#3535),#3546,.F.);
#3535 = FACE_BOUND('',#3536,.F.);
#3536 = EDGE_LOOP('',(#3537,#3543,#3544,#3545));
#3537 = ORIENTED_EDGE('',*,*,#3538,.T.);
#3538 = EDGE_CURVE('',#249,#1164,#3539,.T.);
#3539 = LINE('',#3540,#3541);
#3540 = CARTESIAN_POINT('',(14.312994341823,-35.7999078877,0.));
#3541 = VECTOR('',#3542,1.);
#3542 = DIRECTION('',(0.,0.,1.));
#3543 = ORIENTED_EDGE('',*,*,#1172,.T.);
#3544 = ORIENTED_EDGE('',*,*,#3523,.F.);
#3545 = ORIENTED_EDGE('',*,*,#257,.F.);
#3546 = PLANE('',#3547);
#3547 = AXIS2_PLACEMENT_3D('',#3548,#3549,#3550);
#3548 = CARTESIAN_POINT('',(14.312994341823,-35.7999078877,0.));
#3549 = DIRECTION('',(0.985001616622,0.172545110774,0.));
#3550 = DIRECTION('',(0.172545110774,-0.985001616622,0.));
#3551 = ADVANCED_FACE('',(#3552),#3563,.T.);
#3552 = FACE_BOUND('',#3553,.T.);
#3553 = EDGE_LOOP('',(#3554,#3555,#3556,#3562));
#3554 = ORIENTED_EDGE('',*,*,#3538,.T.);
#3555 = ORIENTED_EDGE('',*,*,#1163,.T.);
#3556 = ORIENTED_EDGE('',*,*,#3557,.F.);
#3557 = EDGE_CURVE('',#241,#1156,#3558,.T.);
#3558 = LINE('',#3559,#3560);
#3559 = CARTESIAN_POINT('',(17.141567031585,-31.75116009361,0.));
#3560 = VECTOR('',#3561,1.);
#3561 = DIRECTION('',(0.,0.,1.));
#3562 = ORIENTED_EDGE('',*,*,#248,.F.);
#3563 = CYLINDRICAL_SURFACE('',#3564,3.5);
#3564 = AXIS2_PLACEMENT_3D('',#3565,#3566,#3567);
#3565 = CARTESIAN_POINT('',(17.7605,-35.196,0.));
#3566 = DIRECTION('',(0.,0.,-1.));
#3567 = DIRECTION('',(0.172545110774,-0.985001616622,0.));
#3568 = ADVANCED_FACE('',(#3569),#3580,.F.);
#3569 = FACE_BOUND('',#3570,.F.);
#3570 = EDGE_LOOP('',(#3571,#3577,#3578,#3579));
#3571 = ORIENTED_EDGE('',*,*,#3572,.T.);
#3572 = EDGE_CURVE('',#233,#1148,#3573,.T.);
#3573 = LINE('',#3574,#3575);
#3574 = CARTESIAN_POINT('',(56.56048,-24.66878022161,0.));
#3575 = VECTOR('',#3576,1.);
#3576 = DIRECTION('',(0.,0.,1.));
#3577 = ORIENTED_EDGE('',*,*,#1155,.T.);
#3578 = ORIENTED_EDGE('',*,*,#3557,.F.);
#3579 = ORIENTED_EDGE('',*,*,#240,.F.);
#3580 = PLANE('',#3581);
#3581 = AXIS2_PLACEMENT_3D('',#3582,#3583,#3584);
#3582 = CARTESIAN_POINT('',(56.56048,-24.66878022161,0.));
#3583 = DIRECTION('',(0.176837990976,-0.984239973252,0.));
#3584 = DIRECTION('',(-0.984239973252,-0.176837990976,0.));
#3585 = ADVANCED_FACE('',(#3586),#3597,.F.);
#3586 = FACE_BOUND('',#3587,.F.);
#3587 = EDGE_LOOP('',(#3588,#3594,#3595,#3596));
#3588 = ORIENTED_EDGE('',*,*,#3589,.T.);
#3589 = EDGE_CURVE('',#224,#1139,#3590,.T.);
#3590 = LINE('',#3591,#3592);
#3591 = CARTESIAN_POINT('',(56.56048,-23.79598,0.));
#3592 = VECTOR('',#3593,1.);
#3593 = DIRECTION('',(0.,0.,1.));
#3594 = ORIENTED_EDGE('',*,*,#1147,.T.);
#3595 = ORIENTED_EDGE('',*,*,#3572,.F.);
#3596 = ORIENTED_EDGE('',*,*,#232,.F.);
#3597 = PLANE('',#3598);
#3598 = AXIS2_PLACEMENT_3D('',#3599,#3600,#3601);
#3599 = CARTESIAN_POINT('',(56.56048,-23.79598,0.));
#3600 = DIRECTION('',(1.,0.,0.));
#3601 = DIRECTION('',(0.,-1.,0.));
#3602 = ADVANCED_FACE('',(#3603),#3614,.T.);
#3603 = FACE_BOUND('',#3604,.T.);
#3604 = EDGE_LOOP('',(#3605,#3606,#3607,#3613));
#3605 = ORIENTED_EDGE('',*,*,#3589,.T.);
#3606 = ORIENTED_EDGE('',*,*,#1138,.T.);
#3607 = ORIENTED_EDGE('',*,*,#3608,.F.);
#3608 = EDGE_CURVE('',#216,#1131,#3609,.T.);
#3609 = LINE('',#3610,#3611);
#3610 = CARTESIAN_POINT('',(59.748520761018,-20.30991037458,0.));
#3611 = VECTOR('',#3612,1.);
#3612 = DIRECTION('',(0.,0.,1.));
#3613 = ORIENTED_EDGE('',*,*,#223,.F.);
#3614 = CYLINDRICAL_SURFACE('',#3615,3.5);
#3615 = AXIS2_PLACEMENT_3D('',#3616,#3617,#3618);
#3616 = CARTESIAN_POINT('',(60.06048,-23.79598,0.));
#3617 = DIRECTION('',(0.,0.,-1.));
#3618 = DIRECTION('',(0.,-1.,0.));
#3619 = ADVANCED_FACE('',(#3620),#3631,.F.);
#3620 = FACE_BOUND('',#3621,.F.);
#3621 = EDGE_LOOP('',(#3622,#3628,#3629,#3630));
#3622 = ORIENTED_EDGE('',*,*,#3623,.T.);
#3623 = EDGE_CURVE('',#208,#1123,#3624,.T.);
#3624 = LINE('',#3625,#3626);
#3625 = CARTESIAN_POINT('',(79.41,-18.55045610094,0.));
#3626 = VECTOR('',#3627,1.);
#3627 = DIRECTION('',(0.,0.,1.));
#3628 = ORIENTED_EDGE('',*,*,#1130,.T.);
#3629 = ORIENTED_EDGE('',*,*,#3608,.F.);
#3630 = ORIENTED_EDGE('',*,*,#215,.F.);
#3631 = PLANE('',#3632);
#3632 = AXIS2_PLACEMENT_3D('',#3633,#3634,#3635);
#3633 = CARTESIAN_POINT('',(79.41,-18.55045610094,0.));
#3634 = DIRECTION('',(8.913121113783E-02,-0.996019892975,0.));
#3635 = DIRECTION('',(-0.996019892975,-8.913121113783E-02,0.));
#3636 = ADVANCED_FACE('',(#3637),#3648,.F.);
#3637 = FACE_BOUND('',#3638,.F.);
#3638 = EDGE_LOOP('',(#3639,#3645,#3646,#3647));
#3639 = ORIENTED_EDGE('',*,*,#3640,.T.);
#3640 = EDGE_CURVE('',#199,#1114,#3641,.T.);
#3641 = LINE('',#3642,#3643);
#3642 = CARTESIAN_POINT('',(79.41,-17.57,0.));
#3643 = VECTOR('',#3644,1.);
#3644 = DIRECTION('',(0.,0.,1.));
#3645 = ORIENTED_EDGE('',*,*,#1122,.T.);
#3646 = ORIENTED_EDGE('',*,*,#3623,.F.);
#3647 = ORIENTED_EDGE('',*,*,#207,.F.);
#3648 = PLANE('',#3649);
#3649 = AXIS2_PLACEMENT_3D('',#3650,#3651,#3652);
#3650 = CARTESIAN_POINT('',(79.41,-17.57,0.));
#3651 = DIRECTION('',(1.,0.,0.));
#3652 = DIRECTION('',(0.,-1.,0.));
#3653 = ADVANCED_FACE('',(#3654),#3665,.T.);
#3654 = FACE_BOUND('',#3655,.T.);
#3655 = EDGE_LOOP('',(#3656,#3657,#3658,#3664));
#3656 = ORIENTED_EDGE('',*,*,#3640,.T.);
#3657 = ORIENTED_EDGE('',*,*,#1113,.T.);
#3658 = ORIENTED_EDGE('',*,*,#3659,.F.);
#3659 = EDGE_CURVE('',#190,#1105,#3660,.T.);
#3660 = LINE('',#3661,#3662);
#3661 = CARTESIAN_POINT('',(79.410000000012,-17.56999066501,0.));
#3662 = VECTOR('',#3663,1.);
#3663 = DIRECTION('',(0.,0.,1.));
#3664 = ORIENTED_EDGE('',*,*,#198,.F.);
#3665 = CYLINDRICAL_SURFACE('',#3666,3.5);
#3666 = AXIS2_PLACEMENT_3D('',#3667,#3668,#3669);
#3667 = CARTESIAN_POINT('',(82.91,-17.57,0.));
#3668 = DIRECTION('',(0.,0.,-1.));
#3669 = DIRECTION('',(0.,-1.,0.));
#3670 = ADVANCED_FACE('',(#3671),#3682,.T.);
#3671 = FACE_BOUND('',#3672,.F.);
#3672 = EDGE_LOOP('',(#3673,#3679,#3680,#3681));
#3673 = ORIENTED_EDGE('',*,*,#3674,.T.);
#3674 = EDGE_CURVE('',#181,#1096,#3675,.T.);
#3675 = LINE('',#3676,#3677);
#3676 = CARTESIAN_POINT('',(83.409990665013,-13.57000000001,0.));
#3677 = VECTOR('',#3678,1.);
#3678 = DIRECTION('',(0.,0.,1.));
#3679 = ORIENTED_EDGE('',*,*,#1104,.T.);
#3680 = ORIENTED_EDGE('',*,*,#3659,.F.);
#3681 = ORIENTED_EDGE('',*,*,#189,.F.);
#3682 = CYLINDRICAL_SURFACE('',#3683,4.000001333575);
#3683 = AXIS2_PLACEMENT_3D('',#3684,#3685,#3686);
#3684 = CARTESIAN_POINT('',(83.410001333573,-17.57000133357,0.));
#3685 = DIRECTION('',(-0.,-0.,-1.));
#3686 = DIRECTION('',(-0.999999999996,2.667139198148E-06,0.));
#3687 = ADVANCED_FACE('',(#3688),#3699,.T.);
#3688 = FACE_BOUND('',#3689,.T.);
#3689 = EDGE_LOOP('',(#3690,#3691,#3692,#3698));
#3690 = ORIENTED_EDGE('',*,*,#3674,.T.);
#3691 = ORIENTED_EDGE('',*,*,#1095,.T.);
#3692 = ORIENTED_EDGE('',*,*,#3693,.F.);
#3693 = EDGE_CURVE('',#173,#1088,#3694,.T.);
#3694 = LINE('',#3695,#3696);
#3695 = CARTESIAN_POINT('',(83.41,-13.57,0.));
#3696 = VECTOR('',#3697,1.);
#3697 = DIRECTION('',(0.,0.,1.));
#3698 = ORIENTED_EDGE('',*,*,#180,.F.);
#3699 = CYLINDRICAL_SURFACE('',#3700,3.5);
#3700 = AXIS2_PLACEMENT_3D('',#3701,#3702,#3703);
#3701 = CARTESIAN_POINT('',(83.41,-17.07,0.));
#3702 = DIRECTION('',(0.,0.,-1.));
#3703 = DIRECTION('',(-0.999999999996,-2.667139219752E-06,0.));
#3704 = ADVANCED_FACE('',(#3705),#3716,.F.);
#3705 = FACE_BOUND('',#3706,.F.);
#3706 = EDGE_LOOP('',(#3707,#3713,#3714,#3715));
#3707 = ORIENTED_EDGE('',*,*,#3708,.T.);
#3708 = EDGE_CURVE('',#164,#1079,#3709,.T.);
#3709 = LINE('',#3710,#3711);
#3710 = CARTESIAN_POINT('',(100.41,-13.57,0.));
#3711 = VECTOR('',#3712,1.);
#3712 = DIRECTION('',(0.,0.,1.));
#3713 = ORIENTED_EDGE('',*,*,#1087,.T.);
#3714 = ORIENTED_EDGE('',*,*,#3693,.F.);
#3715 = ORIENTED_EDGE('',*,*,#172,.F.);
#3716 = PLANE('',#3717);
#3717 = AXIS2_PLACEMENT_3D('',#3718,#3719,#3720);
#3718 = CARTESIAN_POINT('',(100.41,-13.57,0.));
#3719 = DIRECTION('',(0.,-1.,0.));
#3720 = DIRECTION('',(-1.,0.,0.));
#3721 = ADVANCED_FACE('',(#3722),#3733,.T.);
#3722 = FACE_BOUND('',#3723,.T.);
#3723 = EDGE_LOOP('',(#3724,#3725,#3726,#3732));
#3724 = ORIENTED_EDGE('',*,*,#3708,.T.);
#3725 = ORIENTED_EDGE('',*,*,#1078,.T.);
#3726 = ORIENTED_EDGE('',*,*,#3727,.F.);
#3727 = EDGE_CURVE('',#155,#1070,#3728,.T.);
#3728 = LINE('',#3729,#3730);
#3729 = CARTESIAN_POINT('',(100.41000933498,-13.57000000001,0.));
#3730 = VECTOR('',#3731,1.);
#3731 = DIRECTION('',(0.,0.,1.));
#3732 = ORIENTED_EDGE('',*,*,#163,.F.);
#3733 = CYLINDRICAL_SURFACE('',#3734,3.5);
#3734 = AXIS2_PLACEMENT_3D('',#3735,#3736,#3737);
#3735 = CARTESIAN_POINT('',(100.41,-17.07,0.));
#3736 = DIRECTION('',(0.,0.,-1.));
#3737 = DIRECTION('',(-1.,0.,0.));
#3738 = ADVANCED_FACE('',(#3739),#3750,.T.);
#3739 = FACE_BOUND('',#3740,.F.);
#3740 = EDGE_LOOP('',(#3741,#3747,#3748,#3749));
#3741 = ORIENTED_EDGE('',*,*,#3742,.T.);
#3742 = EDGE_CURVE('',#147,#1062,#3743,.T.);
#3743 = LINE('',#3744,#3745);
#3744 = CARTESIAN_POINT('',(104.00687314312,-15.82,0.));
#3745 = VECTOR('',#3746,1.);
#3746 = DIRECTION('',(0.,0.,1.));
#3747 = ORIENTED_EDGE('',*,*,#1069,.T.);
#3748 = ORIENTED_EDGE('',*,*,#3727,.F.);
#3749 = ORIENTED_EDGE('',*,*,#154,.F.);
#3750 = CYLINDRICAL_SURFACE('',#3751,4.000001333575);
#3751 = AXIS2_PLACEMENT_3D('',#3752,#3753,#3754);
#3752 = CARTESIAN_POINT('',(100.40999866642,-17.57000133357,0.));
#3753 = DIRECTION('',(0.,0.,-1.));
#3754 = DIRECTION('',(2.667139162621E-06,0.999999999996,0.));
#3755 = ADVANCED_FACE('',(#3756),#3767,.F.);
#3756 = FACE_BOUND('',#3757,.F.);
#3757 = EDGE_LOOP('',(#3758,#3764,#3765,#3766));
#3758 = ORIENTED_EDGE('',*,*,#3759,.T.);
#3759 = EDGE_CURVE('',#138,#1053,#3760,.T.);
#3760 = LINE('',#3761,#3762);
#3761 = CARTESIAN_POINT('',(119.41,-15.82,0.));
#3762 = VECTOR('',#3763,1.);
#3763 = DIRECTION('',(0.,0.,1.));
#3764 = ORIENTED_EDGE('',*,*,#1061,.T.);
#3765 = ORIENTED_EDGE('',*,*,#3742,.F.);
#3766 = ORIENTED_EDGE('',*,*,#146,.F.);
#3767 = PLANE('',#3768);
#3768 = AXIS2_PLACEMENT_3D('',#3769,#3770,#3771);
#3769 = CARTESIAN_POINT('',(119.41,-15.82,0.));
#3770 = DIRECTION('',(0.,-1.,0.));
#3771 = DIRECTION('',(-1.,0.,0.));
#3772 = ADVANCED_FACE('',(#3773),#3784,.T.);
#3773 = FACE_BOUND('',#3774,.T.);
#3774 = EDGE_LOOP('',(#3775,#3776,#3777,#3783));
#3775 = ORIENTED_EDGE('',*,*,#3759,.T.);
#3776 = ORIENTED_EDGE('',*,*,#1052,.T.);
#3777 = ORIENTED_EDGE('',*,*,#3778,.F.);
#3778 = EDGE_CURVE('',#129,#1044,#3779,.T.);
#3779 = LINE('',#3780,#3781);
#3780 = CARTESIAN_POINT('',(119.41000933498,-15.82000000001,0.));
#3781 = VECTOR('',#3782,1.);
#3782 = DIRECTION('',(0.,0.,1.));
#3783 = ORIENTED_EDGE('',*,*,#137,.F.);
#3784 = CYLINDRICAL_SURFACE('',#3785,3.5);
#3785 = AXIS2_PLACEMENT_3D('',#3786,#3787,#3788);
#3786 = CARTESIAN_POINT('',(119.41,-19.32,0.));
#3787 = DIRECTION('',(0.,0.,-1.));
#3788 = DIRECTION('',(-1.,0.,0.));
#3789 = ADVANCED_FACE('',(#3790),#3801,.T.);
#3790 = FACE_BOUND('',#3791,.F.);
#3791 = EDGE_LOOP('',(#3792,#3798,#3799,#3800));
#3792 = ORIENTED_EDGE('',*,*,#3793,.T.);
#3793 = EDGE_CURVE('',#121,#1036,#3794,.T.);
#3794 = LINE('',#3795,#3796);
#3795 = CARTESIAN_POINT('',(123.11739934552,-18.3182720393,0.));
#3796 = VECTOR('',#3797,1.);
#3797 = DIRECTION('',(0.,0.,1.));
#3798 = ORIENTED_EDGE('',*,*,#1043,.T.);
#3799 = ORIENTED_EDGE('',*,*,#3778,.F.);
#3800 = ORIENTED_EDGE('',*,*,#128,.F.);
#3801 = CYLINDRICAL_SURFACE('',#3802,4.000001333575);
#3802 = AXIS2_PLACEMENT_3D('',#3803,#3804,#3805);
#3803 = CARTESIAN_POINT('',(119.40999866642,-19.82000133357,0.));
#3804 = DIRECTION('',(0.,0.,-1.));
#3805 = DIRECTION('',(2.667139162621E-06,0.999999999996,0.));
#3806 = ADVANCED_FACE('',(#3807),#3818,.F.);
#3807 = FACE_BOUND('',#3808,.F.);
#3808 = EDGE_LOOP('',(#3809,#3815,#3816,#3817));
#3809 = ORIENTED_EDGE('',*,*,#3810,.T.);
#3810 = EDGE_CURVE('',#112,#1027,#3811,.T.);
#3811 = LINE('',#3812,#3813);
#3812 = CARTESIAN_POINT('',(158.05824709399,-18.29598071226,0.));
#3813 = VECTOR('',#3814,1.);
#3814 = DIRECTION('',(0.,0.,1.));
#3815 = ORIENTED_EDGE('',*,*,#1035,.T.);
#3816 = ORIENTED_EDGE('',*,*,#3793,.F.);
#3817 = ORIENTED_EDGE('',*,*,#120,.F.);
#3818 = PLANE('',#3819);
#3819 = AXIS2_PLACEMENT_3D('',#3820,#3821,#3822);
#3820 = CARTESIAN_POINT('',(158.05824709399,-18.29598071226,0.));
#3821 = DIRECTION('',(6.37973144348E-04,-0.999999796495,0.));
#3822 = DIRECTION('',(-0.999999796495,-6.37973144348E-04,0.));
#3823 = ADVANCED_FACE('',(#3824),#3830,.T.);
#3824 = FACE_BOUND('',#3825,.T.);
#3825 = EDGE_LOOP('',(#3826,#3827,#3828,#3829));
#3826 = ORIENTED_EDGE('',*,*,#3810,.T.);
#3827 = ORIENTED_EDGE('',*,*,#1026,.T.);
#3828 = ORIENTED_EDGE('',*,*,#1001,.F.);
#3829 = ORIENTED_EDGE('',*,*,#111,.F.);
#3830 = CYLINDRICAL_SURFACE('',#3831,3.5);
#3831 = AXIS2_PLACEMENT_3D('',#3832,#3833,#3834);
#3832 = CARTESIAN_POINT('',(158.06048,-21.79598,0.));
#3833 = DIRECTION('',(0.,0.,-1.));
#3834 = DIRECTION('',(-0.999999796495,-6.37973144348E-04,0.));
#3835 = ADVANCED_FACE('',(#3836),#3852,.T.);
#3836 = FACE_BOUND('',#3837,.T.);
#3837 = EDGE_LOOP('',(#3838,#3839,#3845,#3846));
#3838 = ORIENTED_EDGE('',*,*,#2784,.F.);
#3839 = ORIENTED_EDGE('',*,*,#3840,.T.);
#3840 = EDGE_CURVE('',#2785,#3397,#3841,.T.);
#3841 = LINE('',#3842,#3843);
#3842 = CARTESIAN_POINT('',(38.803491847257,-68.97682478941,3.5));
#3843 = VECTOR('',#3844,1.);
#3844 = DIRECTION('',(-0.984999638446,-0.172556403132,
    -1.110223024625E-16));
#3845 = ORIENTED_EDGE('',*,*,#3396,.T.);
#3846 = ORIENTED_EDGE('',*,*,#3847,.F.);
#3847 = EDGE_CURVE('',#2787,#3399,#3848,.T.);
#3848 = LINE('',#3849,#3850);
#3849 = CARTESIAN_POINT('',(38.803491847257,-68.97682478941,0.5));
#3850 = VECTOR('',#3851,1.);
#3851 = DIRECTION('',(-0.984999638446,-0.172556403132,
    -1.110223024625E-16));
#3852 = PLANE('',#3853);
#3853 = AXIS2_PLACEMENT_3D('',#3854,#3855,#3856);
#3854 = CARTESIAN_POINT('',(38.803491847257,-68.97682478941,3.5));
#3855 = DIRECTION('',(0.172556403132,-0.984999638446,-1.665334536938E-16
    ));
#3856 = DIRECTION('',(6.28623296266E-17,1.800820470011E-16,-1.));
#3857 = ADVANCED_FACE('',(#3858),#3869,.T.);
#3858 = FACE_BOUND('',#3859,.T.);
#3859 = EDGE_LOOP('',(#3860,#3861,#3867,#3868));
#3860 = ORIENTED_EDGE('',*,*,#2810,.F.);
#3861 = ORIENTED_EDGE('',*,*,#3862,.T.);
#3862 = EDGE_CURVE('',#2803,#3415,#3863,.T.);
#3863 = LINE('',#3864,#3865);
#3864 = CARTESIAN_POINT('',(40.356499475441,-77.84182153542,3.5));
#3865 = VECTOR('',#3866,1.);
#3866 = DIRECTION('',(-0.984999638446,-0.172556403132,
    -1.110223024625E-16));
#3867 = ORIENTED_EDGE('',*,*,#3422,.T.);
#3868 = ORIENTED_EDGE('',*,*,#3840,.F.);
#3869 = PLANE('',#3870);
#3870 = AXIS2_PLACEMENT_3D('',#3871,#3872,#3873);
#3871 = CARTESIAN_POINT('',(40.356499475441,-77.84182153542,3.5));
#3872 = DIRECTION('',(8.062051401452E-17,1.831930008578E-16,-1.));
#3873 = DIRECTION('',(-0.172556403132,0.984999638446,1.665334536938E-16)
  );
#3874 = ADVANCED_FACE('',(#3875),#3886,.T.);
#3875 = FACE_BOUND('',#3876,.T.);
#3876 = EDGE_LOOP('',(#3877,#3878,#3884,#3885));
#3877 = ORIENTED_EDGE('',*,*,#2802,.F.);
#3878 = ORIENTED_EDGE('',*,*,#3879,.T.);
#3879 = EDGE_CURVE('',#2795,#3407,#3880,.T.);
#3880 = LINE('',#3881,#3882);
#3881 = CARTESIAN_POINT('',(40.356499475441,-77.84182153542,0.5));
#3882 = VECTOR('',#3883,1.);
#3883 = DIRECTION('',(-0.984999638446,-0.172556403132,
    -1.110223024625E-16));
#3884 = ORIENTED_EDGE('',*,*,#3414,.T.);
#3885 = ORIENTED_EDGE('',*,*,#3862,.F.);
#3886 = PLANE('',#3887);
#3887 = AXIS2_PLACEMENT_3D('',#3888,#3889,#3890);
#3888 = CARTESIAN_POINT('',(40.356499475441,-77.84182153542,0.5));
#3889 = DIRECTION('',(-0.172556403132,0.984999638446,1.665334536938E-16)
  );
#3890 = DIRECTION('',(-6.28623296266E-17,-1.800820470011E-16,1.));
#3891 = ADVANCED_FACE('',(#3892),#3898,.T.);
#3892 = FACE_BOUND('',#3893,.T.);
#3893 = EDGE_LOOP('',(#3894,#3895,#3896,#3897));
#3894 = ORIENTED_EDGE('',*,*,#2794,.F.);
#3895 = ORIENTED_EDGE('',*,*,#3847,.T.);
#3896 = ORIENTED_EDGE('',*,*,#3406,.T.);
#3897 = ORIENTED_EDGE('',*,*,#3879,.F.);
#3898 = PLANE('',#3899);
#3899 = AXIS2_PLACEMENT_3D('',#3900,#3901,#3902);
#3900 = CARTESIAN_POINT('',(38.803491847257,-68.97682478941,0.5));
#3901 = DIRECTION('',(-8.062051401452E-17,-1.831930008578E-16,1.));
#3902 = DIRECTION('',(0.172556403132,-0.984999638446,-1.665334536938E-16
    ));
#3903 = MANIFOLD_SOLID_BREP('',#3904);
#3904 = CLOSED_SHELL('',(#3905,#3945,#3978,#4009,#5328,#6647,#6664,#6681
    ,#6698,#6715,#6732,#6749,#6766,#6783,#6800,#6817,#6834,#6851,#6868,
    #6885,#6902,#6919,#6936,#6953,#6970,#6987,#7004,#7021,#7038,#7055,
    #7072,#7089,#7106,#7123,#7140,#7157,#7174,#7191,#7208,#7225,#7242,
    #7259,#7276,#7293,#7310,#7327,#7344,#7361,#7378,#7395,#7407,#7429,
    #7446,#7463,#7475,#7497,#7514,#7531,#7543,#7565,#7582,#7599,#7611,
    #7633,#7650,#7667,#7679,#7701,#7718,#7735,#7747,#7769,#7786,#7803,
    #7815,#7837,#7854,#7871,#7883,#7905,#7922,#7939,#7951,#7968,#7990,
    #8007,#8024,#8036,#8058,#8075,#8092,#8104,#8121,#8143,#8160,#8177,
    #8189,#8206,#8228,#8245,#8262,#8274,#8296,#8313,#8330,#8342,#8364,
    #8381,#8398,#8410,#8432,#8449,#8466,#8478,#8500,#8517,#8534,#8546,
    #8568,#8585,#8602,#8614,#8636,#8653,#8670,#8682,#8704,#8721,#8738,
    #8750,#8772,#8789,#8806,#8818,#8840,#8857,#8874,#8886,#8908,#8925,
    #8942,#8954,#8976,#8993,#9010,#9022,#9039,#9061,#9078,#9095,#9107,
    #9129,#9146,#9163,#9175,#9197,#9214,#9231));
#3905 = ADVANCED_FACE('',(#3906),#3940,.F.);
#3906 = FACE_BOUND('',#3907,.F.);
#3907 = EDGE_LOOP('',(#3908,#3918,#3926,#3934));
#3908 = ORIENTED_EDGE('',*,*,#3909,.T.);
#3909 = EDGE_CURVE('',#3910,#3912,#3914,.T.);
#3910 = VERTEX_POINT('',#3911);
#3911 = CARTESIAN_POINT('',(186.40694475569,-20.62398,8.5));
#3912 = VERTEX_POINT('',#3913);
#3913 = CARTESIAN_POINT('',(186.40694475569,-20.62398,10.5));
#3914 = LINE('',#3915,#3916);
#3915 = CARTESIAN_POINT('',(186.40694475569,-20.62398,8.5));
#3916 = VECTOR('',#3917,1.);
#3917 = DIRECTION('',(0.,0.,1.));
#3918 = ORIENTED_EDGE('',*,*,#3919,.T.);
#3919 = EDGE_CURVE('',#3912,#3920,#3922,.T.);
#3920 = VERTEX_POINT('',#3921);
#3921 = CARTESIAN_POINT('',(176.18712339261,-20.62398,10.5));
#3922 = LINE('',#3923,#3924);
#3923 = CARTESIAN_POINT('',(186.406927,-20.62398,10.5));
#3924 = VECTOR('',#3925,1.);
#3925 = DIRECTION('',(-1.,0.,0.));
#3926 = ORIENTED_EDGE('',*,*,#3927,.F.);
#3927 = EDGE_CURVE('',#3928,#3920,#3930,.T.);
#3928 = VERTEX_POINT('',#3929);
#3929 = CARTESIAN_POINT('',(176.18712339261,-20.62398,8.5));
#3930 = LINE('',#3931,#3932);
#3931 = CARTESIAN_POINT('',(176.18712339261,-20.62398,8.5));
#3932 = VECTOR('',#3933,1.);
#3933 = DIRECTION('',(0.,0.,1.));
#3934 = ORIENTED_EDGE('',*,*,#3935,.F.);
#3935 = EDGE_CURVE('',#3910,#3928,#3936,.T.);
#3936 = LINE('',#3937,#3938);
#3937 = CARTESIAN_POINT('',(186.406927,-20.62398,8.5));
#3938 = VECTOR('',#3939,1.);
#3939 = DIRECTION('',(-1.,0.,0.));
#3940 = PLANE('',#3941);
#3941 = AXIS2_PLACEMENT_3D('',#3942,#3943,#3944);
#3942 = CARTESIAN_POINT('',(186.40694475569,-20.62398,8.5));
#3943 = DIRECTION('',(0.,-1.,0.));
#3944 = DIRECTION('',(-1.,0.,0.));
#3945 = ADVANCED_FACE('',(#3946),#3973,.T.);
#3946 = FACE_BOUND('',#3947,.F.);
#3947 = EDGE_LOOP('',(#3948,#3958,#3965,#3966));
#3948 = ORIENTED_EDGE('',*,*,#3949,.T.);
#3949 = EDGE_CURVE('',#3950,#3952,#3954,.T.);
#3950 = VERTEX_POINT('',#3951);
#3951 = CARTESIAN_POINT('',(190.40689959236,-24.62212014594,8.5));
#3952 = VERTEX_POINT('',#3953);
#3953 = CARTESIAN_POINT('',(190.40689959236,-24.62212014594,10.5));
#3954 = LINE('',#3955,#3956);
#3955 = CARTESIAN_POINT('',(190.40689959236,-24.62212014594,8.5));
#3956 = VECTOR('',#3957,1.);
#3957 = DIRECTION('',(0.,0.,1.));
#3958 = ORIENTED_EDGE('',*,*,#3959,.T.);
#3959 = EDGE_CURVE('',#3952,#3912,#3960,.T.);
#3960 = CIRCLE('',#3961,3.999955248502);
#3961 = AXIS2_PLACEMENT_3D('',#3962,#3963,#3964);
#3962 = CARTESIAN_POINT('',(186.40694475569,-24.62393524818,10.5));
#3963 = DIRECTION('',(0.,0.,1.));
#3964 = DIRECTION('',(-3.55145602708E-05,0.999999999369,0.));
#3965 = ORIENTED_EDGE('',*,*,#3909,.F.);
#3966 = ORIENTED_EDGE('',*,*,#3967,.F.);
#3967 = EDGE_CURVE('',#3950,#3910,#3968,.T.);
#3968 = CIRCLE('',#3969,3.999955248502);
#3969 = AXIS2_PLACEMENT_3D('',#3970,#3971,#3972);
#3970 = CARTESIAN_POINT('',(186.40694475569,-24.62393524818,8.5));
#3971 = DIRECTION('',(0.,0.,1.));
#3972 = DIRECTION('',(-3.55145602708E-05,0.999999999369,0.));
#3973 = CYLINDRICAL_SURFACE('',#3974,3.999955248502);
#3974 = AXIS2_PLACEMENT_3D('',#3975,#3976,#3977);
#3975 = CARTESIAN_POINT('',(186.40694475569,-24.62393524818,8.5));
#3976 = DIRECTION('',(-0.,-0.,-1.));
#3977 = DIRECTION('',(-3.55145602708E-05,0.999999999369,0.));
#3978 = ADVANCED_FACE('',(#3979),#4004,.F.);
#3979 = FACE_BOUND('',#3980,.F.);
#3980 = EDGE_LOOP('',(#3981,#3982,#3990,#3998));
#3981 = ORIENTED_EDGE('',*,*,#3927,.T.);
#3982 = ORIENTED_EDGE('',*,*,#3983,.T.);
#3983 = EDGE_CURVE('',#3920,#3984,#3986,.T.);
#3984 = VERTEX_POINT('',#3985);
#3985 = CARTESIAN_POINT('',(158.51187398055,-18.32521013233,10.5));
#3986 = LINE('',#3987,#3988);
#3987 = CARTESIAN_POINT('',(158.51187398055,-18.32521013233,10.5));
#3988 = VECTOR('',#3989,1.);
#3989 = DIRECTION('',(-0.99164853362,0.12896970873,0.));
#3990 = ORIENTED_EDGE('',*,*,#3991,.F.);
#3991 = EDGE_CURVE('',#3992,#3984,#3994,.T.);
#3992 = VERTEX_POINT('',#3993);
#3993 = CARTESIAN_POINT('',(158.51187398055,-18.32521013233,8.5));
#3994 = LINE('',#3995,#3996);
#3995 = CARTESIAN_POINT('',(158.51187398055,-18.32521013233,8.5));
#3996 = VECTOR('',#3997,1.);
#3997 = DIRECTION('',(0.,0.,1.));
#3998 = ORIENTED_EDGE('',*,*,#3999,.F.);
#3999 = EDGE_CURVE('',#3928,#3992,#4000,.T.);
#4000 = LINE('',#4001,#4002);
#4001 = CARTESIAN_POINT('',(158.51187398055,-18.32521013233,8.5));
#4002 = VECTOR('',#4003,1.);
#4003 = DIRECTION('',(-0.99164853362,0.12896970873,0.));
#4004 = PLANE('',#4005);
#4005 = AXIS2_PLACEMENT_3D('',#4006,#4007,#4008);
#4006 = CARTESIAN_POINT('',(176.18712339261,-20.62398,8.5));
#4007 = DIRECTION('',(-0.12896970873,-0.99164853362,0.));
#4008 = DIRECTION('',(-0.99164853362,0.12896970873,0.));
#4009 = ADVANCED_FACE('',(#4010,#4395,#4429,#4463,#4497,#4531,#4565,
    #4599,#4633,#4667,#4678,#4712,#4746,#4757,#4791,#4802,#4836,#4870,
    #4904,#4938,#4972,#5006,#5040,#5074,#5108,#5142,#5176,#5210,#5221,
    #5255,#5289),#5323,.F.);
#4010 = FACE_BOUND('',#4011,.F.);
#4011 = EDGE_LOOP('',(#4012,#4013,#4014,#4023,#4031,#4040,#4049,#4057,
    #4066,#4075,#4083,#4092,#4101,#4110,#4118,#4126,#4135,#4143,#4151,
    #4160,#4168,#4177,#4185,#4193,#4202,#4210,#4219,#4227,#4236,#4244,
    #4252,#4261,#4270,#4278,#4286,#4294,#4303,#4312,#4320,#4329,#4337,
    #4346,#4354,#4363,#4371,#4379,#4388,#4394));
#4012 = ORIENTED_EDGE('',*,*,#3935,.T.);
#4013 = ORIENTED_EDGE('',*,*,#3999,.T.);
#4014 = ORIENTED_EDGE('',*,*,#4015,.F.);
#4015 = EDGE_CURVE('',#4016,#3992,#4018,.T.);
#4016 = VERTEX_POINT('',#4017);
#4017 = CARTESIAN_POINT('',(158.05824709399,-18.29598071226,8.5));
#4018 = CIRCLE('',#4019,3.5);
#4019 = AXIS2_PLACEMENT_3D('',#4020,#4021,#4022);
#4020 = CARTESIAN_POINT('',(158.06048,-21.79598,8.5));
#4021 = DIRECTION('',(-0.,0.,-1.));
#4022 = DIRECTION('',(-0.999999796495,-6.37973144348E-04,0.));
#4023 = ORIENTED_EDGE('',*,*,#4024,.T.);
#4024 = EDGE_CURVE('',#4016,#4025,#4027,.T.);
#4025 = VERTEX_POINT('',#4026);
#4026 = CARTESIAN_POINT('',(123.11739934552,-18.3182720393,8.5));
#4027 = LINE('',#4028,#4029);
#4028 = CARTESIAN_POINT('',(158.05824709399,-18.29598071226,8.5));
#4029 = VECTOR('',#4030,1.);
#4030 = DIRECTION('',(-0.999999796495,-6.37973144348E-04,0.));
#4031 = ORIENTED_EDGE('',*,*,#4032,.T.);
#4032 = EDGE_CURVE('',#4025,#4033,#4035,.T.);
#4033 = VERTEX_POINT('',#4034);
#4034 = CARTESIAN_POINT('',(119.41000933498,-15.82000000001,8.5));
#4035 = CIRCLE('',#4036,4.000001333575);
#4036 = AXIS2_PLACEMENT_3D('',#4037,#4038,#4039);
#4037 = CARTESIAN_POINT('',(119.40999866642,-19.82000133357,8.5));
#4038 = DIRECTION('',(0.,-0.,1.));
#4039 = DIRECTION('',(2.667139162621E-06,0.999999999996,0.));
#4040 = ORIENTED_EDGE('',*,*,#4041,.F.);
#4041 = EDGE_CURVE('',#4042,#4033,#4044,.T.);
#4042 = VERTEX_POINT('',#4043);
#4043 = CARTESIAN_POINT('',(119.41,-15.82,8.5));
#4044 = CIRCLE('',#4045,3.5);
#4045 = AXIS2_PLACEMENT_3D('',#4046,#4047,#4048);
#4046 = CARTESIAN_POINT('',(119.41,-19.32,8.5));
#4047 = DIRECTION('',(0.,0.,-1.));
#4048 = DIRECTION('',(-1.,0.,0.));
#4049 = ORIENTED_EDGE('',*,*,#4050,.T.);
#4050 = EDGE_CURVE('',#4042,#4051,#4053,.T.);
#4051 = VERTEX_POINT('',#4052);
#4052 = CARTESIAN_POINT('',(104.00687314312,-15.82,8.5));
#4053 = LINE('',#4054,#4055);
#4054 = CARTESIAN_POINT('',(119.41,-15.82,8.5));
#4055 = VECTOR('',#4056,1.);
#4056 = DIRECTION('',(-1.,0.,0.));
#4057 = ORIENTED_EDGE('',*,*,#4058,.T.);
#4058 = EDGE_CURVE('',#4051,#4059,#4061,.T.);
#4059 = VERTEX_POINT('',#4060);
#4060 = CARTESIAN_POINT('',(100.41000933498,-13.57000000001,8.5));
#4061 = CIRCLE('',#4062,4.000001333575);
#4062 = AXIS2_PLACEMENT_3D('',#4063,#4064,#4065);
#4063 = CARTESIAN_POINT('',(100.40999866642,-17.57000133357,8.5));
#4064 = DIRECTION('',(0.,-0.,1.));
#4065 = DIRECTION('',(2.667139162621E-06,0.999999999996,0.));
#4066 = ORIENTED_EDGE('',*,*,#4067,.F.);
#4067 = EDGE_CURVE('',#4068,#4059,#4070,.T.);
#4068 = VERTEX_POINT('',#4069);
#4069 = CARTESIAN_POINT('',(100.41,-13.57,8.5));
#4070 = CIRCLE('',#4071,3.5);
#4071 = AXIS2_PLACEMENT_3D('',#4072,#4073,#4074);
#4072 = CARTESIAN_POINT('',(100.41,-17.07,8.5));
#4073 = DIRECTION('',(0.,0.,-1.));
#4074 = DIRECTION('',(-1.,0.,0.));
#4075 = ORIENTED_EDGE('',*,*,#4076,.T.);
#4076 = EDGE_CURVE('',#4068,#4077,#4079,.T.);
#4077 = VERTEX_POINT('',#4078);
#4078 = CARTESIAN_POINT('',(83.41,-13.57,8.5));
#4079 = LINE('',#4080,#4081);
#4080 = CARTESIAN_POINT('',(100.41,-13.57,8.5));
#4081 = VECTOR('',#4082,1.);
#4082 = DIRECTION('',(-1.,0.,0.));
#4083 = ORIENTED_EDGE('',*,*,#4084,.F.);
#4084 = EDGE_CURVE('',#4085,#4077,#4087,.T.);
#4085 = VERTEX_POINT('',#4086);
#4086 = CARTESIAN_POINT('',(83.409990665013,-13.57000000001,8.5));
#4087 = CIRCLE('',#4088,3.5);
#4088 = AXIS2_PLACEMENT_3D('',#4089,#4090,#4091);
#4089 = CARTESIAN_POINT('',(83.41,-17.07,8.5));
#4090 = DIRECTION('',(-0.,0.,-1.));
#4091 = DIRECTION('',(-0.999999999996,-2.667139219752E-06,0.));
#4092 = ORIENTED_EDGE('',*,*,#4093,.T.);
#4093 = EDGE_CURVE('',#4085,#4094,#4096,.T.);
#4094 = VERTEX_POINT('',#4095);
#4095 = CARTESIAN_POINT('',(79.410000000012,-17.56999066501,8.5));
#4096 = CIRCLE('',#4097,4.000001333575);
#4097 = AXIS2_PLACEMENT_3D('',#4098,#4099,#4100);
#4098 = CARTESIAN_POINT('',(83.410001333573,-17.57000133357,8.5));
#4099 = DIRECTION('',(0.,0.,1.));
#4100 = DIRECTION('',(-0.999999999996,2.667139198148E-06,0.));
#4101 = ORIENTED_EDGE('',*,*,#4102,.F.);
#4102 = EDGE_CURVE('',#4103,#4094,#4105,.T.);
#4103 = VERTEX_POINT('',#4104);
#4104 = CARTESIAN_POINT('',(79.41,-17.57,8.5));
#4105 = CIRCLE('',#4106,3.5);
#4106 = AXIS2_PLACEMENT_3D('',#4107,#4108,#4109);
#4107 = CARTESIAN_POINT('',(82.91,-17.57,8.5));
#4108 = DIRECTION('',(-0.,-0.,-1.));
#4109 = DIRECTION('',(0.,-1.,0.));
#4110 = ORIENTED_EDGE('',*,*,#4111,.T.);
#4111 = EDGE_CURVE('',#4103,#4112,#4114,.T.);
#4112 = VERTEX_POINT('',#4113);
#4113 = CARTESIAN_POINT('',(79.41,-18.55045610094,8.5));
#4114 = LINE('',#4115,#4116);
#4115 = CARTESIAN_POINT('',(79.41,-17.57,8.5));
#4116 = VECTOR('',#4117,1.);
#4117 = DIRECTION('',(0.,-1.,0.));
#4118 = ORIENTED_EDGE('',*,*,#4119,.T.);
#4119 = EDGE_CURVE('',#4112,#4120,#4122,.T.);
#4120 = VERTEX_POINT('',#4121);
#4121 = CARTESIAN_POINT('',(59.748520761018,-20.30991037458,8.5));
#4122 = LINE('',#4123,#4124);
#4123 = CARTESIAN_POINT('',(82.098040761018,-18.30991037458,8.5));
#4124 = VECTOR('',#4125,1.);
#4125 = DIRECTION('',(-0.996019892975,-8.913121113783E-02,0.));
#4126 = ORIENTED_EDGE('',*,*,#4127,.F.);
#4127 = EDGE_CURVE('',#4128,#4120,#4130,.T.);
#4128 = VERTEX_POINT('',#4129);
#4129 = CARTESIAN_POINT('',(56.56048,-23.79598,8.5));
#4130 = CIRCLE('',#4131,3.5);
#4131 = AXIS2_PLACEMENT_3D('',#4132,#4133,#4134);
#4132 = CARTESIAN_POINT('',(60.06048,-23.79598,8.5));
#4133 = DIRECTION('',(-0.,-0.,-1.));
#4134 = DIRECTION('',(0.,-1.,0.));
#4135 = ORIENTED_EDGE('',*,*,#4136,.T.);
#4136 = EDGE_CURVE('',#4128,#4137,#4139,.T.);
#4137 = VERTEX_POINT('',#4138);
#4138 = CARTESIAN_POINT('',(56.56048,-24.66878022161,8.5));
#4139 = LINE('',#4140,#4141);
#4140 = CARTESIAN_POINT('',(56.56048,-23.79598,8.5));
#4141 = VECTOR('',#4142,1.);
#4142 = DIRECTION('',(0.,-1.,0.));
#4143 = ORIENTED_EDGE('',*,*,#4144,.T.);
#4144 = EDGE_CURVE('',#4137,#4145,#4147,.T.);
#4145 = VERTEX_POINT('',#4146);
#4146 = CARTESIAN_POINT('',(17.141567031585,-31.75116009361,8.5));
#4147 = LINE('',#4148,#4149);
#4148 = CARTESIAN_POINT('',(59.441547031585,-24.15114009361,8.5));
#4149 = VECTOR('',#4150,1.);
#4150 = DIRECTION('',(-0.984239973252,-0.176837990976,0.));
#4151 = ORIENTED_EDGE('',*,*,#4152,.F.);
#4152 = EDGE_CURVE('',#4153,#4145,#4155,.T.);
#4153 = VERTEX_POINT('',#4154);
#4154 = CARTESIAN_POINT('',(14.312994341823,-35.7999078877,8.5));
#4155 = CIRCLE('',#4156,3.5);
#4156 = AXIS2_PLACEMENT_3D('',#4157,#4158,#4159);
#4157 = CARTESIAN_POINT('',(17.7605,-35.196,8.5));
#4158 = DIRECTION('',(0.,-0.,-1.));
#4159 = DIRECTION('',(0.172545110774,-0.985001616622,0.));
#4160 = ORIENTED_EDGE('',*,*,#4161,.T.);
#4161 = EDGE_CURVE('',#4153,#4162,#4164,.T.);
#4162 = VERTEX_POINT('',#4163);
#4163 = CARTESIAN_POINT('',(15.227394341823,-41.0199078877,8.5));
#4164 = LINE('',#4165,#4166);
#4165 = CARTESIAN_POINT('',(14.312994341823,-35.7999078877,8.5));
#4166 = VECTOR('',#4167,1.);
#4167 = DIRECTION('',(0.172545110774,-0.985001616622,0.));
#4168 = ORIENTED_EDGE('',*,*,#4169,.F.);
#4169 = EDGE_CURVE('',#4170,#4162,#4172,.T.);
#4170 = VERTEX_POINT('',#4171);
#4171 = CARTESIAN_POINT('',(15.227400740074,-41.01994441201,8.5));
#4172 = CIRCLE('',#4173,3.5);
#4173 = AXIS2_PLACEMENT_3D('',#4174,#4175,#4176);
#4174 = CARTESIAN_POINT('',(18.6749,-40.416,8.5));
#4175 = DIRECTION('',(0.,-0.,-1.));
#4176 = DIRECTION('',(0.172555546291,-0.98499978855,0.));
#4177 = ORIENTED_EDGE('',*,*,#4178,.T.);
#4178 = EDGE_CURVE('',#4170,#4179,#4181,.T.);
#4179 = VERTEX_POINT('',#4180);
#4180 = CARTESIAN_POINT('',(16.27850034719,-47.01994216931,8.5));
#4181 = LINE('',#4182,#4183);
#4182 = CARTESIAN_POINT('',(15.227400740074,-41.01994441201,8.5));
#4183 = VECTOR('',#4184,1.);
#4184 = DIRECTION('',(0.172555546291,-0.98499978855,0.));
#4185 = ORIENTED_EDGE('',*,*,#4186,.T.);
#4186 = EDGE_CURVE('',#4179,#4187,#4189,.T.);
#4187 = VERTEX_POINT('',#4188);
#4188 = CARTESIAN_POINT('',(18.107399954304,-57.45993992658,8.5));
#4189 = LINE('',#4190,#4191);
#4190 = CARTESIAN_POINT('',(16.278499954304,-47.01993992658,8.5));
#4191 = VECTOR('',#4192,1.);
#4192 = DIRECTION('',(0.172554264739,-0.985000013056,0.));
#4193 = ORIENTED_EDGE('',*,*,#4194,.F.);
#4194 = EDGE_CURVE('',#4195,#4187,#4197,.T.);
#4195 = VERTEX_POINT('',#4196);
#4196 = CARTESIAN_POINT('',(18.107400740074,-57.45994441201,8.5));
#4197 = CIRCLE('',#4198,3.5);
#4198 = AXIS2_PLACEMENT_3D('',#4199,#4200,#4201);
#4199 = CARTESIAN_POINT('',(21.5549,-56.856,8.5));
#4200 = DIRECTION('',(0.,-0.,-1.));
#4201 = DIRECTION('',(0.172555546291,-0.98499978855,0.));
#4202 = ORIENTED_EDGE('',*,*,#4203,.T.);
#4203 = EDGE_CURVE('',#4195,#4204,#4206,.T.);
#4204 = VERTEX_POINT('',#4205);
#4205 = CARTESIAN_POINT('',(19.158500740074,-63.45994441201,8.5));
#4206 = LINE('',#4207,#4208);
#4207 = CARTESIAN_POINT('',(18.107400740074,-57.45994441201,8.5));
#4208 = VECTOR('',#4209,1.);
#4209 = DIRECTION('',(0.172555546291,-0.98499978855,0.));
#4210 = ORIENTED_EDGE('',*,*,#4211,.F.);
#4211 = EDGE_CURVE('',#4212,#4204,#4214,.T.);
#4212 = VERTEX_POINT('',#4213);
#4213 = CARTESIAN_POINT('',(19.15850126544,-63.45994741096,8.5));
#4214 = CIRCLE('',#4215,3.5);
#4215 = AXIS2_PLACEMENT_3D('',#4216,#4217,#4218);
#4216 = CARTESIAN_POINT('',(22.606,-62.856,8.5));
#4217 = DIRECTION('',(0.,-0.,-1.));
#4218 = DIRECTION('',(0.172556403132,-0.984999638446,0.));
#4219 = ORIENTED_EDGE('',*,*,#4220,.T.);
#4220 = EDGE_CURVE('',#4212,#4221,#4223,.T.);
#4221 = VERTEX_POINT('',#4222);
#4222 = CARTESIAN_POINT('',(23.91300126544,-90.59994741096,8.5));
#4223 = LINE('',#4224,#4225);
#4224 = CARTESIAN_POINT('',(19.15850126544,-63.45994741096,8.5));
#4225 = VECTOR('',#4226,1.);
#4226 = DIRECTION('',(0.172556403132,-0.984999638446,0.));
#4227 = ORIENTED_EDGE('',*,*,#4228,.F.);
#4228 = EDGE_CURVE('',#4229,#4221,#4231,.T.);
#4229 = VERTEX_POINT('',#4230);
#4230 = CARTESIAN_POINT('',(27.977268464031,-93.4412281001,8.5));
#4231 = CIRCLE('',#4232,3.5);
#4232 = AXIS2_PLACEMENT_3D('',#4233,#4234,#4235);
#4233 = CARTESIAN_POINT('',(27.3605,-89.996,8.5));
#4234 = DIRECTION('',(0.,0.,-1.));
#4235 = DIRECTION('',(0.984350885745,0.176219561152,0.));
#4236 = ORIENTED_EDGE('',*,*,#4237,.T.);
#4237 = EDGE_CURVE('',#4229,#4238,#4240,.T.);
#4238 = VERTEX_POINT('',#4239);
#4239 = CARTESIAN_POINT('',(80.090200951293,-84.11191451262,8.5));
#4240 = LINE('',#4241,#4242);
#4241 = CARTESIAN_POINT('',(27.977268464031,-93.4412281001,8.5));
#4242 = VECTOR('',#4243,1.);
#4243 = DIRECTION('',(0.984350885745,0.176219561152,0.));
#4244 = ORIENTED_EDGE('',*,*,#4245,.T.);
#4245 = EDGE_CURVE('',#4238,#4246,#4248,.T.);
#4246 = VERTEX_POINT('',#4247);
#4247 = CARTESIAN_POINT('',(89.478537440338,-96.98581571904,8.5));
#4248 = LINE('',#4249,#4250);
#4249 = CARTESIAN_POINT('',(78.935643440338,-82.52870971904,8.5));
#4250 = VECTOR('',#4251,1.);
#4251 = DIRECTION('',(0.589217919728,-0.807974159904,0.));
#4252 = ORIENTED_EDGE('',*,*,#4253,.F.);
#4253 = EDGE_CURVE('',#4254,#4246,#4256,.T.);
#4254 = VERTEX_POINT('',#4255);
#4255 = CARTESIAN_POINT('',(89.831555016265,-97.39840848443,8.5));
#4256 = CIRCLE('',#4257,3.5);
#4257 = AXIS2_PLACEMENT_3D('',#4258,#4259,#4260);
#4258 = CARTESIAN_POINT('',(92.306447,-94.923553,8.5));
#4259 = DIRECTION('',(0.,-0.,-1.));
#4260 = DIRECTION('',(0.707101566982,-0.707111995353,0.));
#4261 = ORIENTED_EDGE('',*,*,#4262,.T.);
#4262 = EDGE_CURVE('',#4254,#4263,#4265,.T.);
#4263 = VERTEX_POINT('',#4264);
#4264 = CARTESIAN_POINT('',(92.325784707232,-98.55601323373,8.5));
#4265 = CIRCLE('',#4266,3.999992432518);
#4266 = AXIS2_PLACEMENT_3D('',#4267,#4268,#4269);
#4267 = CARTESIAN_POINT('',(92.659997646619,-94.57000756748,8.5));
#4268 = DIRECTION('',(-0.,0.,1.));
#4269 = DIRECTION('',(4.706832625491E-06,-0.999999999989,0.));
#4270 = ORIENTED_EDGE('',*,*,#4271,.T.);
#4271 = EDGE_CURVE('',#4263,#4272,#4274,.T.);
#4272 = VERTEX_POINT('',#4273);
#4273 = CARTESIAN_POINT('',(128.73651157065,-103.2925569727,8.5));
#4274 = LINE('',#4275,#4276);
#4275 = CARTESIAN_POINT('',(92.208501491076,-98.54075627154,8.5));
#4276 = VECTOR('',#4277,1.);
#4277 = DIRECTION('',(0.991644649012,-0.128999573978,0.));
#4278 = ORIENTED_EDGE('',*,*,#4279,.T.);
#4279 = EDGE_CURVE('',#4272,#4280,#4282,.T.);
#4280 = VERTEX_POINT('',#4281);
#4281 = CARTESIAN_POINT('',(143.71828180388,-111.9991606494,8.5));
#4282 = LINE('',#4283,#4284);
#4283 = CARTESIAN_POINT('',(128.22639118105,-102.9961022821,8.5));
#4284 = VECTOR('',#4285,1.);
#4285 = DIRECTION('',(0.864600652038,-0.502459662555,0.));
#4286 = ORIENTED_EDGE('',*,*,#4287,.T.);
#4287 = EDGE_CURVE('',#4280,#4288,#4290,.T.);
#4288 = VERTEX_POINT('',#4289);
#4289 = CARTESIAN_POINT('',(155.85961908401,-123.9769347406,8.5));
#4290 = LINE('',#4291,#4292);
#4291 = CARTESIAN_POINT('',(143.40244608401,-111.6875797406,8.5));
#4292 = VECTOR('',#4293,1.);
#4293 = DIRECTION('',(0.711885640199,-0.702295404568,0.));
#4294 = ORIENTED_EDGE('',*,*,#4295,.F.);
#4295 = EDGE_CURVE('',#4296,#4288,#4298,.T.);
#4296 = VERTEX_POINT('',#4297);
#4297 = CARTESIAN_POINT('',(156.36173428294,-124.3878135911,8.5));
#4298 = CIRCLE('',#4299,3.5);
#4299 = AXIS2_PLACEMENT_3D('',#4300,#4301,#4302);
#4300 = CARTESIAN_POINT('',(158.317653,-121.485335,8.5));
#4301 = DIRECTION('',(0.,-0.,-1.));
#4302 = DIRECTION('',(0.829279597481,-0.558833919158,0.));
#4303 = ORIENTED_EDGE('',*,*,#4304,.T.);
#4304 = EDGE_CURVE('',#4296,#4305,#4307,.T.);
#4305 = VERTEX_POINT('',#4306);
#4306 = CARTESIAN_POINT('',(162.88966567078,-123.4115588433,8.5));
#4307 = CIRCLE('',#4308,4.88679886816);
#4308 = AXIS2_PLACEMENT_3D('',#4309,#4310,#4311);
#4309 = CARTESIAN_POINT('',(159.09264324657,-120.3352909928,8.5));
#4310 = DIRECTION('',(-0.,0.,1.));
#4311 = DIRECTION('',(0.83142680593,-0.555634291941,0.));
#4312 = ORIENTED_EDGE('',*,*,#4313,.T.);
#4313 = EDGE_CURVE('',#4305,#4314,#4316,.T.);
#4314 = VERTEX_POINT('',#4315);
#4315 = CARTESIAN_POINT('',(189.42558765949,-96.8706197867,8.5));
#4316 = LINE('',#4317,#4318);
#4317 = CARTESIAN_POINT('',(162.72077265949,-123.5804837867,8.5));
#4318 = VECTOR('',#4319,1.);
#4319 = DIRECTION('',(0.707039939058,0.707173616997,0.));
#4320 = ORIENTED_EDGE('',*,*,#4321,.F.);
#4321 = EDGE_CURVE('',#4322,#4314,#4324,.T.);
#4322 = VERTEX_POINT('',#4323);
#4323 = CARTESIAN_POINT('',(190.45047940294,-94.39802435347,8.5));
#4324 = CIRCLE('',#4325,3.5);
#4325 = AXIS2_PLACEMENT_3D('',#4326,#4327,#4328);
#4326 = CARTESIAN_POINT('',(186.95048,-94.39598,8.5));
#4327 = DIRECTION('',(0.,0.,-1.));
#4328 = DIRECTION('',(5.841009931167E-04,0.999999829413,0.));
#4329 = ORIENTED_EDGE('',*,*,#4330,.T.);
#4330 = EDGE_CURVE('',#4322,#4331,#4333,.T.);
#4331 = VERTEX_POINT('',#4332);
#4332 = CARTESIAN_POINT('',(190.45479940294,-87.00204435347,8.5));
#4333 = LINE('',#4334,#4335);
#4334 = CARTESIAN_POINT('',(190.45479940294,-87.00204435347,8.5));
#4335 = VECTOR('',#4336,1.);
#4336 = DIRECTION('',(5.841009931167E-04,0.999999829413,0.));
#4337 = ORIENTED_EDGE('',*,*,#4338,.F.);
#4338 = EDGE_CURVE('',#4339,#4331,#4341,.T.);
#4339 = VERTEX_POINT('',#4340);
#4340 = CARTESIAN_POINT('',(190.45479897138,-86.99731666745,8.5));
#4341 = CIRCLE('',#4342,3.5);
#4342 = AXIS2_PLACEMENT_3D('',#4343,#4344,#4345);
#4343 = CARTESIAN_POINT('',(186.9548,-87.,8.5));
#4344 = DIRECTION('',(0.,0.,-1.));
#4345 = DIRECTION('',(-7.666664413537E-04,0.999999706111,0.));
#4346 = ORIENTED_EDGE('',*,*,#4347,.T.);
#4347 = EDGE_CURVE('',#4339,#4348,#4350,.T.);
#4348 = VERTEX_POINT('',#4349);
#4349 = CARTESIAN_POINT('',(190.45019897138,-80.99731666745,8.5));
#4350 = LINE('',#4351,#4352);
#4351 = CARTESIAN_POINT('',(190.45019897138,-80.99731666745,8.5));
#4352 = VECTOR('',#4353,1.);
#4353 = DIRECTION('',(-7.666664413537E-04,0.999999706111,0.));
#4354 = ORIENTED_EDGE('',*,*,#4355,.F.);
#4355 = EDGE_CURVE('',#4356,#4348,#4358,.T.);
#4356 = VERTEX_POINT('',#4357);
#4357 = CARTESIAN_POINT('',(190.4501989693,-80.99731395427,8.5));
#4358 = CIRCLE('',#4359,3.5);
#4359 = AXIS2_PLACEMENT_3D('',#4360,#4361,#4362);
#4360 = CARTESIAN_POINT('',(186.9502,-81.,8.5));
#4361 = DIRECTION('',(0.,0.,-1.));
#4362 = DIRECTION('',(-7.674416344659E-04,0.999999705517,0.));
#4363 = ORIENTED_EDGE('',*,*,#4364,.T.);
#4364 = EDGE_CURVE('',#4356,#4365,#4367,.T.);
#4365 = VERTEX_POINT('',#4366);
#4366 = CARTESIAN_POINT('',(190.41719897034,-37.99731531107,8.5));
#4367 = LINE('',#4368,#4369);
#4368 = CARTESIAN_POINT('',(190.4171989693,-37.99731395427,8.5));
#4369 = VECTOR('',#4370,1.);
#4370 = DIRECTION('',(-7.674416344659E-04,0.999999705517,0.));
#4371 = ORIENTED_EDGE('',*,*,#4372,.T.);
#4372 = EDGE_CURVE('',#4365,#4373,#4375,.T.);
#4373 = VERTEX_POINT('',#4374);
#4374 = CARTESIAN_POINT('',(190.41259897138,-31.99731666745,8.5));
#4375 = LINE('',#4376,#4377);
#4376 = CARTESIAN_POINT('',(190.41259897138,-31.99731666745,8.5));
#4377 = VECTOR('',#4378,1.);
#4378 = DIRECTION('',(-7.666664413537E-04,0.999999706111,0.));
#4379 = ORIENTED_EDGE('',*,*,#4380,.F.);
#4380 = EDGE_CURVE('',#4381,#4373,#4383,.T.);
#4381 = VERTEX_POINT('',#4382);
#4382 = CARTESIAN_POINT('',(190.41259895492,-31.9972952828,8.5));
#4383 = CIRCLE('',#4384,3.5);
#4384 = AXIS2_PLACEMENT_3D('',#4385,#4386,#4387);
#4385 = CARTESIAN_POINT('',(186.9126,-32.,8.5));
#4386 = DIRECTION('',(0.,0.,-1.));
#4387 = DIRECTION('',(-7.727763419221E-04,0.999999701408,0.));
#4388 = ORIENTED_EDGE('',*,*,#4389,.T.);
#4389 = EDGE_CURVE('',#4381,#3950,#4390,.T.);
#4390 = LINE('',#4391,#4392);
#4391 = CARTESIAN_POINT('',(190.40689895492,-24.6212952828,8.5));
#4392 = VECTOR('',#4393,1.);
#4393 = DIRECTION('',(-7.727763419221E-04,0.999999701408,0.));
#4394 = ORIENTED_EDGE('',*,*,#3967,.T.);
#4395 = FACE_BOUND('',#4396,.F.);
#4396 = EDGE_LOOP('',(#4397,#4407,#4415,#4423));
#4397 = ORIENTED_EDGE('',*,*,#4398,.T.);
#4398 = EDGE_CURVE('',#4399,#4401,#4403,.T.);
#4399 = VERTEX_POINT('',#4400);
#4400 = CARTESIAN_POINT('',(30.228507972583,-71.16752548524,8.5));
#4401 = VERTEX_POINT('',#4402);
#4402 = CARTESIAN_POINT('',(44.015816514754,-73.59859997258,8.5));
#4403 = LINE('',#4404,#4405);
#4404 = CARTESIAN_POINT('',(74.235152425051,-78.92708423266,8.5));
#4405 = VECTOR('',#4406,1.);
#4406 = DIRECTION('',(0.984807753012,-0.173648177667,0.));
#4407 = ORIENTED_EDGE('',*,*,#4408,.T.);
#4408 = EDGE_CURVE('',#4401,#4409,#4411,.T.);
#4409 = VERTEX_POINT('',#4410);
#4410 = CARTESIAN_POINT('',(41.584742027417,-87.38590851475,8.5));
#4411 = LINE('',#4412,#4413);
#4412 = CARTESIAN_POINT('',(46.019551551239,-62.23485388883,8.5));
#4413 = VECTOR('',#4414,1.);
#4414 = DIRECTION('',(-0.173648177667,-0.984807753012,0.));
#4415 = ORIENTED_EDGE('',*,*,#4416,.F.);
#4416 = EDGE_CURVE('',#4417,#4409,#4419,.T.);
#4417 = VERTEX_POINT('',#4418);
#4418 = CARTESIAN_POINT('',(27.797433485246,-84.95483402741,8.5));
#4419 = LINE('',#4420,#4421);
#4420 = CARTESIAN_POINT('',(71.804077937713,-92.71439277483,8.5));
#4421 = VECTOR('',#4422,1.);
#4422 = DIRECTION('',(0.984807753012,-0.173648177667,0.));
#4423 = ORIENTED_EDGE('',*,*,#4424,.F.);
#4424 = EDGE_CURVE('',#4399,#4417,#4425,.T.);
#4425 = LINE('',#4426,#4427);
#4426 = CARTESIAN_POINT('',(32.232243009068,-59.80377940149,8.5));
#4427 = VECTOR('',#4428,1.);
#4428 = DIRECTION('',(-0.173648177667,-0.984807753012,0.));
#4429 = FACE_BOUND('',#4430,.F.);
#4430 = EDGE_LOOP('',(#4431,#4441,#4449,#4457));
#4431 = ORIENTED_EDGE('',*,*,#4432,.T.);
#4432 = EDGE_CURVE('',#4433,#4435,#4437,.T.);
#4433 = VERTEX_POINT('',#4434);
#4434 = CARTESIAN_POINT('',(48.939854972583,-67.86821048524,8.5));
#4435 = VERTEX_POINT('',#4436);
#4436 = CARTESIAN_POINT('',(62.727163514754,-70.29928497258,8.5));
#4437 = LINE('',#4438,#4439);
#4438 = CARTESIAN_POINT('',(84.155042047128,-74.07759809718,8.5));
#4439 = VECTOR('',#4440,1.);
#4440 = DIRECTION('',(0.984807753012,-0.173648177667,0.));
#4441 = ORIENTED_EDGE('',*,*,#4442,.T.);
#4442 = EDGE_CURVE('',#4435,#4443,#4445,.T.);
#4443 = VERTEX_POINT('',#4444);
#4444 = CARTESIAN_POINT('',(60.296089027417,-84.08659351475,8.5));
#4445 = LINE('',#4446,#4447);
#4446 = CARTESIAN_POINT('',(64.166682429161,-62.1353675243,8.5));
#4447 = VECTOR('',#4448,1.);
#4448 = DIRECTION('',(-0.173648177667,-0.984807753012,0.));
#4449 = ORIENTED_EDGE('',*,*,#4450,.F.);
#4450 = EDGE_CURVE('',#4451,#4443,#4453,.T.);
#4451 = VERTEX_POINT('',#4452);
#4452 = CARTESIAN_POINT('',(46.508780485246,-81.65551902741,8.5));
#4453 = LINE('',#4454,#4455);
#4454 = CARTESIAN_POINT('',(81.723967559791,-87.86490663935,8.5));
#4455 = VECTOR('',#4456,1.);
#4456 = DIRECTION('',(0.984807753012,-0.173648177667,0.));
#4457 = ORIENTED_EDGE('',*,*,#4458,.F.);
#4458 = EDGE_CURVE('',#4433,#4451,#4459,.T.);
#4459 = LINE('',#4460,#4461);
#4460 = CARTESIAN_POINT('',(50.37937388699,-59.70429303697,8.5));
#4461 = VECTOR('',#4462,1.);
#4462 = DIRECTION('',(-0.173648177667,-0.984807753012,0.));
#4463 = FACE_BOUND('',#4464,.F.);
#4464 = EDGE_LOOP('',(#4465,#4475,#4483,#4491));
#4465 = ORIENTED_EDGE('',*,*,#4466,.T.);
#4466 = EDGE_CURVE('',#4467,#4469,#4471,.T.);
#4467 = VERTEX_POINT('',#4468);
#4468 = CARTESIAN_POINT('',(94.41,-79.07,8.5));
#4469 = VERTEX_POINT('',#4470);
#4470 = CARTESIAN_POINT('',(108.41,-79.07,8.5));
#4471 = LINE('',#4472,#4473);
#4472 = CARTESIAN_POINT('',(108.43597920415,-79.07,8.5));
#4473 = VECTOR('',#4474,1.);
#4474 = DIRECTION('',(1.,1.224646799147E-16,0.));
#4475 = ORIENTED_EDGE('',*,*,#4476,.T.);
#4476 = EDGE_CURVE('',#4469,#4477,#4479,.T.);
#4477 = VERTEX_POINT('',#4478);
#4478 = CARTESIAN_POINT('',(108.41,-93.07,8.5));
#4479 = LINE('',#4480,#4481);
#4480 = CARTESIAN_POINT('',(108.41,-70.29903816261,8.5));
#4481 = VECTOR('',#4482,1.);
#4482 = DIRECTION('',(1.224646799147E-16,-1.,0.));
#4483 = ORIENTED_EDGE('',*,*,#4484,.F.);
#4484 = EDGE_CURVE('',#4485,#4477,#4487,.T.);
#4485 = VERTEX_POINT('',#4486);
#4486 = CARTESIAN_POINT('',(94.41,-93.07,8.5));
#4487 = LINE('',#4488,#4489);
#4488 = CARTESIAN_POINT('',(108.43597920415,-93.07,8.5));
#4489 = VECTOR('',#4490,1.);
#4490 = DIRECTION('',(1.,1.224646799147E-16,0.));
#4491 = ORIENTED_EDGE('',*,*,#4492,.F.);
#4492 = EDGE_CURVE('',#4467,#4485,#4493,.T.);
#4493 = LINE('',#4494,#4495);
#4494 = CARTESIAN_POINT('',(94.41,-70.29903816261,8.5));
#4495 = VECTOR('',#4496,1.);
#4496 = DIRECTION('',(1.224646799147E-16,-1.,0.));
#4497 = FACE_BOUND('',#4498,.F.);
#4498 = EDGE_LOOP('',(#4499,#4509,#4517,#4525));
#4499 = ORIENTED_EDGE('',*,*,#4500,.T.);
#4500 = EDGE_CURVE('',#4501,#4503,#4505,.T.);
#4501 = VERTEX_POINT('',#4502);
#4502 = CARTESIAN_POINT('',(66.853166312591,-61.84022591412,8.5));
#4503 = VERTEX_POINT('',#4504);
#4504 = CARTESIAN_POINT('',(80.799892085876,-63.06040631259,8.5));
#4505 = LINE('',#4506,#4507);
#4506 = CARTESIAN_POINT('',(94.459341433684,-64.25545328053,8.5));
#4507 = VECTOR('',#4508,1.);
#4508 = DIRECTION('',(0.996194698092,-8.715574274766E-02,0.));
#4509 = ORIENTED_EDGE('',*,*,#4510,.T.);
#4510 = EDGE_CURVE('',#4503,#4511,#4513,.T.);
#4511 = VERTEX_POINT('',#4512);
#4512 = CARTESIAN_POINT('',(79.579711687409,-77.00713208587,8.5));
#4513 = LINE('',#4514,#4515);
#4514 = CARTESIAN_POINT('',(80.971475899289,-61.09919435097,8.5));
#4515 = VECTOR('',#4516,1.);
#4516 = DIRECTION('',(-8.715574274766E-02,-0.996194698092,0.));
#4517 = ORIENTED_EDGE('',*,*,#4518,.F.);
#4518 = EDGE_CURVE('',#4519,#4511,#4521,.T.);
#4519 = VERTEX_POINT('',#4520);
#4520 = CARTESIAN_POINT('',(65.632985914124,-75.7869516874,8.5));
#4521 = LINE('',#4522,#4523);
#4522 = CARTESIAN_POINT('',(93.239161035217,-78.20217905381,8.5));
#4523 = VECTOR('',#4524,1.);
#4524 = DIRECTION('',(0.996194698092,-8.715574274766E-02,0.));
#4525 = ORIENTED_EDGE('',*,*,#4526,.F.);
#4526 = EDGE_CURVE('',#4501,#4519,#4527,.T.);
#4527 = LINE('',#4528,#4529);
#4528 = CARTESIAN_POINT('',(67.024750126004,-59.8790139525,8.5));
#4529 = VECTOR('',#4530,1.);
#4530 = DIRECTION('',(-8.715574274766E-02,-0.996194698092,0.));
#4531 = FACE_BOUND('',#4532,.F.);
#4532 = EDGE_LOOP('',(#4533,#4543,#4551,#4559));
#4533 = ORIENTED_EDGE('',*,*,#4534,.T.);
#4534 = EDGE_CURVE('',#4535,#4537,#4539,.T.);
#4535 = VERTEX_POINT('',#4536);
#4536 = CARTESIAN_POINT('',(132.6952851735,-93.9489801735,8.5));
#4537 = VERTEX_POINT('',#4538);
#4538 = CARTESIAN_POINT('',(144.81964082649,-86.9489801735,8.5));
#4539 = LINE('',#4540,#4541);
#4540 = CARTESIAN_POINT('',(136.68929704961,-91.64303634169,8.5));
#4541 = VECTOR('',#4542,1.);
#4542 = DIRECTION('',(0.866025403784,0.5,0.));
#4543 = ORIENTED_EDGE('',*,*,#4544,.T.);
#4544 = EDGE_CURVE('',#4537,#4545,#4547,.T.);
#4545 = VERTEX_POINT('',#4546);
#4546 = CARTESIAN_POINT('',(151.81964082649,-99.07333582649,8.5));
#4547 = LINE('',#4548,#4549);
#4548 = CARTESIAN_POINT('',(134.77114339427,-69.54447208119,8.5));
#4549 = VECTOR('',#4550,1.);
#4550 = DIRECTION('',(0.5,-0.866025403784,0.));
#4551 = ORIENTED_EDGE('',*,*,#4552,.F.);
#4552 = EDGE_CURVE('',#4553,#4545,#4555,.T.);
#4553 = VERTEX_POINT('',#4554);
#4554 = CARTESIAN_POINT('',(139.6952851735,-106.0733358264,8.5));
#4555 = LINE('',#4556,#4557);
#4556 = CARTESIAN_POINT('',(143.68929704961,-103.7673919946,8.5));
#4557 = VECTOR('',#4558,1.);
#4558 = DIRECTION('',(0.866025403784,0.5,0.));
#4559 = ORIENTED_EDGE('',*,*,#4560,.F.);
#4560 = EDGE_CURVE('',#4535,#4553,#4561,.T.);
#4561 = LINE('',#4562,#4563);
#4562 = CARTESIAN_POINT('',(122.64678774129,-76.54447208119,8.5));
#4563 = VECTOR('',#4564,1.);
#4564 = DIRECTION('',(0.5,-0.866025403784,0.));
#4565 = FACE_BOUND('',#4566,.F.);
#4566 = EDGE_LOOP('',(#4567,#4577,#4585,#4593));
#4567 = ORIENTED_EDGE('',*,*,#4568,.T.);
#4568 = EDGE_CURVE('',#4569,#4571,#4573,.T.);
#4569 = VERTEX_POINT('',#4570);
#4570 = CARTESIAN_POINT('',(149.16098506338,-109.29598,8.5));
#4571 = VERTEX_POINT('',#4572);
#4572 = CARTESIAN_POINT('',(159.06048,-99.39648506338,8.5));
#4573 = LINE('',#4574,#4575);
#4574 = CARTESIAN_POINT('',(155.87795178661,-102.5790132767,8.5));
#4575 = VECTOR('',#4576,1.);
#4576 = DIRECTION('',(0.707106781187,0.707106781187,0.));
#4577 = ORIENTED_EDGE('',*,*,#4578,.T.);
#4578 = EDGE_CURVE('',#4571,#4579,#4581,.T.);
#4579 = VERTEX_POINT('',#4580);
#4580 = CARTESIAN_POINT('',(168.95997493661,-109.29598,8.5));
#4581 = LINE('',#4582,#4583);
#4582 = CARTESIAN_POINT('',(136.94374741754,-77.27975248093,8.5));
#4583 = VECTOR('',#4584,1.);
#4584 = DIRECTION('',(0.707106781187,-0.707106781187,0.));
#4585 = ORIENTED_EDGE('',*,*,#4586,.F.);
#4586 = EDGE_CURVE('',#4587,#4579,#4589,.T.);
#4587 = VERTEX_POINT('',#4588);
#4588 = CARTESIAN_POINT('',(159.06048,-119.1954749366,8.5));
#4589 = LINE('',#4590,#4591);
#4590 = CARTESIAN_POINT('',(165.77744672322,-112.4785082133,8.5));
#4591 = VECTOR('',#4592,1.);
#4592 = DIRECTION('',(0.707106781187,0.707106781187,0.));
#4593 = ORIENTED_EDGE('',*,*,#4594,.F.);
#4594 = EDGE_CURVE('',#4569,#4587,#4595,.T.);
#4595 = LINE('',#4596,#4597);
#4596 = CARTESIAN_POINT('',(127.04425248093,-87.17924741754,8.5));
#4597 = VECTOR('',#4598,1.);
#4598 = DIRECTION('',(0.707106781187,-0.707106781187,0.));
#4599 = FACE_BOUND('',#4600,.F.);
#4600 = EDGE_LOOP('',(#4601,#4611,#4619,#4627));
#4601 = ORIENTED_EDGE('',*,*,#4602,.T.);
#4602 = EDGE_CURVE('',#4603,#4605,#4607,.T.);
#4603 = VERTEX_POINT('',#4604);
#4604 = CARTESIAN_POINT('',(162.81188006338,-95.706102,8.5));
#4605 = VERTEX_POINT('',#4606);
#4606 = CARTESIAN_POINT('',(172.711375,-85.80660706338,8.5));
#4607 = LINE('',#4608,#4609);
#4608 = CARTESIAN_POINT('',(162.71865353661,-95.79932852677,8.5));
#4609 = VECTOR('',#4610,1.);
#4610 = DIRECTION('',(0.707106781187,0.707106781187,0.));
#4611 = ORIENTED_EDGE('',*,*,#4612,.T.);
#4612 = EDGE_CURVE('',#4605,#4613,#4615,.T.);
#4613 = VERTEX_POINT('',#4614);
#4614 = CARTESIAN_POINT('',(182.61086993661,-95.706102,8.5));
#4615 = LINE('',#4616,#4617);
#4616 = CARTESIAN_POINT('',(150.57938816754,-63.67462023093,8.5));
#4617 = VECTOR('',#4618,1.);
#4618 = DIRECTION('',(0.707106781187,-0.707106781187,0.));
#4619 = ORIENTED_EDGE('',*,*,#4620,.F.);
#4620 = EDGE_CURVE('',#4621,#4613,#4623,.T.);
#4621 = VERTEX_POINT('',#4622);
#4622 = CARTESIAN_POINT('',(172.711375,-105.6055969366,8.5));
#4623 = LINE('',#4624,#4625);
#4624 = CARTESIAN_POINT('',(172.61814847322,-105.6988234633,8.5));
#4625 = VECTOR('',#4626,1.);
#4626 = DIRECTION('',(0.707106781187,0.707106781187,0.));
#4627 = ORIENTED_EDGE('',*,*,#4628,.F.);
#4628 = EDGE_CURVE('',#4603,#4621,#4629,.T.);
#4629 = LINE('',#4630,#4631);
#4630 = CARTESIAN_POINT('',(140.67989323093,-73.57411516754,8.5));
#4631 = VECTOR('',#4632,1.);
#4632 = DIRECTION('',(0.707106781187,-0.707106781187,0.));
#4633 = FACE_BOUND('',#4634,.F.);
#4634 = EDGE_LOOP('',(#4635,#4645,#4653,#4661));
#4635 = ORIENTED_EDGE('',*,*,#4636,.T.);
#4636 = EDGE_CURVE('',#4637,#4639,#4641,.T.);
#4637 = VERTEX_POINT('',#4638);
#4638 = CARTESIAN_POINT('',(113.83678590025,-83.87025253169,8.5));
#4639 = VERTEX_POINT('',#4640);
#4640 = CARTESIAN_POINT('',(127.3597474683,-80.24678590025,8.5));
#4641 = LINE('',#4642,#4643);
#4642 = CARTESIAN_POINT('',(120.88364754985,-81.98205164351,8.5));
#4643 = VECTOR('',#4644,1.);
#4644 = DIRECTION('',(0.965925826289,0.258819045103,0.));
#4645 = ORIENTED_EDGE('',*,*,#4646,.T.);
#4646 = EDGE_CURVE('',#4639,#4647,#4649,.T.);
#4647 = VERTEX_POINT('',#4648);
#4648 = CARTESIAN_POINT('',(130.98321409974,-93.7697474683,8.5));
#4649 = LINE('',#4650,#4651);
#4650 = CARTESIAN_POINT('',(124.38695285675,-69.15216536949,8.5));
#4651 = VECTOR('',#4652,1.);
#4652 = DIRECTION('',(0.258819045103,-0.965925826289,0.));
#4653 = ORIENTED_EDGE('',*,*,#4654,.F.);
#4654 = EDGE_CURVE('',#4655,#4647,#4657,.T.);
#4655 = VERTEX_POINT('',#4656);
#4656 = CARTESIAN_POINT('',(117.46025253169,-97.39321409974,8.5));
#4657 = LINE('',#4658,#4659);
#4658 = CARTESIAN_POINT('',(124.50711418129,-95.50501321155,8.5));
#4659 = VECTOR('',#4660,1.);
#4660 = DIRECTION('',(0.965925826289,0.258819045103,0.));
#4661 = ORIENTED_EDGE('',*,*,#4662,.F.);
#4662 = EDGE_CURVE('',#4637,#4655,#4663,.T.);
#4663 = LINE('',#4664,#4665);
#4664 = CARTESIAN_POINT('',(110.86399128871,-72.77563200093,8.5));
#4665 = VECTOR('',#4666,1.);
#4666 = DIRECTION('',(0.258819045103,-0.965925826289,0.));
#4667 = FACE_BOUND('',#4668,.F.);
#4668 = EDGE_LOOP('',(#4669));
#4669 = ORIENTED_EDGE('',*,*,#4670,.F.);
#4670 = EDGE_CURVE('',#4671,#4671,#4673,.T.);
#4671 = VERTEX_POINT('',#4672);
#4672 = CARTESIAN_POINT('',(159.45048,-94.02598,8.5));
#4673 = CIRCLE('',#4674,1.6);
#4674 = AXIS2_PLACEMENT_3D('',#4675,#4676,#4677);
#4675 = CARTESIAN_POINT('',(157.85048,-94.02598,8.5));
#4676 = DIRECTION('',(0.,0.,1.));
#4677 = DIRECTION('',(1.,0.,0.));
#4678 = FACE_BOUND('',#4679,.F.);
#4679 = EDGE_LOOP('',(#4680,#4690,#4698,#4706));
#4680 = ORIENTED_EDGE('',*,*,#4681,.T.);
#4681 = EDGE_CURVE('',#4682,#4684,#4686,.T.);
#4682 = VERTEX_POINT('',#4683);
#4683 = CARTESIAN_POINT('',(142.3983021735,-77.3338021735,8.5));
#4684 = VERTEX_POINT('',#4685);
#4685 = CARTESIAN_POINT('',(154.52265782649,-70.3338021735,8.5));
#4686 = LINE('',#4687,#4688);
#4687 = CARTESIAN_POINT('',(139.15639111551,-79.20552039552,8.5));
#4688 = VECTOR('',#4689,1.);
#4689 = DIRECTION('',(0.866025403784,0.5,0.));
#4690 = ORIENTED_EDGE('',*,*,#4691,.T.);
#4691 = EDGE_CURVE('',#4684,#4692,#4694,.T.);
#4692 = VERTEX_POINT('',#4693);
#4693 = CARTESIAN_POINT('',(161.52265782649,-82.45815782649,8.5));
#4694 = LINE('',#4695,#4696);
#4695 = CARTESIAN_POINT('',(146.85857482837,-57.05922102735,8.5));
#4696 = VECTOR('',#4697,1.);
#4697 = DIRECTION('',(0.5,-0.866025403784,0.));
#4698 = ORIENTED_EDGE('',*,*,#4699,.F.);
#4699 = EDGE_CURVE('',#4700,#4692,#4702,.T.);
#4700 = VERTEX_POINT('',#4701);
#4701 = CARTESIAN_POINT('',(149.3983021735,-89.45815782649,8.5));
#4702 = LINE('',#4703,#4704);
#4703 = CARTESIAN_POINT('',(146.15639111551,-91.32987604851,8.5));
#4704 = VECTOR('',#4705,1.);
#4705 = DIRECTION('',(0.866025403784,0.5,0.));
#4706 = ORIENTED_EDGE('',*,*,#4707,.F.);
#4707 = EDGE_CURVE('',#4682,#4700,#4708,.T.);
#4708 = LINE('',#4709,#4710);
#4709 = CARTESIAN_POINT('',(134.73421917539,-64.05922102735,8.5));
#4710 = VECTOR('',#4711,1.);
#4711 = DIRECTION('',(0.5,-0.866025403784,0.));
#4712 = FACE_BOUND('',#4713,.F.);
#4713 = EDGE_LOOP('',(#4714,#4724,#4732,#4740));
#4714 = ORIENTED_EDGE('',*,*,#4715,.T.);
#4715 = EDGE_CURVE('',#4716,#4718,#4720,.T.);
#4716 = VERTEX_POINT('',#4717);
#4717 = CARTESIAN_POINT('',(26.929191972583,-52.45617848524,8.5));
#4718 = VERTEX_POINT('',#4719);
#4719 = CARTESIAN_POINT('',(40.716500514754,-54.88725297258,8.5));
#4720 = LINE('',#4721,#4722);
#4721 = CARTESIAN_POINT('',(74.13566554545,-60.77995344024,8.5));
#4722 = VECTOR('',#4723,1.);
#4723 = DIRECTION('',(0.984807753012,-0.173648177667,0.));
#4724 = ORIENTED_EDGE('',*,*,#4725,.T.);
#4725 = EDGE_CURVE('',#4718,#4726,#4728,.T.);
#4726 = VERTEX_POINT('',#4727);
#4727 = CARTESIAN_POINT('',(38.285426027417,-68.67456151475,8.5));
#4728 = LINE('',#4729,#4730);
#4729 = CARTESIAN_POINT('',(41.17006443084,-52.31496418124,8.5));
#4730 = VECTOR('',#4731,1.);
#4731 = DIRECTION('',(-0.173648177667,-0.984807753012,0.));
#4732 = ORIENTED_EDGE('',*,*,#4733,.F.);
#4733 = EDGE_CURVE('',#4734,#4726,#4736,.T.);
#4734 = VERTEX_POINT('',#4735);
#4735 = CARTESIAN_POINT('',(24.498117485246,-66.24348702741,8.5));
#4736 = LINE('',#4737,#4738);
#4737 = CARTESIAN_POINT('',(71.704591058113,-74.56726198241,8.5));
#4738 = VECTOR('',#4739,1.);
#4739 = DIRECTION('',(0.984807753012,-0.173648177667,0.));
#4740 = ORIENTED_EDGE('',*,*,#4741,.F.);
#4741 = EDGE_CURVE('',#4716,#4734,#4742,.T.);
#4742 = LINE('',#4743,#4744);
#4743 = CARTESIAN_POINT('',(27.382755888669,-49.88388969391,8.5));
#4744 = VECTOR('',#4745,1.);
#4745 = DIRECTION('',(-0.173648177667,-0.984807753012,0.));
#4746 = FACE_BOUND('',#4747,.F.);
#4747 = EDGE_LOOP('',(#4748));
#4748 = ORIENTED_EDGE('',*,*,#4749,.F.);
#4749 = EDGE_CURVE('',#4750,#4750,#4752,.T.);
#4750 = VERTEX_POINT('',#4751);
#4751 = CARTESIAN_POINT('',(45.25048,-68.22598,8.5));
#4752 = CIRCLE('',#4753,1.6);
#4753 = AXIS2_PLACEMENT_3D('',#4754,#4755,#4756);
#4754 = CARTESIAN_POINT('',(43.65048,-68.22598,8.5));
#4755 = DIRECTION('',(0.,0.,1.));
#4756 = DIRECTION('',(1.,0.,0.));
#4757 = FACE_BOUND('',#4758,.F.);
#4758 = EDGE_LOOP('',(#4759,#4769,#4777,#4785));
#4759 = ORIENTED_EDGE('',*,*,#4760,.T.);
#4760 = EDGE_CURVE('',#4761,#4763,#4765,.T.);
#4761 = VERTEX_POINT('',#4762);
#4762 = CARTESIAN_POINT('',(45.640539972583,-49.15686248524,8.5));
#4763 = VERTEX_POINT('',#4764);
#4764 = CARTESIAN_POINT('',(59.427848514754,-51.58793697258,8.5));
#4765 = LINE('',#4766,#4767);
#4766 = CARTESIAN_POINT('',(84.05555576811,-55.93046623433,8.5));
#4767 = VECTOR('',#4768,1.);
#4768 = DIRECTION('',(0.984807753012,-0.173648177667,0.));
#4769 = ORIENTED_EDGE('',*,*,#4770,.T.);
#4770 = EDGE_CURVE('',#4763,#4771,#4773,.T.);
#4771 = VERTEX_POINT('',#4772);
#4772 = CARTESIAN_POINT('',(56.996774027417,-65.37524551475,8.5));
#4773 = LINE('',#4774,#4775);
#4774 = CARTESIAN_POINT('',(59.31719620818,-52.21547738715,8.5));
#4775 = VECTOR('',#4776,1.);
#4776 = DIRECTION('',(-0.173648177667,-0.984807753012,0.));
#4777 = ORIENTED_EDGE('',*,*,#4778,.F.);
#4778 = EDGE_CURVE('',#4779,#4771,#4781,.T.);
#4779 = VERTEX_POINT('',#4780);
#4780 = CARTESIAN_POINT('',(43.209465485246,-62.94417102741,8.5));
#4781 = LINE('',#4782,#4783);
#4782 = CARTESIAN_POINT('',(81.624481280773,-69.71777477651,8.5));
#4783 = VECTOR('',#4784,1.);
#4784 = DIRECTION('',(0.984807753012,-0.173648177667,0.));
#4785 = ORIENTED_EDGE('',*,*,#4786,.F.);
#4786 = EDGE_CURVE('',#4761,#4779,#4787,.T.);
#4787 = LINE('',#4788,#4789);
#4788 = CARTESIAN_POINT('',(45.529887666009,-49.78440289981,8.5));
#4789 = VECTOR('',#4790,1.);
#4790 = DIRECTION('',(-0.173648177667,-0.984807753012,0.));
#4791 = FACE_BOUND('',#4792,.F.);
#4792 = EDGE_LOOP('',(#4793));
#4793 = ORIENTED_EDGE('',*,*,#4794,.F.);
#4794 = EDGE_CURVE('',#4795,#4795,#4797,.T.);
#4795 = VERTEX_POINT('',#4796);
#4796 = CARTESIAN_POINT('',(41.85048,-49.62598,8.5));
#4797 = CIRCLE('',#4798,1.6);
#4798 = AXIS2_PLACEMENT_3D('',#4799,#4800,#4801);
#4799 = CARTESIAN_POINT('',(40.25048,-49.62598,8.5));
#4800 = DIRECTION('',(0.,0.,1.));
#4801 = DIRECTION('',(1.,0.,0.));
#4802 = FACE_BOUND('',#4803,.F.);
#4803 = EDGE_LOOP('',(#4804,#4814,#4822,#4830));
#4804 = ORIENTED_EDGE('',*,*,#4805,.T.);
#4805 = EDGE_CURVE('',#4806,#4808,#4810,.T.);
#4806 = VERTEX_POINT('',#4807);
#4807 = CARTESIAN_POINT('',(84.91,-57.07,8.5));
#4808 = VERTEX_POINT('',#4809);
#4809 = CARTESIAN_POINT('',(98.91,-57.07,8.5));
#4810 = LINE('',#4811,#4812);
#4811 = CARTESIAN_POINT('',(103.68597920415,-57.07,8.5));
#4812 = VECTOR('',#4813,1.);
#4813 = DIRECTION('',(1.,1.224646799147E-16,0.));
#4814 = ORIENTED_EDGE('',*,*,#4815,.T.);
#4815 = EDGE_CURVE('',#4808,#4816,#4818,.T.);
#4816 = VERTEX_POINT('',#4817);
#4817 = CARTESIAN_POINT('',(98.91,-71.07,8.5));
#4818 = LINE('',#4819,#4820);
#4819 = CARTESIAN_POINT('',(98.91,-59.29903816261,8.5));
#4820 = VECTOR('',#4821,1.);
#4821 = DIRECTION('',(1.224646799147E-16,-1.,0.));
#4822 = ORIENTED_EDGE('',*,*,#4823,.F.);
#4823 = EDGE_CURVE('',#4824,#4816,#4826,.T.);
#4824 = VERTEX_POINT('',#4825);
#4825 = CARTESIAN_POINT('',(84.91,-71.07,8.5));
#4826 = LINE('',#4827,#4828);
#4827 = CARTESIAN_POINT('',(103.68597920415,-71.07,8.5));
#4828 = VECTOR('',#4829,1.);
#4829 = DIRECTION('',(1.,1.224646799147E-16,0.));
#4830 = ORIENTED_EDGE('',*,*,#4831,.F.);
#4831 = EDGE_CURVE('',#4806,#4824,#4832,.T.);
#4832 = LINE('',#4833,#4834);
#4833 = CARTESIAN_POINT('',(84.91,-59.29903816261,8.5));
#4834 = VECTOR('',#4835,1.);
#4835 = DIRECTION('',(1.224646799147E-16,-1.,0.));
#4836 = FACE_BOUND('',#4837,.F.);
#4837 = EDGE_LOOP('',(#4838,#4848,#4856,#4864));
#4838 = ORIENTED_EDGE('',*,*,#4839,.T.);
#4839 = EDGE_CURVE('',#4840,#4842,#4844,.T.);
#4840 = VERTEX_POINT('',#4841);
#4841 = CARTESIAN_POINT('',(65.197207312591,-42.91252691412,8.5));
#4842 = VERTEX_POINT('',#4843);
#4843 = CARTESIAN_POINT('',(79.143933085876,-44.13270731259,8.5));
#4844 = LINE('',#4845,#4846);
#4845 = CARTESIAN_POINT('',(94.446762608846,-45.47153141572,8.5));
#4846 = VECTOR('',#4847,1.);
#4847 = DIRECTION('',(0.996194698092,-8.715574274766E-02,0.));
#4848 = ORIENTED_EDGE('',*,*,#4849,.T.);
#4849 = EDGE_CURVE('',#4842,#4850,#4852,.T.);
#4850 = VERTEX_POINT('',#4851);
#4851 = CARTESIAN_POINT('',(77.923752687409,-58.07943308587,8.5));
#4852 = LINE('',#4853,#4854);
#4853 = CARTESIAN_POINT('',(78.500116224127,-51.49156771578,8.5));
#4854 = VECTOR('',#4855,1.);
#4855 = DIRECTION('',(-8.715574274766E-02,-0.996194698092,0.));
#4856 = ORIENTED_EDGE('',*,*,#4857,.F.);
#4857 = EDGE_CURVE('',#4858,#4850,#4860,.T.);
#4858 = VERTEX_POINT('',#4859);
#4859 = CARTESIAN_POINT('',(63.977026914124,-56.8592526874,8.5));
#4860 = LINE('',#4861,#4862);
#4861 = CARTESIAN_POINT('',(93.226582210379,-59.418257189,8.5));
#4862 = VECTOR('',#4863,1.);
#4863 = DIRECTION('',(0.996194698092,-8.715574274766E-02,0.));
#4864 = ORIENTED_EDGE('',*,*,#4865,.F.);
#4865 = EDGE_CURVE('',#4840,#4858,#4866,.T.);
#4866 = LINE('',#4867,#4868);
#4867 = CARTESIAN_POINT('',(64.553390450842,-50.27138731731,8.5));
#4868 = VECTOR('',#4869,1.);
#4869 = DIRECTION('',(-8.715574274766E-02,-0.996194698092,0.));
#4870 = FACE_BOUND('',#4871,.F.);
#4871 = EDGE_LOOP('',(#4872,#4882,#4890,#4898));
#4872 = ORIENTED_EDGE('',*,*,#4873,.T.);
#4873 = EDGE_CURVE('',#4874,#4876,#4878,.T.);
#4874 = VERTEX_POINT('',#4875);
#4875 = CARTESIAN_POINT('',(84.91,-38.07,8.5));
#4876 = VERTEX_POINT('',#4877);
#4877 = CARTESIAN_POINT('',(98.91,-38.07,8.5));
#4878 = LINE('',#4879,#4880);
#4879 = CARTESIAN_POINT('',(103.68597920415,-38.07,8.5));
#4880 = VECTOR('',#4881,1.);
#4881 = DIRECTION('',(1.,1.224646799147E-16,0.));
#4882 = ORIENTED_EDGE('',*,*,#4883,.T.);
#4883 = EDGE_CURVE('',#4876,#4884,#4886,.T.);
#4884 = VERTEX_POINT('',#4885);
#4885 = CARTESIAN_POINT('',(98.91,-52.07,8.5));
#4886 = LINE('',#4887,#4888);
#4887 = CARTESIAN_POINT('',(98.91,-49.79903816261,8.5));
#4888 = VECTOR('',#4889,1.);
#4889 = DIRECTION('',(1.224646799147E-16,-1.,0.));
#4890 = ORIENTED_EDGE('',*,*,#4891,.F.);
#4891 = EDGE_CURVE('',#4892,#4884,#4894,.T.);
#4892 = VERTEX_POINT('',#4893);
#4893 = CARTESIAN_POINT('',(84.91,-52.07,8.5));
#4894 = LINE('',#4895,#4896);
#4895 = CARTESIAN_POINT('',(103.68597920415,-52.07,8.5));
#4896 = VECTOR('',#4897,1.);
#4897 = DIRECTION('',(1.,1.224646799147E-16,0.));
#4898 = ORIENTED_EDGE('',*,*,#4899,.F.);
#4899 = EDGE_CURVE('',#4874,#4892,#4900,.T.);
#4900 = LINE('',#4901,#4902);
#4901 = CARTESIAN_POINT('',(84.91,-49.79903816261,8.5));
#4902 = VECTOR('',#4903,1.);
#4903 = DIRECTION('',(1.224646799147E-16,-1.,0.));
#4904 = FACE_BOUND('',#4905,.F.);
#4905 = EDGE_LOOP('',(#4906,#4916,#4924,#4932));
#4906 = ORIENTED_EDGE('',*,*,#4907,.T.);
#4907 = EDGE_CURVE('',#4908,#4910,#4912,.T.);
#4908 = VERTEX_POINT('',#4909);
#4909 = CARTESIAN_POINT('',(23.629876972583,-33.74483048524,8.5));
#4910 = VERTEX_POINT('',#4911);
#4911 = CARTESIAN_POINT('',(37.417185514754,-36.17590497258,8.5));
#4912 = LINE('',#4913,#4914);
#4913 = CARTESIAN_POINT('',(74.036179266431,-42.63282157739,8.5));
#4914 = VECTOR('',#4915,1.);
#4915 = DIRECTION('',(0.984807753012,-0.173648177667,0.));
#4916 = ORIENTED_EDGE('',*,*,#4917,.T.);
#4917 = EDGE_CURVE('',#4910,#4918,#4920,.T.);
#4918 = VERTEX_POINT('',#4919);
#4919 = CARTESIAN_POINT('',(34.986111027417,-49.96321351475,8.5));
#4920 = LINE('',#4921,#4922);
#4921 = CARTESIAN_POINT('',(36.320578209859,-42.39507404409,8.5));
#4922 = VECTOR('',#4923,1.);
#4923 = DIRECTION('',(-0.173648177667,-0.984807753012,0.));
#4924 = ORIENTED_EDGE('',*,*,#4925,.F.);
#4925 = EDGE_CURVE('',#4926,#4918,#4928,.T.);
#4926 = VERTEX_POINT('',#4927);
#4927 = CARTESIAN_POINT('',(21.198802485246,-47.53213902741,8.5));
#4928 = LINE('',#4929,#4930);
#4929 = CARTESIAN_POINT('',(71.605104779094,-56.42013011956,8.5));
#4930 = VECTOR('',#4931,1.);
#4931 = DIRECTION('',(0.984807753012,-0.173648177667,0.));
#4932 = ORIENTED_EDGE('',*,*,#4933,.F.);
#4933 = EDGE_CURVE('',#4908,#4926,#4934,.T.);
#4934 = LINE('',#4935,#4936);
#4935 = CARTESIAN_POINT('',(22.533269667688,-39.96399955675,8.5));
#4936 = VECTOR('',#4937,1.);
#4937 = DIRECTION('',(-0.173648177667,-0.984807753012,0.));
#4938 = FACE_BOUND('',#4939,.F.);
#4939 = EDGE_LOOP('',(#4940,#4950,#4958,#4966));
#4940 = ORIENTED_EDGE('',*,*,#4941,.T.);
#4941 = EDGE_CURVE('',#4942,#4944,#4946,.T.);
#4942 = VERTEX_POINT('',#4943);
#4943 = CARTESIAN_POINT('',(42.341223972583,-30.44551548524,8.5));
#4944 = VERTEX_POINT('',#4945);
#4945 = CARTESIAN_POINT('',(56.128532514754,-32.87658997258,8.5));
#4946 = LINE('',#4947,#4948);
#4947 = CARTESIAN_POINT('',(83.956068888509,-37.78333544192,8.5));
#4948 = VECTOR('',#4949,1.);
#4949 = DIRECTION('',(0.984807753012,-0.173648177667,0.));
#4950 = ORIENTED_EDGE('',*,*,#4951,.T.);
#4951 = EDGE_CURVE('',#4944,#4952,#4954,.T.);
#4952 = VERTEX_POINT('',#4953);
#4953 = CARTESIAN_POINT('',(53.697458027417,-46.66389851475,8.5));
#4954 = LINE('',#4955,#4956);
#4955 = CARTESIAN_POINT('',(54.467709087781,-42.29558767957,8.5));
#4956 = VECTOR('',#4957,1.);
#4957 = DIRECTION('',(-0.173648177667,-0.984807753012,0.));
#4958 = ORIENTED_EDGE('',*,*,#4959,.F.);
#4959 = EDGE_CURVE('',#4960,#4952,#4962,.T.);
#4960 = VERTEX_POINT('',#4961);
#4961 = CARTESIAN_POINT('',(39.910149485246,-44.23282402741,8.5));
#4962 = LINE('',#4963,#4964);
#4963 = CARTESIAN_POINT('',(81.524994401172,-51.57064398409,8.5));
#4964 = VECTOR('',#4965,1.);
#4965 = DIRECTION('',(0.984807753012,-0.173648177667,0.));
#4966 = ORIENTED_EDGE('',*,*,#4967,.F.);
#4967 = EDGE_CURVE('',#4942,#4960,#4968,.T.);
#4968 = LINE('',#4969,#4970);
#4969 = CARTESIAN_POINT('',(40.68040054561,-39.86451319223,8.5));
#4970 = VECTOR('',#4971,1.);
#4971 = DIRECTION('',(-0.173648177667,-0.984807753012,0.));
#4972 = FACE_BOUND('',#4973,.F.);
#4973 = EDGE_LOOP('',(#4974,#4984,#4992,#5000));
#4974 = ORIENTED_EDGE('',*,*,#4975,.T.);
#4975 = EDGE_CURVE('',#4976,#4978,#4980,.T.);
#4976 = VERTEX_POINT('',#4977);
#4977 = CARTESIAN_POINT('',(63.541248312591,-23.98482791412,8.5));
#4978 = VERTEX_POINT('',#4979);
#4979 = CARTESIAN_POINT('',(77.487974085876,-25.20500831259,8.5));
#4980 = LINE('',#4981,#4982);
#4981 = CARTESIAN_POINT('',(94.434183784008,-26.68760955091,8.5));
#4982 = VECTOR('',#4983,1.);
#4983 = DIRECTION('',(0.996194698092,-8.715574274766E-02,0.));
#4984 = ORIENTED_EDGE('',*,*,#4985,.T.);
#4985 = EDGE_CURVE('',#4978,#4986,#4988,.T.);
#4986 = VERTEX_POINT('',#4987);
#4987 = CARTESIAN_POINT('',(76.267793687409,-39.15173408587,8.5));
#4988 = LINE('',#4989,#4990);
#4989 = CARTESIAN_POINT('',(76.028756548965,-41.88394108059,8.5));
#4990 = VECTOR('',#4991,1.);
#4991 = DIRECTION('',(-8.715574274766E-02,-0.996194698092,0.));
#4992 = ORIENTED_EDGE('',*,*,#4993,.F.);
#4993 = EDGE_CURVE('',#4994,#4986,#4996,.T.);
#4994 = VERTEX_POINT('',#4995);
#4995 = CARTESIAN_POINT('',(62.321067914124,-37.9315536874,8.5));
#4996 = LINE('',#4997,#4998);
#4997 = CARTESIAN_POINT('',(93.214003385541,-40.63433532419,8.5));
#4998 = VECTOR('',#4999,1.);
#4999 = DIRECTION('',(0.996194698092,-8.715574274766E-02,0.));
#5000 = ORIENTED_EDGE('',*,*,#5001,.F.);
#5001 = EDGE_CURVE('',#4976,#4994,#5002,.T.);
#5002 = LINE('',#5003,#5004);
#5003 = CARTESIAN_POINT('',(62.08203077568,-40.66376068212,8.5));
#5004 = VECTOR('',#5005,1.);
#5005 = DIRECTION('',(-8.715574274766E-02,-0.996194698092,0.));
#5006 = FACE_BOUND('',#5007,.F.);
#5007 = EDGE_LOOP('',(#5008,#5018,#5026,#5034));
#5008 = ORIENTED_EDGE('',*,*,#5009,.T.);
#5009 = EDGE_CURVE('',#5010,#5012,#5014,.T.);
#5010 = VERTEX_POINT('',#5011);
#5011 = CARTESIAN_POINT('',(84.91,-19.07,8.5));
#5012 = VERTEX_POINT('',#5013);
#5013 = CARTESIAN_POINT('',(98.91,-19.07,8.5));
#5014 = LINE('',#5015,#5016);
#5015 = CARTESIAN_POINT('',(103.68597920415,-19.07,8.5));
#5016 = VECTOR('',#5017,1.);
#5017 = DIRECTION('',(1.,1.224646799147E-16,0.));
#5018 = ORIENTED_EDGE('',*,*,#5019,.T.);
#5019 = EDGE_CURVE('',#5012,#5020,#5022,.T.);
#5020 = VERTEX_POINT('',#5021);
#5021 = CARTESIAN_POINT('',(98.91,-33.07,8.5));
#5022 = LINE('',#5023,#5024);
#5023 = CARTESIAN_POINT('',(98.91,-40.29903816261,8.5));
#5024 = VECTOR('',#5025,1.);
#5025 = DIRECTION('',(1.224646799147E-16,-1.,0.));
#5026 = ORIENTED_EDGE('',*,*,#5027,.F.);
#5027 = EDGE_CURVE('',#5028,#5020,#5030,.T.);
#5028 = VERTEX_POINT('',#5029);
#5029 = CARTESIAN_POINT('',(84.91,-33.07,8.5));
#5030 = LINE('',#5031,#5032);
#5031 = CARTESIAN_POINT('',(103.68597920415,-33.07,8.5));
#5032 = VECTOR('',#5033,1.);
#5033 = DIRECTION('',(1.,1.224646799147E-16,0.));
#5034 = ORIENTED_EDGE('',*,*,#5035,.F.);
#5035 = EDGE_CURVE('',#5010,#5028,#5036,.T.);
#5036 = LINE('',#5037,#5038);
#5037 = CARTESIAN_POINT('',(84.91,-40.29903816261,8.5));
#5038 = VECTOR('',#5039,1.);
#5039 = DIRECTION('',(1.224646799147E-16,-1.,0.));
#5040 = FACE_BOUND('',#5041,.F.);
#5041 = EDGE_LOOP('',(#5042,#5052,#5060,#5068));
#5042 = ORIENTED_EDGE('',*,*,#5043,.T.);
#5043 = EDGE_CURVE('',#5044,#5046,#5048,.T.);
#5044 = VERTEX_POINT('',#5045);
#5045 = CARTESIAN_POINT('',(103.91,-59.445,8.5));
#5046 = VERTEX_POINT('',#5047);
#5047 = CARTESIAN_POINT('',(117.91,-59.445,8.5));
#5048 = LINE('',#5049,#5050);
#5049 = CARTESIAN_POINT('',(113.18597920415,-59.445,8.5));
#5050 = VECTOR('',#5051,1.);
#5051 = DIRECTION('',(1.,1.224646799147E-16,0.));
#5052 = ORIENTED_EDGE('',*,*,#5053,.T.);
#5053 = EDGE_CURVE('',#5046,#5054,#5056,.T.);
#5054 = VERTEX_POINT('',#5055);
#5055 = CARTESIAN_POINT('',(117.91,-73.445,8.5));
#5056 = LINE('',#5057,#5058);
#5057 = CARTESIAN_POINT('',(117.91,-60.48653816261,8.5));
#5058 = VECTOR('',#5059,1.);
#5059 = DIRECTION('',(1.224646799147E-16,-1.,0.));
#5060 = ORIENTED_EDGE('',*,*,#5061,.F.);
#5061 = EDGE_CURVE('',#5062,#5054,#5064,.T.);
#5062 = VERTEX_POINT('',#5063);
#5063 = CARTESIAN_POINT('',(103.91,-73.445,8.5));
#5064 = LINE('',#5065,#5066);
#5065 = CARTESIAN_POINT('',(113.18597920415,-73.445,8.5));
#5066 = VECTOR('',#5067,1.);
#5067 = DIRECTION('',(1.,1.224646799147E-16,0.));
#5068 = ORIENTED_EDGE('',*,*,#5069,.F.);
#5069 = EDGE_CURVE('',#5044,#5062,#5070,.T.);
#5070 = LINE('',#5071,#5072);
#5071 = CARTESIAN_POINT('',(103.91,-60.48653816261,8.5));
#5072 = VECTOR('',#5073,1.);
#5073 = DIRECTION('',(1.224646799147E-16,-1.,0.));
#5074 = FACE_BOUND('',#5075,.F.);
#5075 = EDGE_LOOP('',(#5076,#5086,#5094,#5102));
#5076 = ORIENTED_EDGE('',*,*,#5077,.T.);
#5077 = EDGE_CURVE('',#5078,#5080,#5082,.T.);
#5078 = VERTEX_POINT('',#5079);
#5079 = CARTESIAN_POINT('',(122.91,-61.82,8.5));
#5080 = VERTEX_POINT('',#5081);
#5081 = CARTESIAN_POINT('',(136.91,-61.82,8.5));
#5082 = LINE('',#5083,#5084);
#5083 = CARTESIAN_POINT('',(122.68597920415,-61.82,8.5));
#5084 = VECTOR('',#5085,1.);
#5085 = DIRECTION('',(1.,1.224646799147E-16,0.));
#5086 = ORIENTED_EDGE('',*,*,#5087,.T.);
#5087 = EDGE_CURVE('',#5080,#5088,#5090,.T.);
#5088 = VERTEX_POINT('',#5089);
#5089 = CARTESIAN_POINT('',(136.91,-75.82,8.5));
#5090 = LINE('',#5091,#5092);
#5091 = CARTESIAN_POINT('',(136.91,-61.67403816261,8.5));
#5092 = VECTOR('',#5093,1.);
#5093 = DIRECTION('',(1.224646799147E-16,-1.,0.));
#5094 = ORIENTED_EDGE('',*,*,#5095,.F.);
#5095 = EDGE_CURVE('',#5096,#5088,#5098,.T.);
#5096 = VERTEX_POINT('',#5097);
#5097 = CARTESIAN_POINT('',(122.91,-75.82,8.5));
#5098 = LINE('',#5099,#5100);
#5099 = CARTESIAN_POINT('',(122.68597920415,-75.82,8.5));
#5100 = VECTOR('',#5101,1.);
#5101 = DIRECTION('',(1.,1.224646799147E-16,0.));
#5102 = ORIENTED_EDGE('',*,*,#5103,.F.);
#5103 = EDGE_CURVE('',#5078,#5096,#5104,.T.);
#5104 = LINE('',#5105,#5106);
#5105 = CARTESIAN_POINT('',(122.91,-61.67403816261,8.5));
#5106 = VECTOR('',#5107,1.);
#5107 = DIRECTION('',(1.224646799147E-16,-1.,0.));
#5108 = FACE_BOUND('',#5109,.F.);
#5109 = EDGE_LOOP('',(#5110,#5120,#5128,#5136));
#5110 = ORIENTED_EDGE('',*,*,#5111,.T.);
#5111 = EDGE_CURVE('',#5112,#5114,#5116,.T.);
#5112 = VERTEX_POINT('',#5113);
#5113 = CARTESIAN_POINT('',(103.91,-40.445,8.5));
#5114 = VERTEX_POINT('',#5115);
#5115 = CARTESIAN_POINT('',(117.91,-40.445,8.5));
#5116 = LINE('',#5117,#5118);
#5117 = CARTESIAN_POINT('',(113.18597920415,-40.445,8.5));
#5118 = VECTOR('',#5119,1.);
#5119 = DIRECTION('',(1.,1.224646799147E-16,0.));
#5120 = ORIENTED_EDGE('',*,*,#5121,.T.);
#5121 = EDGE_CURVE('',#5114,#5122,#5124,.T.);
#5122 = VERTEX_POINT('',#5123);
#5123 = CARTESIAN_POINT('',(117.91,-54.445,8.5));
#5124 = LINE('',#5125,#5126);
#5125 = CARTESIAN_POINT('',(117.91,-50.98653816261,8.5));
#5126 = VECTOR('',#5127,1.);
#5127 = DIRECTION('',(1.224646799147E-16,-1.,0.));
#5128 = ORIENTED_EDGE('',*,*,#5129,.F.);
#5129 = EDGE_CURVE('',#5130,#5122,#5132,.T.);
#5130 = VERTEX_POINT('',#5131);
#5131 = CARTESIAN_POINT('',(103.91,-54.445,8.5));
#5132 = LINE('',#5133,#5134);
#5133 = CARTESIAN_POINT('',(113.18597920415,-54.445,8.5));
#5134 = VECTOR('',#5135,1.);
#5135 = DIRECTION('',(1.,1.224646799147E-16,0.));
#5136 = ORIENTED_EDGE('',*,*,#5137,.F.);
#5137 = EDGE_CURVE('',#5112,#5130,#5138,.T.);
#5138 = LINE('',#5139,#5140);
#5139 = CARTESIAN_POINT('',(103.91,-50.98653816261,8.5));
#5140 = VECTOR('',#5141,1.);
#5141 = DIRECTION('',(1.224646799147E-16,-1.,0.));
#5142 = FACE_BOUND('',#5143,.F.);
#5143 = EDGE_LOOP('',(#5144,#5154,#5162,#5170));
#5144 = ORIENTED_EDGE('',*,*,#5145,.T.);
#5145 = EDGE_CURVE('',#5146,#5148,#5150,.T.);
#5146 = VERTEX_POINT('',#5147);
#5147 = CARTESIAN_POINT('',(122.91,-42.82,8.5));
#5148 = VERTEX_POINT('',#5149);
#5149 = CARTESIAN_POINT('',(136.91,-42.82,8.5));
#5150 = LINE('',#5151,#5152);
#5151 = CARTESIAN_POINT('',(122.68597920415,-42.82,8.5));
#5152 = VECTOR('',#5153,1.);
#5153 = DIRECTION('',(1.,1.224646799147E-16,0.));
#5154 = ORIENTED_EDGE('',*,*,#5155,.T.);
#5155 = EDGE_CURVE('',#5148,#5156,#5158,.T.);
#5156 = VERTEX_POINT('',#5157);
#5157 = CARTESIAN_POINT('',(136.91,-56.82,8.5));
#5158 = LINE('',#5159,#5160);
#5159 = CARTESIAN_POINT('',(136.91,-52.17403816261,8.5));
#5160 = VECTOR('',#5161,1.);
#5161 = DIRECTION('',(1.224646799147E-16,-1.,0.));
#5162 = ORIENTED_EDGE('',*,*,#5163,.F.);
#5163 = EDGE_CURVE('',#5164,#5156,#5166,.T.);
#5164 = VERTEX_POINT('',#5165);
#5165 = CARTESIAN_POINT('',(122.91,-56.82,8.5));
#5166 = LINE('',#5167,#5168);
#5167 = CARTESIAN_POINT('',(122.68597920415,-56.82,8.5));
#5168 = VECTOR('',#5169,1.);
#5169 = DIRECTION('',(1.,1.224646799147E-16,0.));
#5170 = ORIENTED_EDGE('',*,*,#5171,.F.);
#5171 = EDGE_CURVE('',#5146,#5164,#5172,.T.);
#5172 = LINE('',#5173,#5174);
#5173 = CARTESIAN_POINT('',(122.91,-52.17403816261,8.5));
#5174 = VECTOR('',#5175,1.);
#5175 = DIRECTION('',(1.224646799147E-16,-1.,0.));
#5176 = FACE_BOUND('',#5177,.F.);
#5177 = EDGE_LOOP('',(#5178,#5188,#5196,#5204));
#5178 = ORIENTED_EDGE('',*,*,#5179,.T.);
#5179 = EDGE_CURVE('',#5180,#5182,#5184,.T.);
#5180 = VERTEX_POINT('',#5181);
#5181 = CARTESIAN_POINT('',(141.96048,-42.79598,8.5));
#5182 = VERTEX_POINT('',#5183);
#5183 = CARTESIAN_POINT('',(155.96048,-42.79598,8.5));
#5184 = LINE('',#5185,#5186);
#5185 = CARTESIAN_POINT('',(132.21121920415,-42.79598,8.5));
#5186 = VECTOR('',#5187,1.);
#5187 = DIRECTION('',(1.,1.224646799147E-16,0.));
#5188 = ORIENTED_EDGE('',*,*,#5189,.T.);
#5189 = EDGE_CURVE('',#5182,#5190,#5192,.T.);
#5190 = VERTEX_POINT('',#5191);
#5191 = CARTESIAN_POINT('',(155.96048,-56.79598,8.5));
#5192 = LINE('',#5193,#5194);
#5193 = CARTESIAN_POINT('',(155.96048,-52.16202816261,8.5));
#5194 = VECTOR('',#5195,1.);
#5195 = DIRECTION('',(1.224646799147E-16,-1.,0.));
#5196 = ORIENTED_EDGE('',*,*,#5197,.F.);
#5197 = EDGE_CURVE('',#5198,#5190,#5200,.T.);
#5198 = VERTEX_POINT('',#5199);
#5199 = CARTESIAN_POINT('',(141.96048,-56.79598,8.5));
#5200 = LINE('',#5201,#5202);
#5201 = CARTESIAN_POINT('',(132.21121920415,-56.79598,8.5));
#5202 = VECTOR('',#5203,1.);
#5203 = DIRECTION('',(1.,1.224646799147E-16,0.));
#5204 = ORIENTED_EDGE('',*,*,#5205,.F.);
#5205 = EDGE_CURVE('',#5180,#5198,#5206,.T.);
#5206 = LINE('',#5207,#5208);
#5207 = CARTESIAN_POINT('',(141.96048,-52.16202816261,8.5));
#5208 = VECTOR('',#5209,1.);
#5209 = DIRECTION('',(1.224646799147E-16,-1.,0.));
#5210 = FACE_BOUND('',#5211,.F.);
#5211 = EDGE_LOOP('',(#5212));
#5212 = ORIENTED_EDGE('',*,*,#5213,.F.);
#5213 = EDGE_CURVE('',#5214,#5214,#5216,.T.);
#5214 = VERTEX_POINT('',#5215);
#5215 = CARTESIAN_POINT('',(141.05048,-40.32598,8.5));
#5216 = CIRCLE('',#5217,1.6);
#5217 = AXIS2_PLACEMENT_3D('',#5218,#5219,#5220);
#5218 = CARTESIAN_POINT('',(139.45048,-40.32598,8.5));
#5219 = DIRECTION('',(0.,0.,1.));
#5220 = DIRECTION('',(1.,0.,0.));
#5221 = FACE_BOUND('',#5222,.F.);
#5222 = EDGE_LOOP('',(#5223,#5233,#5241,#5249));
#5223 = ORIENTED_EDGE('',*,*,#5224,.T.);
#5224 = EDGE_CURVE('',#5225,#5227,#5229,.T.);
#5225 = VERTEX_POINT('',#5226);
#5226 = CARTESIAN_POINT('',(103.91,-21.445,8.5));
#5227 = VERTEX_POINT('',#5228);
#5228 = CARTESIAN_POINT('',(117.91,-21.445,8.5));
#5229 = LINE('',#5230,#5231);
#5230 = CARTESIAN_POINT('',(113.18597920415,-21.445,8.5));
#5231 = VECTOR('',#5232,1.);
#5232 = DIRECTION('',(1.,1.224646799147E-16,0.));
#5233 = ORIENTED_EDGE('',*,*,#5234,.T.);
#5234 = EDGE_CURVE('',#5227,#5235,#5237,.T.);
#5235 = VERTEX_POINT('',#5236);
#5236 = CARTESIAN_POINT('',(117.91,-35.445,8.5));
#5237 = LINE('',#5238,#5239);
#5238 = CARTESIAN_POINT('',(117.91,-41.48653816261,8.5));
#5239 = VECTOR('',#5240,1.);
#5240 = DIRECTION('',(1.224646799147E-16,-1.,0.));
#5241 = ORIENTED_EDGE('',*,*,#5242,.F.);
#5242 = EDGE_CURVE('',#5243,#5235,#5245,.T.);
#5243 = VERTEX_POINT('',#5244);
#5244 = CARTESIAN_POINT('',(103.91,-35.445,8.5));
#5245 = LINE('',#5246,#5247);
#5246 = CARTESIAN_POINT('',(113.18597920415,-35.445,8.5));
#5247 = VECTOR('',#5248,1.);
#5248 = DIRECTION('',(1.,1.224646799147E-16,0.));
#5249 = ORIENTED_EDGE('',*,*,#5250,.F.);
#5250 = EDGE_CURVE('',#5225,#5243,#5251,.T.);
#5251 = LINE('',#5252,#5253);
#5252 = CARTESIAN_POINT('',(103.91,-41.48653816261,8.5));
#5253 = VECTOR('',#5254,1.);
#5254 = DIRECTION('',(1.224646799147E-16,-1.,0.));
#5255 = FACE_BOUND('',#5256,.F.);
#5256 = EDGE_LOOP('',(#5257,#5267,#5275,#5283));
#5257 = ORIENTED_EDGE('',*,*,#5258,.T.);
#5258 = EDGE_CURVE('',#5259,#5261,#5263,.T.);
#5259 = VERTEX_POINT('',#5260);
#5260 = CARTESIAN_POINT('',(122.91,-23.82,8.5));
#5261 = VERTEX_POINT('',#5262);
#5262 = CARTESIAN_POINT('',(136.91,-23.82,8.5));
#5263 = LINE('',#5264,#5265);
#5264 = CARTESIAN_POINT('',(122.68597920415,-23.82,8.5));
#5265 = VECTOR('',#5266,1.);
#5266 = DIRECTION('',(1.,1.224646799147E-16,0.));
#5267 = ORIENTED_EDGE('',*,*,#5268,.T.);
#5268 = EDGE_CURVE('',#5261,#5269,#5271,.T.);
#5269 = VERTEX_POINT('',#5270);
#5270 = CARTESIAN_POINT('',(136.91,-37.82,8.5));
#5271 = LINE('',#5272,#5273);
#5272 = CARTESIAN_POINT('',(136.91,-42.67403816261,8.5));
#5273 = VECTOR('',#5274,1.);
#5274 = DIRECTION('',(1.224646799147E-16,-1.,0.));
#5275 = ORIENTED_EDGE('',*,*,#5276,.F.);
#5276 = EDGE_CURVE('',#5277,#5269,#5279,.T.);
#5277 = VERTEX_POINT('',#5278);
#5278 = CARTESIAN_POINT('',(122.91,-37.82,8.5));
#5279 = LINE('',#5280,#5281);
#5280 = CARTESIAN_POINT('',(122.68597920415,-37.82,8.5));
#5281 = VECTOR('',#5282,1.);
#5282 = DIRECTION('',(1.,1.224646799147E-16,0.));
#5283 = ORIENTED_EDGE('',*,*,#5284,.F.);
#5284 = EDGE_CURVE('',#5259,#5277,#5285,.T.);
#5285 = LINE('',#5286,#5287);
#5286 = CARTESIAN_POINT('',(122.91,-42.67403816261,8.5));
#5287 = VECTOR('',#5288,1.);
#5288 = DIRECTION('',(1.224646799147E-16,-1.,0.));
#5289 = FACE_BOUND('',#5290,.F.);
#5290 = EDGE_LOOP('',(#5291,#5301,#5309,#5317));
#5291 = ORIENTED_EDGE('',*,*,#5292,.T.);
#5292 = EDGE_CURVE('',#5293,#5295,#5297,.T.);
#5293 = VERTEX_POINT('',#5294);
#5294 = CARTESIAN_POINT('',(141.96048,-23.87598,8.5));
#5295 = VERTEX_POINT('',#5296);
#5296 = CARTESIAN_POINT('',(155.96048,-23.87598,8.5));
#5297 = LINE('',#5298,#5299);
#5298 = CARTESIAN_POINT('',(132.21121920415,-23.87598,8.5));
#5299 = VECTOR('',#5300,1.);
#5300 = DIRECTION('',(1.,1.224646799147E-16,0.));
#5301 = ORIENTED_EDGE('',*,*,#5302,.T.);
#5302 = EDGE_CURVE('',#5295,#5303,#5305,.T.);
#5303 = VERTEX_POINT('',#5304);
#5304 = CARTESIAN_POINT('',(155.96048,-37.87598,8.5));
#5305 = LINE('',#5306,#5307);
#5306 = CARTESIAN_POINT('',(155.96048,-42.70202816261,8.5));
#5307 = VECTOR('',#5308,1.);
#5308 = DIRECTION('',(1.224646799147E-16,-1.,0.));
#5309 = ORIENTED_EDGE('',*,*,#5310,.F.);
#5310 = EDGE_CURVE('',#5311,#5303,#5313,.T.);
#5311 = VERTEX_POINT('',#5312);
#5312 = CARTESIAN_POINT('',(141.96048,-37.87598,8.5));
#5313 = LINE('',#5314,#5315);
#5314 = CARTESIAN_POINT('',(132.21121920415,-37.87598,8.5));
#5315 = VECTOR('',#5316,1.);
#5316 = DIRECTION('',(1.,1.224646799147E-16,0.));
#5317 = ORIENTED_EDGE('',*,*,#5318,.F.);
#5318 = EDGE_CURVE('',#5293,#5311,#5319,.T.);
#5319 = LINE('',#5320,#5321);
#5320 = CARTESIAN_POINT('',(141.96048,-42.70202816261,8.5));
#5321 = VECTOR('',#5322,1.);
#5322 = DIRECTION('',(1.224646799147E-16,-1.,0.));
#5323 = PLANE('',#5324);
#5324 = AXIS2_PLACEMENT_3D('',#5325,#5326,#5327);
#5325 = CARTESIAN_POINT('',(108.46195840831,-61.52807632523,8.5));
#5326 = DIRECTION('',(0.,0.,1.));
#5327 = DIRECTION('',(1.,0.,0.));
#5328 = ADVANCED_FACE('',(#5329,#5714,#5748,#5782,#5816,#5850,#5884,
    #5918,#5952,#5986,#5997,#6031,#6065,#6076,#6110,#6121,#6155,#6189,
    #6223,#6257,#6291,#6325,#6359,#6393,#6427,#6461,#6495,#6529,#6540,
    #6574,#6608),#6642,.T.);
#5329 = FACE_BOUND('',#5330,.T.);
#5330 = EDGE_LOOP('',(#5331,#5332,#5333,#5342,#5350,#5359,#5368,#5376,
    #5385,#5394,#5402,#5411,#5420,#5429,#5437,#5445,#5454,#5462,#5470,
    #5479,#5487,#5496,#5504,#5512,#5521,#5529,#5538,#5546,#5555,#5563,
    #5571,#5580,#5589,#5597,#5605,#5613,#5622,#5631,#5639,#5648,#5656,
    #5665,#5673,#5682,#5690,#5698,#5707,#5713));
#5331 = ORIENTED_EDGE('',*,*,#3919,.T.);
#5332 = ORIENTED_EDGE('',*,*,#3983,.T.);
#5333 = ORIENTED_EDGE('',*,*,#5334,.F.);
#5334 = EDGE_CURVE('',#5335,#3984,#5337,.T.);
#5335 = VERTEX_POINT('',#5336);
#5336 = CARTESIAN_POINT('',(158.05824709399,-18.29598071226,10.5));
#5337 = CIRCLE('',#5338,3.5);
#5338 = AXIS2_PLACEMENT_3D('',#5339,#5340,#5341);
#5339 = CARTESIAN_POINT('',(158.06048,-21.79598,10.5));
#5340 = DIRECTION('',(-0.,0.,-1.));
#5341 = DIRECTION('',(-0.999999796495,-6.37973144348E-04,0.));
#5342 = ORIENTED_EDGE('',*,*,#5343,.T.);
#5343 = EDGE_CURVE('',#5335,#5344,#5346,.T.);
#5344 = VERTEX_POINT('',#5345);
#5345 = CARTESIAN_POINT('',(123.11739934552,-18.3182720393,10.5));
#5346 = LINE('',#5347,#5348);
#5347 = CARTESIAN_POINT('',(158.05824709399,-18.29598071226,10.5));
#5348 = VECTOR('',#5349,1.);
#5349 = DIRECTION('',(-0.999999796495,-6.37973144348E-04,0.));
#5350 = ORIENTED_EDGE('',*,*,#5351,.T.);
#5351 = EDGE_CURVE('',#5344,#5352,#5354,.T.);
#5352 = VERTEX_POINT('',#5353);
#5353 = CARTESIAN_POINT('',(119.41000933498,-15.82000000001,10.5));
#5354 = CIRCLE('',#5355,4.000001333575);
#5355 = AXIS2_PLACEMENT_3D('',#5356,#5357,#5358);
#5356 = CARTESIAN_POINT('',(119.40999866642,-19.82000133357,10.5));
#5357 = DIRECTION('',(0.,-0.,1.));
#5358 = DIRECTION('',(2.667139162621E-06,0.999999999996,0.));
#5359 = ORIENTED_EDGE('',*,*,#5360,.F.);
#5360 = EDGE_CURVE('',#5361,#5352,#5363,.T.);
#5361 = VERTEX_POINT('',#5362);
#5362 = CARTESIAN_POINT('',(119.41,-15.82,10.5));
#5363 = CIRCLE('',#5364,3.5);
#5364 = AXIS2_PLACEMENT_3D('',#5365,#5366,#5367);
#5365 = CARTESIAN_POINT('',(119.41,-19.32,10.5));
#5366 = DIRECTION('',(0.,0.,-1.));
#5367 = DIRECTION('',(-1.,0.,0.));
#5368 = ORIENTED_EDGE('',*,*,#5369,.T.);
#5369 = EDGE_CURVE('',#5361,#5370,#5372,.T.);
#5370 = VERTEX_POINT('',#5371);
#5371 = CARTESIAN_POINT('',(104.00687314312,-15.82,10.5));
#5372 = LINE('',#5373,#5374);
#5373 = CARTESIAN_POINT('',(119.41,-15.82,10.5));
#5374 = VECTOR('',#5375,1.);
#5375 = DIRECTION('',(-1.,0.,0.));
#5376 = ORIENTED_EDGE('',*,*,#5377,.T.);
#5377 = EDGE_CURVE('',#5370,#5378,#5380,.T.);
#5378 = VERTEX_POINT('',#5379);
#5379 = CARTESIAN_POINT('',(100.41000933498,-13.57000000001,10.5));
#5380 = CIRCLE('',#5381,4.000001333575);
#5381 = AXIS2_PLACEMENT_3D('',#5382,#5383,#5384);
#5382 = CARTESIAN_POINT('',(100.40999866642,-17.57000133357,10.5));
#5383 = DIRECTION('',(0.,-0.,1.));
#5384 = DIRECTION('',(2.667139162621E-06,0.999999999996,0.));
#5385 = ORIENTED_EDGE('',*,*,#5386,.F.);
#5386 = EDGE_CURVE('',#5387,#5378,#5389,.T.);
#5387 = VERTEX_POINT('',#5388);
#5388 = CARTESIAN_POINT('',(100.41,-13.57,10.5));
#5389 = CIRCLE('',#5390,3.5);
#5390 = AXIS2_PLACEMENT_3D('',#5391,#5392,#5393);
#5391 = CARTESIAN_POINT('',(100.41,-17.07,10.5));
#5392 = DIRECTION('',(0.,0.,-1.));
#5393 = DIRECTION('',(-1.,0.,0.));
#5394 = ORIENTED_EDGE('',*,*,#5395,.T.);
#5395 = EDGE_CURVE('',#5387,#5396,#5398,.T.);
#5396 = VERTEX_POINT('',#5397);
#5397 = CARTESIAN_POINT('',(83.41,-13.57,10.5));
#5398 = LINE('',#5399,#5400);
#5399 = CARTESIAN_POINT('',(100.41,-13.57,10.5));
#5400 = VECTOR('',#5401,1.);
#5401 = DIRECTION('',(-1.,0.,0.));
#5402 = ORIENTED_EDGE('',*,*,#5403,.F.);
#5403 = EDGE_CURVE('',#5404,#5396,#5406,.T.);
#5404 = VERTEX_POINT('',#5405);
#5405 = CARTESIAN_POINT('',(83.409990665013,-13.57000000001,10.5));
#5406 = CIRCLE('',#5407,3.5);
#5407 = AXIS2_PLACEMENT_3D('',#5408,#5409,#5410);
#5408 = CARTESIAN_POINT('',(83.41,-17.07,10.5));
#5409 = DIRECTION('',(-0.,0.,-1.));
#5410 = DIRECTION('',(-0.999999999996,-2.667139219752E-06,0.));
#5411 = ORIENTED_EDGE('',*,*,#5412,.T.);
#5412 = EDGE_CURVE('',#5404,#5413,#5415,.T.);
#5413 = VERTEX_POINT('',#5414);
#5414 = CARTESIAN_POINT('',(79.410000000012,-17.56999066501,10.5));
#5415 = CIRCLE('',#5416,4.000001333575);
#5416 = AXIS2_PLACEMENT_3D('',#5417,#5418,#5419);
#5417 = CARTESIAN_POINT('',(83.410001333573,-17.57000133357,10.5));
#5418 = DIRECTION('',(0.,0.,1.));
#5419 = DIRECTION('',(-0.999999999996,2.667139198148E-06,0.));
#5420 = ORIENTED_EDGE('',*,*,#5421,.F.);
#5421 = EDGE_CURVE('',#5422,#5413,#5424,.T.);
#5422 = VERTEX_POINT('',#5423);
#5423 = CARTESIAN_POINT('',(79.41,-17.57,10.5));
#5424 = CIRCLE('',#5425,3.5);
#5425 = AXIS2_PLACEMENT_3D('',#5426,#5427,#5428);
#5426 = CARTESIAN_POINT('',(82.91,-17.57,10.5));
#5427 = DIRECTION('',(-0.,-0.,-1.));
#5428 = DIRECTION('',(0.,-1.,0.));
#5429 = ORIENTED_EDGE('',*,*,#5430,.T.);
#5430 = EDGE_CURVE('',#5422,#5431,#5433,.T.);
#5431 = VERTEX_POINT('',#5432);
#5432 = CARTESIAN_POINT('',(79.41,-18.55045610094,10.5));
#5433 = LINE('',#5434,#5435);
#5434 = CARTESIAN_POINT('',(79.41,-17.57,10.5));
#5435 = VECTOR('',#5436,1.);
#5436 = DIRECTION('',(0.,-1.,0.));
#5437 = ORIENTED_EDGE('',*,*,#5438,.T.);
#5438 = EDGE_CURVE('',#5431,#5439,#5441,.T.);
#5439 = VERTEX_POINT('',#5440);
#5440 = CARTESIAN_POINT('',(59.748520761018,-20.30991037458,10.5));
#5441 = LINE('',#5442,#5443);
#5442 = CARTESIAN_POINT('',(82.098040761018,-18.30991037458,10.5));
#5443 = VECTOR('',#5444,1.);
#5444 = DIRECTION('',(-0.996019892975,-8.913121113783E-02,0.));
#5445 = ORIENTED_EDGE('',*,*,#5446,.F.);
#5446 = EDGE_CURVE('',#5447,#5439,#5449,.T.);
#5447 = VERTEX_POINT('',#5448);
#5448 = CARTESIAN_POINT('',(56.56048,-23.79598,10.5));
#5449 = CIRCLE('',#5450,3.5);
#5450 = AXIS2_PLACEMENT_3D('',#5451,#5452,#5453);
#5451 = CARTESIAN_POINT('',(60.06048,-23.79598,10.5));
#5452 = DIRECTION('',(-0.,-0.,-1.));
#5453 = DIRECTION('',(0.,-1.,0.));
#5454 = ORIENTED_EDGE('',*,*,#5455,.T.);
#5455 = EDGE_CURVE('',#5447,#5456,#5458,.T.);
#5456 = VERTEX_POINT('',#5457);
#5457 = CARTESIAN_POINT('',(56.56048,-24.66878022161,10.5));
#5458 = LINE('',#5459,#5460);
#5459 = CARTESIAN_POINT('',(56.56048,-23.79598,10.5));
#5460 = VECTOR('',#5461,1.);
#5461 = DIRECTION('',(0.,-1.,0.));
#5462 = ORIENTED_EDGE('',*,*,#5463,.T.);
#5463 = EDGE_CURVE('',#5456,#5464,#5466,.T.);
#5464 = VERTEX_POINT('',#5465);
#5465 = CARTESIAN_POINT('',(17.141567031585,-31.75116009361,10.5));
#5466 = LINE('',#5467,#5468);
#5467 = CARTESIAN_POINT('',(59.441547031585,-24.15114009361,10.5));
#5468 = VECTOR('',#5469,1.);
#5469 = DIRECTION('',(-0.984239973252,-0.176837990976,0.));
#5470 = ORIENTED_EDGE('',*,*,#5471,.F.);
#5471 = EDGE_CURVE('',#5472,#5464,#5474,.T.);
#5472 = VERTEX_POINT('',#5473);
#5473 = CARTESIAN_POINT('',(14.312994341823,-35.7999078877,10.5));
#5474 = CIRCLE('',#5475,3.5);
#5475 = AXIS2_PLACEMENT_3D('',#5476,#5477,#5478);
#5476 = CARTESIAN_POINT('',(17.7605,-35.196,10.5));
#5477 = DIRECTION('',(0.,-0.,-1.));
#5478 = DIRECTION('',(0.172545110774,-0.985001616622,0.));
#5479 = ORIENTED_EDGE('',*,*,#5480,.T.);
#5480 = EDGE_CURVE('',#5472,#5481,#5483,.T.);
#5481 = VERTEX_POINT('',#5482);
#5482 = CARTESIAN_POINT('',(15.227394341823,-41.0199078877,10.5));
#5483 = LINE('',#5484,#5485);
#5484 = CARTESIAN_POINT('',(14.312994341823,-35.7999078877,10.5));
#5485 = VECTOR('',#5486,1.);
#5486 = DIRECTION('',(0.172545110774,-0.985001616622,0.));
#5487 = ORIENTED_EDGE('',*,*,#5488,.F.);
#5488 = EDGE_CURVE('',#5489,#5481,#5491,.T.);
#5489 = VERTEX_POINT('',#5490);
#5490 = CARTESIAN_POINT('',(15.227400740074,-41.01994441201,10.5));
#5491 = CIRCLE('',#5492,3.5);
#5492 = AXIS2_PLACEMENT_3D('',#5493,#5494,#5495);
#5493 = CARTESIAN_POINT('',(18.6749,-40.416,10.5));
#5494 = DIRECTION('',(0.,-0.,-1.));
#5495 = DIRECTION('',(0.172555546291,-0.98499978855,0.));
#5496 = ORIENTED_EDGE('',*,*,#5497,.T.);
#5497 = EDGE_CURVE('',#5489,#5498,#5500,.T.);
#5498 = VERTEX_POINT('',#5499);
#5499 = CARTESIAN_POINT('',(16.27850034719,-47.01994216931,10.5));
#5500 = LINE('',#5501,#5502);
#5501 = CARTESIAN_POINT('',(15.227400740074,-41.01994441201,10.5));
#5502 = VECTOR('',#5503,1.);
#5503 = DIRECTION('',(0.172555546291,-0.98499978855,0.));
#5504 = ORIENTED_EDGE('',*,*,#5505,.T.);
#5505 = EDGE_CURVE('',#5498,#5506,#5508,.T.);
#5506 = VERTEX_POINT('',#5507);
#5507 = CARTESIAN_POINT('',(18.107399954304,-57.45993992658,10.5));
#5508 = LINE('',#5509,#5510);
#5509 = CARTESIAN_POINT('',(16.278499954304,-47.01993992658,10.5));
#5510 = VECTOR('',#5511,1.);
#5511 = DIRECTION('',(0.172554264739,-0.985000013056,0.));
#5512 = ORIENTED_EDGE('',*,*,#5513,.F.);
#5513 = EDGE_CURVE('',#5514,#5506,#5516,.T.);
#5514 = VERTEX_POINT('',#5515);
#5515 = CARTESIAN_POINT('',(18.107400740074,-57.45994441201,10.5));
#5516 = CIRCLE('',#5517,3.5);
#5517 = AXIS2_PLACEMENT_3D('',#5518,#5519,#5520);
#5518 = CARTESIAN_POINT('',(21.5549,-56.856,10.5));
#5519 = DIRECTION('',(0.,-0.,-1.));
#5520 = DIRECTION('',(0.172555546291,-0.98499978855,0.));
#5521 = ORIENTED_EDGE('',*,*,#5522,.T.);
#5522 = EDGE_CURVE('',#5514,#5523,#5525,.T.);
#5523 = VERTEX_POINT('',#5524);
#5524 = CARTESIAN_POINT('',(19.158500740074,-63.45994441201,10.5));
#5525 = LINE('',#5526,#5527);
#5526 = CARTESIAN_POINT('',(18.107400740074,-57.45994441201,10.5));
#5527 = VECTOR('',#5528,1.);
#5528 = DIRECTION('',(0.172555546291,-0.98499978855,0.));
#5529 = ORIENTED_EDGE('',*,*,#5530,.F.);
#5530 = EDGE_CURVE('',#5531,#5523,#5533,.T.);
#5531 = VERTEX_POINT('',#5532);
#5532 = CARTESIAN_POINT('',(19.15850126544,-63.45994741096,10.5));
#5533 = CIRCLE('',#5534,3.5);
#5534 = AXIS2_PLACEMENT_3D('',#5535,#5536,#5537);
#5535 = CARTESIAN_POINT('',(22.606,-62.856,10.5));
#5536 = DIRECTION('',(0.,-0.,-1.));
#5537 = DIRECTION('',(0.172556403132,-0.984999638446,0.));
#5538 = ORIENTED_EDGE('',*,*,#5539,.T.);
#5539 = EDGE_CURVE('',#5531,#5540,#5542,.T.);
#5540 = VERTEX_POINT('',#5541);
#5541 = CARTESIAN_POINT('',(23.91300126544,-90.59994741096,10.5));
#5542 = LINE('',#5543,#5544);
#5543 = CARTESIAN_POINT('',(19.15850126544,-63.45994741096,10.5));
#5544 = VECTOR('',#5545,1.);
#5545 = DIRECTION('',(0.172556403132,-0.984999638446,0.));
#5546 = ORIENTED_EDGE('',*,*,#5547,.F.);
#5547 = EDGE_CURVE('',#5548,#5540,#5550,.T.);
#5548 = VERTEX_POINT('',#5549);
#5549 = CARTESIAN_POINT('',(27.977268464031,-93.4412281001,10.5));
#5550 = CIRCLE('',#5551,3.5);
#5551 = AXIS2_PLACEMENT_3D('',#5552,#5553,#5554);
#5552 = CARTESIAN_POINT('',(27.3605,-89.996,10.5));
#5553 = DIRECTION('',(0.,0.,-1.));
#5554 = DIRECTION('',(0.984350885745,0.176219561152,0.));
#5555 = ORIENTED_EDGE('',*,*,#5556,.T.);
#5556 = EDGE_CURVE('',#5548,#5557,#5559,.T.);
#5557 = VERTEX_POINT('',#5558);
#5558 = CARTESIAN_POINT('',(80.090200951293,-84.11191451262,10.5));
#5559 = LINE('',#5560,#5561);
#5560 = CARTESIAN_POINT('',(27.977268464031,-93.4412281001,10.5));
#5561 = VECTOR('',#5562,1.);
#5562 = DIRECTION('',(0.984350885745,0.176219561152,0.));
#5563 = ORIENTED_EDGE('',*,*,#5564,.T.);
#5564 = EDGE_CURVE('',#5557,#5565,#5567,.T.);
#5565 = VERTEX_POINT('',#5566);
#5566 = CARTESIAN_POINT('',(89.478537440338,-96.98581571904,10.5));
#5567 = LINE('',#5568,#5569);
#5568 = CARTESIAN_POINT('',(78.935643440338,-82.52870971904,10.5));
#5569 = VECTOR('',#5570,1.);
#5570 = DIRECTION('',(0.589217919728,-0.807974159904,0.));
#5571 = ORIENTED_EDGE('',*,*,#5572,.F.);
#5572 = EDGE_CURVE('',#5573,#5565,#5575,.T.);
#5573 = VERTEX_POINT('',#5574);
#5574 = CARTESIAN_POINT('',(89.831555016265,-97.39840848443,10.5));
#5575 = CIRCLE('',#5576,3.5);
#5576 = AXIS2_PLACEMENT_3D('',#5577,#5578,#5579);
#5577 = CARTESIAN_POINT('',(92.306447,-94.923553,10.5));
#5578 = DIRECTION('',(0.,-0.,-1.));
#5579 = DIRECTION('',(0.707101566982,-0.707111995353,0.));
#5580 = ORIENTED_EDGE('',*,*,#5581,.T.);
#5581 = EDGE_CURVE('',#5573,#5582,#5584,.T.);
#5582 = VERTEX_POINT('',#5583);
#5583 = CARTESIAN_POINT('',(92.325784707232,-98.55601323373,10.5));
#5584 = CIRCLE('',#5585,3.999992432518);
#5585 = AXIS2_PLACEMENT_3D('',#5586,#5587,#5588);
#5586 = CARTESIAN_POINT('',(92.659997646619,-94.57000756748,10.5));
#5587 = DIRECTION('',(-0.,0.,1.));
#5588 = DIRECTION('',(4.706832625491E-06,-0.999999999989,0.));
#5589 = ORIENTED_EDGE('',*,*,#5590,.T.);
#5590 = EDGE_CURVE('',#5582,#5591,#5593,.T.);
#5591 = VERTEX_POINT('',#5592);
#5592 = CARTESIAN_POINT('',(128.73651157065,-103.2925569727,10.5));
#5593 = LINE('',#5594,#5595);
#5594 = CARTESIAN_POINT('',(92.208501491076,-98.54075627154,10.5));
#5595 = VECTOR('',#5596,1.);
#5596 = DIRECTION('',(0.991644649012,-0.128999573978,0.));
#5597 = ORIENTED_EDGE('',*,*,#5598,.T.);
#5598 = EDGE_CURVE('',#5591,#5599,#5601,.T.);
#5599 = VERTEX_POINT('',#5600);
#5600 = CARTESIAN_POINT('',(143.71828180388,-111.9991606494,10.5));
#5601 = LINE('',#5602,#5603);
#5602 = CARTESIAN_POINT('',(128.22639118105,-102.9961022821,10.5));
#5603 = VECTOR('',#5604,1.);
#5604 = DIRECTION('',(0.864600652038,-0.502459662555,0.));
#5605 = ORIENTED_EDGE('',*,*,#5606,.T.);
#5606 = EDGE_CURVE('',#5599,#5607,#5609,.T.);
#5607 = VERTEX_POINT('',#5608);
#5608 = CARTESIAN_POINT('',(155.85961908401,-123.9769347406,10.5));
#5609 = LINE('',#5610,#5611);
#5610 = CARTESIAN_POINT('',(143.40244608401,-111.6875797406,10.5));
#5611 = VECTOR('',#5612,1.);
#5612 = DIRECTION('',(0.711885640199,-0.702295404568,0.));
#5613 = ORIENTED_EDGE('',*,*,#5614,.F.);
#5614 = EDGE_CURVE('',#5615,#5607,#5617,.T.);
#5615 = VERTEX_POINT('',#5616);
#5616 = CARTESIAN_POINT('',(156.36173428294,-124.3878135911,10.5));
#5617 = CIRCLE('',#5618,3.5);
#5618 = AXIS2_PLACEMENT_3D('',#5619,#5620,#5621);
#5619 = CARTESIAN_POINT('',(158.317653,-121.485335,10.5));
#5620 = DIRECTION('',(0.,-0.,-1.));
#5621 = DIRECTION('',(0.829279597481,-0.558833919158,0.));
#5622 = ORIENTED_EDGE('',*,*,#5623,.T.);
#5623 = EDGE_CURVE('',#5615,#5624,#5626,.T.);
#5624 = VERTEX_POINT('',#5625);
#5625 = CARTESIAN_POINT('',(162.88966567078,-123.4115588433,10.5));
#5626 = CIRCLE('',#5627,4.88679886816);
#5627 = AXIS2_PLACEMENT_3D('',#5628,#5629,#5630);
#5628 = CARTESIAN_POINT('',(159.09264324657,-120.3352909928,10.5));
#5629 = DIRECTION('',(-0.,0.,1.));
#5630 = DIRECTION('',(0.83142680593,-0.555634291941,0.));
#5631 = ORIENTED_EDGE('',*,*,#5632,.T.);
#5632 = EDGE_CURVE('',#5624,#5633,#5635,.T.);
#5633 = VERTEX_POINT('',#5634);
#5634 = CARTESIAN_POINT('',(189.42558765949,-96.8706197867,10.5));
#5635 = LINE('',#5636,#5637);
#5636 = CARTESIAN_POINT('',(162.72077265949,-123.5804837867,10.5));
#5637 = VECTOR('',#5638,1.);
#5638 = DIRECTION('',(0.707039939058,0.707173616997,0.));
#5639 = ORIENTED_EDGE('',*,*,#5640,.F.);
#5640 = EDGE_CURVE('',#5641,#5633,#5643,.T.);
#5641 = VERTEX_POINT('',#5642);
#5642 = CARTESIAN_POINT('',(190.45047940294,-94.39802435347,10.5));
#5643 = CIRCLE('',#5644,3.5);
#5644 = AXIS2_PLACEMENT_3D('',#5645,#5646,#5647);
#5645 = CARTESIAN_POINT('',(186.95048,-94.39598,10.5));
#5646 = DIRECTION('',(0.,0.,-1.));
#5647 = DIRECTION('',(5.841009931167E-04,0.999999829413,0.));
#5648 = ORIENTED_EDGE('',*,*,#5649,.T.);
#5649 = EDGE_CURVE('',#5641,#5650,#5652,.T.);
#5650 = VERTEX_POINT('',#5651);
#5651 = CARTESIAN_POINT('',(190.45479940294,-87.00204435347,10.5));
#5652 = LINE('',#5653,#5654);
#5653 = CARTESIAN_POINT('',(190.45479940294,-87.00204435347,10.5));
#5654 = VECTOR('',#5655,1.);
#5655 = DIRECTION('',(5.841009931167E-04,0.999999829413,0.));
#5656 = ORIENTED_EDGE('',*,*,#5657,.F.);
#5657 = EDGE_CURVE('',#5658,#5650,#5660,.T.);
#5658 = VERTEX_POINT('',#5659);
#5659 = CARTESIAN_POINT('',(190.45479897138,-86.99731666745,10.5));
#5660 = CIRCLE('',#5661,3.5);
#5661 = AXIS2_PLACEMENT_3D('',#5662,#5663,#5664);
#5662 = CARTESIAN_POINT('',(186.9548,-87.,10.5));
#5663 = DIRECTION('',(0.,0.,-1.));
#5664 = DIRECTION('',(-7.666664413537E-04,0.999999706111,0.));
#5665 = ORIENTED_EDGE('',*,*,#5666,.T.);
#5666 = EDGE_CURVE('',#5658,#5667,#5669,.T.);
#5667 = VERTEX_POINT('',#5668);
#5668 = CARTESIAN_POINT('',(190.45019897138,-80.99731666745,10.5));
#5669 = LINE('',#5670,#5671);
#5670 = CARTESIAN_POINT('',(190.45019897138,-80.99731666745,10.5));
#5671 = VECTOR('',#5672,1.);
#5672 = DIRECTION('',(-7.666664413537E-04,0.999999706111,0.));
#5673 = ORIENTED_EDGE('',*,*,#5674,.F.);
#5674 = EDGE_CURVE('',#5675,#5667,#5677,.T.);
#5675 = VERTEX_POINT('',#5676);
#5676 = CARTESIAN_POINT('',(190.4501989693,-80.99731395427,10.5));
#5677 = CIRCLE('',#5678,3.5);
#5678 = AXIS2_PLACEMENT_3D('',#5679,#5680,#5681);
#5679 = CARTESIAN_POINT('',(186.9502,-81.,10.5));
#5680 = DIRECTION('',(0.,0.,-1.));
#5681 = DIRECTION('',(-7.674416344659E-04,0.999999705517,0.));
#5682 = ORIENTED_EDGE('',*,*,#5683,.T.);
#5683 = EDGE_CURVE('',#5675,#5684,#5686,.T.);
#5684 = VERTEX_POINT('',#5685);
#5685 = CARTESIAN_POINT('',(190.41719897034,-37.99731531107,10.5));
#5686 = LINE('',#5687,#5688);
#5687 = CARTESIAN_POINT('',(190.4171989693,-37.99731395427,10.5));
#5688 = VECTOR('',#5689,1.);
#5689 = DIRECTION('',(-7.674416344659E-04,0.999999705517,0.));
#5690 = ORIENTED_EDGE('',*,*,#5691,.T.);
#5691 = EDGE_CURVE('',#5684,#5692,#5694,.T.);
#5692 = VERTEX_POINT('',#5693);
#5693 = CARTESIAN_POINT('',(190.41259897138,-31.99731666745,10.5));
#5694 = LINE('',#5695,#5696);
#5695 = CARTESIAN_POINT('',(190.41259897138,-31.99731666745,10.5));
#5696 = VECTOR('',#5697,1.);
#5697 = DIRECTION('',(-7.666664413537E-04,0.999999706111,0.));
#5698 = ORIENTED_EDGE('',*,*,#5699,.F.);
#5699 = EDGE_CURVE('',#5700,#5692,#5702,.T.);
#5700 = VERTEX_POINT('',#5701);
#5701 = CARTESIAN_POINT('',(190.41259895492,-31.9972952828,10.5));
#5702 = CIRCLE('',#5703,3.5);
#5703 = AXIS2_PLACEMENT_3D('',#5704,#5705,#5706);
#5704 = CARTESIAN_POINT('',(186.9126,-32.,10.5));
#5705 = DIRECTION('',(0.,0.,-1.));
#5706 = DIRECTION('',(-7.727763419221E-04,0.999999701408,0.));
#5707 = ORIENTED_EDGE('',*,*,#5708,.T.);
#5708 = EDGE_CURVE('',#5700,#3952,#5709,.T.);
#5709 = LINE('',#5710,#5711);
#5710 = CARTESIAN_POINT('',(190.40689895492,-24.6212952828,10.5));
#5711 = VECTOR('',#5712,1.);
#5712 = DIRECTION('',(-7.727763419221E-04,0.999999701408,0.));
#5713 = ORIENTED_EDGE('',*,*,#3959,.T.);
#5714 = FACE_BOUND('',#5715,.T.);
#5715 = EDGE_LOOP('',(#5716,#5726,#5734,#5742));
#5716 = ORIENTED_EDGE('',*,*,#5717,.T.);
#5717 = EDGE_CURVE('',#5718,#5720,#5722,.T.);
#5718 = VERTEX_POINT('',#5719);
#5719 = CARTESIAN_POINT('',(30.228507972583,-71.16752548524,10.5));
#5720 = VERTEX_POINT('',#5721);
#5721 = CARTESIAN_POINT('',(44.015816514754,-73.59859997258,10.5));
#5722 = LINE('',#5723,#5724);
#5723 = CARTESIAN_POINT('',(74.235152425051,-78.92708423266,10.5));
#5724 = VECTOR('',#5725,1.);
#5725 = DIRECTION('',(0.984807753012,-0.173648177667,0.));
#5726 = ORIENTED_EDGE('',*,*,#5727,.T.);
#5727 = EDGE_CURVE('',#5720,#5728,#5730,.T.);
#5728 = VERTEX_POINT('',#5729);
#5729 = CARTESIAN_POINT('',(41.584742027417,-87.38590851475,10.5));
#5730 = LINE('',#5731,#5732);
#5731 = CARTESIAN_POINT('',(46.019551551239,-62.23485388883,10.5));
#5732 = VECTOR('',#5733,1.);
#5733 = DIRECTION('',(-0.173648177667,-0.984807753012,0.));
#5734 = ORIENTED_EDGE('',*,*,#5735,.F.);
#5735 = EDGE_CURVE('',#5736,#5728,#5738,.T.);
#5736 = VERTEX_POINT('',#5737);
#5737 = CARTESIAN_POINT('',(27.797433485246,-84.95483402741,10.5));
#5738 = LINE('',#5739,#5740);
#5739 = CARTESIAN_POINT('',(71.804077937713,-92.71439277483,10.5));
#5740 = VECTOR('',#5741,1.);
#5741 = DIRECTION('',(0.984807753012,-0.173648177667,0.));
#5742 = ORIENTED_EDGE('',*,*,#5743,.F.);
#5743 = EDGE_CURVE('',#5718,#5736,#5744,.T.);
#5744 = LINE('',#5745,#5746);
#5745 = CARTESIAN_POINT('',(32.232243009068,-59.80377940149,10.5));
#5746 = VECTOR('',#5747,1.);
#5747 = DIRECTION('',(-0.173648177667,-0.984807753012,0.));
#5748 = FACE_BOUND('',#5749,.T.);
#5749 = EDGE_LOOP('',(#5750,#5760,#5768,#5776));
#5750 = ORIENTED_EDGE('',*,*,#5751,.T.);
#5751 = EDGE_CURVE('',#5752,#5754,#5756,.T.);
#5752 = VERTEX_POINT('',#5753);
#5753 = CARTESIAN_POINT('',(48.939854972583,-67.86821048524,10.5));
#5754 = VERTEX_POINT('',#5755);
#5755 = CARTESIAN_POINT('',(62.727163514754,-70.29928497258,10.5));
#5756 = LINE('',#5757,#5758);
#5757 = CARTESIAN_POINT('',(84.155042047128,-74.07759809718,10.5));
#5758 = VECTOR('',#5759,1.);
#5759 = DIRECTION('',(0.984807753012,-0.173648177667,0.));
#5760 = ORIENTED_EDGE('',*,*,#5761,.T.);
#5761 = EDGE_CURVE('',#5754,#5762,#5764,.T.);
#5762 = VERTEX_POINT('',#5763);
#5763 = CARTESIAN_POINT('',(60.296089027417,-84.08659351475,10.5));
#5764 = LINE('',#5765,#5766);
#5765 = CARTESIAN_POINT('',(64.166682429161,-62.1353675243,10.5));
#5766 = VECTOR('',#5767,1.);
#5767 = DIRECTION('',(-0.173648177667,-0.984807753012,0.));
#5768 = ORIENTED_EDGE('',*,*,#5769,.F.);
#5769 = EDGE_CURVE('',#5770,#5762,#5772,.T.);
#5770 = VERTEX_POINT('',#5771);
#5771 = CARTESIAN_POINT('',(46.508780485246,-81.65551902741,10.5));
#5772 = LINE('',#5773,#5774);
#5773 = CARTESIAN_POINT('',(81.723967559791,-87.86490663935,10.5));
#5774 = VECTOR('',#5775,1.);
#5775 = DIRECTION('',(0.984807753012,-0.173648177667,0.));
#5776 = ORIENTED_EDGE('',*,*,#5777,.F.);
#5777 = EDGE_CURVE('',#5752,#5770,#5778,.T.);
#5778 = LINE('',#5779,#5780);
#5779 = CARTESIAN_POINT('',(50.37937388699,-59.70429303697,10.5));
#5780 = VECTOR('',#5781,1.);
#5781 = DIRECTION('',(-0.173648177667,-0.984807753012,0.));
#5782 = FACE_BOUND('',#5783,.T.);
#5783 = EDGE_LOOP('',(#5784,#5794,#5802,#5810));
#5784 = ORIENTED_EDGE('',*,*,#5785,.T.);
#5785 = EDGE_CURVE('',#5786,#5788,#5790,.T.);
#5786 = VERTEX_POINT('',#5787);
#5787 = CARTESIAN_POINT('',(94.41,-79.07,10.5));
#5788 = VERTEX_POINT('',#5789);
#5789 = CARTESIAN_POINT('',(108.41,-79.07,10.5));
#5790 = LINE('',#5791,#5792);
#5791 = CARTESIAN_POINT('',(108.43597920415,-79.07,10.5));
#5792 = VECTOR('',#5793,1.);
#5793 = DIRECTION('',(1.,1.224646799147E-16,0.));
#5794 = ORIENTED_EDGE('',*,*,#5795,.T.);
#5795 = EDGE_CURVE('',#5788,#5796,#5798,.T.);
#5796 = VERTEX_POINT('',#5797);
#5797 = CARTESIAN_POINT('',(108.41,-93.07,10.5));
#5798 = LINE('',#5799,#5800);
#5799 = CARTESIAN_POINT('',(108.41,-70.29903816261,10.5));
#5800 = VECTOR('',#5801,1.);
#5801 = DIRECTION('',(1.224646799147E-16,-1.,0.));
#5802 = ORIENTED_EDGE('',*,*,#5803,.F.);
#5803 = EDGE_CURVE('',#5804,#5796,#5806,.T.);
#5804 = VERTEX_POINT('',#5805);
#5805 = CARTESIAN_POINT('',(94.41,-93.07,10.5));
#5806 = LINE('',#5807,#5808);
#5807 = CARTESIAN_POINT('',(108.43597920415,-93.07,10.5));
#5808 = VECTOR('',#5809,1.);
#5809 = DIRECTION('',(1.,1.224646799147E-16,0.));
#5810 = ORIENTED_EDGE('',*,*,#5811,.F.);
#5811 = EDGE_CURVE('',#5786,#5804,#5812,.T.);
#5812 = LINE('',#5813,#5814);
#5813 = CARTESIAN_POINT('',(94.41,-70.29903816261,10.5));
#5814 = VECTOR('',#5815,1.);
#5815 = DIRECTION('',(1.224646799147E-16,-1.,0.));
#5816 = FACE_BOUND('',#5817,.T.);
#5817 = EDGE_LOOP('',(#5818,#5828,#5836,#5844));
#5818 = ORIENTED_EDGE('',*,*,#5819,.T.);
#5819 = EDGE_CURVE('',#5820,#5822,#5824,.T.);
#5820 = VERTEX_POINT('',#5821);
#5821 = CARTESIAN_POINT('',(66.853166312591,-61.84022591412,10.5));
#5822 = VERTEX_POINT('',#5823);
#5823 = CARTESIAN_POINT('',(80.799892085876,-63.06040631259,10.5));
#5824 = LINE('',#5825,#5826);
#5825 = CARTESIAN_POINT('',(94.459341433684,-64.25545328053,10.5));
#5826 = VECTOR('',#5827,1.);
#5827 = DIRECTION('',(0.996194698092,-8.715574274766E-02,0.));
#5828 = ORIENTED_EDGE('',*,*,#5829,.T.);
#5829 = EDGE_CURVE('',#5822,#5830,#5832,.T.);
#5830 = VERTEX_POINT('',#5831);
#5831 = CARTESIAN_POINT('',(79.579711687409,-77.00713208587,10.5));
#5832 = LINE('',#5833,#5834);
#5833 = CARTESIAN_POINT('',(80.971475899289,-61.09919435097,10.5));
#5834 = VECTOR('',#5835,1.);
#5835 = DIRECTION('',(-8.715574274766E-02,-0.996194698092,0.));
#5836 = ORIENTED_EDGE('',*,*,#5837,.F.);
#5837 = EDGE_CURVE('',#5838,#5830,#5840,.T.);
#5838 = VERTEX_POINT('',#5839);
#5839 = CARTESIAN_POINT('',(65.632985914124,-75.7869516874,10.5));
#5840 = LINE('',#5841,#5842);
#5841 = CARTESIAN_POINT('',(93.239161035217,-78.20217905381,10.5));
#5842 = VECTOR('',#5843,1.);
#5843 = DIRECTION('',(0.996194698092,-8.715574274766E-02,0.));
#5844 = ORIENTED_EDGE('',*,*,#5845,.F.);
#5845 = EDGE_CURVE('',#5820,#5838,#5846,.T.);
#5846 = LINE('',#5847,#5848);
#5847 = CARTESIAN_POINT('',(67.024750126004,-59.8790139525,10.5));
#5848 = VECTOR('',#5849,1.);
#5849 = DIRECTION('',(-8.715574274766E-02,-0.996194698092,0.));
#5850 = FACE_BOUND('',#5851,.T.);
#5851 = EDGE_LOOP('',(#5852,#5862,#5870,#5878));
#5852 = ORIENTED_EDGE('',*,*,#5853,.T.);
#5853 = EDGE_CURVE('',#5854,#5856,#5858,.T.);
#5854 = VERTEX_POINT('',#5855);
#5855 = CARTESIAN_POINT('',(132.6952851735,-93.9489801735,10.5));
#5856 = VERTEX_POINT('',#5857);
#5857 = CARTESIAN_POINT('',(144.81964082649,-86.9489801735,10.5));
#5858 = LINE('',#5859,#5860);
#5859 = CARTESIAN_POINT('',(136.68929704961,-91.64303634169,10.5));
#5860 = VECTOR('',#5861,1.);
#5861 = DIRECTION('',(0.866025403784,0.5,0.));
#5862 = ORIENTED_EDGE('',*,*,#5863,.T.);
#5863 = EDGE_CURVE('',#5856,#5864,#5866,.T.);
#5864 = VERTEX_POINT('',#5865);
#5865 = CARTESIAN_POINT('',(151.81964082649,-99.07333582649,10.5));
#5866 = LINE('',#5867,#5868);
#5867 = CARTESIAN_POINT('',(134.77114339427,-69.54447208119,10.5));
#5868 = VECTOR('',#5869,1.);
#5869 = DIRECTION('',(0.5,-0.866025403784,0.));
#5870 = ORIENTED_EDGE('',*,*,#5871,.F.);
#5871 = EDGE_CURVE('',#5872,#5864,#5874,.T.);
#5872 = VERTEX_POINT('',#5873);
#5873 = CARTESIAN_POINT('',(139.6952851735,-106.0733358264,10.5));
#5874 = LINE('',#5875,#5876);
#5875 = CARTESIAN_POINT('',(143.68929704961,-103.7673919946,10.5));
#5876 = VECTOR('',#5877,1.);
#5877 = DIRECTION('',(0.866025403784,0.5,0.));
#5878 = ORIENTED_EDGE('',*,*,#5879,.F.);
#5879 = EDGE_CURVE('',#5854,#5872,#5880,.T.);
#5880 = LINE('',#5881,#5882);
#5881 = CARTESIAN_POINT('',(122.64678774129,-76.54447208119,10.5));
#5882 = VECTOR('',#5883,1.);
#5883 = DIRECTION('',(0.5,-0.866025403784,0.));
#5884 = FACE_BOUND('',#5885,.T.);
#5885 = EDGE_LOOP('',(#5886,#5896,#5904,#5912));
#5886 = ORIENTED_EDGE('',*,*,#5887,.T.);
#5887 = EDGE_CURVE('',#5888,#5890,#5892,.T.);
#5888 = VERTEX_POINT('',#5889);
#5889 = CARTESIAN_POINT('',(149.16098506338,-109.29598,10.5));
#5890 = VERTEX_POINT('',#5891);
#5891 = CARTESIAN_POINT('',(159.06048,-99.39648506338,10.5));
#5892 = LINE('',#5893,#5894);
#5893 = CARTESIAN_POINT('',(155.87795178661,-102.5790132767,10.5));
#5894 = VECTOR('',#5895,1.);
#5895 = DIRECTION('',(0.707106781187,0.707106781187,0.));
#5896 = ORIENTED_EDGE('',*,*,#5897,.T.);
#5897 = EDGE_CURVE('',#5890,#5898,#5900,.T.);
#5898 = VERTEX_POINT('',#5899);
#5899 = CARTESIAN_POINT('',(168.95997493661,-109.29598,10.5));
#5900 = LINE('',#5901,#5902);
#5901 = CARTESIAN_POINT('',(136.94374741754,-77.27975248093,10.5));
#5902 = VECTOR('',#5903,1.);
#5903 = DIRECTION('',(0.707106781187,-0.707106781187,0.));
#5904 = ORIENTED_EDGE('',*,*,#5905,.F.);
#5905 = EDGE_CURVE('',#5906,#5898,#5908,.T.);
#5906 = VERTEX_POINT('',#5907);
#5907 = CARTESIAN_POINT('',(159.06048,-119.1954749366,10.5));
#5908 = LINE('',#5909,#5910);
#5909 = CARTESIAN_POINT('',(165.77744672322,-112.4785082133,10.5));
#5910 = VECTOR('',#5911,1.);
#5911 = DIRECTION('',(0.707106781187,0.707106781187,0.));
#5912 = ORIENTED_EDGE('',*,*,#5913,.F.);
#5913 = EDGE_CURVE('',#5888,#5906,#5914,.T.);
#5914 = LINE('',#5915,#5916);
#5915 = CARTESIAN_POINT('',(127.04425248093,-87.17924741754,10.5));
#5916 = VECTOR('',#5917,1.);
#5917 = DIRECTION('',(0.707106781187,-0.707106781187,0.));
#5918 = FACE_BOUND('',#5919,.T.);
#5919 = EDGE_LOOP('',(#5920,#5930,#5938,#5946));
#5920 = ORIENTED_EDGE('',*,*,#5921,.T.);
#5921 = EDGE_CURVE('',#5922,#5924,#5926,.T.);
#5922 = VERTEX_POINT('',#5923);
#5923 = CARTESIAN_POINT('',(162.81188006338,-95.706102,10.5));
#5924 = VERTEX_POINT('',#5925);
#5925 = CARTESIAN_POINT('',(172.711375,-85.80660706338,10.5));
#5926 = LINE('',#5927,#5928);
#5927 = CARTESIAN_POINT('',(162.71865353661,-95.79932852677,10.5));
#5928 = VECTOR('',#5929,1.);
#5929 = DIRECTION('',(0.707106781187,0.707106781187,0.));
#5930 = ORIENTED_EDGE('',*,*,#5931,.T.);
#5931 = EDGE_CURVE('',#5924,#5932,#5934,.T.);
#5932 = VERTEX_POINT('',#5933);
#5933 = CARTESIAN_POINT('',(182.61086993661,-95.706102,10.5));
#5934 = LINE('',#5935,#5936);
#5935 = CARTESIAN_POINT('',(150.57938816754,-63.67462023093,10.5));
#5936 = VECTOR('',#5937,1.);
#5937 = DIRECTION('',(0.707106781187,-0.707106781187,0.));
#5938 = ORIENTED_EDGE('',*,*,#5939,.F.);
#5939 = EDGE_CURVE('',#5940,#5932,#5942,.T.);
#5940 = VERTEX_POINT('',#5941);
#5941 = CARTESIAN_POINT('',(172.711375,-105.6055969366,10.5));
#5942 = LINE('',#5943,#5944);
#5943 = CARTESIAN_POINT('',(172.61814847322,-105.6988234633,10.5));
#5944 = VECTOR('',#5945,1.);
#5945 = DIRECTION('',(0.707106781187,0.707106781187,0.));
#5946 = ORIENTED_EDGE('',*,*,#5947,.F.);
#5947 = EDGE_CURVE('',#5922,#5940,#5948,.T.);
#5948 = LINE('',#5949,#5950);
#5949 = CARTESIAN_POINT('',(140.67989323093,-73.57411516754,10.5));
#5950 = VECTOR('',#5951,1.);
#5951 = DIRECTION('',(0.707106781187,-0.707106781187,0.));
#5952 = FACE_BOUND('',#5953,.T.);
#5953 = EDGE_LOOP('',(#5954,#5964,#5972,#5980));
#5954 = ORIENTED_EDGE('',*,*,#5955,.T.);
#5955 = EDGE_CURVE('',#5956,#5958,#5960,.T.);
#5956 = VERTEX_POINT('',#5957);
#5957 = CARTESIAN_POINT('',(113.83678590025,-83.87025253169,10.5));
#5958 = VERTEX_POINT('',#5959);
#5959 = CARTESIAN_POINT('',(127.3597474683,-80.24678590025,10.5));
#5960 = LINE('',#5961,#5962);
#5961 = CARTESIAN_POINT('',(120.88364754985,-81.98205164351,10.5));
#5962 = VECTOR('',#5963,1.);
#5963 = DIRECTION('',(0.965925826289,0.258819045103,0.));
#5964 = ORIENTED_EDGE('',*,*,#5965,.T.);
#5965 = EDGE_CURVE('',#5958,#5966,#5968,.T.);
#5966 = VERTEX_POINT('',#5967);
#5967 = CARTESIAN_POINT('',(130.98321409974,-93.7697474683,10.5));
#5968 = LINE('',#5969,#5970);
#5969 = CARTESIAN_POINT('',(124.38695285675,-69.15216536949,10.5));
#5970 = VECTOR('',#5971,1.);
#5971 = DIRECTION('',(0.258819045103,-0.965925826289,0.));
#5972 = ORIENTED_EDGE('',*,*,#5973,.F.);
#5973 = EDGE_CURVE('',#5974,#5966,#5976,.T.);
#5974 = VERTEX_POINT('',#5975);
#5975 = CARTESIAN_POINT('',(117.46025253169,-97.39321409974,10.5));
#5976 = LINE('',#5977,#5978);
#5977 = CARTESIAN_POINT('',(124.50711418129,-95.50501321155,10.5));
#5978 = VECTOR('',#5979,1.);
#5979 = DIRECTION('',(0.965925826289,0.258819045103,0.));
#5980 = ORIENTED_EDGE('',*,*,#5981,.F.);
#5981 = EDGE_CURVE('',#5956,#5974,#5982,.T.);
#5982 = LINE('',#5983,#5984);
#5983 = CARTESIAN_POINT('',(110.86399128871,-72.77563200093,10.5));
#5984 = VECTOR('',#5985,1.);
#5985 = DIRECTION('',(0.258819045103,-0.965925826289,0.));
#5986 = FACE_BOUND('',#5987,.T.);
#5987 = EDGE_LOOP('',(#5988));
#5988 = ORIENTED_EDGE('',*,*,#5989,.F.);
#5989 = EDGE_CURVE('',#5990,#5990,#5992,.T.);
#5990 = VERTEX_POINT('',#5991);
#5991 = CARTESIAN_POINT('',(159.45048,-94.02598,10.5));
#5992 = CIRCLE('',#5993,1.6);
#5993 = AXIS2_PLACEMENT_3D('',#5994,#5995,#5996);
#5994 = CARTESIAN_POINT('',(157.85048,-94.02598,10.5));
#5995 = DIRECTION('',(0.,0.,1.));
#5996 = DIRECTION('',(1.,0.,0.));
#5997 = FACE_BOUND('',#5998,.T.);
#5998 = EDGE_LOOP('',(#5999,#6009,#6017,#6025));
#5999 = ORIENTED_EDGE('',*,*,#6000,.T.);
#6000 = EDGE_CURVE('',#6001,#6003,#6005,.T.);
#6001 = VERTEX_POINT('',#6002);
#6002 = CARTESIAN_POINT('',(142.3983021735,-77.3338021735,10.5));
#6003 = VERTEX_POINT('',#6004);
#6004 = CARTESIAN_POINT('',(154.52265782649,-70.3338021735,10.5));
#6005 = LINE('',#6006,#6007);
#6006 = CARTESIAN_POINT('',(139.15639111551,-79.20552039552,10.5));
#6007 = VECTOR('',#6008,1.);
#6008 = DIRECTION('',(0.866025403784,0.5,0.));
#6009 = ORIENTED_EDGE('',*,*,#6010,.T.);
#6010 = EDGE_CURVE('',#6003,#6011,#6013,.T.);
#6011 = VERTEX_POINT('',#6012);
#6012 = CARTESIAN_POINT('',(161.52265782649,-82.45815782649,10.5));
#6013 = LINE('',#6014,#6015);
#6014 = CARTESIAN_POINT('',(146.85857482837,-57.05922102735,10.5));
#6015 = VECTOR('',#6016,1.);
#6016 = DIRECTION('',(0.5,-0.866025403784,0.));
#6017 = ORIENTED_EDGE('',*,*,#6018,.F.);
#6018 = EDGE_CURVE('',#6019,#6011,#6021,.T.);
#6019 = VERTEX_POINT('',#6020);
#6020 = CARTESIAN_POINT('',(149.3983021735,-89.45815782649,10.5));
#6021 = LINE('',#6022,#6023);
#6022 = CARTESIAN_POINT('',(146.15639111551,-91.32987604851,10.5));
#6023 = VECTOR('',#6024,1.);
#6024 = DIRECTION('',(0.866025403784,0.5,0.));
#6025 = ORIENTED_EDGE('',*,*,#6026,.F.);
#6026 = EDGE_CURVE('',#6001,#6019,#6027,.T.);
#6027 = LINE('',#6028,#6029);
#6028 = CARTESIAN_POINT('',(134.73421917539,-64.05922102735,10.5));
#6029 = VECTOR('',#6030,1.);
#6030 = DIRECTION('',(0.5,-0.866025403784,0.));
#6031 = FACE_BOUND('',#6032,.T.);
#6032 = EDGE_LOOP('',(#6033,#6043,#6051,#6059));
#6033 = ORIENTED_EDGE('',*,*,#6034,.T.);
#6034 = EDGE_CURVE('',#6035,#6037,#6039,.T.);
#6035 = VERTEX_POINT('',#6036);
#6036 = CARTESIAN_POINT('',(26.929191972583,-52.45617848524,10.5));
#6037 = VERTEX_POINT('',#6038);
#6038 = CARTESIAN_POINT('',(40.716500514754,-54.88725297258,10.5));
#6039 = LINE('',#6040,#6041);
#6040 = CARTESIAN_POINT('',(74.13566554545,-60.77995344024,10.5));
#6041 = VECTOR('',#6042,1.);
#6042 = DIRECTION('',(0.984807753012,-0.173648177667,0.));
#6043 = ORIENTED_EDGE('',*,*,#6044,.T.);
#6044 = EDGE_CURVE('',#6037,#6045,#6047,.T.);
#6045 = VERTEX_POINT('',#6046);
#6046 = CARTESIAN_POINT('',(38.285426027417,-68.67456151475,10.5));
#6047 = LINE('',#6048,#6049);
#6048 = CARTESIAN_POINT('',(41.17006443084,-52.31496418124,10.5));
#6049 = VECTOR('',#6050,1.);
#6050 = DIRECTION('',(-0.173648177667,-0.984807753012,0.));
#6051 = ORIENTED_EDGE('',*,*,#6052,.F.);
#6052 = EDGE_CURVE('',#6053,#6045,#6055,.T.);
#6053 = VERTEX_POINT('',#6054);
#6054 = CARTESIAN_POINT('',(24.498117485246,-66.24348702741,10.5));
#6055 = LINE('',#6056,#6057);
#6056 = CARTESIAN_POINT('',(71.704591058113,-74.56726198241,10.5));
#6057 = VECTOR('',#6058,1.);
#6058 = DIRECTION('',(0.984807753012,-0.173648177667,0.));
#6059 = ORIENTED_EDGE('',*,*,#6060,.F.);
#6060 = EDGE_CURVE('',#6035,#6053,#6061,.T.);
#6061 = LINE('',#6062,#6063);
#6062 = CARTESIAN_POINT('',(27.382755888669,-49.88388969391,10.5));
#6063 = VECTOR('',#6064,1.);
#6064 = DIRECTION('',(-0.173648177667,-0.984807753012,0.));
#6065 = FACE_BOUND('',#6066,.T.);
#6066 = EDGE_LOOP('',(#6067));
#6067 = ORIENTED_EDGE('',*,*,#6068,.F.);
#6068 = EDGE_CURVE('',#6069,#6069,#6071,.T.);
#6069 = VERTEX_POINT('',#6070);
#6070 = CARTESIAN_POINT('',(45.25048,-68.22598,10.5));
#6071 = CIRCLE('',#6072,1.6);
#6072 = AXIS2_PLACEMENT_3D('',#6073,#6074,#6075);
#6073 = CARTESIAN_POINT('',(43.65048,-68.22598,10.5));
#6074 = DIRECTION('',(0.,0.,1.));
#6075 = DIRECTION('',(1.,0.,0.));
#6076 = FACE_BOUND('',#6077,.T.);
#6077 = EDGE_LOOP('',(#6078,#6088,#6096,#6104));
#6078 = ORIENTED_EDGE('',*,*,#6079,.T.);
#6079 = EDGE_CURVE('',#6080,#6082,#6084,.T.);
#6080 = VERTEX_POINT('',#6081);
#6081 = CARTESIAN_POINT('',(45.640539972583,-49.15686248524,10.5));
#6082 = VERTEX_POINT('',#6083);
#6083 = CARTESIAN_POINT('',(59.427848514754,-51.58793697258,10.5));
#6084 = LINE('',#6085,#6086);
#6085 = CARTESIAN_POINT('',(84.05555576811,-55.93046623433,10.5));
#6086 = VECTOR('',#6087,1.);
#6087 = DIRECTION('',(0.984807753012,-0.173648177667,0.));
#6088 = ORIENTED_EDGE('',*,*,#6089,.T.);
#6089 = EDGE_CURVE('',#6082,#6090,#6092,.T.);
#6090 = VERTEX_POINT('',#6091);
#6091 = CARTESIAN_POINT('',(56.996774027417,-65.37524551475,10.5));
#6092 = LINE('',#6093,#6094);
#6093 = CARTESIAN_POINT('',(59.31719620818,-52.21547738715,10.5));
#6094 = VECTOR('',#6095,1.);
#6095 = DIRECTION('',(-0.173648177667,-0.984807753012,0.));
#6096 = ORIENTED_EDGE('',*,*,#6097,.F.);
#6097 = EDGE_CURVE('',#6098,#6090,#6100,.T.);
#6098 = VERTEX_POINT('',#6099);
#6099 = CARTESIAN_POINT('',(43.209465485246,-62.94417102741,10.5));
#6100 = LINE('',#6101,#6102);
#6101 = CARTESIAN_POINT('',(81.624481280773,-69.71777477651,10.5));
#6102 = VECTOR('',#6103,1.);
#6103 = DIRECTION('',(0.984807753012,-0.173648177667,0.));
#6104 = ORIENTED_EDGE('',*,*,#6105,.F.);
#6105 = EDGE_CURVE('',#6080,#6098,#6106,.T.);
#6106 = LINE('',#6107,#6108);
#6107 = CARTESIAN_POINT('',(45.529887666009,-49.78440289981,10.5));
#6108 = VECTOR('',#6109,1.);
#6109 = DIRECTION('',(-0.173648177667,-0.984807753012,0.));
#6110 = FACE_BOUND('',#6111,.T.);
#6111 = EDGE_LOOP('',(#6112));
#6112 = ORIENTED_EDGE('',*,*,#6113,.F.);
#6113 = EDGE_CURVE('',#6114,#6114,#6116,.T.);
#6114 = VERTEX_POINT('',#6115);
#6115 = CARTESIAN_POINT('',(41.85048,-49.62598,10.5));
#6116 = CIRCLE('',#6117,1.6);
#6117 = AXIS2_PLACEMENT_3D('',#6118,#6119,#6120);
#6118 = CARTESIAN_POINT('',(40.25048,-49.62598,10.5));
#6119 = DIRECTION('',(0.,0.,1.));
#6120 = DIRECTION('',(1.,0.,0.));
#6121 = FACE_BOUND('',#6122,.T.);
#6122 = EDGE_LOOP('',(#6123,#6133,#6141,#6149));
#6123 = ORIENTED_EDGE('',*,*,#6124,.T.);
#6124 = EDGE_CURVE('',#6125,#6127,#6129,.T.);
#6125 = VERTEX_POINT('',#6126);
#6126 = CARTESIAN_POINT('',(84.91,-57.07,10.5));
#6127 = VERTEX_POINT('',#6128);
#6128 = CARTESIAN_POINT('',(98.91,-57.07,10.5));
#6129 = LINE('',#6130,#6131);
#6130 = CARTESIAN_POINT('',(103.68597920415,-57.07,10.5));
#6131 = VECTOR('',#6132,1.);
#6132 = DIRECTION('',(1.,1.224646799147E-16,0.));
#6133 = ORIENTED_EDGE('',*,*,#6134,.T.);
#6134 = EDGE_CURVE('',#6127,#6135,#6137,.T.);
#6135 = VERTEX_POINT('',#6136);
#6136 = CARTESIAN_POINT('',(98.91,-71.07,10.5));
#6137 = LINE('',#6138,#6139);
#6138 = CARTESIAN_POINT('',(98.91,-59.29903816261,10.5));
#6139 = VECTOR('',#6140,1.);
#6140 = DIRECTION('',(1.224646799147E-16,-1.,0.));
#6141 = ORIENTED_EDGE('',*,*,#6142,.F.);
#6142 = EDGE_CURVE('',#6143,#6135,#6145,.T.);
#6143 = VERTEX_POINT('',#6144);
#6144 = CARTESIAN_POINT('',(84.91,-71.07,10.5));
#6145 = LINE('',#6146,#6147);
#6146 = CARTESIAN_POINT('',(103.68597920415,-71.07,10.5));
#6147 = VECTOR('',#6148,1.);
#6148 = DIRECTION('',(1.,1.224646799147E-16,0.));
#6149 = ORIENTED_EDGE('',*,*,#6150,.F.);
#6150 = EDGE_CURVE('',#6125,#6143,#6151,.T.);
#6151 = LINE('',#6152,#6153);
#6152 = CARTESIAN_POINT('',(84.91,-59.29903816261,10.5));
#6153 = VECTOR('',#6154,1.);
#6154 = DIRECTION('',(1.224646799147E-16,-1.,0.));
#6155 = FACE_BOUND('',#6156,.T.);
#6156 = EDGE_LOOP('',(#6157,#6167,#6175,#6183));
#6157 = ORIENTED_EDGE('',*,*,#6158,.T.);
#6158 = EDGE_CURVE('',#6159,#6161,#6163,.T.);
#6159 = VERTEX_POINT('',#6160);
#6160 = CARTESIAN_POINT('',(65.197207312591,-42.91252691412,10.5));
#6161 = VERTEX_POINT('',#6162);
#6162 = CARTESIAN_POINT('',(79.143933085876,-44.13270731259,10.5));
#6163 = LINE('',#6164,#6165);
#6164 = CARTESIAN_POINT('',(94.446762608846,-45.47153141572,10.5));
#6165 = VECTOR('',#6166,1.);
#6166 = DIRECTION('',(0.996194698092,-8.715574274766E-02,0.));
#6167 = ORIENTED_EDGE('',*,*,#6168,.T.);
#6168 = EDGE_CURVE('',#6161,#6169,#6171,.T.);
#6169 = VERTEX_POINT('',#6170);
#6170 = CARTESIAN_POINT('',(77.923752687409,-58.07943308587,10.5));
#6171 = LINE('',#6172,#6173);
#6172 = CARTESIAN_POINT('',(78.500116224127,-51.49156771578,10.5));
#6173 = VECTOR('',#6174,1.);
#6174 = DIRECTION('',(-8.715574274766E-02,-0.996194698092,0.));
#6175 = ORIENTED_EDGE('',*,*,#6176,.F.);
#6176 = EDGE_CURVE('',#6177,#6169,#6179,.T.);
#6177 = VERTEX_POINT('',#6178);
#6178 = CARTESIAN_POINT('',(63.977026914124,-56.8592526874,10.5));
#6179 = LINE('',#6180,#6181);
#6180 = CARTESIAN_POINT('',(93.226582210379,-59.418257189,10.5));
#6181 = VECTOR('',#6182,1.);
#6182 = DIRECTION('',(0.996194698092,-8.715574274766E-02,0.));
#6183 = ORIENTED_EDGE('',*,*,#6184,.F.);
#6184 = EDGE_CURVE('',#6159,#6177,#6185,.T.);
#6185 = LINE('',#6186,#6187);
#6186 = CARTESIAN_POINT('',(64.553390450842,-50.27138731731,10.5));
#6187 = VECTOR('',#6188,1.);
#6188 = DIRECTION('',(-8.715574274766E-02,-0.996194698092,0.));
#6189 = FACE_BOUND('',#6190,.T.);
#6190 = EDGE_LOOP('',(#6191,#6201,#6209,#6217));
#6191 = ORIENTED_EDGE('',*,*,#6192,.T.);
#6192 = EDGE_CURVE('',#6193,#6195,#6197,.T.);
#6193 = VERTEX_POINT('',#6194);
#6194 = CARTESIAN_POINT('',(84.91,-38.07,10.5));
#6195 = VERTEX_POINT('',#6196);
#6196 = CARTESIAN_POINT('',(98.91,-38.07,10.5));
#6197 = LINE('',#6198,#6199);
#6198 = CARTESIAN_POINT('',(103.68597920415,-38.07,10.5));
#6199 = VECTOR('',#6200,1.);
#6200 = DIRECTION('',(1.,1.224646799147E-16,0.));
#6201 = ORIENTED_EDGE('',*,*,#6202,.T.);
#6202 = EDGE_CURVE('',#6195,#6203,#6205,.T.);
#6203 = VERTEX_POINT('',#6204);
#6204 = CARTESIAN_POINT('',(98.91,-52.07,10.5));
#6205 = LINE('',#6206,#6207);
#6206 = CARTESIAN_POINT('',(98.91,-49.79903816261,10.5));
#6207 = VECTOR('',#6208,1.);
#6208 = DIRECTION('',(1.224646799147E-16,-1.,0.));
#6209 = ORIENTED_EDGE('',*,*,#6210,.F.);
#6210 = EDGE_CURVE('',#6211,#6203,#6213,.T.);
#6211 = VERTEX_POINT('',#6212);
#6212 = CARTESIAN_POINT('',(84.91,-52.07,10.5));
#6213 = LINE('',#6214,#6215);
#6214 = CARTESIAN_POINT('',(103.68597920415,-52.07,10.5));
#6215 = VECTOR('',#6216,1.);
#6216 = DIRECTION('',(1.,1.224646799147E-16,0.));
#6217 = ORIENTED_EDGE('',*,*,#6218,.F.);
#6218 = EDGE_CURVE('',#6193,#6211,#6219,.T.);
#6219 = LINE('',#6220,#6221);
#6220 = CARTESIAN_POINT('',(84.91,-49.79903816261,10.5));
#6221 = VECTOR('',#6222,1.);
#6222 = DIRECTION('',(1.224646799147E-16,-1.,0.));
#6223 = FACE_BOUND('',#6224,.T.);
#6224 = EDGE_LOOP('',(#6225,#6235,#6243,#6251));
#6225 = ORIENTED_EDGE('',*,*,#6226,.T.);
#6226 = EDGE_CURVE('',#6227,#6229,#6231,.T.);
#6227 = VERTEX_POINT('',#6228);
#6228 = CARTESIAN_POINT('',(23.629876972583,-33.74483048524,10.5));
#6229 = VERTEX_POINT('',#6230);
#6230 = CARTESIAN_POINT('',(37.417185514754,-36.17590497258,10.5));
#6231 = LINE('',#6232,#6233);
#6232 = CARTESIAN_POINT('',(74.036179266431,-42.63282157739,10.5));
#6233 = VECTOR('',#6234,1.);
#6234 = DIRECTION('',(0.984807753012,-0.173648177667,0.));
#6235 = ORIENTED_EDGE('',*,*,#6236,.T.);
#6236 = EDGE_CURVE('',#6229,#6237,#6239,.T.);
#6237 = VERTEX_POINT('',#6238);
#6238 = CARTESIAN_POINT('',(34.986111027417,-49.96321351475,10.5));
#6239 = LINE('',#6240,#6241);
#6240 = CARTESIAN_POINT('',(36.320578209859,-42.39507404409,10.5));
#6241 = VECTOR('',#6242,1.);
#6242 = DIRECTION('',(-0.173648177667,-0.984807753012,0.));
#6243 = ORIENTED_EDGE('',*,*,#6244,.F.);
#6244 = EDGE_CURVE('',#6245,#6237,#6247,.T.);
#6245 = VERTEX_POINT('',#6246);
#6246 = CARTESIAN_POINT('',(21.198802485246,-47.53213902741,10.5));
#6247 = LINE('',#6248,#6249);
#6248 = CARTESIAN_POINT('',(71.605104779094,-56.42013011956,10.5));
#6249 = VECTOR('',#6250,1.);
#6250 = DIRECTION('',(0.984807753012,-0.173648177667,0.));
#6251 = ORIENTED_EDGE('',*,*,#6252,.F.);
#6252 = EDGE_CURVE('',#6227,#6245,#6253,.T.);
#6253 = LINE('',#6254,#6255);
#6254 = CARTESIAN_POINT('',(22.533269667688,-39.96399955675,10.5));
#6255 = VECTOR('',#6256,1.);
#6256 = DIRECTION('',(-0.173648177667,-0.984807753012,0.));
#6257 = FACE_BOUND('',#6258,.T.);
#6258 = EDGE_LOOP('',(#6259,#6269,#6277,#6285));
#6259 = ORIENTED_EDGE('',*,*,#6260,.T.);
#6260 = EDGE_CURVE('',#6261,#6263,#6265,.T.);
#6261 = VERTEX_POINT('',#6262);
#6262 = CARTESIAN_POINT('',(42.341223972583,-30.44551548524,10.5));
#6263 = VERTEX_POINT('',#6264);
#6264 = CARTESIAN_POINT('',(56.128532514754,-32.87658997258,10.5));
#6265 = LINE('',#6266,#6267);
#6266 = CARTESIAN_POINT('',(83.956068888509,-37.78333544192,10.5));
#6267 = VECTOR('',#6268,1.);
#6268 = DIRECTION('',(0.984807753012,-0.173648177667,0.));
#6269 = ORIENTED_EDGE('',*,*,#6270,.T.);
#6270 = EDGE_CURVE('',#6263,#6271,#6273,.T.);
#6271 = VERTEX_POINT('',#6272);
#6272 = CARTESIAN_POINT('',(53.697458027417,-46.66389851475,10.5));
#6273 = LINE('',#6274,#6275);
#6274 = CARTESIAN_POINT('',(54.467709087781,-42.29558767957,10.5));
#6275 = VECTOR('',#6276,1.);
#6276 = DIRECTION('',(-0.173648177667,-0.984807753012,0.));
#6277 = ORIENTED_EDGE('',*,*,#6278,.F.);
#6278 = EDGE_CURVE('',#6279,#6271,#6281,.T.);
#6279 = VERTEX_POINT('',#6280);
#6280 = CARTESIAN_POINT('',(39.910149485246,-44.23282402741,10.5));
#6281 = LINE('',#6282,#6283);
#6282 = CARTESIAN_POINT('',(81.524994401172,-51.57064398409,10.5));
#6283 = VECTOR('',#6284,1.);
#6284 = DIRECTION('',(0.984807753012,-0.173648177667,0.));
#6285 = ORIENTED_EDGE('',*,*,#6286,.F.);
#6286 = EDGE_CURVE('',#6261,#6279,#6287,.T.);
#6287 = LINE('',#6288,#6289);
#6288 = CARTESIAN_POINT('',(40.68040054561,-39.86451319223,10.5));
#6289 = VECTOR('',#6290,1.);
#6290 = DIRECTION('',(-0.173648177667,-0.984807753012,0.));
#6291 = FACE_BOUND('',#6292,.T.);
#6292 = EDGE_LOOP('',(#6293,#6303,#6311,#6319));
#6293 = ORIENTED_EDGE('',*,*,#6294,.T.);
#6294 = EDGE_CURVE('',#6295,#6297,#6299,.T.);
#6295 = VERTEX_POINT('',#6296);
#6296 = CARTESIAN_POINT('',(63.541248312591,-23.98482791412,10.5));
#6297 = VERTEX_POINT('',#6298);
#6298 = CARTESIAN_POINT('',(77.487974085876,-25.20500831259,10.5));
#6299 = LINE('',#6300,#6301);
#6300 = CARTESIAN_POINT('',(94.434183784008,-26.68760955091,10.5));
#6301 = VECTOR('',#6302,1.);
#6302 = DIRECTION('',(0.996194698092,-8.715574274766E-02,0.));
#6303 = ORIENTED_EDGE('',*,*,#6304,.T.);
#6304 = EDGE_CURVE('',#6297,#6305,#6307,.T.);
#6305 = VERTEX_POINT('',#6306);
#6306 = CARTESIAN_POINT('',(76.267793687409,-39.15173408587,10.5));
#6307 = LINE('',#6308,#6309);
#6308 = CARTESIAN_POINT('',(76.028756548965,-41.88394108059,10.5));
#6309 = VECTOR('',#6310,1.);
#6310 = DIRECTION('',(-8.715574274766E-02,-0.996194698092,0.));
#6311 = ORIENTED_EDGE('',*,*,#6312,.F.);
#6312 = EDGE_CURVE('',#6313,#6305,#6315,.T.);
#6313 = VERTEX_POINT('',#6314);
#6314 = CARTESIAN_POINT('',(62.321067914124,-37.9315536874,10.5));
#6315 = LINE('',#6316,#6317);
#6316 = CARTESIAN_POINT('',(93.214003385541,-40.63433532419,10.5));
#6317 = VECTOR('',#6318,1.);
#6318 = DIRECTION('',(0.996194698092,-8.715574274766E-02,0.));
#6319 = ORIENTED_EDGE('',*,*,#6320,.F.);
#6320 = EDGE_CURVE('',#6295,#6313,#6321,.T.);
#6321 = LINE('',#6322,#6323);
#6322 = CARTESIAN_POINT('',(62.08203077568,-40.66376068212,10.5));
#6323 = VECTOR('',#6324,1.);
#6324 = DIRECTION('',(-8.715574274766E-02,-0.996194698092,0.));
#6325 = FACE_BOUND('',#6326,.T.);
#6326 = EDGE_LOOP('',(#6327,#6337,#6345,#6353));
#6327 = ORIENTED_EDGE('',*,*,#6328,.T.);
#6328 = EDGE_CURVE('',#6329,#6331,#6333,.T.);
#6329 = VERTEX_POINT('',#6330);
#6330 = CARTESIAN_POINT('',(84.91,-19.07,10.5));
#6331 = VERTEX_POINT('',#6332);
#6332 = CARTESIAN_POINT('',(98.91,-19.07,10.5));
#6333 = LINE('',#6334,#6335);
#6334 = CARTESIAN_POINT('',(103.68597920415,-19.07,10.5));
#6335 = VECTOR('',#6336,1.);
#6336 = DIRECTION('',(1.,1.224646799147E-16,0.));
#6337 = ORIENTED_EDGE('',*,*,#6338,.T.);
#6338 = EDGE_CURVE('',#6331,#6339,#6341,.T.);
#6339 = VERTEX_POINT('',#6340);
#6340 = CARTESIAN_POINT('',(98.91,-33.07,10.5));
#6341 = LINE('',#6342,#6343);
#6342 = CARTESIAN_POINT('',(98.91,-40.29903816261,10.5));
#6343 = VECTOR('',#6344,1.);
#6344 = DIRECTION('',(1.224646799147E-16,-1.,0.));
#6345 = ORIENTED_EDGE('',*,*,#6346,.F.);
#6346 = EDGE_CURVE('',#6347,#6339,#6349,.T.);
#6347 = VERTEX_POINT('',#6348);
#6348 = CARTESIAN_POINT('',(84.91,-33.07,10.5));
#6349 = LINE('',#6350,#6351);
#6350 = CARTESIAN_POINT('',(103.68597920415,-33.07,10.5));
#6351 = VECTOR('',#6352,1.);
#6352 = DIRECTION('',(1.,1.224646799147E-16,0.));
#6353 = ORIENTED_EDGE('',*,*,#6354,.F.);
#6354 = EDGE_CURVE('',#6329,#6347,#6355,.T.);
#6355 = LINE('',#6356,#6357);
#6356 = CARTESIAN_POINT('',(84.91,-40.29903816261,10.5));
#6357 = VECTOR('',#6358,1.);
#6358 = DIRECTION('',(1.224646799147E-16,-1.,0.));
#6359 = FACE_BOUND('',#6360,.T.);
#6360 = EDGE_LOOP('',(#6361,#6371,#6379,#6387));
#6361 = ORIENTED_EDGE('',*,*,#6362,.T.);
#6362 = EDGE_CURVE('',#6363,#6365,#6367,.T.);
#6363 = VERTEX_POINT('',#6364);
#6364 = CARTESIAN_POINT('',(103.91,-59.445,10.5));
#6365 = VERTEX_POINT('',#6366);
#6366 = CARTESIAN_POINT('',(117.91,-59.445,10.5));
#6367 = LINE('',#6368,#6369);
#6368 = CARTESIAN_POINT('',(113.18597920415,-59.445,10.5));
#6369 = VECTOR('',#6370,1.);
#6370 = DIRECTION('',(1.,1.224646799147E-16,0.));
#6371 = ORIENTED_EDGE('',*,*,#6372,.T.);
#6372 = EDGE_CURVE('',#6365,#6373,#6375,.T.);
#6373 = VERTEX_POINT('',#6374);
#6374 = CARTESIAN_POINT('',(117.91,-73.445,10.5));
#6375 = LINE('',#6376,#6377);
#6376 = CARTESIAN_POINT('',(117.91,-60.48653816261,10.5));
#6377 = VECTOR('',#6378,1.);
#6378 = DIRECTION('',(1.224646799147E-16,-1.,0.));
#6379 = ORIENTED_EDGE('',*,*,#6380,.F.);
#6380 = EDGE_CURVE('',#6381,#6373,#6383,.T.);
#6381 = VERTEX_POINT('',#6382);
#6382 = CARTESIAN_POINT('',(103.91,-73.445,10.5));
#6383 = LINE('',#6384,#6385);
#6384 = CARTESIAN_POINT('',(113.18597920415,-73.445,10.5));
#6385 = VECTOR('',#6386,1.);
#6386 = DIRECTION('',(1.,1.224646799147E-16,0.));
#6387 = ORIENTED_EDGE('',*,*,#6388,.F.);
#6388 = EDGE_CURVE('',#6363,#6381,#6389,.T.);
#6389 = LINE('',#6390,#6391);
#6390 = CARTESIAN_POINT('',(103.91,-60.48653816261,10.5));
#6391 = VECTOR('',#6392,1.);
#6392 = DIRECTION('',(1.224646799147E-16,-1.,0.));
#6393 = FACE_BOUND('',#6394,.T.);
#6394 = EDGE_LOOP('',(#6395,#6405,#6413,#6421));
#6395 = ORIENTED_EDGE('',*,*,#6396,.T.);
#6396 = EDGE_CURVE('',#6397,#6399,#6401,.T.);
#6397 = VERTEX_POINT('',#6398);
#6398 = CARTESIAN_POINT('',(122.91,-61.82,10.5));
#6399 = VERTEX_POINT('',#6400);
#6400 = CARTESIAN_POINT('',(136.91,-61.82,10.5));
#6401 = LINE('',#6402,#6403);
#6402 = CARTESIAN_POINT('',(122.68597920415,-61.82,10.5));
#6403 = VECTOR('',#6404,1.);
#6404 = DIRECTION('',(1.,1.224646799147E-16,0.));
#6405 = ORIENTED_EDGE('',*,*,#6406,.T.);
#6406 = EDGE_CURVE('',#6399,#6407,#6409,.T.);
#6407 = VERTEX_POINT('',#6408);
#6408 = CARTESIAN_POINT('',(136.91,-75.82,10.5));
#6409 = LINE('',#6410,#6411);
#6410 = CARTESIAN_POINT('',(136.91,-61.67403816261,10.5));
#6411 = VECTOR('',#6412,1.);
#6412 = DIRECTION('',(1.224646799147E-16,-1.,0.));
#6413 = ORIENTED_EDGE('',*,*,#6414,.F.);
#6414 = EDGE_CURVE('',#6415,#6407,#6417,.T.);
#6415 = VERTEX_POINT('',#6416);
#6416 = CARTESIAN_POINT('',(122.91,-75.82,10.5));
#6417 = LINE('',#6418,#6419);
#6418 = CARTESIAN_POINT('',(122.68597920415,-75.82,10.5));
#6419 = VECTOR('',#6420,1.);
#6420 = DIRECTION('',(1.,1.224646799147E-16,0.));
#6421 = ORIENTED_EDGE('',*,*,#6422,.F.);
#6422 = EDGE_CURVE('',#6397,#6415,#6423,.T.);
#6423 = LINE('',#6424,#6425);
#6424 = CARTESIAN_POINT('',(122.91,-61.67403816261,10.5));
#6425 = VECTOR('',#6426,1.);
#6426 = DIRECTION('',(1.224646799147E-16,-1.,0.));
#6427 = FACE_BOUND('',#6428,.T.);
#6428 = EDGE_LOOP('',(#6429,#6439,#6447,#6455));
#6429 = ORIENTED_EDGE('',*,*,#6430,.T.);
#6430 = EDGE_CURVE('',#6431,#6433,#6435,.T.);
#6431 = VERTEX_POINT('',#6432);
#6432 = CARTESIAN_POINT('',(103.91,-40.445,10.5));
#6433 = VERTEX_POINT('',#6434);
#6434 = CARTESIAN_POINT('',(117.91,-40.445,10.5));
#6435 = LINE('',#6436,#6437);
#6436 = CARTESIAN_POINT('',(113.18597920415,-40.445,10.5));
#6437 = VECTOR('',#6438,1.);
#6438 = DIRECTION('',(1.,1.224646799147E-16,0.));
#6439 = ORIENTED_EDGE('',*,*,#6440,.T.);
#6440 = EDGE_CURVE('',#6433,#6441,#6443,.T.);
#6441 = VERTEX_POINT('',#6442);
#6442 = CARTESIAN_POINT('',(117.91,-54.445,10.5));
#6443 = LINE('',#6444,#6445);
#6444 = CARTESIAN_POINT('',(117.91,-50.98653816261,10.5));
#6445 = VECTOR('',#6446,1.);
#6446 = DIRECTION('',(1.224646799147E-16,-1.,0.));
#6447 = ORIENTED_EDGE('',*,*,#6448,.F.);
#6448 = EDGE_CURVE('',#6449,#6441,#6451,.T.);
#6449 = VERTEX_POINT('',#6450);
#6450 = CARTESIAN_POINT('',(103.91,-54.445,10.5));
#6451 = LINE('',#6452,#6453);
#6452 = CARTESIAN_POINT('',(113.18597920415,-54.445,10.5));
#6453 = VECTOR('',#6454,1.);
#6454 = DIRECTION('',(1.,1.224646799147E-16,0.));
#6455 = ORIENTED_EDGE('',*,*,#6456,.F.);
#6456 = EDGE_CURVE('',#6431,#6449,#6457,.T.);
#6457 = LINE('',#6458,#6459);
#6458 = CARTESIAN_POINT('',(103.91,-50.98653816261,10.5));
#6459 = VECTOR('',#6460,1.);
#6460 = DIRECTION('',(1.224646799147E-16,-1.,0.));
#6461 = FACE_BOUND('',#6462,.T.);
#6462 = EDGE_LOOP('',(#6463,#6473,#6481,#6489));
#6463 = ORIENTED_EDGE('',*,*,#6464,.T.);
#6464 = EDGE_CURVE('',#6465,#6467,#6469,.T.);
#6465 = VERTEX_POINT('',#6466);
#6466 = CARTESIAN_POINT('',(122.91,-42.82,10.5));
#6467 = VERTEX_POINT('',#6468);
#6468 = CARTESIAN_POINT('',(136.91,-42.82,10.5));
#6469 = LINE('',#6470,#6471);
#6470 = CARTESIAN_POINT('',(122.68597920415,-42.82,10.5));
#6471 = VECTOR('',#6472,1.);
#6472 = DIRECTION('',(1.,1.224646799147E-16,0.));
#6473 = ORIENTED_EDGE('',*,*,#6474,.T.);
#6474 = EDGE_CURVE('',#6467,#6475,#6477,.T.);
#6475 = VERTEX_POINT('',#6476);
#6476 = CARTESIAN_POINT('',(136.91,-56.82,10.5));
#6477 = LINE('',#6478,#6479);
#6478 = CARTESIAN_POINT('',(136.91,-52.17403816261,10.5));
#6479 = VECTOR('',#6480,1.);
#6480 = DIRECTION('',(1.224646799147E-16,-1.,0.));
#6481 = ORIENTED_EDGE('',*,*,#6482,.F.);
#6482 = EDGE_CURVE('',#6483,#6475,#6485,.T.);
#6483 = VERTEX_POINT('',#6484);
#6484 = CARTESIAN_POINT('',(122.91,-56.82,10.5));
#6485 = LINE('',#6486,#6487);
#6486 = CARTESIAN_POINT('',(122.68597920415,-56.82,10.5));
#6487 = VECTOR('',#6488,1.);
#6488 = DIRECTION('',(1.,1.224646799147E-16,0.));
#6489 = ORIENTED_EDGE('',*,*,#6490,.F.);
#6490 = EDGE_CURVE('',#6465,#6483,#6491,.T.);
#6491 = LINE('',#6492,#6493);
#6492 = CARTESIAN_POINT('',(122.91,-52.17403816261,10.5));
#6493 = VECTOR('',#6494,1.);
#6494 = DIRECTION('',(1.224646799147E-16,-1.,0.));
#6495 = FACE_BOUND('',#6496,.T.);
#6496 = EDGE_LOOP('',(#6497,#6507,#6515,#6523));
#6497 = ORIENTED_EDGE('',*,*,#6498,.T.);
#6498 = EDGE_CURVE('',#6499,#6501,#6503,.T.);
#6499 = VERTEX_POINT('',#6500);
#6500 = CARTESIAN_POINT('',(141.96048,-42.79598,10.5));
#6501 = VERTEX_POINT('',#6502);
#6502 = CARTESIAN_POINT('',(155.96048,-42.79598,10.5));
#6503 = LINE('',#6504,#6505);
#6504 = CARTESIAN_POINT('',(132.21121920415,-42.79598,10.5));
#6505 = VECTOR('',#6506,1.);
#6506 = DIRECTION('',(1.,1.224646799147E-16,0.));
#6507 = ORIENTED_EDGE('',*,*,#6508,.T.);
#6508 = EDGE_CURVE('',#6501,#6509,#6511,.T.);
#6509 = VERTEX_POINT('',#6510);
#6510 = CARTESIAN_POINT('',(155.96048,-56.79598,10.5));
#6511 = LINE('',#6512,#6513);
#6512 = CARTESIAN_POINT('',(155.96048,-52.16202816261,10.5));
#6513 = VECTOR('',#6514,1.);
#6514 = DIRECTION('',(1.224646799147E-16,-1.,0.));
#6515 = ORIENTED_EDGE('',*,*,#6516,.F.);
#6516 = EDGE_CURVE('',#6517,#6509,#6519,.T.);
#6517 = VERTEX_POINT('',#6518);
#6518 = CARTESIAN_POINT('',(141.96048,-56.79598,10.5));
#6519 = LINE('',#6520,#6521);
#6520 = CARTESIAN_POINT('',(132.21121920415,-56.79598,10.5));
#6521 = VECTOR('',#6522,1.);
#6522 = DIRECTION('',(1.,1.224646799147E-16,0.));
#6523 = ORIENTED_EDGE('',*,*,#6524,.F.);
#6524 = EDGE_CURVE('',#6499,#6517,#6525,.T.);
#6525 = LINE('',#6526,#6527);
#6526 = CARTESIAN_POINT('',(141.96048,-52.16202816261,10.5));
#6527 = VECTOR('',#6528,1.);
#6528 = DIRECTION('',(1.224646799147E-16,-1.,0.));
#6529 = FACE_BOUND('',#6530,.T.);
#6530 = EDGE_LOOP('',(#6531));
#6531 = ORIENTED_EDGE('',*,*,#6532,.F.);
#6532 = EDGE_CURVE('',#6533,#6533,#6535,.T.);
#6533 = VERTEX_POINT('',#6534);
#6534 = CARTESIAN_POINT('',(141.05048,-40.32598,10.5));
#6535 = CIRCLE('',#6536,1.6);
#6536 = AXIS2_PLACEMENT_3D('',#6537,#6538,#6539);
#6537 = CARTESIAN_POINT('',(139.45048,-40.32598,10.5));
#6538 = DIRECTION('',(0.,0.,1.));
#6539 = DIRECTION('',(1.,0.,0.));
#6540 = FACE_BOUND('',#6541,.T.);
#6541 = EDGE_LOOP('',(#6542,#6552,#6560,#6568));
#6542 = ORIENTED_EDGE('',*,*,#6543,.T.);
#6543 = EDGE_CURVE('',#6544,#6546,#6548,.T.);
#6544 = VERTEX_POINT('',#6545);
#6545 = CARTESIAN_POINT('',(103.91,-21.445,10.5));
#6546 = VERTEX_POINT('',#6547);
#6547 = CARTESIAN_POINT('',(117.91,-21.445,10.5));
#6548 = LINE('',#6549,#6550);
#6549 = CARTESIAN_POINT('',(113.18597920415,-21.445,10.5));
#6550 = VECTOR('',#6551,1.);
#6551 = DIRECTION('',(1.,1.224646799147E-16,0.));
#6552 = ORIENTED_EDGE('',*,*,#6553,.T.);
#6553 = EDGE_CURVE('',#6546,#6554,#6556,.T.);
#6554 = VERTEX_POINT('',#6555);
#6555 = CARTESIAN_POINT('',(117.91,-35.445,10.5));
#6556 = LINE('',#6557,#6558);
#6557 = CARTESIAN_POINT('',(117.91,-41.48653816261,10.5));
#6558 = VECTOR('',#6559,1.);
#6559 = DIRECTION('',(1.224646799147E-16,-1.,0.));
#6560 = ORIENTED_EDGE('',*,*,#6561,.F.);
#6561 = EDGE_CURVE('',#6562,#6554,#6564,.T.);
#6562 = VERTEX_POINT('',#6563);
#6563 = CARTESIAN_POINT('',(103.91,-35.445,10.5));
#6564 = LINE('',#6565,#6566);
#6565 = CARTESIAN_POINT('',(113.18597920415,-35.445,10.5));
#6566 = VECTOR('',#6567,1.);
#6567 = DIRECTION('',(1.,1.224646799147E-16,0.));
#6568 = ORIENTED_EDGE('',*,*,#6569,.F.);
#6569 = EDGE_CURVE('',#6544,#6562,#6570,.T.);
#6570 = LINE('',#6571,#6572);
#6571 = CARTESIAN_POINT('',(103.91,-41.48653816261,10.5));
#6572 = VECTOR('',#6573,1.);
#6573 = DIRECTION('',(1.224646799147E-16,-1.,0.));
#6574 = FACE_BOUND('',#6575,.T.);
#6575 = EDGE_LOOP('',(#6576,#6586,#6594,#6602));
#6576 = ORIENTED_EDGE('',*,*,#6577,.T.);
#6577 = EDGE_CURVE('',#6578,#6580,#6582,.T.);
#6578 = VERTEX_POINT('',#6579);
#6579 = CARTESIAN_POINT('',(122.91,-23.82,10.5));
#6580 = VERTEX_POINT('',#6581);
#6581 = CARTESIAN_POINT('',(136.91,-23.82,10.5));
#6582 = LINE('',#6583,#6584);
#6583 = CARTESIAN_POINT('',(122.68597920415,-23.82,10.5));
#6584 = VECTOR('',#6585,1.);
#6585 = DIRECTION('',(1.,1.224646799147E-16,0.));
#6586 = ORIENTED_EDGE('',*,*,#6587,.T.);
#6587 = EDGE_CURVE('',#6580,#6588,#6590,.T.);
#6588 = VERTEX_POINT('',#6589);
#6589 = CARTESIAN_POINT('',(136.91,-37.82,10.5));
#6590 = LINE('',#6591,#6592);
#6591 = CARTESIAN_POINT('',(136.91,-42.67403816261,10.5));
#6592 = VECTOR('',#6593,1.);
#6593 = DIRECTION('',(1.224646799147E-16,-1.,0.));
#6594 = ORIENTED_EDGE('',*,*,#6595,.F.);
#6595 = EDGE_CURVE('',#6596,#6588,#6598,.T.);
#6596 = VERTEX_POINT('',#6597);
#6597 = CARTESIAN_POINT('',(122.91,-37.82,10.5));
#6598 = LINE('',#6599,#6600);
#6599 = CARTESIAN_POINT('',(122.68597920415,-37.82,10.5));
#6600 = VECTOR('',#6601,1.);
#6601 = DIRECTION('',(1.,1.224646799147E-16,0.));
#6602 = ORIENTED_EDGE('',*,*,#6603,.F.);
#6603 = EDGE_CURVE('',#6578,#6596,#6604,.T.);
#6604 = LINE('',#6605,#6606);
#6605 = CARTESIAN_POINT('',(122.91,-42.67403816261,10.5));
#6606 = VECTOR('',#6607,1.);
#6607 = DIRECTION('',(1.224646799147E-16,-1.,0.));
#6608 = FACE_BOUND('',#6609,.T.);
#6609 = EDGE_LOOP('',(#6610,#6620,#6628,#6636));
#6610 = ORIENTED_EDGE('',*,*,#6611,.T.);
#6611 = EDGE_CURVE('',#6612,#6614,#6616,.T.);
#6612 = VERTEX_POINT('',#6613);
#6613 = CARTESIAN_POINT('',(141.96048,-23.87598,10.5));
#6614 = VERTEX_POINT('',#6615);
#6615 = CARTESIAN_POINT('',(155.96048,-23.87598,10.5));
#6616 = LINE('',#6617,#6618);
#6617 = CARTESIAN_POINT('',(132.21121920415,-23.87598,10.5));
#6618 = VECTOR('',#6619,1.);
#6619 = DIRECTION('',(1.,1.224646799147E-16,0.));
#6620 = ORIENTED_EDGE('',*,*,#6621,.T.);
#6621 = EDGE_CURVE('',#6614,#6622,#6624,.T.);
#6622 = VERTEX_POINT('',#6623);
#6623 = CARTESIAN_POINT('',(155.96048,-37.87598,10.5));
#6624 = LINE('',#6625,#6626);
#6625 = CARTESIAN_POINT('',(155.96048,-42.70202816261,10.5));
#6626 = VECTOR('',#6627,1.);
#6627 = DIRECTION('',(1.224646799147E-16,-1.,0.));
#6628 = ORIENTED_EDGE('',*,*,#6629,.F.);
#6629 = EDGE_CURVE('',#6630,#6622,#6632,.T.);
#6630 = VERTEX_POINT('',#6631);
#6631 = CARTESIAN_POINT('',(141.96048,-37.87598,10.5));
#6632 = LINE('',#6633,#6634);
#6633 = CARTESIAN_POINT('',(132.21121920415,-37.87598,10.5));
#6634 = VECTOR('',#6635,1.);
#6635 = DIRECTION('',(1.,1.224646799147E-16,0.));
#6636 = ORIENTED_EDGE('',*,*,#6637,.F.);
#6637 = EDGE_CURVE('',#6612,#6630,#6638,.T.);
#6638 = LINE('',#6639,#6640);
#6639 = CARTESIAN_POINT('',(141.96048,-42.70202816261,10.5));
#6640 = VECTOR('',#6641,1.);
#6641 = DIRECTION('',(1.224646799147E-16,-1.,0.));
#6642 = PLANE('',#6643);
#6643 = AXIS2_PLACEMENT_3D('',#6644,#6645,#6646);
#6644 = CARTESIAN_POINT('',(108.46195840831,-61.52807632523,10.5));
#6645 = DIRECTION('',(0.,0.,1.));
#6646 = DIRECTION('',(1.,0.,0.));
#6647 = ADVANCED_FACE('',(#6648),#6659,.F.);
#6648 = FACE_BOUND('',#6649,.F.);
#6649 = EDGE_LOOP('',(#6650,#6656,#6657,#6658));
#6650 = ORIENTED_EDGE('',*,*,#6651,.T.);
#6651 = EDGE_CURVE('',#4381,#5700,#6652,.T.);
#6652 = LINE('',#6653,#6654);
#6653 = CARTESIAN_POINT('',(190.41259895492,-31.9972952828,8.5));
#6654 = VECTOR('',#6655,1.);
#6655 = DIRECTION('',(0.,0.,1.));
#6656 = ORIENTED_EDGE('',*,*,#5708,.T.);
#6657 = ORIENTED_EDGE('',*,*,#3949,.F.);
#6658 = ORIENTED_EDGE('',*,*,#4389,.F.);
#6659 = PLANE('',#6660);
#6660 = AXIS2_PLACEMENT_3D('',#6661,#6662,#6663);
#6661 = CARTESIAN_POINT('',(190.41259895492,-31.9972952828,8.5));
#6662 = DIRECTION('',(-0.999999701408,-7.727763419221E-04,0.));
#6663 = DIRECTION('',(-7.727763419221E-04,0.999999701408,0.));
#6664 = ADVANCED_FACE('',(#6665),#6676,.T.);
#6665 = FACE_BOUND('',#6666,.T.);
#6666 = EDGE_LOOP('',(#6667,#6673,#6674,#6675));
#6667 = ORIENTED_EDGE('',*,*,#6668,.T.);
#6668 = EDGE_CURVE('',#4016,#5335,#6669,.T.);
#6669 = LINE('',#6670,#6671);
#6670 = CARTESIAN_POINT('',(158.05824709399,-18.29598071226,8.5));
#6671 = VECTOR('',#6672,1.);
#6672 = DIRECTION('',(0.,0.,1.));
#6673 = ORIENTED_EDGE('',*,*,#5334,.T.);
#6674 = ORIENTED_EDGE('',*,*,#3991,.F.);
#6675 = ORIENTED_EDGE('',*,*,#4015,.F.);
#6676 = CYLINDRICAL_SURFACE('',#6677,3.5);
#6677 = AXIS2_PLACEMENT_3D('',#6678,#6679,#6680);
#6678 = CARTESIAN_POINT('',(158.06048,-21.79598,8.5));
#6679 = DIRECTION('',(0.,0.,-1.));
#6680 = DIRECTION('',(-0.999999796495,-6.37973144348E-04,0.));
#6681 = ADVANCED_FACE('',(#6682),#6693,.T.);
#6682 = FACE_BOUND('',#6683,.T.);
#6683 = EDGE_LOOP('',(#6684,#6685,#6686,#6692));
#6684 = ORIENTED_EDGE('',*,*,#6651,.T.);
#6685 = ORIENTED_EDGE('',*,*,#5699,.T.);
#6686 = ORIENTED_EDGE('',*,*,#6687,.F.);
#6687 = EDGE_CURVE('',#4373,#5692,#6688,.T.);
#6688 = LINE('',#6689,#6690);
#6689 = CARTESIAN_POINT('',(190.41259897138,-31.99731666745,8.5));
#6690 = VECTOR('',#6691,1.);
#6691 = DIRECTION('',(0.,0.,1.));
#6692 = ORIENTED_EDGE('',*,*,#4380,.F.);
#6693 = CYLINDRICAL_SURFACE('',#6694,3.5);
#6694 = AXIS2_PLACEMENT_3D('',#6695,#6696,#6697);
#6695 = CARTESIAN_POINT('',(186.9126,-32.,8.5));
#6696 = DIRECTION('',(0.,0.,-1.));
#6697 = DIRECTION('',(-7.727763419221E-04,0.999999701408,0.));
#6698 = ADVANCED_FACE('',(#6699),#6710,.F.);
#6699 = FACE_BOUND('',#6700,.F.);
#6700 = EDGE_LOOP('',(#6701,#6702,#6703,#6709));
#6701 = ORIENTED_EDGE('',*,*,#6668,.T.);
#6702 = ORIENTED_EDGE('',*,*,#5343,.T.);
#6703 = ORIENTED_EDGE('',*,*,#6704,.F.);
#6704 = EDGE_CURVE('',#4025,#5344,#6705,.T.);
#6705 = LINE('',#6706,#6707);
#6706 = CARTESIAN_POINT('',(123.11739934552,-18.3182720393,8.5));
#6707 = VECTOR('',#6708,1.);
#6708 = DIRECTION('',(0.,0.,1.));
#6709 = ORIENTED_EDGE('',*,*,#4024,.F.);
#6710 = PLANE('',#6711);
#6711 = AXIS2_PLACEMENT_3D('',#6712,#6713,#6714);
#6712 = CARTESIAN_POINT('',(158.05824709399,-18.29598071226,8.5));
#6713 = DIRECTION('',(6.37973144348E-04,-0.999999796495,0.));
#6714 = DIRECTION('',(-0.999999796495,-6.37973144348E-04,0.));
#6715 = ADVANCED_FACE('',(#6716),#6727,.F.);
#6716 = FACE_BOUND('',#6717,.F.);
#6717 = EDGE_LOOP('',(#6718,#6724,#6725,#6726));
#6718 = ORIENTED_EDGE('',*,*,#6719,.T.);
#6719 = EDGE_CURVE('',#4365,#5684,#6720,.T.);
#6720 = LINE('',#6721,#6722);
#6721 = CARTESIAN_POINT('',(190.41719897034,-37.99731531107,8.5));
#6722 = VECTOR('',#6723,1.);
#6723 = DIRECTION('',(0.,0.,1.));
#6724 = ORIENTED_EDGE('',*,*,#5691,.T.);
#6725 = ORIENTED_EDGE('',*,*,#6687,.F.);
#6726 = ORIENTED_EDGE('',*,*,#4372,.F.);
#6727 = PLANE('',#6728);
#6728 = AXIS2_PLACEMENT_3D('',#6729,#6730,#6731);
#6729 = CARTESIAN_POINT('',(190.41719897034,-37.99731531107,8.5));
#6730 = DIRECTION('',(-0.999999706111,-7.666664413537E-04,0.));
#6731 = DIRECTION('',(-7.666664413537E-04,0.999999706111,0.));
#6732 = ADVANCED_FACE('',(#6733),#6744,.T.);
#6733 = FACE_BOUND('',#6734,.F.);
#6734 = EDGE_LOOP('',(#6735,#6736,#6737,#6743));
#6735 = ORIENTED_EDGE('',*,*,#6704,.T.);
#6736 = ORIENTED_EDGE('',*,*,#5351,.T.);
#6737 = ORIENTED_EDGE('',*,*,#6738,.F.);
#6738 = EDGE_CURVE('',#4033,#5352,#6739,.T.);
#6739 = LINE('',#6740,#6741);
#6740 = CARTESIAN_POINT('',(119.41000933498,-15.82000000001,8.5));
#6741 = VECTOR('',#6742,1.);
#6742 = DIRECTION('',(0.,0.,1.));
#6743 = ORIENTED_EDGE('',*,*,#4032,.F.);
#6744 = CYLINDRICAL_SURFACE('',#6745,4.000001333575);
#6745 = AXIS2_PLACEMENT_3D('',#6746,#6747,#6748);
#6746 = CARTESIAN_POINT('',(119.40999866642,-19.82000133357,8.5));
#6747 = DIRECTION('',(0.,0.,-1.));
#6748 = DIRECTION('',(2.667139162621E-06,0.999999999996,0.));
#6749 = ADVANCED_FACE('',(#6750),#6761,.F.);
#6750 = FACE_BOUND('',#6751,.F.);
#6751 = EDGE_LOOP('',(#6752,#6758,#6759,#6760));
#6752 = ORIENTED_EDGE('',*,*,#6753,.T.);
#6753 = EDGE_CURVE('',#4356,#5675,#6754,.T.);
#6754 = LINE('',#6755,#6756);
#6755 = CARTESIAN_POINT('',(190.4501989693,-80.99731395427,8.5));
#6756 = VECTOR('',#6757,1.);
#6757 = DIRECTION('',(0.,0.,1.));
#6758 = ORIENTED_EDGE('',*,*,#5683,.T.);
#6759 = ORIENTED_EDGE('',*,*,#6719,.F.);
#6760 = ORIENTED_EDGE('',*,*,#4364,.F.);
#6761 = PLANE('',#6762);
#6762 = AXIS2_PLACEMENT_3D('',#6763,#6764,#6765);
#6763 = CARTESIAN_POINT('',(190.4501989693,-80.99731395427,8.5));
#6764 = DIRECTION('',(-0.999999705517,-7.674416344659E-04,0.));
#6765 = DIRECTION('',(-7.674416344659E-04,0.999999705517,0.));
#6766 = ADVANCED_FACE('',(#6767),#6778,.T.);
#6767 = FACE_BOUND('',#6768,.T.);
#6768 = EDGE_LOOP('',(#6769,#6775,#6776,#6777));
#6769 = ORIENTED_EDGE('',*,*,#6770,.T.);
#6770 = EDGE_CURVE('',#4042,#5361,#6771,.T.);
#6771 = LINE('',#6772,#6773);
#6772 = CARTESIAN_POINT('',(119.41,-15.82,8.5));
#6773 = VECTOR('',#6774,1.);
#6774 = DIRECTION('',(0.,0.,1.));
#6775 = ORIENTED_EDGE('',*,*,#5360,.T.);
#6776 = ORIENTED_EDGE('',*,*,#6738,.F.);
#6777 = ORIENTED_EDGE('',*,*,#4041,.F.);
#6778 = CYLINDRICAL_SURFACE('',#6779,3.5);
#6779 = AXIS2_PLACEMENT_3D('',#6780,#6781,#6782);
#6780 = CARTESIAN_POINT('',(119.41,-19.32,8.5));
#6781 = DIRECTION('',(0.,0.,-1.));
#6782 = DIRECTION('',(-1.,0.,0.));
#6783 = ADVANCED_FACE('',(#6784),#6795,.T.);
#6784 = FACE_BOUND('',#6785,.T.);
#6785 = EDGE_LOOP('',(#6786,#6787,#6788,#6794));
#6786 = ORIENTED_EDGE('',*,*,#6753,.T.);
#6787 = ORIENTED_EDGE('',*,*,#5674,.T.);
#6788 = ORIENTED_EDGE('',*,*,#6789,.F.);
#6789 = EDGE_CURVE('',#4348,#5667,#6790,.T.);
#6790 = LINE('',#6791,#6792);
#6791 = CARTESIAN_POINT('',(190.45019897138,-80.99731666745,8.5));
#6792 = VECTOR('',#6793,1.);
#6793 = DIRECTION('',(0.,0.,1.));
#6794 = ORIENTED_EDGE('',*,*,#4355,.F.);
#6795 = CYLINDRICAL_SURFACE('',#6796,3.5);
#6796 = AXIS2_PLACEMENT_3D('',#6797,#6798,#6799);
#6797 = CARTESIAN_POINT('',(186.9502,-81.,8.5));
#6798 = DIRECTION('',(0.,0.,-1.));
#6799 = DIRECTION('',(-7.674416344659E-04,0.999999705517,0.));
#6800 = ADVANCED_FACE('',(#6801),#6812,.F.);
#6801 = FACE_BOUND('',#6802,.F.);
#6802 = EDGE_LOOP('',(#6803,#6804,#6805,#6811));
#6803 = ORIENTED_EDGE('',*,*,#6770,.T.);
#6804 = ORIENTED_EDGE('',*,*,#5369,.T.);
#6805 = ORIENTED_EDGE('',*,*,#6806,.F.);
#6806 = EDGE_CURVE('',#4051,#5370,#6807,.T.);
#6807 = LINE('',#6808,#6809);
#6808 = CARTESIAN_POINT('',(104.00687314312,-15.82,8.5));
#6809 = VECTOR('',#6810,1.);
#6810 = DIRECTION('',(0.,0.,1.));
#6811 = ORIENTED_EDGE('',*,*,#4050,.F.);
#6812 = PLANE('',#6813);
#6813 = AXIS2_PLACEMENT_3D('',#6814,#6815,#6816);
#6814 = CARTESIAN_POINT('',(119.41,-15.82,8.5));
#6815 = DIRECTION('',(0.,-1.,0.));
#6816 = DIRECTION('',(-1.,0.,0.));
#6817 = ADVANCED_FACE('',(#6818),#6829,.F.);
#6818 = FACE_BOUND('',#6819,.F.);
#6819 = EDGE_LOOP('',(#6820,#6826,#6827,#6828));
#6820 = ORIENTED_EDGE('',*,*,#6821,.T.);
#6821 = EDGE_CURVE('',#4339,#5658,#6822,.T.);
#6822 = LINE('',#6823,#6824);
#6823 = CARTESIAN_POINT('',(190.45479897138,-86.99731666745,8.5));
#6824 = VECTOR('',#6825,1.);
#6825 = DIRECTION('',(0.,0.,1.));
#6826 = ORIENTED_EDGE('',*,*,#5666,.T.);
#6827 = ORIENTED_EDGE('',*,*,#6789,.F.);
#6828 = ORIENTED_EDGE('',*,*,#4347,.F.);
#6829 = PLANE('',#6830);
#6830 = AXIS2_PLACEMENT_3D('',#6831,#6832,#6833);
#6831 = CARTESIAN_POINT('',(190.45479897138,-86.99731666745,8.5));
#6832 = DIRECTION('',(-0.999999706111,-7.666664413537E-04,0.));
#6833 = DIRECTION('',(-7.666664413537E-04,0.999999706111,0.));
#6834 = ADVANCED_FACE('',(#6835),#6846,.T.);
#6835 = FACE_BOUND('',#6836,.F.);
#6836 = EDGE_LOOP('',(#6837,#6838,#6839,#6845));
#6837 = ORIENTED_EDGE('',*,*,#6806,.T.);
#6838 = ORIENTED_EDGE('',*,*,#5377,.T.);
#6839 = ORIENTED_EDGE('',*,*,#6840,.F.);
#6840 = EDGE_CURVE('',#4059,#5378,#6841,.T.);
#6841 = LINE('',#6842,#6843);
#6842 = CARTESIAN_POINT('',(100.41000933498,-13.57000000001,8.5));
#6843 = VECTOR('',#6844,1.);
#6844 = DIRECTION('',(0.,0.,1.));
#6845 = ORIENTED_EDGE('',*,*,#4058,.F.);
#6846 = CYLINDRICAL_SURFACE('',#6847,4.000001333575);
#6847 = AXIS2_PLACEMENT_3D('',#6848,#6849,#6850);
#6848 = CARTESIAN_POINT('',(100.40999866642,-17.57000133357,8.5));
#6849 = DIRECTION('',(0.,0.,-1.));
#6850 = DIRECTION('',(2.667139162621E-06,0.999999999996,0.));
#6851 = ADVANCED_FACE('',(#6852),#6863,.T.);
#6852 = FACE_BOUND('',#6853,.T.);
#6853 = EDGE_LOOP('',(#6854,#6855,#6856,#6862));
#6854 = ORIENTED_EDGE('',*,*,#6821,.T.);
#6855 = ORIENTED_EDGE('',*,*,#5657,.T.);
#6856 = ORIENTED_EDGE('',*,*,#6857,.F.);
#6857 = EDGE_CURVE('',#4331,#5650,#6858,.T.);
#6858 = LINE('',#6859,#6860);
#6859 = CARTESIAN_POINT('',(190.45479940294,-87.00204435347,8.5));
#6860 = VECTOR('',#6861,1.);
#6861 = DIRECTION('',(0.,0.,1.));
#6862 = ORIENTED_EDGE('',*,*,#4338,.F.);
#6863 = CYLINDRICAL_SURFACE('',#6864,3.5);
#6864 = AXIS2_PLACEMENT_3D('',#6865,#6866,#6867);
#6865 = CARTESIAN_POINT('',(186.9548,-87.,8.5));
#6866 = DIRECTION('',(0.,0.,-1.));
#6867 = DIRECTION('',(-7.666664413537E-04,0.999999706111,0.));
#6868 = ADVANCED_FACE('',(#6869),#6880,.T.);
#6869 = FACE_BOUND('',#6870,.T.);
#6870 = EDGE_LOOP('',(#6871,#6877,#6878,#6879));
#6871 = ORIENTED_EDGE('',*,*,#6872,.T.);
#6872 = EDGE_CURVE('',#4068,#5387,#6873,.T.);
#6873 = LINE('',#6874,#6875);
#6874 = CARTESIAN_POINT('',(100.41,-13.57,8.5));
#6875 = VECTOR('',#6876,1.);
#6876 = DIRECTION('',(0.,0.,1.));
#6877 = ORIENTED_EDGE('',*,*,#5386,.T.);
#6878 = ORIENTED_EDGE('',*,*,#6840,.F.);
#6879 = ORIENTED_EDGE('',*,*,#4067,.F.);
#6880 = CYLINDRICAL_SURFACE('',#6881,3.5);
#6881 = AXIS2_PLACEMENT_3D('',#6882,#6883,#6884);
#6882 = CARTESIAN_POINT('',(100.41,-17.07,8.5));
#6883 = DIRECTION('',(0.,0.,-1.));
#6884 = DIRECTION('',(-1.,0.,0.));
#6885 = ADVANCED_FACE('',(#6886),#6897,.F.);
#6886 = FACE_BOUND('',#6887,.F.);
#6887 = EDGE_LOOP('',(#6888,#6894,#6895,#6896));
#6888 = ORIENTED_EDGE('',*,*,#6889,.T.);
#6889 = EDGE_CURVE('',#4322,#5641,#6890,.T.);
#6890 = LINE('',#6891,#6892);
#6891 = CARTESIAN_POINT('',(190.45047940294,-94.39802435347,8.5));
#6892 = VECTOR('',#6893,1.);
#6893 = DIRECTION('',(0.,0.,1.));
#6894 = ORIENTED_EDGE('',*,*,#5649,.T.);
#6895 = ORIENTED_EDGE('',*,*,#6857,.F.);
#6896 = ORIENTED_EDGE('',*,*,#4330,.F.);
#6897 = PLANE('',#6898);
#6898 = AXIS2_PLACEMENT_3D('',#6899,#6900,#6901);
#6899 = CARTESIAN_POINT('',(190.45047940294,-94.39802435347,8.5));
#6900 = DIRECTION('',(-0.999999829413,5.841009931167E-04,0.));
#6901 = DIRECTION('',(5.841009931167E-04,0.999999829413,0.));
#6902 = ADVANCED_FACE('',(#6903),#6914,.F.);
#6903 = FACE_BOUND('',#6904,.F.);
#6904 = EDGE_LOOP('',(#6905,#6906,#6907,#6913));
#6905 = ORIENTED_EDGE('',*,*,#6872,.T.);
#6906 = ORIENTED_EDGE('',*,*,#5395,.T.);
#6907 = ORIENTED_EDGE('',*,*,#6908,.F.);
#6908 = EDGE_CURVE('',#4077,#5396,#6909,.T.);
#6909 = LINE('',#6910,#6911);
#6910 = CARTESIAN_POINT('',(83.41,-13.57,8.5));
#6911 = VECTOR('',#6912,1.);
#6912 = DIRECTION('',(0.,0.,1.));
#6913 = ORIENTED_EDGE('',*,*,#4076,.F.);
#6914 = PLANE('',#6915);
#6915 = AXIS2_PLACEMENT_3D('',#6916,#6917,#6918);
#6916 = CARTESIAN_POINT('',(100.41,-13.57,8.5));
#6917 = DIRECTION('',(0.,-1.,0.));
#6918 = DIRECTION('',(-1.,0.,0.));
#6919 = ADVANCED_FACE('',(#6920),#6931,.T.);
#6920 = FACE_BOUND('',#6921,.T.);
#6921 = EDGE_LOOP('',(#6922,#6923,#6924,#6930));
#6922 = ORIENTED_EDGE('',*,*,#6889,.T.);
#6923 = ORIENTED_EDGE('',*,*,#5640,.T.);
#6924 = ORIENTED_EDGE('',*,*,#6925,.F.);
#6925 = EDGE_CURVE('',#4314,#5633,#6926,.T.);
#6926 = LINE('',#6927,#6928);
#6927 = CARTESIAN_POINT('',(189.42558765949,-96.8706197867,8.5));
#6928 = VECTOR('',#6929,1.);
#6929 = DIRECTION('',(0.,0.,1.));
#6930 = ORIENTED_EDGE('',*,*,#4321,.F.);
#6931 = CYLINDRICAL_SURFACE('',#6932,3.5);
#6932 = AXIS2_PLACEMENT_3D('',#6933,#6934,#6935);
#6933 = CARTESIAN_POINT('',(186.95048,-94.39598,8.5));
#6934 = DIRECTION('',(0.,0.,-1.));
#6935 = DIRECTION('',(5.841009931167E-04,0.999999829413,0.));
#6936 = ADVANCED_FACE('',(#6937),#6948,.T.);
#6937 = FACE_BOUND('',#6938,.T.);
#6938 = EDGE_LOOP('',(#6939,#6945,#6946,#6947));
#6939 = ORIENTED_EDGE('',*,*,#6940,.T.);
#6940 = EDGE_CURVE('',#4085,#5404,#6941,.T.);
#6941 = LINE('',#6942,#6943);
#6942 = CARTESIAN_POINT('',(83.409990665013,-13.57000000001,8.5));
#6943 = VECTOR('',#6944,1.);
#6944 = DIRECTION('',(0.,0.,1.));
#6945 = ORIENTED_EDGE('',*,*,#5403,.T.);
#6946 = ORIENTED_EDGE('',*,*,#6908,.F.);
#6947 = ORIENTED_EDGE('',*,*,#4084,.F.);
#6948 = CYLINDRICAL_SURFACE('',#6949,3.5);
#6949 = AXIS2_PLACEMENT_3D('',#6950,#6951,#6952);
#6950 = CARTESIAN_POINT('',(83.41,-17.07,8.5));
#6951 = DIRECTION('',(0.,0.,-1.));
#6952 = DIRECTION('',(-0.999999999996,-2.667139219752E-06,0.));
#6953 = ADVANCED_FACE('',(#6954),#6965,.F.);
#6954 = FACE_BOUND('',#6955,.F.);
#6955 = EDGE_LOOP('',(#6956,#6962,#6963,#6964));
#6956 = ORIENTED_EDGE('',*,*,#6957,.T.);
#6957 = EDGE_CURVE('',#4305,#5624,#6958,.T.);
#6958 = LINE('',#6959,#6960);
#6959 = CARTESIAN_POINT('',(162.88966567078,-123.4115588433,8.5));
#6960 = VECTOR('',#6961,1.);
#6961 = DIRECTION('',(0.,0.,1.));
#6962 = ORIENTED_EDGE('',*,*,#5632,.T.);
#6963 = ORIENTED_EDGE('',*,*,#6925,.F.);
#6964 = ORIENTED_EDGE('',*,*,#4313,.F.);
#6965 = PLANE('',#6966);
#6966 = AXIS2_PLACEMENT_3D('',#6967,#6968,#6969);
#6967 = CARTESIAN_POINT('',(162.88966567078,-123.4115588433,8.5));
#6968 = DIRECTION('',(-0.707173616997,0.707039939058,0.));
#6969 = DIRECTION('',(0.707039939058,0.707173616997,0.));
#6970 = ADVANCED_FACE('',(#6971),#6982,.T.);
#6971 = FACE_BOUND('',#6972,.F.);
#6972 = EDGE_LOOP('',(#6973,#6974,#6975,#6981));
#6973 = ORIENTED_EDGE('',*,*,#6940,.T.);
#6974 = ORIENTED_EDGE('',*,*,#5412,.T.);
#6975 = ORIENTED_EDGE('',*,*,#6976,.F.);
#6976 = EDGE_CURVE('',#4094,#5413,#6977,.T.);
#6977 = LINE('',#6978,#6979);
#6978 = CARTESIAN_POINT('',(79.410000000012,-17.56999066501,8.5));
#6979 = VECTOR('',#6980,1.);
#6980 = DIRECTION('',(0.,0.,1.));
#6981 = ORIENTED_EDGE('',*,*,#4093,.F.);
#6982 = CYLINDRICAL_SURFACE('',#6983,4.000001333575);
#6983 = AXIS2_PLACEMENT_3D('',#6984,#6985,#6986);
#6984 = CARTESIAN_POINT('',(83.410001333573,-17.57000133357,8.5));
#6985 = DIRECTION('',(-0.,-0.,-1.));
#6986 = DIRECTION('',(-0.999999999996,2.667139198148E-06,0.));
#6987 = ADVANCED_FACE('',(#6988),#6999,.T.);
#6988 = FACE_BOUND('',#6989,.F.);
#6989 = EDGE_LOOP('',(#6990,#6996,#6997,#6998));
#6990 = ORIENTED_EDGE('',*,*,#6991,.T.);
#6991 = EDGE_CURVE('',#4296,#5615,#6992,.T.);
#6992 = LINE('',#6993,#6994);
#6993 = CARTESIAN_POINT('',(156.36173428294,-124.3878135911,8.5));
#6994 = VECTOR('',#6995,1.);
#6995 = DIRECTION('',(0.,0.,1.));
#6996 = ORIENTED_EDGE('',*,*,#5623,.T.);
#6997 = ORIENTED_EDGE('',*,*,#6957,.F.);
#6998 = ORIENTED_EDGE('',*,*,#4304,.F.);
#6999 = CYLINDRICAL_SURFACE('',#7000,4.88679886816);
#7000 = AXIS2_PLACEMENT_3D('',#7001,#7002,#7003);
#7001 = CARTESIAN_POINT('',(159.09264324657,-120.3352909928,8.5));
#7002 = DIRECTION('',(0.,0.,-1.));
#7003 = DIRECTION('',(0.83142680593,-0.555634291941,0.));
#7004 = ADVANCED_FACE('',(#7005),#7016,.T.);
#7005 = FACE_BOUND('',#7006,.T.);
#7006 = EDGE_LOOP('',(#7007,#7013,#7014,#7015));
#7007 = ORIENTED_EDGE('',*,*,#7008,.T.);
#7008 = EDGE_CURVE('',#4103,#5422,#7009,.T.);
#7009 = LINE('',#7010,#7011);
#7010 = CARTESIAN_POINT('',(79.41,-17.57,8.5));
#7011 = VECTOR('',#7012,1.);
#7012 = DIRECTION('',(0.,0.,1.));
#7013 = ORIENTED_EDGE('',*,*,#5421,.T.);
#7014 = ORIENTED_EDGE('',*,*,#6976,.F.);
#7015 = ORIENTED_EDGE('',*,*,#4102,.F.);
#7016 = CYLINDRICAL_SURFACE('',#7017,3.5);
#7017 = AXIS2_PLACEMENT_3D('',#7018,#7019,#7020);
#7018 = CARTESIAN_POINT('',(82.91,-17.57,8.5));
#7019 = DIRECTION('',(0.,0.,-1.));
#7020 = DIRECTION('',(0.,-1.,0.));
#7021 = ADVANCED_FACE('',(#7022),#7033,.T.);
#7022 = FACE_BOUND('',#7023,.T.);
#7023 = EDGE_LOOP('',(#7024,#7025,#7026,#7032));
#7024 = ORIENTED_EDGE('',*,*,#6991,.T.);
#7025 = ORIENTED_EDGE('',*,*,#5614,.T.);
#7026 = ORIENTED_EDGE('',*,*,#7027,.F.);
#7027 = EDGE_CURVE('',#4288,#5607,#7028,.T.);
#7028 = LINE('',#7029,#7030);
#7029 = CARTESIAN_POINT('',(155.85961908401,-123.9769347406,8.5));
#7030 = VECTOR('',#7031,1.);
#7031 = DIRECTION('',(0.,0.,1.));
#7032 = ORIENTED_EDGE('',*,*,#4295,.F.);
#7033 = CYLINDRICAL_SURFACE('',#7034,3.5);
#7034 = AXIS2_PLACEMENT_3D('',#7035,#7036,#7037);
#7035 = CARTESIAN_POINT('',(158.317653,-121.485335,8.5));
#7036 = DIRECTION('',(0.,0.,-1.));
#7037 = DIRECTION('',(0.829279597481,-0.558833919158,0.));
#7038 = ADVANCED_FACE('',(#7039),#7050,.F.);
#7039 = FACE_BOUND('',#7040,.F.);
#7040 = EDGE_LOOP('',(#7041,#7042,#7043,#7049));
#7041 = ORIENTED_EDGE('',*,*,#7008,.T.);
#7042 = ORIENTED_EDGE('',*,*,#5430,.T.);
#7043 = ORIENTED_EDGE('',*,*,#7044,.F.);
#7044 = EDGE_CURVE('',#4112,#5431,#7045,.T.);
#7045 = LINE('',#7046,#7047);
#7046 = CARTESIAN_POINT('',(79.41,-18.55045610094,8.5));
#7047 = VECTOR('',#7048,1.);
#7048 = DIRECTION('',(0.,0.,1.));
#7049 = ORIENTED_EDGE('',*,*,#4111,.F.);
#7050 = PLANE('',#7051);
#7051 = AXIS2_PLACEMENT_3D('',#7052,#7053,#7054);
#7052 = CARTESIAN_POINT('',(79.41,-17.57,8.5));
#7053 = DIRECTION('',(1.,0.,0.));
#7054 = DIRECTION('',(0.,-1.,0.));
#7055 = ADVANCED_FACE('',(#7056),#7067,.F.);
#7056 = FACE_BOUND('',#7057,.F.);
#7057 = EDGE_LOOP('',(#7058,#7064,#7065,#7066));
#7058 = ORIENTED_EDGE('',*,*,#7059,.T.);
#7059 = EDGE_CURVE('',#4280,#5599,#7060,.T.);
#7060 = LINE('',#7061,#7062);
#7061 = CARTESIAN_POINT('',(143.71828180388,-111.9991606494,8.5));
#7062 = VECTOR('',#7063,1.);
#7063 = DIRECTION('',(0.,0.,1.));
#7064 = ORIENTED_EDGE('',*,*,#5606,.T.);
#7065 = ORIENTED_EDGE('',*,*,#7027,.F.);
#7066 = ORIENTED_EDGE('',*,*,#4287,.F.);
#7067 = PLANE('',#7068);
#7068 = AXIS2_PLACEMENT_3D('',#7069,#7070,#7071);
#7069 = CARTESIAN_POINT('',(143.71828180388,-111.9991606494,8.5));
#7070 = DIRECTION('',(0.702295404568,0.711885640199,0.));
#7071 = DIRECTION('',(0.711885640199,-0.702295404568,0.));
#7072 = ADVANCED_FACE('',(#7073),#7084,.F.);
#7073 = FACE_BOUND('',#7074,.F.);
#7074 = EDGE_LOOP('',(#7075,#7076,#7077,#7083));
#7075 = ORIENTED_EDGE('',*,*,#7044,.T.);
#7076 = ORIENTED_EDGE('',*,*,#5438,.T.);
#7077 = ORIENTED_EDGE('',*,*,#7078,.F.);
#7078 = EDGE_CURVE('',#4120,#5439,#7079,.T.);
#7079 = LINE('',#7080,#7081);
#7080 = CARTESIAN_POINT('',(59.748520761018,-20.30991037458,8.5));
#7081 = VECTOR('',#7082,1.);
#7082 = DIRECTION('',(0.,0.,1.));
#7083 = ORIENTED_EDGE('',*,*,#4119,.F.);
#7084 = PLANE('',#7085);
#7085 = AXIS2_PLACEMENT_3D('',#7086,#7087,#7088);
#7086 = CARTESIAN_POINT('',(79.41,-18.55045610094,8.5));
#7087 = DIRECTION('',(8.913121113783E-02,-0.996019892975,0.));
#7088 = DIRECTION('',(-0.996019892975,-8.913121113783E-02,0.));
#7089 = ADVANCED_FACE('',(#7090),#7101,.F.);
#7090 = FACE_BOUND('',#7091,.F.);
#7091 = EDGE_LOOP('',(#7092,#7098,#7099,#7100));
#7092 = ORIENTED_EDGE('',*,*,#7093,.T.);
#7093 = EDGE_CURVE('',#4272,#5591,#7094,.T.);
#7094 = LINE('',#7095,#7096);
#7095 = CARTESIAN_POINT('',(128.73651157065,-103.2925569727,8.5));
#7096 = VECTOR('',#7097,1.);
#7097 = DIRECTION('',(0.,0.,1.));
#7098 = ORIENTED_EDGE('',*,*,#5598,.T.);
#7099 = ORIENTED_EDGE('',*,*,#7059,.F.);
#7100 = ORIENTED_EDGE('',*,*,#4279,.F.);
#7101 = PLANE('',#7102);
#7102 = AXIS2_PLACEMENT_3D('',#7103,#7104,#7105);
#7103 = CARTESIAN_POINT('',(128.73651157065,-103.2925569727,8.5));
#7104 = DIRECTION('',(0.502459662555,0.864600652038,0.));
#7105 = DIRECTION('',(0.864600652038,-0.502459662555,0.));
#7106 = ADVANCED_FACE('',(#7107),#7118,.T.);
#7107 = FACE_BOUND('',#7108,.T.);
#7108 = EDGE_LOOP('',(#7109,#7115,#7116,#7117));
#7109 = ORIENTED_EDGE('',*,*,#7110,.T.);
#7110 = EDGE_CURVE('',#4128,#5447,#7111,.T.);
#7111 = LINE('',#7112,#7113);
#7112 = CARTESIAN_POINT('',(56.56048,-23.79598,8.5));
#7113 = VECTOR('',#7114,1.);
#7114 = DIRECTION('',(0.,0.,1.));
#7115 = ORIENTED_EDGE('',*,*,#5446,.T.);
#7116 = ORIENTED_EDGE('',*,*,#7078,.F.);
#7117 = ORIENTED_EDGE('',*,*,#4127,.F.);
#7118 = CYLINDRICAL_SURFACE('',#7119,3.5);
#7119 = AXIS2_PLACEMENT_3D('',#7120,#7121,#7122);
#7120 = CARTESIAN_POINT('',(60.06048,-23.79598,8.5));
#7121 = DIRECTION('',(0.,0.,-1.));
#7122 = DIRECTION('',(0.,-1.,0.));
#7123 = ADVANCED_FACE('',(#7124),#7135,.F.);
#7124 = FACE_BOUND('',#7125,.F.);
#7125 = EDGE_LOOP('',(#7126,#7132,#7133,#7134));
#7126 = ORIENTED_EDGE('',*,*,#7127,.T.);
#7127 = EDGE_CURVE('',#4263,#5582,#7128,.T.);
#7128 = LINE('',#7129,#7130);
#7129 = CARTESIAN_POINT('',(92.325784707232,-98.55601323373,8.5));
#7130 = VECTOR('',#7131,1.);
#7131 = DIRECTION('',(0.,0.,1.));
#7132 = ORIENTED_EDGE('',*,*,#5590,.T.);
#7133 = ORIENTED_EDGE('',*,*,#7093,.F.);
#7134 = ORIENTED_EDGE('',*,*,#4271,.F.);
#7135 = PLANE('',#7136);
#7136 = AXIS2_PLACEMENT_3D('',#7137,#7138,#7139);
#7137 = CARTESIAN_POINT('',(92.325784707232,-98.55601323373,8.5));
#7138 = DIRECTION('',(0.128999573978,0.991644649012,0.));
#7139 = DIRECTION('',(0.991644649012,-0.128999573978,0.));
#7140 = ADVANCED_FACE('',(#7141),#7152,.F.);
#7141 = FACE_BOUND('',#7142,.F.);
#7142 = EDGE_LOOP('',(#7143,#7144,#7145,#7151));
#7143 = ORIENTED_EDGE('',*,*,#7110,.T.);
#7144 = ORIENTED_EDGE('',*,*,#5455,.T.);
#7145 = ORIENTED_EDGE('',*,*,#7146,.F.);
#7146 = EDGE_CURVE('',#4137,#5456,#7147,.T.);
#7147 = LINE('',#7148,#7149);
#7148 = CARTESIAN_POINT('',(56.56048,-24.66878022161,8.5));
#7149 = VECTOR('',#7150,1.);
#7150 = DIRECTION('',(0.,0.,1.));
#7151 = ORIENTED_EDGE('',*,*,#4136,.F.);
#7152 = PLANE('',#7153);
#7153 = AXIS2_PLACEMENT_3D('',#7154,#7155,#7156);
#7154 = CARTESIAN_POINT('',(56.56048,-23.79598,8.5));
#7155 = DIRECTION('',(1.,0.,0.));
#7156 = DIRECTION('',(0.,-1.,0.));
#7157 = ADVANCED_FACE('',(#7158),#7169,.T.);
#7158 = FACE_BOUND('',#7159,.F.);
#7159 = EDGE_LOOP('',(#7160,#7166,#7167,#7168));
#7160 = ORIENTED_EDGE('',*,*,#7161,.T.);
#7161 = EDGE_CURVE('',#4254,#5573,#7162,.T.);
#7162 = LINE('',#7163,#7164);
#7163 = CARTESIAN_POINT('',(89.831555016265,-97.39840848443,8.5));
#7164 = VECTOR('',#7165,1.);
#7165 = DIRECTION('',(0.,0.,1.));
#7166 = ORIENTED_EDGE('',*,*,#5581,.T.);
#7167 = ORIENTED_EDGE('',*,*,#7127,.F.);
#7168 = ORIENTED_EDGE('',*,*,#4262,.F.);
#7169 = CYLINDRICAL_SURFACE('',#7170,3.999992432518);
#7170 = AXIS2_PLACEMENT_3D('',#7171,#7172,#7173);
#7171 = CARTESIAN_POINT('',(92.659997646619,-94.57000756748,8.5));
#7172 = DIRECTION('',(0.,0.,-1.));
#7173 = DIRECTION('',(4.706832625491E-06,-0.999999999989,0.));
#7174 = ADVANCED_FACE('',(#7175),#7186,.F.);
#7175 = FACE_BOUND('',#7176,.F.);
#7176 = EDGE_LOOP('',(#7177,#7178,#7179,#7185));
#7177 = ORIENTED_EDGE('',*,*,#7146,.T.);
#7178 = ORIENTED_EDGE('',*,*,#5463,.T.);
#7179 = ORIENTED_EDGE('',*,*,#7180,.F.);
#7180 = EDGE_CURVE('',#4145,#5464,#7181,.T.);
#7181 = LINE('',#7182,#7183);
#7182 = CARTESIAN_POINT('',(17.141567031585,-31.75116009361,8.5));
#7183 = VECTOR('',#7184,1.);
#7184 = DIRECTION('',(0.,0.,1.));
#7185 = ORIENTED_EDGE('',*,*,#4144,.F.);
#7186 = PLANE('',#7187);
#7187 = AXIS2_PLACEMENT_3D('',#7188,#7189,#7190);
#7188 = CARTESIAN_POINT('',(56.56048,-24.66878022161,8.5));
#7189 = DIRECTION('',(0.176837990976,-0.984239973252,0.));
#7190 = DIRECTION('',(-0.984239973252,-0.176837990976,0.));
#7191 = ADVANCED_FACE('',(#7192),#7203,.T.);
#7192 = FACE_BOUND('',#7193,.T.);
#7193 = EDGE_LOOP('',(#7194,#7195,#7196,#7202));
#7194 = ORIENTED_EDGE('',*,*,#7161,.T.);
#7195 = ORIENTED_EDGE('',*,*,#5572,.T.);
#7196 = ORIENTED_EDGE('',*,*,#7197,.F.);
#7197 = EDGE_CURVE('',#4246,#5565,#7198,.T.);
#7198 = LINE('',#7199,#7200);
#7199 = CARTESIAN_POINT('',(89.478537440338,-96.98581571904,8.5));
#7200 = VECTOR('',#7201,1.);
#7201 = DIRECTION('',(0.,0.,1.));
#7202 = ORIENTED_EDGE('',*,*,#4253,.F.);
#7203 = CYLINDRICAL_SURFACE('',#7204,3.5);
#7204 = AXIS2_PLACEMENT_3D('',#7205,#7206,#7207);
#7205 = CARTESIAN_POINT('',(92.306447,-94.923553,8.5));
#7206 = DIRECTION('',(0.,0.,-1.));
#7207 = DIRECTION('',(0.707101566982,-0.707111995353,0.));
#7208 = ADVANCED_FACE('',(#7209),#7220,.T.);
#7209 = FACE_BOUND('',#7210,.T.);
#7210 = EDGE_LOOP('',(#7211,#7217,#7218,#7219));
#7211 = ORIENTED_EDGE('',*,*,#7212,.T.);
#7212 = EDGE_CURVE('',#4153,#5472,#7213,.T.);
#7213 = LINE('',#7214,#7215);
#7214 = CARTESIAN_POINT('',(14.312994341823,-35.7999078877,8.5));
#7215 = VECTOR('',#7216,1.);
#7216 = DIRECTION('',(0.,0.,1.));
#7217 = ORIENTED_EDGE('',*,*,#5471,.T.);
#7218 = ORIENTED_EDGE('',*,*,#7180,.F.);
#7219 = ORIENTED_EDGE('',*,*,#4152,.F.);
#7220 = CYLINDRICAL_SURFACE('',#7221,3.5);
#7221 = AXIS2_PLACEMENT_3D('',#7222,#7223,#7224);
#7222 = CARTESIAN_POINT('',(17.7605,-35.196,8.5));
#7223 = DIRECTION('',(0.,0.,-1.));
#7224 = DIRECTION('',(0.172545110774,-0.985001616622,0.));
#7225 = ADVANCED_FACE('',(#7226),#7237,.F.);
#7226 = FACE_BOUND('',#7227,.F.);
#7227 = EDGE_LOOP('',(#7228,#7234,#7235,#7236));
#7228 = ORIENTED_EDGE('',*,*,#7229,.T.);
#7229 = EDGE_CURVE('',#4238,#5557,#7230,.T.);
#7230 = LINE('',#7231,#7232);
#7231 = CARTESIAN_POINT('',(80.090200951293,-84.11191451262,8.5));
#7232 = VECTOR('',#7233,1.);
#7233 = DIRECTION('',(0.,0.,1.));
#7234 = ORIENTED_EDGE('',*,*,#5564,.T.);
#7235 = ORIENTED_EDGE('',*,*,#7197,.F.);
#7236 = ORIENTED_EDGE('',*,*,#4245,.F.);
#7237 = PLANE('',#7238);
#7238 = AXIS2_PLACEMENT_3D('',#7239,#7240,#7241);
#7239 = CARTESIAN_POINT('',(80.090200951293,-84.11191451262,8.5));
#7240 = DIRECTION('',(0.807974159904,0.589217919728,0.));
#7241 = DIRECTION('',(0.589217919728,-0.807974159904,0.));
#7242 = ADVANCED_FACE('',(#7243),#7254,.F.);
#7243 = FACE_BOUND('',#7244,.F.);
#7244 = EDGE_LOOP('',(#7245,#7246,#7247,#7253));
#7245 = ORIENTED_EDGE('',*,*,#7212,.T.);
#7246 = ORIENTED_EDGE('',*,*,#5480,.T.);
#7247 = ORIENTED_EDGE('',*,*,#7248,.F.);
#7248 = EDGE_CURVE('',#4162,#5481,#7249,.T.);
#7249 = LINE('',#7250,#7251);
#7250 = CARTESIAN_POINT('',(15.227394341823,-41.0199078877,8.5));
#7251 = VECTOR('',#7252,1.);
#7252 = DIRECTION('',(0.,0.,1.));
#7253 = ORIENTED_EDGE('',*,*,#4161,.F.);
#7254 = PLANE('',#7255);
#7255 = AXIS2_PLACEMENT_3D('',#7256,#7257,#7258);
#7256 = CARTESIAN_POINT('',(14.312994341823,-35.7999078877,8.5));
#7257 = DIRECTION('',(0.985001616622,0.172545110774,0.));
#7258 = DIRECTION('',(0.172545110774,-0.985001616622,0.));
#7259 = ADVANCED_FACE('',(#7260),#7271,.F.);
#7260 = FACE_BOUND('',#7261,.F.);
#7261 = EDGE_LOOP('',(#7262,#7268,#7269,#7270));
#7262 = ORIENTED_EDGE('',*,*,#7263,.T.);
#7263 = EDGE_CURVE('',#4229,#5548,#7264,.T.);
#7264 = LINE('',#7265,#7266);
#7265 = CARTESIAN_POINT('',(27.977268464031,-93.4412281001,8.5));
#7266 = VECTOR('',#7267,1.);
#7267 = DIRECTION('',(0.,0.,1.));
#7268 = ORIENTED_EDGE('',*,*,#5556,.T.);
#7269 = ORIENTED_EDGE('',*,*,#7229,.F.);
#7270 = ORIENTED_EDGE('',*,*,#4237,.F.);
#7271 = PLANE('',#7272);
#7272 = AXIS2_PLACEMENT_3D('',#7273,#7274,#7275);
#7273 = CARTESIAN_POINT('',(27.977268464031,-93.4412281001,8.5));
#7274 = DIRECTION('',(-0.176219561152,0.984350885745,0.));
#7275 = DIRECTION('',(0.984350885745,0.176219561152,0.));
#7276 = ADVANCED_FACE('',(#7277),#7288,.T.);
#7277 = FACE_BOUND('',#7278,.T.);
#7278 = EDGE_LOOP('',(#7279,#7285,#7286,#7287));
#7279 = ORIENTED_EDGE('',*,*,#7280,.T.);
#7280 = EDGE_CURVE('',#4170,#5489,#7281,.T.);
#7281 = LINE('',#7282,#7283);
#7282 = CARTESIAN_POINT('',(15.227400740074,-41.01994441201,8.5));
#7283 = VECTOR('',#7284,1.);
#7284 = DIRECTION('',(0.,0.,1.));
#7285 = ORIENTED_EDGE('',*,*,#5488,.T.);
#7286 = ORIENTED_EDGE('',*,*,#7248,.F.);
#7287 = ORIENTED_EDGE('',*,*,#4169,.F.);
#7288 = CYLINDRICAL_SURFACE('',#7289,3.5);
#7289 = AXIS2_PLACEMENT_3D('',#7290,#7291,#7292);
#7290 = CARTESIAN_POINT('',(18.6749,-40.416,8.5));
#7291 = DIRECTION('',(0.,0.,-1.));
#7292 = DIRECTION('',(0.172555546291,-0.98499978855,0.));
#7293 = ADVANCED_FACE('',(#7294),#7305,.T.);
#7294 = FACE_BOUND('',#7295,.T.);
#7295 = EDGE_LOOP('',(#7296,#7297,#7298,#7304));
#7296 = ORIENTED_EDGE('',*,*,#7263,.T.);
#7297 = ORIENTED_EDGE('',*,*,#5547,.T.);
#7298 = ORIENTED_EDGE('',*,*,#7299,.F.);
#7299 = EDGE_CURVE('',#4221,#5540,#7300,.T.);
#7300 = LINE('',#7301,#7302);
#7301 = CARTESIAN_POINT('',(23.91300126544,-90.59994741096,8.5));
#7302 = VECTOR('',#7303,1.);
#7303 = DIRECTION('',(0.,0.,1.));
#7304 = ORIENTED_EDGE('',*,*,#4228,.F.);
#7305 = CYLINDRICAL_SURFACE('',#7306,3.5);
#7306 = AXIS2_PLACEMENT_3D('',#7307,#7308,#7309);
#7307 = CARTESIAN_POINT('',(27.3605,-89.996,8.5));
#7308 = DIRECTION('',(0.,0.,-1.));
#7309 = DIRECTION('',(0.984350885745,0.176219561152,0.));
#7310 = ADVANCED_FACE('',(#7311),#7322,.F.);
#7311 = FACE_BOUND('',#7312,.F.);
#7312 = EDGE_LOOP('',(#7313,#7314,#7315,#7321));
#7313 = ORIENTED_EDGE('',*,*,#7280,.T.);
#7314 = ORIENTED_EDGE('',*,*,#5497,.T.);
#7315 = ORIENTED_EDGE('',*,*,#7316,.F.);
#7316 = EDGE_CURVE('',#4179,#5498,#7317,.T.);
#7317 = LINE('',#7318,#7319);
#7318 = CARTESIAN_POINT('',(16.27850034719,-47.01994216931,8.5));
#7319 = VECTOR('',#7320,1.);
#7320 = DIRECTION('',(0.,0.,1.));
#7321 = ORIENTED_EDGE('',*,*,#4178,.F.);
#7322 = PLANE('',#7323);
#7323 = AXIS2_PLACEMENT_3D('',#7324,#7325,#7326);
#7324 = CARTESIAN_POINT('',(15.227400740074,-41.01994441201,8.5));
#7325 = DIRECTION('',(0.98499978855,0.172555546291,0.));
#7326 = DIRECTION('',(0.172555546291,-0.98499978855,0.));
#7327 = ADVANCED_FACE('',(#7328),#7339,.F.);
#7328 = FACE_BOUND('',#7329,.F.);
#7329 = EDGE_LOOP('',(#7330,#7336,#7337,#7338));
#7330 = ORIENTED_EDGE('',*,*,#7331,.T.);
#7331 = EDGE_CURVE('',#4212,#5531,#7332,.T.);
#7332 = LINE('',#7333,#7334);
#7333 = CARTESIAN_POINT('',(19.15850126544,-63.45994741096,8.5));
#7334 = VECTOR('',#7335,1.);
#7335 = DIRECTION('',(0.,0.,1.));
#7336 = ORIENTED_EDGE('',*,*,#5539,.T.);
#7337 = ORIENTED_EDGE('',*,*,#7299,.F.);
#7338 = ORIENTED_EDGE('',*,*,#4220,.F.);
#7339 = PLANE('',#7340);
#7340 = AXIS2_PLACEMENT_3D('',#7341,#7342,#7343);
#7341 = CARTESIAN_POINT('',(19.15850126544,-63.45994741096,8.5));
#7342 = DIRECTION('',(0.984999638446,0.172556403132,0.));
#7343 = DIRECTION('',(0.172556403132,-0.984999638446,0.));
#7344 = ADVANCED_FACE('',(#7345),#7356,.F.);
#7345 = FACE_BOUND('',#7346,.F.);
#7346 = EDGE_LOOP('',(#7347,#7348,#7349,#7355));
#7347 = ORIENTED_EDGE('',*,*,#7316,.T.);
#7348 = ORIENTED_EDGE('',*,*,#5505,.T.);
#7349 = ORIENTED_EDGE('',*,*,#7350,.F.);
#7350 = EDGE_CURVE('',#4187,#5506,#7351,.T.);
#7351 = LINE('',#7352,#7353);
#7352 = CARTESIAN_POINT('',(18.107399954304,-57.45993992658,8.5));
#7353 = VECTOR('',#7354,1.);
#7354 = DIRECTION('',(0.,0.,1.));
#7355 = ORIENTED_EDGE('',*,*,#4186,.F.);
#7356 = PLANE('',#7357);
#7357 = AXIS2_PLACEMENT_3D('',#7358,#7359,#7360);
#7358 = CARTESIAN_POINT('',(16.27850034719,-47.01994216931,8.5));
#7359 = DIRECTION('',(0.985000013056,0.172554264739,0.));
#7360 = DIRECTION('',(0.172554264739,-0.985000013056,0.));
#7361 = ADVANCED_FACE('',(#7362),#7373,.T.);
#7362 = FACE_BOUND('',#7363,.T.);
#7363 = EDGE_LOOP('',(#7364,#7365,#7366,#7372));
#7364 = ORIENTED_EDGE('',*,*,#7331,.T.);
#7365 = ORIENTED_EDGE('',*,*,#5530,.T.);
#7366 = ORIENTED_EDGE('',*,*,#7367,.F.);
#7367 = EDGE_CURVE('',#4204,#5523,#7368,.T.);
#7368 = LINE('',#7369,#7370);
#7369 = CARTESIAN_POINT('',(19.158500740074,-63.45994441201,8.5));
#7370 = VECTOR('',#7371,1.);
#7371 = DIRECTION('',(0.,0.,1.));
#7372 = ORIENTED_EDGE('',*,*,#4211,.F.);
#7373 = CYLINDRICAL_SURFACE('',#7374,3.5);
#7374 = AXIS2_PLACEMENT_3D('',#7375,#7376,#7377);
#7375 = CARTESIAN_POINT('',(22.606,-62.856,8.5));
#7376 = DIRECTION('',(0.,0.,-1.));
#7377 = DIRECTION('',(0.172556403132,-0.984999638446,0.));
#7378 = ADVANCED_FACE('',(#7379),#7390,.T.);
#7379 = FACE_BOUND('',#7380,.T.);
#7380 = EDGE_LOOP('',(#7381,#7387,#7388,#7389));
#7381 = ORIENTED_EDGE('',*,*,#7382,.T.);
#7382 = EDGE_CURVE('',#4195,#5514,#7383,.T.);
#7383 = LINE('',#7384,#7385);
#7384 = CARTESIAN_POINT('',(18.107400740074,-57.45994441201,8.5));
#7385 = VECTOR('',#7386,1.);
#7386 = DIRECTION('',(0.,0.,1.));
#7387 = ORIENTED_EDGE('',*,*,#5513,.T.);
#7388 = ORIENTED_EDGE('',*,*,#7350,.F.);
#7389 = ORIENTED_EDGE('',*,*,#4194,.F.);
#7390 = CYLINDRICAL_SURFACE('',#7391,3.5);
#7391 = AXIS2_PLACEMENT_3D('',#7392,#7393,#7394);
#7392 = CARTESIAN_POINT('',(21.5549,-56.856,8.5));
#7393 = DIRECTION('',(0.,0.,-1.));
#7394 = DIRECTION('',(0.172555546291,-0.98499978855,0.));
#7395 = ADVANCED_FACE('',(#7396),#7402,.F.);
#7396 = FACE_BOUND('',#7397,.F.);
#7397 = EDGE_LOOP('',(#7398,#7399,#7400,#7401));
#7398 = ORIENTED_EDGE('',*,*,#7382,.T.);
#7399 = ORIENTED_EDGE('',*,*,#5522,.T.);
#7400 = ORIENTED_EDGE('',*,*,#7367,.F.);
#7401 = ORIENTED_EDGE('',*,*,#4203,.F.);
#7402 = PLANE('',#7403);
#7403 = AXIS2_PLACEMENT_3D('',#7404,#7405,#7406);
#7404 = CARTESIAN_POINT('',(18.107400740074,-57.45994441201,8.5));
#7405 = DIRECTION('',(0.98499978855,0.172555546291,0.));
#7406 = DIRECTION('',(0.172555546291,-0.98499978855,0.));
#7407 = ADVANCED_FACE('',(#7408),#7424,.T.);
#7408 = FACE_BOUND('',#7409,.T.);
#7409 = EDGE_LOOP('',(#7410,#7416,#7417,#7423));
#7410 = ORIENTED_EDGE('',*,*,#7411,.F.);
#7411 = EDGE_CURVE('',#4399,#5718,#7412,.T.);
#7412 = LINE('',#7413,#7414);
#7413 = CARTESIAN_POINT('',(30.228507972583,-71.16752548524,7.5));
#7414 = VECTOR('',#7415,1.);
#7415 = DIRECTION('',(0.,0.,1.));
#7416 = ORIENTED_EDGE('',*,*,#4398,.T.);
#7417 = ORIENTED_EDGE('',*,*,#7418,.T.);
#7418 = EDGE_CURVE('',#4401,#5720,#7419,.T.);
#7419 = LINE('',#7420,#7421);
#7420 = CARTESIAN_POINT('',(44.015816514754,-73.59859997258,7.5));
#7421 = VECTOR('',#7422,1.);
#7422 = DIRECTION('',(0.,0.,1.));
#7423 = ORIENTED_EDGE('',*,*,#5717,.F.);
#7424 = PLANE('',#7425);
#7425 = AXIS2_PLACEMENT_3D('',#7426,#7427,#7428);
#7426 = CARTESIAN_POINT('',(44.015816514754,-73.59859997258,7.5));
#7427 = DIRECTION('',(-0.173648177667,-0.984807753012,0.));
#7428 = DIRECTION('',(0.,0.,1.));
#7429 = ADVANCED_FACE('',(#7430),#7441,.F.);
#7430 = FACE_BOUND('',#7431,.F.);
#7431 = EDGE_LOOP('',(#7432,#7433,#7434,#7440));
#7432 = ORIENTED_EDGE('',*,*,#7411,.F.);
#7433 = ORIENTED_EDGE('',*,*,#4424,.T.);
#7434 = ORIENTED_EDGE('',*,*,#7435,.T.);
#7435 = EDGE_CURVE('',#4417,#5736,#7436,.T.);
#7436 = LINE('',#7437,#7438);
#7437 = CARTESIAN_POINT('',(27.797433485246,-84.95483402741,7.5));
#7438 = VECTOR('',#7439,1.);
#7439 = DIRECTION('',(0.,0.,1.));
#7440 = ORIENTED_EDGE('',*,*,#5743,.F.);
#7441 = PLANE('',#7442);
#7442 = AXIS2_PLACEMENT_3D('',#7443,#7444,#7445);
#7443 = CARTESIAN_POINT('',(30.228507972583,-71.16752548524,7.5));
#7444 = DIRECTION('',(-0.984807753012,0.173648177667,0.));
#7445 = DIRECTION('',(0.,0.,1.));
#7446 = ADVANCED_FACE('',(#7447),#7458,.T.);
#7447 = FACE_BOUND('',#7448,.T.);
#7448 = EDGE_LOOP('',(#7449,#7450,#7451,#7457));
#7449 = ORIENTED_EDGE('',*,*,#7418,.F.);
#7450 = ORIENTED_EDGE('',*,*,#4408,.T.);
#7451 = ORIENTED_EDGE('',*,*,#7452,.T.);
#7452 = EDGE_CURVE('',#4409,#5728,#7453,.T.);
#7453 = LINE('',#7454,#7455);
#7454 = CARTESIAN_POINT('',(41.584742027417,-87.38590851475,7.5));
#7455 = VECTOR('',#7456,1.);
#7456 = DIRECTION('',(0.,0.,1.));
#7457 = ORIENTED_EDGE('',*,*,#5727,.F.);
#7458 = PLANE('',#7459);
#7459 = AXIS2_PLACEMENT_3D('',#7460,#7461,#7462);
#7460 = CARTESIAN_POINT('',(44.015816514754,-73.59859997258,7.5));
#7461 = DIRECTION('',(-0.984807753012,0.173648177667,0.));
#7462 = DIRECTION('',(0.,0.,1.));
#7463 = ADVANCED_FACE('',(#7464),#7470,.F.);
#7464 = FACE_BOUND('',#7465,.F.);
#7465 = EDGE_LOOP('',(#7466,#7467,#7468,#7469));
#7466 = ORIENTED_EDGE('',*,*,#7435,.F.);
#7467 = ORIENTED_EDGE('',*,*,#4416,.T.);
#7468 = ORIENTED_EDGE('',*,*,#7452,.T.);
#7469 = ORIENTED_EDGE('',*,*,#5735,.F.);
#7470 = PLANE('',#7471);
#7471 = AXIS2_PLACEMENT_3D('',#7472,#7473,#7474);
#7472 = CARTESIAN_POINT('',(41.584742027417,-87.38590851475,7.5));
#7473 = DIRECTION('',(-0.173648177667,-0.984807753012,0.));
#7474 = DIRECTION('',(0.,0.,1.));
#7475 = ADVANCED_FACE('',(#7476),#7492,.T.);
#7476 = FACE_BOUND('',#7477,.T.);
#7477 = EDGE_LOOP('',(#7478,#7484,#7485,#7491));
#7478 = ORIENTED_EDGE('',*,*,#7479,.F.);
#7479 = EDGE_CURVE('',#4433,#5752,#7480,.T.);
#7480 = LINE('',#7481,#7482);
#7481 = CARTESIAN_POINT('',(48.939854972583,-67.86821048524,7.5));
#7482 = VECTOR('',#7483,1.);
#7483 = DIRECTION('',(0.,0.,1.));
#7484 = ORIENTED_EDGE('',*,*,#4432,.T.);
#7485 = ORIENTED_EDGE('',*,*,#7486,.T.);
#7486 = EDGE_CURVE('',#4435,#5754,#7487,.T.);
#7487 = LINE('',#7488,#7489);
#7488 = CARTESIAN_POINT('',(62.727163514754,-70.29928497258,7.5));
#7489 = VECTOR('',#7490,1.);
#7490 = DIRECTION('',(0.,0.,1.));
#7491 = ORIENTED_EDGE('',*,*,#5751,.F.);
#7492 = PLANE('',#7493);
#7493 = AXIS2_PLACEMENT_3D('',#7494,#7495,#7496);
#7494 = CARTESIAN_POINT('',(62.727163514754,-70.29928497258,7.5));
#7495 = DIRECTION('',(-0.173648177667,-0.984807753012,0.));
#7496 = DIRECTION('',(0.,0.,1.));
#7497 = ADVANCED_FACE('',(#7498),#7509,.F.);
#7498 = FACE_BOUND('',#7499,.F.);
#7499 = EDGE_LOOP('',(#7500,#7501,#7502,#7508));
#7500 = ORIENTED_EDGE('',*,*,#7479,.F.);
#7501 = ORIENTED_EDGE('',*,*,#4458,.T.);
#7502 = ORIENTED_EDGE('',*,*,#7503,.T.);
#7503 = EDGE_CURVE('',#4451,#5770,#7504,.T.);
#7504 = LINE('',#7505,#7506);
#7505 = CARTESIAN_POINT('',(46.508780485246,-81.65551902741,7.5));
#7506 = VECTOR('',#7507,1.);
#7507 = DIRECTION('',(0.,0.,1.));
#7508 = ORIENTED_EDGE('',*,*,#5777,.F.);
#7509 = PLANE('',#7510);
#7510 = AXIS2_PLACEMENT_3D('',#7511,#7512,#7513);
#7511 = CARTESIAN_POINT('',(48.939854972583,-67.86821048524,7.5));
#7512 = DIRECTION('',(-0.984807753012,0.173648177667,0.));
#7513 = DIRECTION('',(0.,0.,1.));
#7514 = ADVANCED_FACE('',(#7515),#7526,.T.);
#7515 = FACE_BOUND('',#7516,.T.);
#7516 = EDGE_LOOP('',(#7517,#7518,#7519,#7525));
#7517 = ORIENTED_EDGE('',*,*,#7486,.F.);
#7518 = ORIENTED_EDGE('',*,*,#4442,.T.);
#7519 = ORIENTED_EDGE('',*,*,#7520,.T.);
#7520 = EDGE_CURVE('',#4443,#5762,#7521,.T.);
#7521 = LINE('',#7522,#7523);
#7522 = CARTESIAN_POINT('',(60.296089027417,-84.08659351475,7.5));
#7523 = VECTOR('',#7524,1.);
#7524 = DIRECTION('',(0.,0.,1.));
#7525 = ORIENTED_EDGE('',*,*,#5761,.F.);
#7526 = PLANE('',#7527);
#7527 = AXIS2_PLACEMENT_3D('',#7528,#7529,#7530);
#7528 = CARTESIAN_POINT('',(62.727163514754,-70.29928497258,7.5));
#7529 = DIRECTION('',(-0.984807753012,0.173648177667,0.));
#7530 = DIRECTION('',(0.,0.,1.));
#7531 = ADVANCED_FACE('',(#7532),#7538,.F.);
#7532 = FACE_BOUND('',#7533,.F.);
#7533 = EDGE_LOOP('',(#7534,#7535,#7536,#7537));
#7534 = ORIENTED_EDGE('',*,*,#7503,.F.);
#7535 = ORIENTED_EDGE('',*,*,#4450,.T.);
#7536 = ORIENTED_EDGE('',*,*,#7520,.T.);
#7537 = ORIENTED_EDGE('',*,*,#5769,.F.);
#7538 = PLANE('',#7539);
#7539 = AXIS2_PLACEMENT_3D('',#7540,#7541,#7542);
#7540 = CARTESIAN_POINT('',(60.296089027417,-84.08659351475,7.5));
#7541 = DIRECTION('',(-0.173648177667,-0.984807753012,0.));
#7542 = DIRECTION('',(0.,0.,1.));
#7543 = ADVANCED_FACE('',(#7544),#7560,.T.);
#7544 = FACE_BOUND('',#7545,.T.);
#7545 = EDGE_LOOP('',(#7546,#7552,#7553,#7559));
#7546 = ORIENTED_EDGE('',*,*,#7547,.F.);
#7547 = EDGE_CURVE('',#4467,#5786,#7548,.T.);
#7548 = LINE('',#7549,#7550);
#7549 = CARTESIAN_POINT('',(94.41,-79.07,7.5));
#7550 = VECTOR('',#7551,1.);
#7551 = DIRECTION('',(0.,0.,1.));
#7552 = ORIENTED_EDGE('',*,*,#4466,.T.);
#7553 = ORIENTED_EDGE('',*,*,#7554,.T.);
#7554 = EDGE_CURVE('',#4469,#5788,#7555,.T.);
#7555 = LINE('',#7556,#7557);
#7556 = CARTESIAN_POINT('',(108.41,-79.07,7.5));
#7557 = VECTOR('',#7558,1.);
#7558 = DIRECTION('',(0.,0.,1.));
#7559 = ORIENTED_EDGE('',*,*,#5785,.F.);
#7560 = PLANE('',#7561);
#7561 = AXIS2_PLACEMENT_3D('',#7562,#7563,#7564);
#7562 = CARTESIAN_POINT('',(108.41,-79.07,7.5));
#7563 = DIRECTION('',(1.224646799147E-16,-1.,0.));
#7564 = DIRECTION('',(0.,0.,1.));
#7565 = ADVANCED_FACE('',(#7566),#7577,.F.);
#7566 = FACE_BOUND('',#7567,.F.);
#7567 = EDGE_LOOP('',(#7568,#7569,#7570,#7576));
#7568 = ORIENTED_EDGE('',*,*,#7547,.F.);
#7569 = ORIENTED_EDGE('',*,*,#4492,.T.);
#7570 = ORIENTED_EDGE('',*,*,#7571,.T.);
#7571 = EDGE_CURVE('',#4485,#5804,#7572,.T.);
#7572 = LINE('',#7573,#7574);
#7573 = CARTESIAN_POINT('',(94.41,-93.07,7.5));
#7574 = VECTOR('',#7575,1.);
#7575 = DIRECTION('',(0.,0.,1.));
#7576 = ORIENTED_EDGE('',*,*,#5811,.F.);
#7577 = PLANE('',#7578);
#7578 = AXIS2_PLACEMENT_3D('',#7579,#7580,#7581);
#7579 = CARTESIAN_POINT('',(94.41,-79.07,7.5));
#7580 = DIRECTION('',(-1.,-1.224646799147E-16,0.));
#7581 = DIRECTION('',(0.,0.,1.));
#7582 = ADVANCED_FACE('',(#7583),#7594,.T.);
#7583 = FACE_BOUND('',#7584,.T.);
#7584 = EDGE_LOOP('',(#7585,#7586,#7587,#7593));
#7585 = ORIENTED_EDGE('',*,*,#7554,.F.);
#7586 = ORIENTED_EDGE('',*,*,#4476,.T.);
#7587 = ORIENTED_EDGE('',*,*,#7588,.T.);
#7588 = EDGE_CURVE('',#4477,#5796,#7589,.T.);
#7589 = LINE('',#7590,#7591);
#7590 = CARTESIAN_POINT('',(108.41,-93.07,7.5));
#7591 = VECTOR('',#7592,1.);
#7592 = DIRECTION('',(0.,0.,1.));
#7593 = ORIENTED_EDGE('',*,*,#5795,.F.);
#7594 = PLANE('',#7595);
#7595 = AXIS2_PLACEMENT_3D('',#7596,#7597,#7598);
#7596 = CARTESIAN_POINT('',(108.41,-79.07,7.5));
#7597 = DIRECTION('',(-1.,-1.224646799147E-16,0.));
#7598 = DIRECTION('',(0.,0.,1.));
#7599 = ADVANCED_FACE('',(#7600),#7606,.F.);
#7600 = FACE_BOUND('',#7601,.F.);
#7601 = EDGE_LOOP('',(#7602,#7603,#7604,#7605));
#7602 = ORIENTED_EDGE('',*,*,#7571,.F.);
#7603 = ORIENTED_EDGE('',*,*,#4484,.T.);
#7604 = ORIENTED_EDGE('',*,*,#7588,.T.);
#7605 = ORIENTED_EDGE('',*,*,#5803,.F.);
#7606 = PLANE('',#7607);
#7607 = AXIS2_PLACEMENT_3D('',#7608,#7609,#7610);
#7608 = CARTESIAN_POINT('',(108.41,-93.07,7.5));
#7609 = DIRECTION('',(1.224646799147E-16,-1.,0.));
#7610 = DIRECTION('',(0.,0.,1.));
#7611 = ADVANCED_FACE('',(#7612),#7628,.T.);
#7612 = FACE_BOUND('',#7613,.T.);
#7613 = EDGE_LOOP('',(#7614,#7620,#7621,#7627));
#7614 = ORIENTED_EDGE('',*,*,#7615,.F.);
#7615 = EDGE_CURVE('',#4501,#5820,#7616,.T.);
#7616 = LINE('',#7617,#7618);
#7617 = CARTESIAN_POINT('',(66.853166312591,-61.84022591412,7.5));
#7618 = VECTOR('',#7619,1.);
#7619 = DIRECTION('',(0.,0.,1.));
#7620 = ORIENTED_EDGE('',*,*,#4500,.T.);
#7621 = ORIENTED_EDGE('',*,*,#7622,.T.);
#7622 = EDGE_CURVE('',#4503,#5822,#7623,.T.);
#7623 = LINE('',#7624,#7625);
#7624 = CARTESIAN_POINT('',(80.799892085876,-63.06040631259,7.5));
#7625 = VECTOR('',#7626,1.);
#7626 = DIRECTION('',(0.,0.,1.));
#7627 = ORIENTED_EDGE('',*,*,#5819,.F.);
#7628 = PLANE('',#7629);
#7629 = AXIS2_PLACEMENT_3D('',#7630,#7631,#7632);
#7630 = CARTESIAN_POINT('',(80.799892085876,-63.06040631259,7.5));
#7631 = DIRECTION('',(-8.715574274766E-02,-0.996194698092,0.));
#7632 = DIRECTION('',(0.,0.,1.));
#7633 = ADVANCED_FACE('',(#7634),#7645,.F.);
#7634 = FACE_BOUND('',#7635,.F.);
#7635 = EDGE_LOOP('',(#7636,#7637,#7638,#7644));
#7636 = ORIENTED_EDGE('',*,*,#7615,.F.);
#7637 = ORIENTED_EDGE('',*,*,#4526,.T.);
#7638 = ORIENTED_EDGE('',*,*,#7639,.T.);
#7639 = EDGE_CURVE('',#4519,#5838,#7640,.T.);
#7640 = LINE('',#7641,#7642);
#7641 = CARTESIAN_POINT('',(65.632985914124,-75.7869516874,7.5));
#7642 = VECTOR('',#7643,1.);
#7643 = DIRECTION('',(0.,0.,1.));
#7644 = ORIENTED_EDGE('',*,*,#5845,.F.);
#7645 = PLANE('',#7646);
#7646 = AXIS2_PLACEMENT_3D('',#7647,#7648,#7649);
#7647 = CARTESIAN_POINT('',(66.853166312591,-61.84022591412,7.5));
#7648 = DIRECTION('',(-0.996194698092,8.715574274766E-02,0.));
#7649 = DIRECTION('',(0.,0.,1.));
#7650 = ADVANCED_FACE('',(#7651),#7662,.T.);
#7651 = FACE_BOUND('',#7652,.T.);
#7652 = EDGE_LOOP('',(#7653,#7654,#7655,#7661));
#7653 = ORIENTED_EDGE('',*,*,#7622,.F.);
#7654 = ORIENTED_EDGE('',*,*,#4510,.T.);
#7655 = ORIENTED_EDGE('',*,*,#7656,.T.);
#7656 = EDGE_CURVE('',#4511,#5830,#7657,.T.);
#7657 = LINE('',#7658,#7659);
#7658 = CARTESIAN_POINT('',(79.579711687409,-77.00713208587,7.5));
#7659 = VECTOR('',#7660,1.);
#7660 = DIRECTION('',(0.,0.,1.));
#7661 = ORIENTED_EDGE('',*,*,#5829,.F.);
#7662 = PLANE('',#7663);
#7663 = AXIS2_PLACEMENT_3D('',#7664,#7665,#7666);
#7664 = CARTESIAN_POINT('',(80.799892085876,-63.06040631259,7.5));
#7665 = DIRECTION('',(-0.996194698092,8.715574274766E-02,0.));
#7666 = DIRECTION('',(0.,0.,1.));
#7667 = ADVANCED_FACE('',(#7668),#7674,.F.);
#7668 = FACE_BOUND('',#7669,.F.);
#7669 = EDGE_LOOP('',(#7670,#7671,#7672,#7673));
#7670 = ORIENTED_EDGE('',*,*,#7639,.F.);
#7671 = ORIENTED_EDGE('',*,*,#4518,.T.);
#7672 = ORIENTED_EDGE('',*,*,#7656,.T.);
#7673 = ORIENTED_EDGE('',*,*,#5837,.F.);
#7674 = PLANE('',#7675);
#7675 = AXIS2_PLACEMENT_3D('',#7676,#7677,#7678);
#7676 = CARTESIAN_POINT('',(79.579711687409,-77.00713208587,7.5));
#7677 = DIRECTION('',(-8.715574274766E-02,-0.996194698092,0.));
#7678 = DIRECTION('',(0.,0.,1.));
#7679 = ADVANCED_FACE('',(#7680),#7696,.T.);
#7680 = FACE_BOUND('',#7681,.T.);
#7681 = EDGE_LOOP('',(#7682,#7688,#7689,#7695));
#7682 = ORIENTED_EDGE('',*,*,#7683,.F.);
#7683 = EDGE_CURVE('',#4535,#5854,#7684,.T.);
#7684 = LINE('',#7685,#7686);
#7685 = CARTESIAN_POINT('',(132.6952851735,-93.9489801735,7.5));
#7686 = VECTOR('',#7687,1.);
#7687 = DIRECTION('',(0.,0.,1.));
#7688 = ORIENTED_EDGE('',*,*,#4534,.T.);
#7689 = ORIENTED_EDGE('',*,*,#7690,.T.);
#7690 = EDGE_CURVE('',#4537,#5856,#7691,.T.);
#7691 = LINE('',#7692,#7693);
#7692 = CARTESIAN_POINT('',(144.81964082649,-86.9489801735,7.5));
#7693 = VECTOR('',#7694,1.);
#7694 = DIRECTION('',(0.,0.,1.));
#7695 = ORIENTED_EDGE('',*,*,#5853,.F.);
#7696 = PLANE('',#7697);
#7697 = AXIS2_PLACEMENT_3D('',#7698,#7699,#7700);
#7698 = CARTESIAN_POINT('',(144.81964082649,-86.9489801735,7.5));
#7699 = DIRECTION('',(0.5,-0.866025403784,0.));
#7700 = DIRECTION('',(0.,0.,1.));
#7701 = ADVANCED_FACE('',(#7702),#7713,.F.);
#7702 = FACE_BOUND('',#7703,.F.);
#7703 = EDGE_LOOP('',(#7704,#7705,#7706,#7712));
#7704 = ORIENTED_EDGE('',*,*,#7683,.F.);
#7705 = ORIENTED_EDGE('',*,*,#4560,.T.);
#7706 = ORIENTED_EDGE('',*,*,#7707,.T.);
#7707 = EDGE_CURVE('',#4553,#5872,#7708,.T.);
#7708 = LINE('',#7709,#7710);
#7709 = CARTESIAN_POINT('',(139.6952851735,-106.0733358264,7.5));
#7710 = VECTOR('',#7711,1.);
#7711 = DIRECTION('',(0.,0.,1.));
#7712 = ORIENTED_EDGE('',*,*,#5879,.F.);
#7713 = PLANE('',#7714);
#7714 = AXIS2_PLACEMENT_3D('',#7715,#7716,#7717);
#7715 = CARTESIAN_POINT('',(132.6952851735,-93.9489801735,7.5));
#7716 = DIRECTION('',(-0.866025403784,-0.5,0.));
#7717 = DIRECTION('',(0.,0.,1.));
#7718 = ADVANCED_FACE('',(#7719),#7730,.T.);
#7719 = FACE_BOUND('',#7720,.T.);
#7720 = EDGE_LOOP('',(#7721,#7722,#7723,#7729));
#7721 = ORIENTED_EDGE('',*,*,#7690,.F.);
#7722 = ORIENTED_EDGE('',*,*,#4544,.T.);
#7723 = ORIENTED_EDGE('',*,*,#7724,.T.);
#7724 = EDGE_CURVE('',#4545,#5864,#7725,.T.);
#7725 = LINE('',#7726,#7727);
#7726 = CARTESIAN_POINT('',(151.81964082649,-99.07333582649,7.5));
#7727 = VECTOR('',#7728,1.);
#7728 = DIRECTION('',(0.,0.,1.));
#7729 = ORIENTED_EDGE('',*,*,#5863,.F.);
#7730 = PLANE('',#7731);
#7731 = AXIS2_PLACEMENT_3D('',#7732,#7733,#7734);
#7732 = CARTESIAN_POINT('',(144.81964082649,-86.9489801735,7.5));
#7733 = DIRECTION('',(-0.866025403784,-0.5,0.));
#7734 = DIRECTION('',(0.,0.,1.));
#7735 = ADVANCED_FACE('',(#7736),#7742,.F.);
#7736 = FACE_BOUND('',#7737,.F.);
#7737 = EDGE_LOOP('',(#7738,#7739,#7740,#7741));
#7738 = ORIENTED_EDGE('',*,*,#7707,.F.);
#7739 = ORIENTED_EDGE('',*,*,#4552,.T.);
#7740 = ORIENTED_EDGE('',*,*,#7724,.T.);
#7741 = ORIENTED_EDGE('',*,*,#5871,.F.);
#7742 = PLANE('',#7743);
#7743 = AXIS2_PLACEMENT_3D('',#7744,#7745,#7746);
#7744 = CARTESIAN_POINT('',(151.81964082649,-99.07333582649,7.5));
#7745 = DIRECTION('',(0.5,-0.866025403784,0.));
#7746 = DIRECTION('',(0.,0.,1.));
#7747 = ADVANCED_FACE('',(#7748),#7764,.T.);
#7748 = FACE_BOUND('',#7749,.T.);
#7749 = EDGE_LOOP('',(#7750,#7756,#7757,#7763));
#7750 = ORIENTED_EDGE('',*,*,#7751,.F.);
#7751 = EDGE_CURVE('',#4569,#5888,#7752,.T.);
#7752 = LINE('',#7753,#7754);
#7753 = CARTESIAN_POINT('',(149.16098506338,-109.29598,7.5));
#7754 = VECTOR('',#7755,1.);
#7755 = DIRECTION('',(0.,0.,1.));
#7756 = ORIENTED_EDGE('',*,*,#4568,.T.);
#7757 = ORIENTED_EDGE('',*,*,#7758,.T.);
#7758 = EDGE_CURVE('',#4571,#5890,#7759,.T.);
#7759 = LINE('',#7760,#7761);
#7760 = CARTESIAN_POINT('',(159.06048,-99.39648506338,7.5));
#7761 = VECTOR('',#7762,1.);
#7762 = DIRECTION('',(0.,0.,1.));
#7763 = ORIENTED_EDGE('',*,*,#5887,.F.);
#7764 = PLANE('',#7765);
#7765 = AXIS2_PLACEMENT_3D('',#7766,#7767,#7768);
#7766 = CARTESIAN_POINT('',(159.06048,-99.39648506338,7.5));
#7767 = DIRECTION('',(0.707106781187,-0.707106781187,0.));
#7768 = DIRECTION('',(0.,0.,1.));
#7769 = ADVANCED_FACE('',(#7770),#7781,.F.);
#7770 = FACE_BOUND('',#7771,.F.);
#7771 = EDGE_LOOP('',(#7772,#7773,#7774,#7780));
#7772 = ORIENTED_EDGE('',*,*,#7751,.F.);
#7773 = ORIENTED_EDGE('',*,*,#4594,.T.);
#7774 = ORIENTED_EDGE('',*,*,#7775,.T.);
#7775 = EDGE_CURVE('',#4587,#5906,#7776,.T.);
#7776 = LINE('',#7777,#7778);
#7777 = CARTESIAN_POINT('',(159.06048,-119.1954749366,7.5));
#7778 = VECTOR('',#7779,1.);
#7779 = DIRECTION('',(0.,0.,1.));
#7780 = ORIENTED_EDGE('',*,*,#5913,.F.);
#7781 = PLANE('',#7782);
#7782 = AXIS2_PLACEMENT_3D('',#7783,#7784,#7785);
#7783 = CARTESIAN_POINT('',(149.16098506338,-109.29598,7.5));
#7784 = DIRECTION('',(-0.707106781187,-0.707106781187,0.));
#7785 = DIRECTION('',(0.,0.,1.));
#7786 = ADVANCED_FACE('',(#7787),#7798,.T.);
#7787 = FACE_BOUND('',#7788,.T.);
#7788 = EDGE_LOOP('',(#7789,#7790,#7791,#7797));
#7789 = ORIENTED_EDGE('',*,*,#7758,.F.);
#7790 = ORIENTED_EDGE('',*,*,#4578,.T.);
#7791 = ORIENTED_EDGE('',*,*,#7792,.T.);
#7792 = EDGE_CURVE('',#4579,#5898,#7793,.T.);
#7793 = LINE('',#7794,#7795);
#7794 = CARTESIAN_POINT('',(168.95997493661,-109.29598,7.5));
#7795 = VECTOR('',#7796,1.);
#7796 = DIRECTION('',(0.,0.,1.));
#7797 = ORIENTED_EDGE('',*,*,#5897,.F.);
#7798 = PLANE('',#7799);
#7799 = AXIS2_PLACEMENT_3D('',#7800,#7801,#7802);
#7800 = CARTESIAN_POINT('',(159.06048,-99.39648506338,7.5));
#7801 = DIRECTION('',(-0.707106781187,-0.707106781187,0.));
#7802 = DIRECTION('',(0.,0.,1.));
#7803 = ADVANCED_FACE('',(#7804),#7810,.F.);
#7804 = FACE_BOUND('',#7805,.F.);
#7805 = EDGE_LOOP('',(#7806,#7807,#7808,#7809));
#7806 = ORIENTED_EDGE('',*,*,#7775,.F.);
#7807 = ORIENTED_EDGE('',*,*,#4586,.T.);
#7808 = ORIENTED_EDGE('',*,*,#7792,.T.);
#7809 = ORIENTED_EDGE('',*,*,#5905,.F.);
#7810 = PLANE('',#7811);
#7811 = AXIS2_PLACEMENT_3D('',#7812,#7813,#7814);
#7812 = CARTESIAN_POINT('',(168.95997493661,-109.29598,7.5));
#7813 = DIRECTION('',(0.707106781187,-0.707106781187,0.));
#7814 = DIRECTION('',(0.,0.,1.));
#7815 = ADVANCED_FACE('',(#7816),#7832,.T.);
#7816 = FACE_BOUND('',#7817,.T.);
#7817 = EDGE_LOOP('',(#7818,#7824,#7825,#7831));
#7818 = ORIENTED_EDGE('',*,*,#7819,.F.);
#7819 = EDGE_CURVE('',#4603,#5922,#7820,.T.);
#7820 = LINE('',#7821,#7822);
#7821 = CARTESIAN_POINT('',(162.81188006338,-95.706102,7.5));
#7822 = VECTOR('',#7823,1.);
#7823 = DIRECTION('',(0.,0.,1.));
#7824 = ORIENTED_EDGE('',*,*,#4602,.T.);
#7825 = ORIENTED_EDGE('',*,*,#7826,.T.);
#7826 = EDGE_CURVE('',#4605,#5924,#7827,.T.);
#7827 = LINE('',#7828,#7829);
#7828 = CARTESIAN_POINT('',(172.711375,-85.80660706338,7.5));
#7829 = VECTOR('',#7830,1.);
#7830 = DIRECTION('',(0.,0.,1.));
#7831 = ORIENTED_EDGE('',*,*,#5921,.F.);
#7832 = PLANE('',#7833);
#7833 = AXIS2_PLACEMENT_3D('',#7834,#7835,#7836);
#7834 = CARTESIAN_POINT('',(172.711375,-85.80660706338,7.5));
#7835 = DIRECTION('',(0.707106781187,-0.707106781187,0.));
#7836 = DIRECTION('',(0.,0.,1.));
#7837 = ADVANCED_FACE('',(#7838),#7849,.F.);
#7838 = FACE_BOUND('',#7839,.F.);
#7839 = EDGE_LOOP('',(#7840,#7841,#7842,#7848));
#7840 = ORIENTED_EDGE('',*,*,#7819,.F.);
#7841 = ORIENTED_EDGE('',*,*,#4628,.T.);
#7842 = ORIENTED_EDGE('',*,*,#7843,.T.);
#7843 = EDGE_CURVE('',#4621,#5940,#7844,.T.);
#7844 = LINE('',#7845,#7846);
#7845 = CARTESIAN_POINT('',(172.711375,-105.6055969366,7.5));
#7846 = VECTOR('',#7847,1.);
#7847 = DIRECTION('',(0.,0.,1.));
#7848 = ORIENTED_EDGE('',*,*,#5947,.F.);
#7849 = PLANE('',#7850);
#7850 = AXIS2_PLACEMENT_3D('',#7851,#7852,#7853);
#7851 = CARTESIAN_POINT('',(162.81188006338,-95.706102,7.5));
#7852 = DIRECTION('',(-0.707106781187,-0.707106781187,0.));
#7853 = DIRECTION('',(0.,0.,1.));
#7854 = ADVANCED_FACE('',(#7855),#7866,.T.);
#7855 = FACE_BOUND('',#7856,.T.);
#7856 = EDGE_LOOP('',(#7857,#7858,#7859,#7865));
#7857 = ORIENTED_EDGE('',*,*,#7826,.F.);
#7858 = ORIENTED_EDGE('',*,*,#4612,.T.);
#7859 = ORIENTED_EDGE('',*,*,#7860,.T.);
#7860 = EDGE_CURVE('',#4613,#5932,#7861,.T.);
#7861 = LINE('',#7862,#7863);
#7862 = CARTESIAN_POINT('',(182.61086993661,-95.706102,7.5));
#7863 = VECTOR('',#7864,1.);
#7864 = DIRECTION('',(0.,0.,1.));
#7865 = ORIENTED_EDGE('',*,*,#5931,.F.);
#7866 = PLANE('',#7867);
#7867 = AXIS2_PLACEMENT_3D('',#7868,#7869,#7870);
#7868 = CARTESIAN_POINT('',(172.711375,-85.80660706338,7.5));
#7869 = DIRECTION('',(-0.707106781187,-0.707106781187,0.));
#7870 = DIRECTION('',(0.,0.,1.));
#7871 = ADVANCED_FACE('',(#7872),#7878,.F.);
#7872 = FACE_BOUND('',#7873,.F.);
#7873 = EDGE_LOOP('',(#7874,#7875,#7876,#7877));
#7874 = ORIENTED_EDGE('',*,*,#7843,.F.);
#7875 = ORIENTED_EDGE('',*,*,#4620,.T.);
#7876 = ORIENTED_EDGE('',*,*,#7860,.T.);
#7877 = ORIENTED_EDGE('',*,*,#5939,.F.);
#7878 = PLANE('',#7879);
#7879 = AXIS2_PLACEMENT_3D('',#7880,#7881,#7882);
#7880 = CARTESIAN_POINT('',(182.61086993661,-95.706102,7.5));
#7881 = DIRECTION('',(0.707106781187,-0.707106781187,0.));
#7882 = DIRECTION('',(0.,0.,1.));
#7883 = ADVANCED_FACE('',(#7884),#7900,.T.);
#7884 = FACE_BOUND('',#7885,.T.);
#7885 = EDGE_LOOP('',(#7886,#7892,#7893,#7899));
#7886 = ORIENTED_EDGE('',*,*,#7887,.F.);
#7887 = EDGE_CURVE('',#4637,#5956,#7888,.T.);
#7888 = LINE('',#7889,#7890);
#7889 = CARTESIAN_POINT('',(113.83678590025,-83.87025253169,7.5));
#7890 = VECTOR('',#7891,1.);
#7891 = DIRECTION('',(0.,0.,1.));
#7892 = ORIENTED_EDGE('',*,*,#4636,.T.);
#7893 = ORIENTED_EDGE('',*,*,#7894,.T.);
#7894 = EDGE_CURVE('',#4639,#5958,#7895,.T.);
#7895 = LINE('',#7896,#7897);
#7896 = CARTESIAN_POINT('',(127.3597474683,-80.24678590025,7.5));
#7897 = VECTOR('',#7898,1.);
#7898 = DIRECTION('',(0.,0.,1.));
#7899 = ORIENTED_EDGE('',*,*,#5955,.F.);
#7900 = PLANE('',#7901);
#7901 = AXIS2_PLACEMENT_3D('',#7902,#7903,#7904);
#7902 = CARTESIAN_POINT('',(127.3597474683,-80.24678590025,7.5));
#7903 = DIRECTION('',(0.258819045103,-0.965925826289,0.));
#7904 = DIRECTION('',(0.,0.,1.));
#7905 = ADVANCED_FACE('',(#7906),#7917,.F.);
#7906 = FACE_BOUND('',#7907,.F.);
#7907 = EDGE_LOOP('',(#7908,#7909,#7910,#7916));
#7908 = ORIENTED_EDGE('',*,*,#7887,.F.);
#7909 = ORIENTED_EDGE('',*,*,#4662,.T.);
#7910 = ORIENTED_EDGE('',*,*,#7911,.T.);
#7911 = EDGE_CURVE('',#4655,#5974,#7912,.T.);
#7912 = LINE('',#7913,#7914);
#7913 = CARTESIAN_POINT('',(117.46025253169,-97.39321409974,7.5));
#7914 = VECTOR('',#7915,1.);
#7915 = DIRECTION('',(0.,0.,1.));
#7916 = ORIENTED_EDGE('',*,*,#5981,.F.);
#7917 = PLANE('',#7918);
#7918 = AXIS2_PLACEMENT_3D('',#7919,#7920,#7921);
#7919 = CARTESIAN_POINT('',(113.83678590025,-83.87025253169,7.5));
#7920 = DIRECTION('',(-0.965925826289,-0.258819045103,0.));
#7921 = DIRECTION('',(0.,0.,1.));
#7922 = ADVANCED_FACE('',(#7923),#7934,.T.);
#7923 = FACE_BOUND('',#7924,.T.);
#7924 = EDGE_LOOP('',(#7925,#7926,#7927,#7933));
#7925 = ORIENTED_EDGE('',*,*,#7894,.F.);
#7926 = ORIENTED_EDGE('',*,*,#4646,.T.);
#7927 = ORIENTED_EDGE('',*,*,#7928,.T.);
#7928 = EDGE_CURVE('',#4647,#5966,#7929,.T.);
#7929 = LINE('',#7930,#7931);
#7930 = CARTESIAN_POINT('',(130.98321409974,-93.7697474683,7.5));
#7931 = VECTOR('',#7932,1.);
#7932 = DIRECTION('',(0.,0.,1.));
#7933 = ORIENTED_EDGE('',*,*,#5965,.F.);
#7934 = PLANE('',#7935);
#7935 = AXIS2_PLACEMENT_3D('',#7936,#7937,#7938);
#7936 = CARTESIAN_POINT('',(127.3597474683,-80.24678590025,7.5));
#7937 = DIRECTION('',(-0.965925826289,-0.258819045103,0.));
#7938 = DIRECTION('',(0.,0.,1.));
#7939 = ADVANCED_FACE('',(#7940),#7946,.F.);
#7940 = FACE_BOUND('',#7941,.F.);
#7941 = EDGE_LOOP('',(#7942,#7943,#7944,#7945));
#7942 = ORIENTED_EDGE('',*,*,#7911,.F.);
#7943 = ORIENTED_EDGE('',*,*,#4654,.T.);
#7944 = ORIENTED_EDGE('',*,*,#7928,.T.);
#7945 = ORIENTED_EDGE('',*,*,#5973,.F.);
#7946 = PLANE('',#7947);
#7947 = AXIS2_PLACEMENT_3D('',#7948,#7949,#7950);
#7948 = CARTESIAN_POINT('',(130.98321409974,-93.7697474683,7.5));
#7949 = DIRECTION('',(0.258819045103,-0.965925826289,0.));
#7950 = DIRECTION('',(0.,0.,1.));
#7951 = ADVANCED_FACE('',(#7952),#7963,.F.);
#7952 = FACE_BOUND('',#7953,.F.);
#7953 = EDGE_LOOP('',(#7954,#7955,#7961,#7962));
#7954 = ORIENTED_EDGE('',*,*,#5989,.F.);
#7955 = ORIENTED_EDGE('',*,*,#7956,.F.);
#7956 = EDGE_CURVE('',#4671,#5990,#7957,.T.);
#7957 = LINE('',#7958,#7959);
#7958 = CARTESIAN_POINT('',(159.45048,-94.02598,7.5));
#7959 = VECTOR('',#7960,1.);
#7960 = DIRECTION('',(0.,0.,1.));
#7961 = ORIENTED_EDGE('',*,*,#4670,.T.);
#7962 = ORIENTED_EDGE('',*,*,#7956,.T.);
#7963 = CYLINDRICAL_SURFACE('',#7964,1.6);
#7964 = AXIS2_PLACEMENT_3D('',#7965,#7966,#7967);
#7965 = CARTESIAN_POINT('',(157.85048,-94.02598,7.5));
#7966 = DIRECTION('',(0.,0.,1.));
#7967 = DIRECTION('',(1.,0.,0.));
#7968 = ADVANCED_FACE('',(#7969),#7985,.T.);
#7969 = FACE_BOUND('',#7970,.T.);
#7970 = EDGE_LOOP('',(#7971,#7977,#7978,#7984));
#7971 = ORIENTED_EDGE('',*,*,#7972,.F.);
#7972 = EDGE_CURVE('',#4682,#6001,#7973,.T.);
#7973 = LINE('',#7974,#7975);
#7974 = CARTESIAN_POINT('',(142.3983021735,-77.3338021735,7.5));
#7975 = VECTOR('',#7976,1.);
#7976 = DIRECTION('',(0.,0.,1.));
#7977 = ORIENTED_EDGE('',*,*,#4681,.T.);
#7978 = ORIENTED_EDGE('',*,*,#7979,.T.);
#7979 = EDGE_CURVE('',#4684,#6003,#7980,.T.);
#7980 = LINE('',#7981,#7982);
#7981 = CARTESIAN_POINT('',(154.52265782649,-70.3338021735,7.5));
#7982 = VECTOR('',#7983,1.);
#7983 = DIRECTION('',(0.,0.,1.));
#7984 = ORIENTED_EDGE('',*,*,#6000,.F.);
#7985 = PLANE('',#7986);
#7986 = AXIS2_PLACEMENT_3D('',#7987,#7988,#7989);
#7987 = CARTESIAN_POINT('',(154.52265782649,-70.3338021735,7.5));
#7988 = DIRECTION('',(0.5,-0.866025403784,0.));
#7989 = DIRECTION('',(0.,0.,1.));
#7990 = ADVANCED_FACE('',(#7991),#8002,.F.);
#7991 = FACE_BOUND('',#7992,.F.);
#7992 = EDGE_LOOP('',(#7993,#7994,#7995,#8001));
#7993 = ORIENTED_EDGE('',*,*,#7972,.F.);
#7994 = ORIENTED_EDGE('',*,*,#4707,.T.);
#7995 = ORIENTED_EDGE('',*,*,#7996,.T.);
#7996 = EDGE_CURVE('',#4700,#6019,#7997,.T.);
#7997 = LINE('',#7998,#7999);
#7998 = CARTESIAN_POINT('',(149.3983021735,-89.45815782649,7.5));
#7999 = VECTOR('',#8000,1.);
#8000 = DIRECTION('',(0.,0.,1.));
#8001 = ORIENTED_EDGE('',*,*,#6026,.F.);
#8002 = PLANE('',#8003);
#8003 = AXIS2_PLACEMENT_3D('',#8004,#8005,#8006);
#8004 = CARTESIAN_POINT('',(142.3983021735,-77.3338021735,7.5));
#8005 = DIRECTION('',(-0.866025403784,-0.5,0.));
#8006 = DIRECTION('',(0.,0.,1.));
#8007 = ADVANCED_FACE('',(#8008),#8019,.T.);
#8008 = FACE_BOUND('',#8009,.T.);
#8009 = EDGE_LOOP('',(#8010,#8011,#8012,#8018));
#8010 = ORIENTED_EDGE('',*,*,#7979,.F.);
#8011 = ORIENTED_EDGE('',*,*,#4691,.T.);
#8012 = ORIENTED_EDGE('',*,*,#8013,.T.);
#8013 = EDGE_CURVE('',#4692,#6011,#8014,.T.);
#8014 = LINE('',#8015,#8016);
#8015 = CARTESIAN_POINT('',(161.52265782649,-82.45815782649,7.5));
#8016 = VECTOR('',#8017,1.);
#8017 = DIRECTION('',(0.,0.,1.));
#8018 = ORIENTED_EDGE('',*,*,#6010,.F.);
#8019 = PLANE('',#8020);
#8020 = AXIS2_PLACEMENT_3D('',#8021,#8022,#8023);
#8021 = CARTESIAN_POINT('',(154.52265782649,-70.3338021735,7.5));
#8022 = DIRECTION('',(-0.866025403784,-0.5,0.));
#8023 = DIRECTION('',(0.,0.,1.));
#8024 = ADVANCED_FACE('',(#8025),#8031,.F.);
#8025 = FACE_BOUND('',#8026,.F.);
#8026 = EDGE_LOOP('',(#8027,#8028,#8029,#8030));
#8027 = ORIENTED_EDGE('',*,*,#7996,.F.);
#8028 = ORIENTED_EDGE('',*,*,#4699,.T.);
#8029 = ORIENTED_EDGE('',*,*,#8013,.T.);
#8030 = ORIENTED_EDGE('',*,*,#6018,.F.);
#8031 = PLANE('',#8032);
#8032 = AXIS2_PLACEMENT_3D('',#8033,#8034,#8035);
#8033 = CARTESIAN_POINT('',(161.52265782649,-82.45815782649,7.5));
#8034 = DIRECTION('',(0.5,-0.866025403784,0.));
#8035 = DIRECTION('',(0.,0.,1.));
#8036 = ADVANCED_FACE('',(#8037),#8053,.T.);
#8037 = FACE_BOUND('',#8038,.T.);
#8038 = EDGE_LOOP('',(#8039,#8045,#8046,#8052));
#8039 = ORIENTED_EDGE('',*,*,#8040,.F.);
#8040 = EDGE_CURVE('',#4716,#6035,#8041,.T.);
#8041 = LINE('',#8042,#8043);
#8042 = CARTESIAN_POINT('',(26.929191972583,-52.45617848524,7.5));
#8043 = VECTOR('',#8044,1.);
#8044 = DIRECTION('',(0.,0.,1.));
#8045 = ORIENTED_EDGE('',*,*,#4715,.T.);
#8046 = ORIENTED_EDGE('',*,*,#8047,.T.);
#8047 = EDGE_CURVE('',#4718,#6037,#8048,.T.);
#8048 = LINE('',#8049,#8050);
#8049 = CARTESIAN_POINT('',(40.716500514754,-54.88725297258,7.5));
#8050 = VECTOR('',#8051,1.);
#8051 = DIRECTION('',(0.,0.,1.));
#8052 = ORIENTED_EDGE('',*,*,#6034,.F.);
#8053 = PLANE('',#8054);
#8054 = AXIS2_PLACEMENT_3D('',#8055,#8056,#8057);
#8055 = CARTESIAN_POINT('',(40.716500514754,-54.88725297258,7.5));
#8056 = DIRECTION('',(-0.173648177667,-0.984807753012,0.));
#8057 = DIRECTION('',(0.,0.,1.));
#8058 = ADVANCED_FACE('',(#8059),#8070,.F.);
#8059 = FACE_BOUND('',#8060,.F.);
#8060 = EDGE_LOOP('',(#8061,#8062,#8063,#8069));
#8061 = ORIENTED_EDGE('',*,*,#8040,.F.);
#8062 = ORIENTED_EDGE('',*,*,#4741,.T.);
#8063 = ORIENTED_EDGE('',*,*,#8064,.T.);
#8064 = EDGE_CURVE('',#4734,#6053,#8065,.T.);
#8065 = LINE('',#8066,#8067);
#8066 = CARTESIAN_POINT('',(24.498117485246,-66.24348702741,7.5));
#8067 = VECTOR('',#8068,1.);
#8068 = DIRECTION('',(0.,0.,1.));
#8069 = ORIENTED_EDGE('',*,*,#6060,.F.);
#8070 = PLANE('',#8071);
#8071 = AXIS2_PLACEMENT_3D('',#8072,#8073,#8074);
#8072 = CARTESIAN_POINT('',(26.929191972583,-52.45617848524,7.5));
#8073 = DIRECTION('',(-0.984807753012,0.173648177667,0.));
#8074 = DIRECTION('',(0.,0.,1.));
#8075 = ADVANCED_FACE('',(#8076),#8087,.T.);
#8076 = FACE_BOUND('',#8077,.T.);
#8077 = EDGE_LOOP('',(#8078,#8079,#8080,#8086));
#8078 = ORIENTED_EDGE('',*,*,#8047,.F.);
#8079 = ORIENTED_EDGE('',*,*,#4725,.T.);
#8080 = ORIENTED_EDGE('',*,*,#8081,.T.);
#8081 = EDGE_CURVE('',#4726,#6045,#8082,.T.);
#8082 = LINE('',#8083,#8084);
#8083 = CARTESIAN_POINT('',(38.285426027417,-68.67456151475,7.5));
#8084 = VECTOR('',#8085,1.);
#8085 = DIRECTION('',(0.,0.,1.));
#8086 = ORIENTED_EDGE('',*,*,#6044,.F.);
#8087 = PLANE('',#8088);
#8088 = AXIS2_PLACEMENT_3D('',#8089,#8090,#8091);
#8089 = CARTESIAN_POINT('',(40.716500514754,-54.88725297258,7.5));
#8090 = DIRECTION('',(-0.984807753012,0.173648177667,0.));
#8091 = DIRECTION('',(0.,0.,1.));
#8092 = ADVANCED_FACE('',(#8093),#8099,.F.);
#8093 = FACE_BOUND('',#8094,.F.);
#8094 = EDGE_LOOP('',(#8095,#8096,#8097,#8098));
#8095 = ORIENTED_EDGE('',*,*,#8064,.F.);
#8096 = ORIENTED_EDGE('',*,*,#4733,.T.);
#8097 = ORIENTED_EDGE('',*,*,#8081,.T.);
#8098 = ORIENTED_EDGE('',*,*,#6052,.F.);
#8099 = PLANE('',#8100);
#8100 = AXIS2_PLACEMENT_3D('',#8101,#8102,#8103);
#8101 = CARTESIAN_POINT('',(38.285426027417,-68.67456151475,7.5));
#8102 = DIRECTION('',(-0.173648177667,-0.984807753012,0.));
#8103 = DIRECTION('',(0.,0.,1.));
#8104 = ADVANCED_FACE('',(#8105),#8116,.F.);
#8105 = FACE_BOUND('',#8106,.F.);
#8106 = EDGE_LOOP('',(#8107,#8108,#8114,#8115));
#8107 = ORIENTED_EDGE('',*,*,#6068,.F.);
#8108 = ORIENTED_EDGE('',*,*,#8109,.F.);
#8109 = EDGE_CURVE('',#4750,#6069,#8110,.T.);
#8110 = LINE('',#8111,#8112);
#8111 = CARTESIAN_POINT('',(45.25048,-68.22598,7.5));
#8112 = VECTOR('',#8113,1.);
#8113 = DIRECTION('',(0.,0.,1.));
#8114 = ORIENTED_EDGE('',*,*,#4749,.T.);
#8115 = ORIENTED_EDGE('',*,*,#8109,.T.);
#8116 = CYLINDRICAL_SURFACE('',#8117,1.6);
#8117 = AXIS2_PLACEMENT_3D('',#8118,#8119,#8120);
#8118 = CARTESIAN_POINT('',(43.65048,-68.22598,7.5));
#8119 = DIRECTION('',(0.,0.,1.));
#8120 = DIRECTION('',(1.,0.,0.));
#8121 = ADVANCED_FACE('',(#8122),#8138,.T.);
#8122 = FACE_BOUND('',#8123,.T.);
#8123 = EDGE_LOOP('',(#8124,#8130,#8131,#8137));
#8124 = ORIENTED_EDGE('',*,*,#8125,.F.);
#8125 = EDGE_CURVE('',#4761,#6080,#8126,.T.);
#8126 = LINE('',#8127,#8128);
#8127 = CARTESIAN_POINT('',(45.640539972583,-49.15686248524,7.5));
#8128 = VECTOR('',#8129,1.);
#8129 = DIRECTION('',(0.,0.,1.));
#8130 = ORIENTED_EDGE('',*,*,#4760,.T.);
#8131 = ORIENTED_EDGE('',*,*,#8132,.T.);
#8132 = EDGE_CURVE('',#4763,#6082,#8133,.T.);
#8133 = LINE('',#8134,#8135);
#8134 = CARTESIAN_POINT('',(59.427848514754,-51.58793697258,7.5));
#8135 = VECTOR('',#8136,1.);
#8136 = DIRECTION('',(0.,0.,1.));
#8137 = ORIENTED_EDGE('',*,*,#6079,.F.);
#8138 = PLANE('',#8139);
#8139 = AXIS2_PLACEMENT_3D('',#8140,#8141,#8142);
#8140 = CARTESIAN_POINT('',(59.427848514754,-51.58793697258,7.5));
#8141 = DIRECTION('',(-0.173648177667,-0.984807753012,0.));
#8142 = DIRECTION('',(0.,0.,1.));
#8143 = ADVANCED_FACE('',(#8144),#8155,.F.);
#8144 = FACE_BOUND('',#8145,.F.);
#8145 = EDGE_LOOP('',(#8146,#8147,#8148,#8154));
#8146 = ORIENTED_EDGE('',*,*,#8125,.F.);
#8147 = ORIENTED_EDGE('',*,*,#4786,.T.);
#8148 = ORIENTED_EDGE('',*,*,#8149,.T.);
#8149 = EDGE_CURVE('',#4779,#6098,#8150,.T.);
#8150 = LINE('',#8151,#8152);
#8151 = CARTESIAN_POINT('',(43.209465485246,-62.94417102741,7.5));
#8152 = VECTOR('',#8153,1.);
#8153 = DIRECTION('',(0.,0.,1.));
#8154 = ORIENTED_EDGE('',*,*,#6105,.F.);
#8155 = PLANE('',#8156);
#8156 = AXIS2_PLACEMENT_3D('',#8157,#8158,#8159);
#8157 = CARTESIAN_POINT('',(45.640539972583,-49.15686248524,7.5));
#8158 = DIRECTION('',(-0.984807753012,0.173648177667,0.));
#8159 = DIRECTION('',(0.,0.,1.));
#8160 = ADVANCED_FACE('',(#8161),#8172,.T.);
#8161 = FACE_BOUND('',#8162,.T.);
#8162 = EDGE_LOOP('',(#8163,#8164,#8165,#8171));
#8163 = ORIENTED_EDGE('',*,*,#8132,.F.);
#8164 = ORIENTED_EDGE('',*,*,#4770,.T.);
#8165 = ORIENTED_EDGE('',*,*,#8166,.T.);
#8166 = EDGE_CURVE('',#4771,#6090,#8167,.T.);
#8167 = LINE('',#8168,#8169);
#8168 = CARTESIAN_POINT('',(56.996774027417,-65.37524551475,7.5));
#8169 = VECTOR('',#8170,1.);
#8170 = DIRECTION('',(0.,0.,1.));
#8171 = ORIENTED_EDGE('',*,*,#6089,.F.);
#8172 = PLANE('',#8173);
#8173 = AXIS2_PLACEMENT_3D('',#8174,#8175,#8176);
#8174 = CARTESIAN_POINT('',(59.427848514754,-51.58793697258,7.5));
#8175 = DIRECTION('',(-0.984807753012,0.173648177667,0.));
#8176 = DIRECTION('',(0.,0.,1.));
#8177 = ADVANCED_FACE('',(#8178),#8184,.F.);
#8178 = FACE_BOUND('',#8179,.F.);
#8179 = EDGE_LOOP('',(#8180,#8181,#8182,#8183));
#8180 = ORIENTED_EDGE('',*,*,#8149,.F.);
#8181 = ORIENTED_EDGE('',*,*,#4778,.T.);
#8182 = ORIENTED_EDGE('',*,*,#8166,.T.);
#8183 = ORIENTED_EDGE('',*,*,#6097,.F.);
#8184 = PLANE('',#8185);
#8185 = AXIS2_PLACEMENT_3D('',#8186,#8187,#8188);
#8186 = CARTESIAN_POINT('',(56.996774027417,-65.37524551475,7.5));
#8187 = DIRECTION('',(-0.173648177667,-0.984807753012,0.));
#8188 = DIRECTION('',(0.,0.,1.));
#8189 = ADVANCED_FACE('',(#8190),#8201,.F.);
#8190 = FACE_BOUND('',#8191,.F.);
#8191 = EDGE_LOOP('',(#8192,#8193,#8199,#8200));
#8192 = ORIENTED_EDGE('',*,*,#6113,.F.);
#8193 = ORIENTED_EDGE('',*,*,#8194,.F.);
#8194 = EDGE_CURVE('',#4795,#6114,#8195,.T.);
#8195 = LINE('',#8196,#8197);
#8196 = CARTESIAN_POINT('',(41.85048,-49.62598,7.5));
#8197 = VECTOR('',#8198,1.);
#8198 = DIRECTION('',(0.,0.,1.));
#8199 = ORIENTED_EDGE('',*,*,#4794,.T.);
#8200 = ORIENTED_EDGE('',*,*,#8194,.T.);
#8201 = CYLINDRICAL_SURFACE('',#8202,1.6);
#8202 = AXIS2_PLACEMENT_3D('',#8203,#8204,#8205);
#8203 = CARTESIAN_POINT('',(40.25048,-49.62598,7.5));
#8204 = DIRECTION('',(0.,0.,1.));
#8205 = DIRECTION('',(1.,0.,0.));
#8206 = ADVANCED_FACE('',(#8207),#8223,.T.);
#8207 = FACE_BOUND('',#8208,.T.);
#8208 = EDGE_LOOP('',(#8209,#8215,#8216,#8222));
#8209 = ORIENTED_EDGE('',*,*,#8210,.F.);
#8210 = EDGE_CURVE('',#4806,#6125,#8211,.T.);
#8211 = LINE('',#8212,#8213);
#8212 = CARTESIAN_POINT('',(84.91,-57.07,7.5));
#8213 = VECTOR('',#8214,1.);
#8214 = DIRECTION('',(0.,0.,1.));
#8215 = ORIENTED_EDGE('',*,*,#4805,.T.);
#8216 = ORIENTED_EDGE('',*,*,#8217,.T.);
#8217 = EDGE_CURVE('',#4808,#6127,#8218,.T.);
#8218 = LINE('',#8219,#8220);
#8219 = CARTESIAN_POINT('',(98.91,-57.07,7.5));
#8220 = VECTOR('',#8221,1.);
#8221 = DIRECTION('',(0.,0.,1.));
#8222 = ORIENTED_EDGE('',*,*,#6124,.F.);
#8223 = PLANE('',#8224);
#8224 = AXIS2_PLACEMENT_3D('',#8225,#8226,#8227);
#8225 = CARTESIAN_POINT('',(98.91,-57.07,7.5));
#8226 = DIRECTION('',(1.224646799147E-16,-1.,0.));
#8227 = DIRECTION('',(0.,0.,1.));
#8228 = ADVANCED_FACE('',(#8229),#8240,.F.);
#8229 = FACE_BOUND('',#8230,.F.);
#8230 = EDGE_LOOP('',(#8231,#8232,#8233,#8239));
#8231 = ORIENTED_EDGE('',*,*,#8210,.F.);
#8232 = ORIENTED_EDGE('',*,*,#4831,.T.);
#8233 = ORIENTED_EDGE('',*,*,#8234,.T.);
#8234 = EDGE_CURVE('',#4824,#6143,#8235,.T.);
#8235 = LINE('',#8236,#8237);
#8236 = CARTESIAN_POINT('',(84.91,-71.07,7.5));
#8237 = VECTOR('',#8238,1.);
#8238 = DIRECTION('',(0.,0.,1.));
#8239 = ORIENTED_EDGE('',*,*,#6150,.F.);
#8240 = PLANE('',#8241);
#8241 = AXIS2_PLACEMENT_3D('',#8242,#8243,#8244);
#8242 = CARTESIAN_POINT('',(84.91,-57.07,7.5));
#8243 = DIRECTION('',(-1.,-1.224646799147E-16,0.));
#8244 = DIRECTION('',(0.,0.,1.));
#8245 = ADVANCED_FACE('',(#8246),#8257,.T.);
#8246 = FACE_BOUND('',#8247,.T.);
#8247 = EDGE_LOOP('',(#8248,#8249,#8250,#8256));
#8248 = ORIENTED_EDGE('',*,*,#8217,.F.);
#8249 = ORIENTED_EDGE('',*,*,#4815,.T.);
#8250 = ORIENTED_EDGE('',*,*,#8251,.T.);
#8251 = EDGE_CURVE('',#4816,#6135,#8252,.T.);
#8252 = LINE('',#8253,#8254);
#8253 = CARTESIAN_POINT('',(98.91,-71.07,7.5));
#8254 = VECTOR('',#8255,1.);
#8255 = DIRECTION('',(0.,0.,1.));
#8256 = ORIENTED_EDGE('',*,*,#6134,.F.);
#8257 = PLANE('',#8258);
#8258 = AXIS2_PLACEMENT_3D('',#8259,#8260,#8261);
#8259 = CARTESIAN_POINT('',(98.91,-57.07,7.5));
#8260 = DIRECTION('',(-1.,-1.224646799147E-16,0.));
#8261 = DIRECTION('',(0.,0.,1.));
#8262 = ADVANCED_FACE('',(#8263),#8269,.F.);
#8263 = FACE_BOUND('',#8264,.F.);
#8264 = EDGE_LOOP('',(#8265,#8266,#8267,#8268));
#8265 = ORIENTED_EDGE('',*,*,#8234,.F.);
#8266 = ORIENTED_EDGE('',*,*,#4823,.T.);
#8267 = ORIENTED_EDGE('',*,*,#8251,.T.);
#8268 = ORIENTED_EDGE('',*,*,#6142,.F.);
#8269 = PLANE('',#8270);
#8270 = AXIS2_PLACEMENT_3D('',#8271,#8272,#8273);
#8271 = CARTESIAN_POINT('',(98.91,-71.07,7.5));
#8272 = DIRECTION('',(1.224646799147E-16,-1.,0.));
#8273 = DIRECTION('',(0.,0.,1.));
#8274 = ADVANCED_FACE('',(#8275),#8291,.T.);
#8275 = FACE_BOUND('',#8276,.T.);
#8276 = EDGE_LOOP('',(#8277,#8283,#8284,#8290));
#8277 = ORIENTED_EDGE('',*,*,#8278,.F.);
#8278 = EDGE_CURVE('',#4840,#6159,#8279,.T.);
#8279 = LINE('',#8280,#8281);
#8280 = CARTESIAN_POINT('',(65.197207312591,-42.91252691412,7.5));
#8281 = VECTOR('',#8282,1.);
#8282 = DIRECTION('',(0.,0.,1.));
#8283 = ORIENTED_EDGE('',*,*,#4839,.T.);
#8284 = ORIENTED_EDGE('',*,*,#8285,.T.);
#8285 = EDGE_CURVE('',#4842,#6161,#8286,.T.);
#8286 = LINE('',#8287,#8288);
#8287 = CARTESIAN_POINT('',(79.143933085876,-44.13270731259,7.5));
#8288 = VECTOR('',#8289,1.);
#8289 = DIRECTION('',(0.,0.,1.));
#8290 = ORIENTED_EDGE('',*,*,#6158,.F.);
#8291 = PLANE('',#8292);
#8292 = AXIS2_PLACEMENT_3D('',#8293,#8294,#8295);
#8293 = CARTESIAN_POINT('',(79.143933085876,-44.13270731259,7.5));
#8294 = DIRECTION('',(-8.715574274766E-02,-0.996194698092,0.));
#8295 = DIRECTION('',(0.,0.,1.));
#8296 = ADVANCED_FACE('',(#8297),#8308,.F.);
#8297 = FACE_BOUND('',#8298,.F.);
#8298 = EDGE_LOOP('',(#8299,#8300,#8301,#8307));
#8299 = ORIENTED_EDGE('',*,*,#8278,.F.);
#8300 = ORIENTED_EDGE('',*,*,#4865,.T.);
#8301 = ORIENTED_EDGE('',*,*,#8302,.T.);
#8302 = EDGE_CURVE('',#4858,#6177,#8303,.T.);
#8303 = LINE('',#8304,#8305);
#8304 = CARTESIAN_POINT('',(63.977026914124,-56.8592526874,7.5));
#8305 = VECTOR('',#8306,1.);
#8306 = DIRECTION('',(0.,0.,1.));
#8307 = ORIENTED_EDGE('',*,*,#6184,.F.);
#8308 = PLANE('',#8309);
#8309 = AXIS2_PLACEMENT_3D('',#8310,#8311,#8312);
#8310 = CARTESIAN_POINT('',(65.197207312591,-42.91252691412,7.5));
#8311 = DIRECTION('',(-0.996194698092,8.715574274766E-02,0.));
#8312 = DIRECTION('',(0.,0.,1.));
#8313 = ADVANCED_FACE('',(#8314),#8325,.T.);
#8314 = FACE_BOUND('',#8315,.T.);
#8315 = EDGE_LOOP('',(#8316,#8317,#8318,#8324));
#8316 = ORIENTED_EDGE('',*,*,#8285,.F.);
#8317 = ORIENTED_EDGE('',*,*,#4849,.T.);
#8318 = ORIENTED_EDGE('',*,*,#8319,.T.);
#8319 = EDGE_CURVE('',#4850,#6169,#8320,.T.);
#8320 = LINE('',#8321,#8322);
#8321 = CARTESIAN_POINT('',(77.923752687409,-58.07943308587,7.5));
#8322 = VECTOR('',#8323,1.);
#8323 = DIRECTION('',(0.,0.,1.));
#8324 = ORIENTED_EDGE('',*,*,#6168,.F.);
#8325 = PLANE('',#8326);
#8326 = AXIS2_PLACEMENT_3D('',#8327,#8328,#8329);
#8327 = CARTESIAN_POINT('',(79.143933085876,-44.13270731259,7.5));
#8328 = DIRECTION('',(-0.996194698092,8.715574274766E-02,0.));
#8329 = DIRECTION('',(0.,0.,1.));
#8330 = ADVANCED_FACE('',(#8331),#8337,.F.);
#8331 = FACE_BOUND('',#8332,.F.);
#8332 = EDGE_LOOP('',(#8333,#8334,#8335,#8336));
#8333 = ORIENTED_EDGE('',*,*,#8302,.F.);
#8334 = ORIENTED_EDGE('',*,*,#4857,.T.);
#8335 = ORIENTED_EDGE('',*,*,#8319,.T.);
#8336 = ORIENTED_EDGE('',*,*,#6176,.F.);
#8337 = PLANE('',#8338);
#8338 = AXIS2_PLACEMENT_3D('',#8339,#8340,#8341);
#8339 = CARTESIAN_POINT('',(77.923752687409,-58.07943308587,7.5));
#8340 = DIRECTION('',(-8.715574274766E-02,-0.996194698092,0.));
#8341 = DIRECTION('',(0.,0.,1.));
#8342 = ADVANCED_FACE('',(#8343),#8359,.T.);
#8343 = FACE_BOUND('',#8344,.T.);
#8344 = EDGE_LOOP('',(#8345,#8351,#8352,#8358));
#8345 = ORIENTED_EDGE('',*,*,#8346,.F.);
#8346 = EDGE_CURVE('',#4874,#6193,#8347,.T.);
#8347 = LINE('',#8348,#8349);
#8348 = CARTESIAN_POINT('',(84.91,-38.07,7.5));
#8349 = VECTOR('',#8350,1.);
#8350 = DIRECTION('',(0.,0.,1.));
#8351 = ORIENTED_EDGE('',*,*,#4873,.T.);
#8352 = ORIENTED_EDGE('',*,*,#8353,.T.);
#8353 = EDGE_CURVE('',#4876,#6195,#8354,.T.);
#8354 = LINE('',#8355,#8356);
#8355 = CARTESIAN_POINT('',(98.91,-38.07,7.5));
#8356 = VECTOR('',#8357,1.);
#8357 = DIRECTION('',(0.,0.,1.));
#8358 = ORIENTED_EDGE('',*,*,#6192,.F.);
#8359 = PLANE('',#8360);
#8360 = AXIS2_PLACEMENT_3D('',#8361,#8362,#8363);
#8361 = CARTESIAN_POINT('',(98.91,-38.07,7.5));
#8362 = DIRECTION('',(1.224646799147E-16,-1.,0.));
#8363 = DIRECTION('',(0.,0.,1.));
#8364 = ADVANCED_FACE('',(#8365),#8376,.F.);
#8365 = FACE_BOUND('',#8366,.F.);
#8366 = EDGE_LOOP('',(#8367,#8368,#8369,#8375));
#8367 = ORIENTED_EDGE('',*,*,#8346,.F.);
#8368 = ORIENTED_EDGE('',*,*,#4899,.T.);
#8369 = ORIENTED_EDGE('',*,*,#8370,.T.);
#8370 = EDGE_CURVE('',#4892,#6211,#8371,.T.);
#8371 = LINE('',#8372,#8373);
#8372 = CARTESIAN_POINT('',(84.91,-52.07,7.5));
#8373 = VECTOR('',#8374,1.);
#8374 = DIRECTION('',(0.,0.,1.));
#8375 = ORIENTED_EDGE('',*,*,#6218,.F.);
#8376 = PLANE('',#8377);
#8377 = AXIS2_PLACEMENT_3D('',#8378,#8379,#8380);
#8378 = CARTESIAN_POINT('',(84.91,-38.07,7.5));
#8379 = DIRECTION('',(-1.,-1.224646799147E-16,0.));
#8380 = DIRECTION('',(0.,0.,1.));
#8381 = ADVANCED_FACE('',(#8382),#8393,.T.);
#8382 = FACE_BOUND('',#8383,.T.);
#8383 = EDGE_LOOP('',(#8384,#8385,#8386,#8392));
#8384 = ORIENTED_EDGE('',*,*,#8353,.F.);
#8385 = ORIENTED_EDGE('',*,*,#4883,.T.);
#8386 = ORIENTED_EDGE('',*,*,#8387,.T.);
#8387 = EDGE_CURVE('',#4884,#6203,#8388,.T.);
#8388 = LINE('',#8389,#8390);
#8389 = CARTESIAN_POINT('',(98.91,-52.07,7.5));
#8390 = VECTOR('',#8391,1.);
#8391 = DIRECTION('',(0.,0.,1.));
#8392 = ORIENTED_EDGE('',*,*,#6202,.F.);
#8393 = PLANE('',#8394);
#8394 = AXIS2_PLACEMENT_3D('',#8395,#8396,#8397);
#8395 = CARTESIAN_POINT('',(98.91,-38.07,7.5));
#8396 = DIRECTION('',(-1.,-1.224646799147E-16,0.));
#8397 = DIRECTION('',(0.,0.,1.));
#8398 = ADVANCED_FACE('',(#8399),#8405,.F.);
#8399 = FACE_BOUND('',#8400,.F.);
#8400 = EDGE_LOOP('',(#8401,#8402,#8403,#8404));
#8401 = ORIENTED_EDGE('',*,*,#8370,.F.);
#8402 = ORIENTED_EDGE('',*,*,#4891,.T.);
#8403 = ORIENTED_EDGE('',*,*,#8387,.T.);
#8404 = ORIENTED_EDGE('',*,*,#6210,.F.);
#8405 = PLANE('',#8406);
#8406 = AXIS2_PLACEMENT_3D('',#8407,#8408,#8409);
#8407 = CARTESIAN_POINT('',(98.91,-52.07,7.5));
#8408 = DIRECTION('',(1.224646799147E-16,-1.,0.));
#8409 = DIRECTION('',(0.,0.,1.));
#8410 = ADVANCED_FACE('',(#8411),#8427,.T.);
#8411 = FACE_BOUND('',#8412,.T.);
#8412 = EDGE_LOOP('',(#8413,#8419,#8420,#8426));
#8413 = ORIENTED_EDGE('',*,*,#8414,.F.);
#8414 = EDGE_CURVE('',#4908,#6227,#8415,.T.);
#8415 = LINE('',#8416,#8417);
#8416 = CARTESIAN_POINT('',(23.629876972583,-33.74483048524,7.5));
#8417 = VECTOR('',#8418,1.);
#8418 = DIRECTION('',(0.,0.,1.));
#8419 = ORIENTED_EDGE('',*,*,#4907,.T.);
#8420 = ORIENTED_EDGE('',*,*,#8421,.T.);
#8421 = EDGE_CURVE('',#4910,#6229,#8422,.T.);
#8422 = LINE('',#8423,#8424);
#8423 = CARTESIAN_POINT('',(37.417185514754,-36.17590497258,7.5));
#8424 = VECTOR('',#8425,1.);
#8425 = DIRECTION('',(0.,0.,1.));
#8426 = ORIENTED_EDGE('',*,*,#6226,.F.);
#8427 = PLANE('',#8428);
#8428 = AXIS2_PLACEMENT_3D('',#8429,#8430,#8431);
#8429 = CARTESIAN_POINT('',(37.417185514754,-36.17590497258,7.5));
#8430 = DIRECTION('',(-0.173648177667,-0.984807753012,0.));
#8431 = DIRECTION('',(0.,0.,1.));
#8432 = ADVANCED_FACE('',(#8433),#8444,.F.);
#8433 = FACE_BOUND('',#8434,.F.);
#8434 = EDGE_LOOP('',(#8435,#8436,#8437,#8443));
#8435 = ORIENTED_EDGE('',*,*,#8414,.F.);
#8436 = ORIENTED_EDGE('',*,*,#4933,.T.);
#8437 = ORIENTED_EDGE('',*,*,#8438,.T.);
#8438 = EDGE_CURVE('',#4926,#6245,#8439,.T.);
#8439 = LINE('',#8440,#8441);
#8440 = CARTESIAN_POINT('',(21.198802485246,-47.53213902741,7.5));
#8441 = VECTOR('',#8442,1.);
#8442 = DIRECTION('',(0.,0.,1.));
#8443 = ORIENTED_EDGE('',*,*,#6252,.F.);
#8444 = PLANE('',#8445);
#8445 = AXIS2_PLACEMENT_3D('',#8446,#8447,#8448);
#8446 = CARTESIAN_POINT('',(23.629876972583,-33.74483048524,7.5));
#8447 = DIRECTION('',(-0.984807753012,0.173648177667,0.));
#8448 = DIRECTION('',(0.,0.,1.));
#8449 = ADVANCED_FACE('',(#8450),#8461,.T.);
#8450 = FACE_BOUND('',#8451,.T.);
#8451 = EDGE_LOOP('',(#8452,#8453,#8454,#8460));
#8452 = ORIENTED_EDGE('',*,*,#8421,.F.);
#8453 = ORIENTED_EDGE('',*,*,#4917,.T.);
#8454 = ORIENTED_EDGE('',*,*,#8455,.T.);
#8455 = EDGE_CURVE('',#4918,#6237,#8456,.T.);
#8456 = LINE('',#8457,#8458);
#8457 = CARTESIAN_POINT('',(34.986111027417,-49.96321351475,7.5));
#8458 = VECTOR('',#8459,1.);
#8459 = DIRECTION('',(0.,0.,1.));
#8460 = ORIENTED_EDGE('',*,*,#6236,.F.);
#8461 = PLANE('',#8462);
#8462 = AXIS2_PLACEMENT_3D('',#8463,#8464,#8465);
#8463 = CARTESIAN_POINT('',(37.417185514754,-36.17590497258,7.5));
#8464 = DIRECTION('',(-0.984807753012,0.173648177667,0.));
#8465 = DIRECTION('',(0.,0.,1.));
#8466 = ADVANCED_FACE('',(#8467),#8473,.F.);
#8467 = FACE_BOUND('',#8468,.F.);
#8468 = EDGE_LOOP('',(#8469,#8470,#8471,#8472));
#8469 = ORIENTED_EDGE('',*,*,#8438,.F.);
#8470 = ORIENTED_EDGE('',*,*,#4925,.T.);
#8471 = ORIENTED_EDGE('',*,*,#8455,.T.);
#8472 = ORIENTED_EDGE('',*,*,#6244,.F.);
#8473 = PLANE('',#8474);
#8474 = AXIS2_PLACEMENT_3D('',#8475,#8476,#8477);
#8475 = CARTESIAN_POINT('',(34.986111027417,-49.96321351475,7.5));
#8476 = DIRECTION('',(-0.173648177667,-0.984807753012,0.));
#8477 = DIRECTION('',(0.,0.,1.));
#8478 = ADVANCED_FACE('',(#8479),#8495,.T.);
#8479 = FACE_BOUND('',#8480,.T.);
#8480 = EDGE_LOOP('',(#8481,#8487,#8488,#8494));
#8481 = ORIENTED_EDGE('',*,*,#8482,.F.);
#8482 = EDGE_CURVE('',#4942,#6261,#8483,.T.);
#8483 = LINE('',#8484,#8485);
#8484 = CARTESIAN_POINT('',(42.341223972583,-30.44551548524,7.5));
#8485 = VECTOR('',#8486,1.);
#8486 = DIRECTION('',(0.,0.,1.));
#8487 = ORIENTED_EDGE('',*,*,#4941,.T.);
#8488 = ORIENTED_EDGE('',*,*,#8489,.T.);
#8489 = EDGE_CURVE('',#4944,#6263,#8490,.T.);
#8490 = LINE('',#8491,#8492);
#8491 = CARTESIAN_POINT('',(56.128532514754,-32.87658997258,7.5));
#8492 = VECTOR('',#8493,1.);
#8493 = DIRECTION('',(0.,0.,1.));
#8494 = ORIENTED_EDGE('',*,*,#6260,.F.);
#8495 = PLANE('',#8496);
#8496 = AXIS2_PLACEMENT_3D('',#8497,#8498,#8499);
#8497 = CARTESIAN_POINT('',(56.128532514754,-32.87658997258,7.5));
#8498 = DIRECTION('',(-0.173648177667,-0.984807753012,0.));
#8499 = DIRECTION('',(0.,0.,1.));
#8500 = ADVANCED_FACE('',(#8501),#8512,.F.);
#8501 = FACE_BOUND('',#8502,.F.);
#8502 = EDGE_LOOP('',(#8503,#8504,#8505,#8511));
#8503 = ORIENTED_EDGE('',*,*,#8482,.F.);
#8504 = ORIENTED_EDGE('',*,*,#4967,.T.);
#8505 = ORIENTED_EDGE('',*,*,#8506,.T.);
#8506 = EDGE_CURVE('',#4960,#6279,#8507,.T.);
#8507 = LINE('',#8508,#8509);
#8508 = CARTESIAN_POINT('',(39.910149485246,-44.23282402741,7.5));
#8509 = VECTOR('',#8510,1.);
#8510 = DIRECTION('',(0.,0.,1.));
#8511 = ORIENTED_EDGE('',*,*,#6286,.F.);
#8512 = PLANE('',#8513);
#8513 = AXIS2_PLACEMENT_3D('',#8514,#8515,#8516);
#8514 = CARTESIAN_POINT('',(42.341223972583,-30.44551548524,7.5));
#8515 = DIRECTION('',(-0.984807753012,0.173648177667,0.));
#8516 = DIRECTION('',(0.,0.,1.));
#8517 = ADVANCED_FACE('',(#8518),#8529,.T.);
#8518 = FACE_BOUND('',#8519,.T.);
#8519 = EDGE_LOOP('',(#8520,#8521,#8522,#8528));
#8520 = ORIENTED_EDGE('',*,*,#8489,.F.);
#8521 = ORIENTED_EDGE('',*,*,#4951,.T.);
#8522 = ORIENTED_EDGE('',*,*,#8523,.T.);
#8523 = EDGE_CURVE('',#4952,#6271,#8524,.T.);
#8524 = LINE('',#8525,#8526);
#8525 = CARTESIAN_POINT('',(53.697458027417,-46.66389851475,7.5));
#8526 = VECTOR('',#8527,1.);
#8527 = DIRECTION('',(0.,0.,1.));
#8528 = ORIENTED_EDGE('',*,*,#6270,.F.);
#8529 = PLANE('',#8530);
#8530 = AXIS2_PLACEMENT_3D('',#8531,#8532,#8533);
#8531 = CARTESIAN_POINT('',(56.128532514754,-32.87658997258,7.5));
#8532 = DIRECTION('',(-0.984807753012,0.173648177667,0.));
#8533 = DIRECTION('',(0.,0.,1.));
#8534 = ADVANCED_FACE('',(#8535),#8541,.F.);
#8535 = FACE_BOUND('',#8536,.F.);
#8536 = EDGE_LOOP('',(#8537,#8538,#8539,#8540));
#8537 = ORIENTED_EDGE('',*,*,#8506,.F.);
#8538 = ORIENTED_EDGE('',*,*,#4959,.T.);
#8539 = ORIENTED_EDGE('',*,*,#8523,.T.);
#8540 = ORIENTED_EDGE('',*,*,#6278,.F.);
#8541 = PLANE('',#8542);
#8542 = AXIS2_PLACEMENT_3D('',#8543,#8544,#8545);
#8543 = CARTESIAN_POINT('',(53.697458027417,-46.66389851475,7.5));
#8544 = DIRECTION('',(-0.173648177667,-0.984807753012,0.));
#8545 = DIRECTION('',(0.,0.,1.));
#8546 = ADVANCED_FACE('',(#8547),#8563,.T.);
#8547 = FACE_BOUND('',#8548,.T.);
#8548 = EDGE_LOOP('',(#8549,#8555,#8556,#8562));
#8549 = ORIENTED_EDGE('',*,*,#8550,.F.);
#8550 = EDGE_CURVE('',#4976,#6295,#8551,.T.);
#8551 = LINE('',#8552,#8553);
#8552 = CARTESIAN_POINT('',(63.541248312591,-23.98482791412,7.5));
#8553 = VECTOR('',#8554,1.);
#8554 = DIRECTION('',(0.,0.,1.));
#8555 = ORIENTED_EDGE('',*,*,#4975,.T.);
#8556 = ORIENTED_EDGE('',*,*,#8557,.T.);
#8557 = EDGE_CURVE('',#4978,#6297,#8558,.T.);
#8558 = LINE('',#8559,#8560);
#8559 = CARTESIAN_POINT('',(77.487974085876,-25.20500831259,7.5));
#8560 = VECTOR('',#8561,1.);
#8561 = DIRECTION('',(0.,0.,1.));
#8562 = ORIENTED_EDGE('',*,*,#6294,.F.);
#8563 = PLANE('',#8564);
#8564 = AXIS2_PLACEMENT_3D('',#8565,#8566,#8567);
#8565 = CARTESIAN_POINT('',(77.487974085876,-25.20500831259,7.5));
#8566 = DIRECTION('',(-8.715574274766E-02,-0.996194698092,0.));
#8567 = DIRECTION('',(0.,0.,1.));
#8568 = ADVANCED_FACE('',(#8569),#8580,.F.);
#8569 = FACE_BOUND('',#8570,.F.);
#8570 = EDGE_LOOP('',(#8571,#8572,#8573,#8579));
#8571 = ORIENTED_EDGE('',*,*,#8550,.F.);
#8572 = ORIENTED_EDGE('',*,*,#5001,.T.);
#8573 = ORIENTED_EDGE('',*,*,#8574,.T.);
#8574 = EDGE_CURVE('',#4994,#6313,#8575,.T.);
#8575 = LINE('',#8576,#8577);
#8576 = CARTESIAN_POINT('',(62.321067914124,-37.9315536874,7.5));
#8577 = VECTOR('',#8578,1.);
#8578 = DIRECTION('',(0.,0.,1.));
#8579 = ORIENTED_EDGE('',*,*,#6320,.F.);
#8580 = PLANE('',#8581);
#8581 = AXIS2_PLACEMENT_3D('',#8582,#8583,#8584);
#8582 = CARTESIAN_POINT('',(63.541248312591,-23.98482791412,7.5));
#8583 = DIRECTION('',(-0.996194698092,8.715574274766E-02,0.));
#8584 = DIRECTION('',(0.,0.,1.));
#8585 = ADVANCED_FACE('',(#8586),#8597,.T.);
#8586 = FACE_BOUND('',#8587,.T.);
#8587 = EDGE_LOOP('',(#8588,#8589,#8590,#8596));
#8588 = ORIENTED_EDGE('',*,*,#8557,.F.);
#8589 = ORIENTED_EDGE('',*,*,#4985,.T.);
#8590 = ORIENTED_EDGE('',*,*,#8591,.T.);
#8591 = EDGE_CURVE('',#4986,#6305,#8592,.T.);
#8592 = LINE('',#8593,#8594);
#8593 = CARTESIAN_POINT('',(76.267793687409,-39.15173408587,7.5));
#8594 = VECTOR('',#8595,1.);
#8595 = DIRECTION('',(0.,0.,1.));
#8596 = ORIENTED_EDGE('',*,*,#6304,.F.);
#8597 = PLANE('',#8598);
#8598 = AXIS2_PLACEMENT_3D('',#8599,#8600,#8601);
#8599 = CARTESIAN_POINT('',(77.487974085876,-25.20500831259,7.5));
#8600 = DIRECTION('',(-0.996194698092,8.715574274766E-02,0.));
#8601 = DIRECTION('',(0.,0.,1.));
#8602 = ADVANCED_FACE('',(#8603),#8609,.F.);
#8603 = FACE_BOUND('',#8604,.F.);
#8604 = EDGE_LOOP('',(#8605,#8606,#8607,#8608));
#8605 = ORIENTED_EDGE('',*,*,#8574,.F.);
#8606 = ORIENTED_EDGE('',*,*,#4993,.T.);
#8607 = ORIENTED_EDGE('',*,*,#8591,.T.);
#8608 = ORIENTED_EDGE('',*,*,#6312,.F.);
#8609 = PLANE('',#8610);
#8610 = AXIS2_PLACEMENT_3D('',#8611,#8612,#8613);
#8611 = CARTESIAN_POINT('',(76.267793687409,-39.15173408587,7.5));
#8612 = DIRECTION('',(-8.715574274766E-02,-0.996194698092,0.));
#8613 = DIRECTION('',(0.,0.,1.));
#8614 = ADVANCED_FACE('',(#8615),#8631,.T.);
#8615 = FACE_BOUND('',#8616,.T.);
#8616 = EDGE_LOOP('',(#8617,#8623,#8624,#8630));
#8617 = ORIENTED_EDGE('',*,*,#8618,.F.);
#8618 = EDGE_CURVE('',#5010,#6329,#8619,.T.);
#8619 = LINE('',#8620,#8621);
#8620 = CARTESIAN_POINT('',(84.91,-19.07,7.5));
#8621 = VECTOR('',#8622,1.);
#8622 = DIRECTION('',(0.,0.,1.));
#8623 = ORIENTED_EDGE('',*,*,#5009,.T.);
#8624 = ORIENTED_EDGE('',*,*,#8625,.T.);
#8625 = EDGE_CURVE('',#5012,#6331,#8626,.T.);
#8626 = LINE('',#8627,#8628);
#8627 = CARTESIAN_POINT('',(98.91,-19.07,7.5));
#8628 = VECTOR('',#8629,1.);
#8629 = DIRECTION('',(0.,0.,1.));
#8630 = ORIENTED_EDGE('',*,*,#6328,.F.);
#8631 = PLANE('',#8632);
#8632 = AXIS2_PLACEMENT_3D('',#8633,#8634,#8635);
#8633 = CARTESIAN_POINT('',(98.91,-19.07,7.5));
#8634 = DIRECTION('',(1.224646799147E-16,-1.,0.));
#8635 = DIRECTION('',(0.,0.,1.));
#8636 = ADVANCED_FACE('',(#8637),#8648,.F.);
#8637 = FACE_BOUND('',#8638,.F.);
#8638 = EDGE_LOOP('',(#8639,#8640,#8641,#8647));
#8639 = ORIENTED_EDGE('',*,*,#8618,.F.);
#8640 = ORIENTED_EDGE('',*,*,#5035,.T.);
#8641 = ORIENTED_EDGE('',*,*,#8642,.T.);
#8642 = EDGE_CURVE('',#5028,#6347,#8643,.T.);
#8643 = LINE('',#8644,#8645);
#8644 = CARTESIAN_POINT('',(84.91,-33.07,7.5));
#8645 = VECTOR('',#8646,1.);
#8646 = DIRECTION('',(0.,0.,1.));
#8647 = ORIENTED_EDGE('',*,*,#6354,.F.);
#8648 = PLANE('',#8649);
#8649 = AXIS2_PLACEMENT_3D('',#8650,#8651,#8652);
#8650 = CARTESIAN_POINT('',(84.91,-19.07,7.5));
#8651 = DIRECTION('',(-1.,-1.224646799147E-16,0.));
#8652 = DIRECTION('',(0.,0.,1.));
#8653 = ADVANCED_FACE('',(#8654),#8665,.T.);
#8654 = FACE_BOUND('',#8655,.T.);
#8655 = EDGE_LOOP('',(#8656,#8657,#8658,#8664));
#8656 = ORIENTED_EDGE('',*,*,#8625,.F.);
#8657 = ORIENTED_EDGE('',*,*,#5019,.T.);
#8658 = ORIENTED_EDGE('',*,*,#8659,.T.);
#8659 = EDGE_CURVE('',#5020,#6339,#8660,.T.);
#8660 = LINE('',#8661,#8662);
#8661 = CARTESIAN_POINT('',(98.91,-33.07,7.5));
#8662 = VECTOR('',#8663,1.);
#8663 = DIRECTION('',(0.,0.,1.));
#8664 = ORIENTED_EDGE('',*,*,#6338,.F.);
#8665 = PLANE('',#8666);
#8666 = AXIS2_PLACEMENT_3D('',#8667,#8668,#8669);
#8667 = CARTESIAN_POINT('',(98.91,-19.07,7.5));
#8668 = DIRECTION('',(-1.,-1.224646799147E-16,0.));
#8669 = DIRECTION('',(0.,0.,1.));
#8670 = ADVANCED_FACE('',(#8671),#8677,.F.);
#8671 = FACE_BOUND('',#8672,.F.);
#8672 = EDGE_LOOP('',(#8673,#8674,#8675,#8676));
#8673 = ORIENTED_EDGE('',*,*,#8642,.F.);
#8674 = ORIENTED_EDGE('',*,*,#5027,.T.);
#8675 = ORIENTED_EDGE('',*,*,#8659,.T.);
#8676 = ORIENTED_EDGE('',*,*,#6346,.F.);
#8677 = PLANE('',#8678);
#8678 = AXIS2_PLACEMENT_3D('',#8679,#8680,#8681);
#8679 = CARTESIAN_POINT('',(98.91,-33.07,7.5));
#8680 = DIRECTION('',(1.224646799147E-16,-1.,0.));
#8681 = DIRECTION('',(0.,0.,1.));
#8682 = ADVANCED_FACE('',(#8683),#8699,.T.);
#8683 = FACE_BOUND('',#8684,.T.);
#8684 = EDGE_LOOP('',(#8685,#8691,#8692,#8698));
#8685 = ORIENTED_EDGE('',*,*,#8686,.F.);
#8686 = EDGE_CURVE('',#5044,#6363,#8687,.T.);
#8687 = LINE('',#8688,#8689);
#8688 = CARTESIAN_POINT('',(103.91,-59.445,7.5));
#8689 = VECTOR('',#8690,1.);
#8690 = DIRECTION('',(0.,0.,1.));
#8691 = ORIENTED_EDGE('',*,*,#5043,.T.);
#8692 = ORIENTED_EDGE('',*,*,#8693,.T.);
#8693 = EDGE_CURVE('',#5046,#6365,#8694,.T.);
#8694 = LINE('',#8695,#8696);
#8695 = CARTESIAN_POINT('',(117.91,-59.445,7.5));
#8696 = VECTOR('',#8697,1.);
#8697 = DIRECTION('',(0.,0.,1.));
#8698 = ORIENTED_EDGE('',*,*,#6362,.F.);
#8699 = PLANE('',#8700);
#8700 = AXIS2_PLACEMENT_3D('',#8701,#8702,#8703);
#8701 = CARTESIAN_POINT('',(117.91,-59.445,7.5));
#8702 = DIRECTION('',(1.224646799147E-16,-1.,0.));
#8703 = DIRECTION('',(0.,0.,1.));
#8704 = ADVANCED_FACE('',(#8705),#8716,.F.);
#8705 = FACE_BOUND('',#8706,.F.);
#8706 = EDGE_LOOP('',(#8707,#8708,#8709,#8715));
#8707 = ORIENTED_EDGE('',*,*,#8686,.F.);
#8708 = ORIENTED_EDGE('',*,*,#5069,.T.);
#8709 = ORIENTED_EDGE('',*,*,#8710,.T.);
#8710 = EDGE_CURVE('',#5062,#6381,#8711,.T.);
#8711 = LINE('',#8712,#8713);
#8712 = CARTESIAN_POINT('',(103.91,-73.445,7.5));
#8713 = VECTOR('',#8714,1.);
#8714 = DIRECTION('',(0.,0.,1.));
#8715 = ORIENTED_EDGE('',*,*,#6388,.F.);
#8716 = PLANE('',#8717);
#8717 = AXIS2_PLACEMENT_3D('',#8718,#8719,#8720);
#8718 = CARTESIAN_POINT('',(103.91,-59.445,7.5));
#8719 = DIRECTION('',(-1.,-1.224646799147E-16,0.));
#8720 = DIRECTION('',(0.,0.,1.));
#8721 = ADVANCED_FACE('',(#8722),#8733,.T.);
#8722 = FACE_BOUND('',#8723,.T.);
#8723 = EDGE_LOOP('',(#8724,#8725,#8726,#8732));
#8724 = ORIENTED_EDGE('',*,*,#8693,.F.);
#8725 = ORIENTED_EDGE('',*,*,#5053,.T.);
#8726 = ORIENTED_EDGE('',*,*,#8727,.T.);
#8727 = EDGE_CURVE('',#5054,#6373,#8728,.T.);
#8728 = LINE('',#8729,#8730);
#8729 = CARTESIAN_POINT('',(117.91,-73.445,7.5));
#8730 = VECTOR('',#8731,1.);
#8731 = DIRECTION('',(0.,0.,1.));
#8732 = ORIENTED_EDGE('',*,*,#6372,.F.);
#8733 = PLANE('',#8734);
#8734 = AXIS2_PLACEMENT_3D('',#8735,#8736,#8737);
#8735 = CARTESIAN_POINT('',(117.91,-59.445,7.5));
#8736 = DIRECTION('',(-1.,-1.224646799147E-16,0.));
#8737 = DIRECTION('',(0.,0.,1.));
#8738 = ADVANCED_FACE('',(#8739),#8745,.F.);
#8739 = FACE_BOUND('',#8740,.F.);
#8740 = EDGE_LOOP('',(#8741,#8742,#8743,#8744));
#8741 = ORIENTED_EDGE('',*,*,#8710,.F.);
#8742 = ORIENTED_EDGE('',*,*,#5061,.T.);
#8743 = ORIENTED_EDGE('',*,*,#8727,.T.);
#8744 = ORIENTED_EDGE('',*,*,#6380,.F.);
#8745 = PLANE('',#8746);
#8746 = AXIS2_PLACEMENT_3D('',#8747,#8748,#8749);
#8747 = CARTESIAN_POINT('',(117.91,-73.445,7.5));
#8748 = DIRECTION('',(1.224646799147E-16,-1.,0.));
#8749 = DIRECTION('',(0.,0.,1.));
#8750 = ADVANCED_FACE('',(#8751),#8767,.T.);
#8751 = FACE_BOUND('',#8752,.T.);
#8752 = EDGE_LOOP('',(#8753,#8759,#8760,#8766));
#8753 = ORIENTED_EDGE('',*,*,#8754,.F.);
#8754 = EDGE_CURVE('',#5078,#6397,#8755,.T.);
#8755 = LINE('',#8756,#8757);
#8756 = CARTESIAN_POINT('',(122.91,-61.82,7.5));
#8757 = VECTOR('',#8758,1.);
#8758 = DIRECTION('',(0.,0.,1.));
#8759 = ORIENTED_EDGE('',*,*,#5077,.T.);
#8760 = ORIENTED_EDGE('',*,*,#8761,.T.);
#8761 = EDGE_CURVE('',#5080,#6399,#8762,.T.);
#8762 = LINE('',#8763,#8764);
#8763 = CARTESIAN_POINT('',(136.91,-61.82,7.5));
#8764 = VECTOR('',#8765,1.);
#8765 = DIRECTION('',(0.,0.,1.));
#8766 = ORIENTED_EDGE('',*,*,#6396,.F.);
#8767 = PLANE('',#8768);
#8768 = AXIS2_PLACEMENT_3D('',#8769,#8770,#8771);
#8769 = CARTESIAN_POINT('',(136.91,-61.82,7.5));
#8770 = DIRECTION('',(1.224646799147E-16,-1.,0.));
#8771 = DIRECTION('',(0.,0.,1.));
#8772 = ADVANCED_FACE('',(#8773),#8784,.F.);
#8773 = FACE_BOUND('',#8774,.F.);
#8774 = EDGE_LOOP('',(#8775,#8776,#8777,#8783));
#8775 = ORIENTED_EDGE('',*,*,#8754,.F.);
#8776 = ORIENTED_EDGE('',*,*,#5103,.T.);
#8777 = ORIENTED_EDGE('',*,*,#8778,.T.);
#8778 = EDGE_CURVE('',#5096,#6415,#8779,.T.);
#8779 = LINE('',#8780,#8781);
#8780 = CARTESIAN_POINT('',(122.91,-75.82,7.5));
#8781 = VECTOR('',#8782,1.);
#8782 = DIRECTION('',(0.,0.,1.));
#8783 = ORIENTED_EDGE('',*,*,#6422,.F.);
#8784 = PLANE('',#8785);
#8785 = AXIS2_PLACEMENT_3D('',#8786,#8787,#8788);
#8786 = CARTESIAN_POINT('',(122.91,-61.82,7.5));
#8787 = DIRECTION('',(-1.,-1.224646799147E-16,0.));
#8788 = DIRECTION('',(0.,0.,1.));
#8789 = ADVANCED_FACE('',(#8790),#8801,.T.);
#8790 = FACE_BOUND('',#8791,.T.);
#8791 = EDGE_LOOP('',(#8792,#8793,#8794,#8800));
#8792 = ORIENTED_EDGE('',*,*,#8761,.F.);
#8793 = ORIENTED_EDGE('',*,*,#5087,.T.);
#8794 = ORIENTED_EDGE('',*,*,#8795,.T.);
#8795 = EDGE_CURVE('',#5088,#6407,#8796,.T.);
#8796 = LINE('',#8797,#8798);
#8797 = CARTESIAN_POINT('',(136.91,-75.82,7.5));
#8798 = VECTOR('',#8799,1.);
#8799 = DIRECTION('',(0.,0.,1.));
#8800 = ORIENTED_EDGE('',*,*,#6406,.F.);
#8801 = PLANE('',#8802);
#8802 = AXIS2_PLACEMENT_3D('',#8803,#8804,#8805);
#8803 = CARTESIAN_POINT('',(136.91,-61.82,7.5));
#8804 = DIRECTION('',(-1.,-1.224646799147E-16,0.));
#8805 = DIRECTION('',(0.,0.,1.));
#8806 = ADVANCED_FACE('',(#8807),#8813,.F.);
#8807 = FACE_BOUND('',#8808,.F.);
#8808 = EDGE_LOOP('',(#8809,#8810,#8811,#8812));
#8809 = ORIENTED_EDGE('',*,*,#8778,.F.);
#8810 = ORIENTED_EDGE('',*,*,#5095,.T.);
#8811 = ORIENTED_EDGE('',*,*,#8795,.T.);
#8812 = ORIENTED_EDGE('',*,*,#6414,.F.);
#8813 = PLANE('',#8814);
#8814 = AXIS2_PLACEMENT_3D('',#8815,#8816,#8817);
#8815 = CARTESIAN_POINT('',(136.91,-75.82,7.5));
#8816 = DIRECTION('',(1.224646799147E-16,-1.,0.));
#8817 = DIRECTION('',(0.,0.,1.));
#8818 = ADVANCED_FACE('',(#8819),#8835,.T.);
#8819 = FACE_BOUND('',#8820,.T.);
#8820 = EDGE_LOOP('',(#8821,#8827,#8828,#8834));
#8821 = ORIENTED_EDGE('',*,*,#8822,.F.);
#8822 = EDGE_CURVE('',#5112,#6431,#8823,.T.);
#8823 = LINE('',#8824,#8825);
#8824 = CARTESIAN_POINT('',(103.91,-40.445,7.5));
#8825 = VECTOR('',#8826,1.);
#8826 = DIRECTION('',(0.,0.,1.));
#8827 = ORIENTED_EDGE('',*,*,#5111,.T.);
#8828 = ORIENTED_EDGE('',*,*,#8829,.T.);
#8829 = EDGE_CURVE('',#5114,#6433,#8830,.T.);
#8830 = LINE('',#8831,#8832);
#8831 = CARTESIAN_POINT('',(117.91,-40.445,7.5));
#8832 = VECTOR('',#8833,1.);
#8833 = DIRECTION('',(0.,0.,1.));
#8834 = ORIENTED_EDGE('',*,*,#6430,.F.);
#8835 = PLANE('',#8836);
#8836 = AXIS2_PLACEMENT_3D('',#8837,#8838,#8839);
#8837 = CARTESIAN_POINT('',(117.91,-40.445,7.5));
#8838 = DIRECTION('',(1.224646799147E-16,-1.,0.));
#8839 = DIRECTION('',(0.,0.,1.));
#8840 = ADVANCED_FACE('',(#8841),#8852,.F.);
#8841 = FACE_BOUND('',#8842,.F.);
#8842 = EDGE_LOOP('',(#8843,#8844,#8845,#8851));
#8843 = ORIENTED_EDGE('',*,*,#8822,.F.);
#8844 = ORIENTED_EDGE('',*,*,#5137,.T.);
#8845 = ORIENTED_EDGE('',*,*,#8846,.T.);
#8846 = EDGE_CURVE('',#5130,#6449,#8847,.T.);
#8847 = LINE('',#8848,#8849);
#8848 = CARTESIAN_POINT('',(103.91,-54.445,7.5));
#8849 = VECTOR('',#8850,1.);
#8850 = DIRECTION('',(0.,0.,1.));
#8851 = ORIENTED_EDGE('',*,*,#6456,.F.);
#8852 = PLANE('',#8853);
#8853 = AXIS2_PLACEMENT_3D('',#8854,#8855,#8856);
#8854 = CARTESIAN_POINT('',(103.91,-40.445,7.5));
#8855 = DIRECTION('',(-1.,-1.224646799147E-16,0.));
#8856 = DIRECTION('',(0.,0.,1.));
#8857 = ADVANCED_FACE('',(#8858),#8869,.T.);
#8858 = FACE_BOUND('',#8859,.T.);
#8859 = EDGE_LOOP('',(#8860,#8861,#8862,#8868));
#8860 = ORIENTED_EDGE('',*,*,#8829,.F.);
#8861 = ORIENTED_EDGE('',*,*,#5121,.T.);
#8862 = ORIENTED_EDGE('',*,*,#8863,.T.);
#8863 = EDGE_CURVE('',#5122,#6441,#8864,.T.);
#8864 = LINE('',#8865,#8866);
#8865 = CARTESIAN_POINT('',(117.91,-54.445,7.5));
#8866 = VECTOR('',#8867,1.);
#8867 = DIRECTION('',(0.,0.,1.));
#8868 = ORIENTED_EDGE('',*,*,#6440,.F.);
#8869 = PLANE('',#8870);
#8870 = AXIS2_PLACEMENT_3D('',#8871,#8872,#8873);
#8871 = CARTESIAN_POINT('',(117.91,-40.445,7.5));
#8872 = DIRECTION('',(-1.,-1.224646799147E-16,0.));
#8873 = DIRECTION('',(0.,0.,1.));
#8874 = ADVANCED_FACE('',(#8875),#8881,.F.);
#8875 = FACE_BOUND('',#8876,.F.);
#8876 = EDGE_LOOP('',(#8877,#8878,#8879,#8880));
#8877 = ORIENTED_EDGE('',*,*,#8846,.F.);
#8878 = ORIENTED_EDGE('',*,*,#5129,.T.);
#8879 = ORIENTED_EDGE('',*,*,#8863,.T.);
#8880 = ORIENTED_EDGE('',*,*,#6448,.F.);
#8881 = PLANE('',#8882);
#8882 = AXIS2_PLACEMENT_3D('',#8883,#8884,#8885);
#8883 = CARTESIAN_POINT('',(117.91,-54.445,7.5));
#8884 = DIRECTION('',(1.224646799147E-16,-1.,0.));
#8885 = DIRECTION('',(0.,0.,1.));
#8886 = ADVANCED_FACE('',(#8887),#8903,.T.);
#8887 = FACE_BOUND('',#8888,.T.);
#8888 = EDGE_LOOP('',(#8889,#8895,#8896,#8902));
#8889 = ORIENTED_EDGE('',*,*,#8890,.F.);
#8890 = EDGE_CURVE('',#5146,#6465,#8891,.T.);
#8891 = LINE('',#8892,#8893);
#8892 = CARTESIAN_POINT('',(122.91,-42.82,7.5));
#8893 = VECTOR('',#8894,1.);
#8894 = DIRECTION('',(0.,0.,1.));
#8895 = ORIENTED_EDGE('',*,*,#5145,.T.);
#8896 = ORIENTED_EDGE('',*,*,#8897,.T.);
#8897 = EDGE_CURVE('',#5148,#6467,#8898,.T.);
#8898 = LINE('',#8899,#8900);
#8899 = CARTESIAN_POINT('',(136.91,-42.82,7.5));
#8900 = VECTOR('',#8901,1.);
#8901 = DIRECTION('',(0.,0.,1.));
#8902 = ORIENTED_EDGE('',*,*,#6464,.F.);
#8903 = PLANE('',#8904);
#8904 = AXIS2_PLACEMENT_3D('',#8905,#8906,#8907);
#8905 = CARTESIAN_POINT('',(136.91,-42.82,7.5));
#8906 = DIRECTION('',(1.224646799147E-16,-1.,0.));
#8907 = DIRECTION('',(0.,0.,1.));
#8908 = ADVANCED_FACE('',(#8909),#8920,.F.);
#8909 = FACE_BOUND('',#8910,.F.);
#8910 = EDGE_LOOP('',(#8911,#8912,#8913,#8919));
#8911 = ORIENTED_EDGE('',*,*,#8890,.F.);
#8912 = ORIENTED_EDGE('',*,*,#5171,.T.);
#8913 = ORIENTED_EDGE('',*,*,#8914,.T.);
#8914 = EDGE_CURVE('',#5164,#6483,#8915,.T.);
#8915 = LINE('',#8916,#8917);
#8916 = CARTESIAN_POINT('',(122.91,-56.82,7.5));
#8917 = VECTOR('',#8918,1.);
#8918 = DIRECTION('',(0.,0.,1.));
#8919 = ORIENTED_EDGE('',*,*,#6490,.F.);
#8920 = PLANE('',#8921);
#8921 = AXIS2_PLACEMENT_3D('',#8922,#8923,#8924);
#8922 = CARTESIAN_POINT('',(122.91,-42.82,7.5));
#8923 = DIRECTION('',(-1.,-1.224646799147E-16,0.));
#8924 = DIRECTION('',(0.,0.,1.));
#8925 = ADVANCED_FACE('',(#8926),#8937,.T.);
#8926 = FACE_BOUND('',#8927,.T.);
#8927 = EDGE_LOOP('',(#8928,#8929,#8930,#8936));
#8928 = ORIENTED_EDGE('',*,*,#8897,.F.);
#8929 = ORIENTED_EDGE('',*,*,#5155,.T.);
#8930 = ORIENTED_EDGE('',*,*,#8931,.T.);
#8931 = EDGE_CURVE('',#5156,#6475,#8932,.T.);
#8932 = LINE('',#8933,#8934);
#8933 = CARTESIAN_POINT('',(136.91,-56.82,7.5));
#8934 = VECTOR('',#8935,1.);
#8935 = DIRECTION('',(0.,0.,1.));
#8936 = ORIENTED_EDGE('',*,*,#6474,.F.);
#8937 = PLANE('',#8938);
#8938 = AXIS2_PLACEMENT_3D('',#8939,#8940,#8941);
#8939 = CARTESIAN_POINT('',(136.91,-42.82,7.5));
#8940 = DIRECTION('',(-1.,-1.224646799147E-16,0.));
#8941 = DIRECTION('',(0.,0.,1.));
#8942 = ADVANCED_FACE('',(#8943),#8949,.F.);
#8943 = FACE_BOUND('',#8944,.F.);
#8944 = EDGE_LOOP('',(#8945,#8946,#8947,#8948));
#8945 = ORIENTED_EDGE('',*,*,#8914,.F.);
#8946 = ORIENTED_EDGE('',*,*,#5163,.T.);
#8947 = ORIENTED_EDGE('',*,*,#8931,.T.);
#8948 = ORIENTED_EDGE('',*,*,#6482,.F.);
#8949 = PLANE('',#8950);
#8950 = AXIS2_PLACEMENT_3D('',#8951,#8952,#8953);
#8951 = CARTESIAN_POINT('',(136.91,-56.82,7.5));
#8952 = DIRECTION('',(1.224646799147E-16,-1.,0.));
#8953 = DIRECTION('',(0.,0.,1.));
#8954 = ADVANCED_FACE('',(#8955),#8971,.T.);
#8955 = FACE_BOUND('',#8956,.T.);
#8956 = EDGE_LOOP('',(#8957,#8963,#8964,#8970));
#8957 = ORIENTED_EDGE('',*,*,#8958,.F.);
#8958 = EDGE_CURVE('',#5180,#6499,#8959,.T.);
#8959 = LINE('',#8960,#8961);
#8960 = CARTESIAN_POINT('',(141.96048,-42.79598,7.5));
#8961 = VECTOR('',#8962,1.);
#8962 = DIRECTION('',(0.,0.,1.));
#8963 = ORIENTED_EDGE('',*,*,#5179,.T.);
#8964 = ORIENTED_EDGE('',*,*,#8965,.T.);
#8965 = EDGE_CURVE('',#5182,#6501,#8966,.T.);
#8966 = LINE('',#8967,#8968);
#8967 = CARTESIAN_POINT('',(155.96048,-42.79598,7.5));
#8968 = VECTOR('',#8969,1.);
#8969 = DIRECTION('',(0.,0.,1.));
#8970 = ORIENTED_EDGE('',*,*,#6498,.F.);
#8971 = PLANE('',#8972);
#8972 = AXIS2_PLACEMENT_3D('',#8973,#8974,#8975);
#8973 = CARTESIAN_POINT('',(155.96048,-42.79598,7.5));
#8974 = DIRECTION('',(1.224646799147E-16,-1.,0.));
#8975 = DIRECTION('',(0.,0.,1.));
#8976 = ADVANCED_FACE('',(#8977),#8988,.F.);
#8977 = FACE_BOUND('',#8978,.F.);
#8978 = EDGE_LOOP('',(#8979,#8980,#8981,#8987));
#8979 = ORIENTED_EDGE('',*,*,#8958,.F.);
#8980 = ORIENTED_EDGE('',*,*,#5205,.T.);
#8981 = ORIENTED_EDGE('',*,*,#8982,.T.);
#8982 = EDGE_CURVE('',#5198,#6517,#8983,.T.);
#8983 = LINE('',#8984,#8985);
#8984 = CARTESIAN_POINT('',(141.96048,-56.79598,7.5));
#8985 = VECTOR('',#8986,1.);
#8986 = DIRECTION('',(0.,0.,1.));
#8987 = ORIENTED_EDGE('',*,*,#6524,.F.);
#8988 = PLANE('',#8989);
#8989 = AXIS2_PLACEMENT_3D('',#8990,#8991,#8992);
#8990 = CARTESIAN_POINT('',(141.96048,-42.79598,7.5));
#8991 = DIRECTION('',(-1.,-1.224646799147E-16,0.));
#8992 = DIRECTION('',(0.,0.,1.));
#8993 = ADVANCED_FACE('',(#8994),#9005,.T.);
#8994 = FACE_BOUND('',#8995,.T.);
#8995 = EDGE_LOOP('',(#8996,#8997,#8998,#9004));
#8996 = ORIENTED_EDGE('',*,*,#8965,.F.);
#8997 = ORIENTED_EDGE('',*,*,#5189,.T.);
#8998 = ORIENTED_EDGE('',*,*,#8999,.T.);
#8999 = EDGE_CURVE('',#5190,#6509,#9000,.T.);
#9000 = LINE('',#9001,#9002);
#9001 = CARTESIAN_POINT('',(155.96048,-56.79598,7.5));
#9002 = VECTOR('',#9003,1.);
#9003 = DIRECTION('',(0.,0.,1.));
#9004 = ORIENTED_EDGE('',*,*,#6508,.F.);
#9005 = PLANE('',#9006);
#9006 = AXIS2_PLACEMENT_3D('',#9007,#9008,#9009);
#9007 = CARTESIAN_POINT('',(155.96048,-42.79598,7.5));
#9008 = DIRECTION('',(-1.,-1.224646799147E-16,0.));
#9009 = DIRECTION('',(0.,0.,1.));
#9010 = ADVANCED_FACE('',(#9011),#9017,.F.);
#9011 = FACE_BOUND('',#9012,.F.);
#9012 = EDGE_LOOP('',(#9013,#9014,#9015,#9016));
#9013 = ORIENTED_EDGE('',*,*,#8982,.F.);
#9014 = ORIENTED_EDGE('',*,*,#5197,.T.);
#9015 = ORIENTED_EDGE('',*,*,#8999,.T.);
#9016 = ORIENTED_EDGE('',*,*,#6516,.F.);
#9017 = PLANE('',#9018);
#9018 = AXIS2_PLACEMENT_3D('',#9019,#9020,#9021);
#9019 = CARTESIAN_POINT('',(155.96048,-56.79598,7.5));
#9020 = DIRECTION('',(1.224646799147E-16,-1.,0.));
#9021 = DIRECTION('',(0.,0.,1.));
#9022 = ADVANCED_FACE('',(#9023),#9034,.F.);
#9023 = FACE_BOUND('',#9024,.F.);
#9024 = EDGE_LOOP('',(#9025,#9026,#9032,#9033));
#9025 = ORIENTED_EDGE('',*,*,#6532,.F.);
#9026 = ORIENTED_EDGE('',*,*,#9027,.F.);
#9027 = EDGE_CURVE('',#5214,#6533,#9028,.T.);
#9028 = LINE('',#9029,#9030);
#9029 = CARTESIAN_POINT('',(141.05048,-40.32598,7.5));
#9030 = VECTOR('',#9031,1.);
#9031 = DIRECTION('',(0.,0.,1.));
#9032 = ORIENTED_EDGE('',*,*,#5213,.T.);
#9033 = ORIENTED_EDGE('',*,*,#9027,.T.);
#9034 = CYLINDRICAL_SURFACE('',#9035,1.6);
#9035 = AXIS2_PLACEMENT_3D('',#9036,#9037,#9038);
#9036 = CARTESIAN_POINT('',(139.45048,-40.32598,7.5));
#9037 = DIRECTION('',(0.,0.,1.));
#9038 = DIRECTION('',(1.,0.,0.));
#9039 = ADVANCED_FACE('',(#9040),#9056,.T.);
#9040 = FACE_BOUND('',#9041,.T.);
#9041 = EDGE_LOOP('',(#9042,#9048,#9049,#9055));
#9042 = ORIENTED_EDGE('',*,*,#9043,.F.);
#9043 = EDGE_CURVE('',#5225,#6544,#9044,.T.);
#9044 = LINE('',#9045,#9046);
#9045 = CARTESIAN_POINT('',(103.91,-21.445,7.5));
#9046 = VECTOR('',#9047,1.);
#9047 = DIRECTION('',(0.,0.,1.));
#9048 = ORIENTED_EDGE('',*,*,#5224,.T.);
#9049 = ORIENTED_EDGE('',*,*,#9050,.T.);
#9050 = EDGE_CURVE('',#5227,#6546,#9051,.T.);
#9051 = LINE('',#9052,#9053);
#9052 = CARTESIAN_POINT('',(117.91,-21.445,7.5));
#9053 = VECTOR('',#9054,1.);
#9054 = DIRECTION('',(0.,0.,1.));
#9055 = ORIENTED_EDGE('',*,*,#6543,.F.);
#9056 = PLANE('',#9057);
#9057 = AXIS2_PLACEMENT_3D('',#9058,#9059,#9060);
#9058 = CARTESIAN_POINT('',(117.91,-21.445,7.5));
#9059 = DIRECTION('',(1.224646799147E-16,-1.,0.));
#9060 = DIRECTION('',(0.,0.,1.));
#9061 = ADVANCED_FACE('',(#9062),#9073,.F.);
#9062 = FACE_BOUND('',#9063,.F.);
#9063 = EDGE_LOOP('',(#9064,#9065,#9066,#9072));
#9064 = ORIENTED_EDGE('',*,*,#9043,.F.);
#9065 = ORIENTED_EDGE('',*,*,#5250,.T.);
#9066 = ORIENTED_EDGE('',*,*,#9067,.T.);
#9067 = EDGE_CURVE('',#5243,#6562,#9068,.T.);
#9068 = LINE('',#9069,#9070);
#9069 = CARTESIAN_POINT('',(103.91,-35.445,7.5));
#9070 = VECTOR('',#9071,1.);
#9071 = DIRECTION('',(0.,0.,1.));
#9072 = ORIENTED_EDGE('',*,*,#6569,.F.);
#9073 = PLANE('',#9074);
#9074 = AXIS2_PLACEMENT_3D('',#9075,#9076,#9077);
#9075 = CARTESIAN_POINT('',(103.91,-21.445,7.5));
#9076 = DIRECTION('',(-1.,-1.224646799147E-16,0.));
#9077 = DIRECTION('',(0.,0.,1.));
#9078 = ADVANCED_FACE('',(#9079),#9090,.T.);
#9079 = FACE_BOUND('',#9080,.T.);
#9080 = EDGE_LOOP('',(#9081,#9082,#9083,#9089));
#9081 = ORIENTED_EDGE('',*,*,#9050,.F.);
#9082 = ORIENTED_EDGE('',*,*,#5234,.T.);
#9083 = ORIENTED_EDGE('',*,*,#9084,.T.);
#9084 = EDGE_CURVE('',#5235,#6554,#9085,.T.);
#9085 = LINE('',#9086,#9087);
#9086 = CARTESIAN_POINT('',(117.91,-35.445,7.5));
#9087 = VECTOR('',#9088,1.);
#9088 = DIRECTION('',(0.,0.,1.));
#9089 = ORIENTED_EDGE('',*,*,#6553,.F.);
#9090 = PLANE('',#9091);
#9091 = AXIS2_PLACEMENT_3D('',#9092,#9093,#9094);
#9092 = CARTESIAN_POINT('',(117.91,-21.445,7.5));
#9093 = DIRECTION('',(-1.,-1.224646799147E-16,0.));
#9094 = DIRECTION('',(0.,0.,1.));
#9095 = ADVANCED_FACE('',(#9096),#9102,.F.);
#9096 = FACE_BOUND('',#9097,.F.);
#9097 = EDGE_LOOP('',(#9098,#9099,#9100,#9101));
#9098 = ORIENTED_EDGE('',*,*,#9067,.F.);
#9099 = ORIENTED_EDGE('',*,*,#5242,.T.);
#9100 = ORIENTED_EDGE('',*,*,#9084,.T.);
#9101 = ORIENTED_EDGE('',*,*,#6561,.F.);
#9102 = PLANE('',#9103);
#9103 = AXIS2_PLACEMENT_3D('',#9104,#9105,#9106);
#9104 = CARTESIAN_POINT('',(117.91,-35.445,7.5));
#9105 = DIRECTION('',(1.224646799147E-16,-1.,0.));
#9106 = DIRECTION('',(0.,0.,1.));
#9107 = ADVANCED_FACE('',(#9108),#9124,.T.);
#9108 = FACE_BOUND('',#9109,.T.);
#9109 = EDGE_LOOP('',(#9110,#9116,#9117,#9123));
#9110 = ORIENTED_EDGE('',*,*,#9111,.F.);
#9111 = EDGE_CURVE('',#5259,#6578,#9112,.T.);
#9112 = LINE('',#9113,#9114);
#9113 = CARTESIAN_POINT('',(122.91,-23.82,7.5));
#9114 = VECTOR('',#9115,1.);
#9115 = DIRECTION('',(0.,0.,1.));
#9116 = ORIENTED_EDGE('',*,*,#5258,.T.);
#9117 = ORIENTED_EDGE('',*,*,#9118,.T.);
#9118 = EDGE_CURVE('',#5261,#6580,#9119,.T.);
#9119 = LINE('',#9120,#9121);
#9120 = CARTESIAN_POINT('',(136.91,-23.82,7.5));
#9121 = VECTOR('',#9122,1.);
#9122 = DIRECTION('',(0.,0.,1.));
#9123 = ORIENTED_EDGE('',*,*,#6577,.F.);
#9124 = PLANE('',#9125);
#9125 = AXIS2_PLACEMENT_3D('',#9126,#9127,#9128);
#9126 = CARTESIAN_POINT('',(136.91,-23.82,7.5));
#9127 = DIRECTION('',(1.224646799147E-16,-1.,0.));
#9128 = DIRECTION('',(0.,0.,1.));
#9129 = ADVANCED_FACE('',(#9130),#9141,.F.);
#9130 = FACE_BOUND('',#9131,.F.);
#9131 = EDGE_LOOP('',(#9132,#9133,#9134,#9140));
#9132 = ORIENTED_EDGE('',*,*,#9111,.F.);
#9133 = ORIENTED_EDGE('',*,*,#5284,.T.);
#9134 = ORIENTED_EDGE('',*,*,#9135,.T.);
#9135 = EDGE_CURVE('',#5277,#6596,#9136,.T.);
#9136 = LINE('',#9137,#9138);
#9137 = CARTESIAN_POINT('',(122.91,-37.82,7.5));
#9138 = VECTOR('',#9139,1.);
#9139 = DIRECTION('',(0.,0.,1.));
#9140 = ORIENTED_EDGE('',*,*,#6603,.F.);
#9141 = PLANE('',#9142);
#9142 = AXIS2_PLACEMENT_3D('',#9143,#9144,#9145);
#9143 = CARTESIAN_POINT('',(122.91,-23.82,7.5));
#9144 = DIRECTION('',(-1.,-1.224646799147E-16,0.));
#9145 = DIRECTION('',(0.,0.,1.));
#9146 = ADVANCED_FACE('',(#9147),#9158,.T.);
#9147 = FACE_BOUND('',#9148,.T.);
#9148 = EDGE_LOOP('',(#9149,#9150,#9151,#9157));
#9149 = ORIENTED_EDGE('',*,*,#9118,.F.);
#9150 = ORIENTED_EDGE('',*,*,#5268,.T.);
#9151 = ORIENTED_EDGE('',*,*,#9152,.T.);
#9152 = EDGE_CURVE('',#5269,#6588,#9153,.T.);
#9153 = LINE('',#9154,#9155);
#9154 = CARTESIAN_POINT('',(136.91,-37.82,7.5));
#9155 = VECTOR('',#9156,1.);
#9156 = DIRECTION('',(0.,0.,1.));
#9157 = ORIENTED_EDGE('',*,*,#6587,.F.);
#9158 = PLANE('',#9159);
#9159 = AXIS2_PLACEMENT_3D('',#9160,#9161,#9162);
#9160 = CARTESIAN_POINT('',(136.91,-23.82,7.5));
#9161 = DIRECTION('',(-1.,-1.224646799147E-16,0.));
#9162 = DIRECTION('',(0.,0.,1.));
#9163 = ADVANCED_FACE('',(#9164),#9170,.F.);
#9164 = FACE_BOUND('',#9165,.F.);
#9165 = EDGE_LOOP('',(#9166,#9167,#9168,#9169));
#9166 = ORIENTED_EDGE('',*,*,#9135,.F.);
#9167 = ORIENTED_EDGE('',*,*,#5276,.T.);
#9168 = ORIENTED_EDGE('',*,*,#9152,.T.);
#9169 = ORIENTED_EDGE('',*,*,#6595,.F.);
#9170 = PLANE('',#9171);
#9171 = AXIS2_PLACEMENT_3D('',#9172,#9173,#9174);
#9172 = CARTESIAN_POINT('',(136.91,-37.82,7.5));
#9173 = DIRECTION('',(1.224646799147E-16,-1.,0.));
#9174 = DIRECTION('',(0.,0.,1.));
#9175 = ADVANCED_FACE('',(#9176),#9192,.T.);
#9176 = FACE_BOUND('',#9177,.T.);
#9177 = EDGE_LOOP('',(#9178,#9184,#9185,#9191));
#9178 = ORIENTED_EDGE('',*,*,#9179,.F.);
#9179 = EDGE_CURVE('',#5293,#6612,#9180,.T.);
#9180 = LINE('',#9181,#9182);
#9181 = CARTESIAN_POINT('',(141.96048,-23.87598,7.5));
#9182 = VECTOR('',#9183,1.);
#9183 = DIRECTION('',(0.,0.,1.));
#9184 = ORIENTED_EDGE('',*,*,#5292,.T.);
#9185 = ORIENTED_EDGE('',*,*,#9186,.T.);
#9186 = EDGE_CURVE('',#5295,#6614,#9187,.T.);
#9187 = LINE('',#9188,#9189);
#9188 = CARTESIAN_POINT('',(155.96048,-23.87598,7.5));
#9189 = VECTOR('',#9190,1.);
#9190 = DIRECTION('',(0.,0.,1.));
#9191 = ORIENTED_EDGE('',*,*,#6611,.F.);
#9192 = PLANE('',#9193);
#9193 = AXIS2_PLACEMENT_3D('',#9194,#9195,#9196);
#9194 = CARTESIAN_POINT('',(155.96048,-23.87598,7.5));
#9195 = DIRECTION('',(1.224646799147E-16,-1.,0.));
#9196 = DIRECTION('',(0.,0.,1.));
#9197 = ADVANCED_FACE('',(#9198),#9209,.F.);
#9198 = FACE_BOUND('',#9199,.F.);
#9199 = EDGE_LOOP('',(#9200,#9201,#9202,#9208));
#9200 = ORIENTED_EDGE('',*,*,#9179,.F.);
#9201 = ORIENTED_EDGE('',*,*,#5318,.T.);
#9202 = ORIENTED_EDGE('',*,*,#9203,.T.);
#9203 = EDGE_CURVE('',#5311,#6630,#9204,.T.);
#9204 = LINE('',#9205,#9206);
#9205 = CARTESIAN_POINT('',(141.96048,-37.87598,7.5));
#9206 = VECTOR('',#9207,1.);
#9207 = DIRECTION('',(0.,0.,1.));
#9208 = ORIENTED_EDGE('',*,*,#6637,.F.);
#9209 = PLANE('',#9210);
#9210 = AXIS2_PLACEMENT_3D('',#9211,#9212,#9213);
#9211 = CARTESIAN_POINT('',(141.96048,-23.87598,7.5));
#9212 = DIRECTION('',(-1.,-1.224646799147E-16,0.));
#9213 = DIRECTION('',(0.,0.,1.));
#9214 = ADVANCED_FACE('',(#9215),#9226,.T.);
#9215 = FACE_BOUND('',#9216,.T.);
#9216 = EDGE_LOOP('',(#9217,#9218,#9219,#9225));
#9217 = ORIENTED_EDGE('',*,*,#9186,.F.);
#9218 = ORIENTED_EDGE('',*,*,#5302,.T.);
#9219 = ORIENTED_EDGE('',*,*,#9220,.T.);
#9220 = EDGE_CURVE('',#5303,#6622,#9221,.T.);
#9221 = LINE('',#9222,#9223);
#9222 = CARTESIAN_POINT('',(155.96048,-37.87598,7.5));
#9223 = VECTOR('',#9224,1.);
#9224 = DIRECTION('',(0.,0.,1.));
#9225 = ORIENTED_EDGE('',*,*,#6621,.F.);
#9226 = PLANE('',#9227);
#9227 = AXIS2_PLACEMENT_3D('',#9228,#9229,#9230);
#9228 = CARTESIAN_POINT('',(155.96048,-23.87598,7.5));
#9229 = DIRECTION('',(-1.,-1.224646799147E-16,0.));
#9230 = DIRECTION('',(0.,0.,1.));
#9231 = ADVANCED_FACE('',(#9232),#9238,.F.);
#9232 = FACE_BOUND('',#9233,.F.);
#9233 = EDGE_LOOP('',(#9234,#9235,#9236,#9237));
#9234 = ORIENTED_EDGE('',*,*,#9203,.F.);
#9235 = ORIENTED_EDGE('',*,*,#5310,.T.);
#9236 = ORIENTED_EDGE('',*,*,#9220,.T.);
#9237 = ORIENTED_EDGE('',*,*,#6629,.F.);
#9238 = PLANE('',#9239);
#9239 = AXIS2_PLACEMENT_3D('',#9240,#9241,#9242);
#9240 = CARTESIAN_POINT('',(155.96048,-37.87598,7.5));
#9241 = DIRECTION('',(1.224646799147E-16,-1.,0.));
#9242 = DIRECTION('',(0.,0.,1.));
#9243 = MANIFOLD_SOLID_BREP('',#9244);
#9244 = CLOSED_SHELL('',(#9245,#9285,#9318,#9349,#9799,#10249,#10266,
    #10283,#10300,#10317,#10334,#10351,#10368,#10385,#10402,#10419,
    #10436,#10453,#10470,#10487,#10504,#10521,#10538,#10555,#10572,
    #10589,#10606,#10623,#10640,#10657,#10674,#10691,#10708,#10725,
    #10742,#10759,#10776,#10793,#10810,#10827,#10844,#10861,#10878,
    #10895,#10912,#10929,#10946,#10963,#10980,#10997,#11014,#11031,
    #11043,#11060,#11077,#11094));
#9245 = ADVANCED_FACE('',(#9246),#9280,.F.);
#9246 = FACE_BOUND('',#9247,.F.);
#9247 = EDGE_LOOP('',(#9248,#9258,#9266,#9274));
#9248 = ORIENTED_EDGE('',*,*,#9249,.T.);
#9249 = EDGE_CURVE('',#9250,#9252,#9254,.T.);
#9250 = VERTEX_POINT('',#9251);
#9251 = CARTESIAN_POINT('',(186.40694475569,-20.62398,-2.));
#9252 = VERTEX_POINT('',#9253);
#9253 = CARTESIAN_POINT('',(186.40694475569,-20.62398,0.));
#9254 = LINE('',#9255,#9256);
#9255 = CARTESIAN_POINT('',(186.40694475569,-20.62398,-2.));
#9256 = VECTOR('',#9257,1.);
#9257 = DIRECTION('',(0.,0.,1.));
#9258 = ORIENTED_EDGE('',*,*,#9259,.T.);
#9259 = EDGE_CURVE('',#9252,#9260,#9262,.T.);
#9260 = VERTEX_POINT('',#9261);
#9261 = CARTESIAN_POINT('',(176.18712339261,-20.62398,0.));
#9262 = LINE('',#9263,#9264);
#9263 = CARTESIAN_POINT('',(186.406927,-20.62398,0.));
#9264 = VECTOR('',#9265,1.);
#9265 = DIRECTION('',(-1.,0.,0.));
#9266 = ORIENTED_EDGE('',*,*,#9267,.F.);
#9267 = EDGE_CURVE('',#9268,#9260,#9270,.T.);
#9268 = VERTEX_POINT('',#9269);
#9269 = CARTESIAN_POINT('',(176.18712339261,-20.62398,-2.));
#9270 = LINE('',#9271,#9272);
#9271 = CARTESIAN_POINT('',(176.18712339261,-20.62398,-2.));
#9272 = VECTOR('',#9273,1.);
#9273 = DIRECTION('',(0.,0.,1.));
#9274 = ORIENTED_EDGE('',*,*,#9275,.F.);
#9275 = EDGE_CURVE('',#9250,#9268,#9276,.T.);
#9276 = LINE('',#9277,#9278);
#9277 = CARTESIAN_POINT('',(186.406927,-20.62398,-2.));
#9278 = VECTOR('',#9279,1.);
#9279 = DIRECTION('',(-1.,0.,0.));
#9280 = PLANE('',#9281);
#9281 = AXIS2_PLACEMENT_3D('',#9282,#9283,#9284);
#9282 = CARTESIAN_POINT('',(186.40694475569,-20.62398,-2.));
#9283 = DIRECTION('',(0.,-1.,0.));
#9284 = DIRECTION('',(-1.,0.,0.));
#9285 = ADVANCED_FACE('',(#9286),#9313,.T.);
#9286 = FACE_BOUND('',#9287,.F.);
#9287 = EDGE_LOOP('',(#9288,#9298,#9305,#9306));
#9288 = ORIENTED_EDGE('',*,*,#9289,.T.);
#9289 = EDGE_CURVE('',#9290,#9292,#9294,.T.);
#9290 = VERTEX_POINT('',#9291);
#9291 = CARTESIAN_POINT('',(190.40689959236,-24.62212014594,-2.));
#9292 = VERTEX_POINT('',#9293);
#9293 = CARTESIAN_POINT('',(190.40689959236,-24.62212014594,0.));
#9294 = LINE('',#9295,#9296);
#9295 = CARTESIAN_POINT('',(190.40689959236,-24.62212014594,-2.));
#9296 = VECTOR('',#9297,1.);
#9297 = DIRECTION('',(0.,0.,1.));
#9298 = ORIENTED_EDGE('',*,*,#9299,.T.);
#9299 = EDGE_CURVE('',#9292,#9252,#9300,.T.);
#9300 = CIRCLE('',#9301,3.999955248502);
#9301 = AXIS2_PLACEMENT_3D('',#9302,#9303,#9304);
#9302 = CARTESIAN_POINT('',(186.40694475569,-24.62393524818,0.));
#9303 = DIRECTION('',(0.,0.,1.));
#9304 = DIRECTION('',(-3.55145602708E-05,0.999999999369,0.));
#9305 = ORIENTED_EDGE('',*,*,#9249,.F.);
#9306 = ORIENTED_EDGE('',*,*,#9307,.F.);
#9307 = EDGE_CURVE('',#9290,#9250,#9308,.T.);
#9308 = CIRCLE('',#9309,3.999955248502);
#9309 = AXIS2_PLACEMENT_3D('',#9310,#9311,#9312);
#9310 = CARTESIAN_POINT('',(186.40694475569,-24.62393524818,-2.));
#9311 = DIRECTION('',(0.,0.,1.));
#9312 = DIRECTION('',(-3.55145602708E-05,0.999999999369,0.));
#9313 = CYLINDRICAL_SURFACE('',#9314,3.999955248502);
#9314 = AXIS2_PLACEMENT_3D('',#9315,#9316,#9317);
#9315 = CARTESIAN_POINT('',(186.40694475569,-24.62393524818,-2.));
#9316 = DIRECTION('',(-0.,-0.,-1.));
#9317 = DIRECTION('',(-3.55145602708E-05,0.999999999369,0.));
#9318 = ADVANCED_FACE('',(#9319),#9344,.F.);
#9319 = FACE_BOUND('',#9320,.F.);
#9320 = EDGE_LOOP('',(#9321,#9322,#9330,#9338));
#9321 = ORIENTED_EDGE('',*,*,#9267,.T.);
#9322 = ORIENTED_EDGE('',*,*,#9323,.T.);
#9323 = EDGE_CURVE('',#9260,#9324,#9326,.T.);
#9324 = VERTEX_POINT('',#9325);
#9325 = CARTESIAN_POINT('',(158.51187398055,-18.32521013233,0.));
#9326 = LINE('',#9327,#9328);
#9327 = CARTESIAN_POINT('',(158.51187398055,-18.32521013233,0.));
#9328 = VECTOR('',#9329,1.);
#9329 = DIRECTION('',(-0.99164853362,0.12896970873,0.));
#9330 = ORIENTED_EDGE('',*,*,#9331,.F.);
#9331 = EDGE_CURVE('',#9332,#9324,#9334,.T.);
#9332 = VERTEX_POINT('',#9333);
#9333 = CARTESIAN_POINT('',(158.51187398055,-18.32521013233,-2.));
#9334 = LINE('',#9335,#9336);
#9335 = CARTESIAN_POINT('',(158.51187398055,-18.32521013233,-2.));
#9336 = VECTOR('',#9337,1.);
#9337 = DIRECTION('',(0.,0.,1.));
#9338 = ORIENTED_EDGE('',*,*,#9339,.F.);
#9339 = EDGE_CURVE('',#9268,#9332,#9340,.T.);
#9340 = LINE('',#9341,#9342);
#9341 = CARTESIAN_POINT('',(158.51187398055,-18.32521013233,-2.));
#9342 = VECTOR('',#9343,1.);
#9343 = DIRECTION('',(-0.99164853362,0.12896970873,0.));
#9344 = PLANE('',#9345);
#9345 = AXIS2_PLACEMENT_3D('',#9346,#9347,#9348);
#9346 = CARTESIAN_POINT('',(176.18712339261,-20.62398,-2.));
#9347 = DIRECTION('',(-0.12896970873,-0.99164853362,0.));
#9348 = DIRECTION('',(-0.99164853362,0.12896970873,0.));
#9349 = ADVANCED_FACE('',(#9350,#9750,#9761,#9772,#9783),#9794,.F.);
#9350 = FACE_BOUND('',#9351,.F.);
#9351 = EDGE_LOOP('',(#9352,#9353,#9354,#9355,#9364,#9372,#9381,#9390,
    #9398,#9407,#9416,#9424,#9433,#9442,#9451,#9459,#9467,#9476,#9484,
    #9492,#9501,#9509,#9518,#9526,#9534,#9543,#9551,#9560,#9568,#9577,
    #9585,#9593,#9602,#9611,#9619,#9627,#9635,#9644,#9653,#9661,#9670,
    #9678,#9687,#9695,#9703,#9711,#9719,#9727,#9735,#9744));
#9352 = ORIENTED_EDGE('',*,*,#9307,.T.);
#9353 = ORIENTED_EDGE('',*,*,#9275,.T.);
#9354 = ORIENTED_EDGE('',*,*,#9339,.T.);
#9355 = ORIENTED_EDGE('',*,*,#9356,.F.);
#9356 = EDGE_CURVE('',#9357,#9332,#9359,.T.);
#9357 = VERTEX_POINT('',#9358);
#9358 = CARTESIAN_POINT('',(158.05824709399,-18.29598071226,-2.));
#9359 = CIRCLE('',#9360,3.5);
#9360 = AXIS2_PLACEMENT_3D('',#9361,#9362,#9363);
#9361 = CARTESIAN_POINT('',(158.06048,-21.79598,-2.));
#9362 = DIRECTION('',(-0.,0.,-1.));
#9363 = DIRECTION('',(-0.999999796495,-6.37973144348E-04,0.));
#9364 = ORIENTED_EDGE('',*,*,#9365,.T.);
#9365 = EDGE_CURVE('',#9357,#9366,#9368,.T.);
#9366 = VERTEX_POINT('',#9367);
#9367 = CARTESIAN_POINT('',(123.11739934552,-18.3182720393,-2.));
#9368 = LINE('',#9369,#9370);
#9369 = CARTESIAN_POINT('',(158.05824709399,-18.29598071226,-2.));
#9370 = VECTOR('',#9371,1.);
#9371 = DIRECTION('',(-0.999999796495,-6.37973144348E-04,0.));
#9372 = ORIENTED_EDGE('',*,*,#9373,.T.);
#9373 = EDGE_CURVE('',#9366,#9374,#9376,.T.);
#9374 = VERTEX_POINT('',#9375);
#9375 = CARTESIAN_POINT('',(119.41000933498,-15.82000000001,-2.));
#9376 = CIRCLE('',#9377,4.000001333575);
#9377 = AXIS2_PLACEMENT_3D('',#9378,#9379,#9380);
#9378 = CARTESIAN_POINT('',(119.40999866642,-19.82000133357,-2.));
#9379 = DIRECTION('',(0.,-0.,1.));
#9380 = DIRECTION('',(2.667139162621E-06,0.999999999996,0.));
#9381 = ORIENTED_EDGE('',*,*,#9382,.F.);
#9382 = EDGE_CURVE('',#9383,#9374,#9385,.T.);
#9383 = VERTEX_POINT('',#9384);
#9384 = CARTESIAN_POINT('',(119.41,-15.82,-2.));
#9385 = CIRCLE('',#9386,3.5);
#9386 = AXIS2_PLACEMENT_3D('',#9387,#9388,#9389);
#9387 = CARTESIAN_POINT('',(119.41,-19.32,-2.));
#9388 = DIRECTION('',(0.,0.,-1.));
#9389 = DIRECTION('',(-1.,0.,0.));
#9390 = ORIENTED_EDGE('',*,*,#9391,.T.);
#9391 = EDGE_CURVE('',#9383,#9392,#9394,.T.);
#9392 = VERTEX_POINT('',#9393);
#9393 = CARTESIAN_POINT('',(104.00687314312,-15.82,-2.));
#9394 = LINE('',#9395,#9396);
#9395 = CARTESIAN_POINT('',(119.41,-15.82,-2.));
#9396 = VECTOR('',#9397,1.);
#9397 = DIRECTION('',(-1.,0.,0.));
#9398 = ORIENTED_EDGE('',*,*,#9399,.T.);
#9399 = EDGE_CURVE('',#9392,#9400,#9402,.T.);
#9400 = VERTEX_POINT('',#9401);
#9401 = CARTESIAN_POINT('',(100.41000933498,-13.57000000001,-2.));
#9402 = CIRCLE('',#9403,4.000001333575);
#9403 = AXIS2_PLACEMENT_3D('',#9404,#9405,#9406);
#9404 = CARTESIAN_POINT('',(100.40999866642,-17.57000133357,-2.));
#9405 = DIRECTION('',(0.,-0.,1.));
#9406 = DIRECTION('',(2.667139162621E-06,0.999999999996,0.));
#9407 = ORIENTED_EDGE('',*,*,#9408,.F.);
#9408 = EDGE_CURVE('',#9409,#9400,#9411,.T.);
#9409 = VERTEX_POINT('',#9410);
#9410 = CARTESIAN_POINT('',(100.41,-13.57,-2.));
#9411 = CIRCLE('',#9412,3.5);
#9412 = AXIS2_PLACEMENT_3D('',#9413,#9414,#9415);
#9413 = CARTESIAN_POINT('',(100.41,-17.07,-2.));
#9414 = DIRECTION('',(0.,0.,-1.));
#9415 = DIRECTION('',(-1.,0.,0.));
#9416 = ORIENTED_EDGE('',*,*,#9417,.T.);
#9417 = EDGE_CURVE('',#9409,#9418,#9420,.T.);
#9418 = VERTEX_POINT('',#9419);
#9419 = CARTESIAN_POINT('',(83.41,-13.57,-2.));
#9420 = LINE('',#9421,#9422);
#9421 = CARTESIAN_POINT('',(100.41,-13.57,-2.));
#9422 = VECTOR('',#9423,1.);
#9423 = DIRECTION('',(-1.,0.,0.));
#9424 = ORIENTED_EDGE('',*,*,#9425,.F.);
#9425 = EDGE_CURVE('',#9426,#9418,#9428,.T.);
#9426 = VERTEX_POINT('',#9427);
#9427 = CARTESIAN_POINT('',(83.409990665013,-13.57000000001,-2.));
#9428 = CIRCLE('',#9429,3.5);
#9429 = AXIS2_PLACEMENT_3D('',#9430,#9431,#9432);
#9430 = CARTESIAN_POINT('',(83.41,-17.07,-2.));
#9431 = DIRECTION('',(-0.,0.,-1.));
#9432 = DIRECTION('',(-0.999999999996,-2.667139219752E-06,0.));
#9433 = ORIENTED_EDGE('',*,*,#9434,.T.);
#9434 = EDGE_CURVE('',#9426,#9435,#9437,.T.);
#9435 = VERTEX_POINT('',#9436);
#9436 = CARTESIAN_POINT('',(79.410000000012,-17.56999066501,-2.));
#9437 = CIRCLE('',#9438,4.000001333575);
#9438 = AXIS2_PLACEMENT_3D('',#9439,#9440,#9441);
#9439 = CARTESIAN_POINT('',(83.410001333573,-17.57000133357,-2.));
#9440 = DIRECTION('',(0.,0.,1.));
#9441 = DIRECTION('',(-0.999999999996,2.667139198148E-06,0.));
#9442 = ORIENTED_EDGE('',*,*,#9443,.F.);
#9443 = EDGE_CURVE('',#9444,#9435,#9446,.T.);
#9444 = VERTEX_POINT('',#9445);
#9445 = CARTESIAN_POINT('',(79.41,-17.57,-2.));
#9446 = CIRCLE('',#9447,3.5);
#9447 = AXIS2_PLACEMENT_3D('',#9448,#9449,#9450);
#9448 = CARTESIAN_POINT('',(82.91,-17.57,-2.));
#9449 = DIRECTION('',(-0.,-0.,-1.));
#9450 = DIRECTION('',(0.,-1.,0.));
#9451 = ORIENTED_EDGE('',*,*,#9452,.T.);
#9452 = EDGE_CURVE('',#9444,#9453,#9455,.T.);
#9453 = VERTEX_POINT('',#9454);
#9454 = CARTESIAN_POINT('',(79.41,-18.55045610094,-2.));
#9455 = LINE('',#9456,#9457);
#9456 = CARTESIAN_POINT('',(79.41,-17.57,-2.));
#9457 = VECTOR('',#9458,1.);
#9458 = DIRECTION('',(0.,-1.,0.));
#9459 = ORIENTED_EDGE('',*,*,#9460,.T.);
#9460 = EDGE_CURVE('',#9453,#9461,#9463,.T.);
#9461 = VERTEX_POINT('',#9462);
#9462 = CARTESIAN_POINT('',(59.748520761018,-20.30991037458,-2.));
#9463 = LINE('',#9464,#9465);
#9464 = CARTESIAN_POINT('',(82.098040761018,-18.30991037458,-2.));
#9465 = VECTOR('',#9466,1.);
#9466 = DIRECTION('',(-0.996019892975,-8.913121113783E-02,0.));
#9467 = ORIENTED_EDGE('',*,*,#9468,.F.);
#9468 = EDGE_CURVE('',#9469,#9461,#9471,.T.);
#9469 = VERTEX_POINT('',#9470);
#9470 = CARTESIAN_POINT('',(56.56048,-23.79598,-2.));
#9471 = CIRCLE('',#9472,3.5);
#9472 = AXIS2_PLACEMENT_3D('',#9473,#9474,#9475);
#9473 = CARTESIAN_POINT('',(60.06048,-23.79598,-2.));
#9474 = DIRECTION('',(-0.,-0.,-1.));
#9475 = DIRECTION('',(0.,-1.,0.));
#9476 = ORIENTED_EDGE('',*,*,#9477,.T.);
#9477 = EDGE_CURVE('',#9469,#9478,#9480,.T.);
#9478 = VERTEX_POINT('',#9479);
#9479 = CARTESIAN_POINT('',(56.56048,-24.66878022161,-2.));
#9480 = LINE('',#9481,#9482);
#9481 = CARTESIAN_POINT('',(56.56048,-23.79598,-2.));
#9482 = VECTOR('',#9483,1.);
#9483 = DIRECTION('',(0.,-1.,0.));
#9484 = ORIENTED_EDGE('',*,*,#9485,.T.);
#9485 = EDGE_CURVE('',#9478,#9486,#9488,.T.);
#9486 = VERTEX_POINT('',#9487);
#9487 = CARTESIAN_POINT('',(17.141567031585,-31.75116009361,-2.));
#9488 = LINE('',#9489,#9490);
#9489 = CARTESIAN_POINT('',(59.441547031585,-24.15114009361,-2.));
#9490 = VECTOR('',#9491,1.);
#9491 = DIRECTION('',(-0.984239973252,-0.176837990976,0.));
#9492 = ORIENTED_EDGE('',*,*,#9493,.F.);
#9493 = EDGE_CURVE('',#9494,#9486,#9496,.T.);
#9494 = VERTEX_POINT('',#9495);
#9495 = CARTESIAN_POINT('',(14.312994341823,-35.7999078877,-2.));
#9496 = CIRCLE('',#9497,3.5);
#9497 = AXIS2_PLACEMENT_3D('',#9498,#9499,#9500);
#9498 = CARTESIAN_POINT('',(17.7605,-35.196,-2.));
#9499 = DIRECTION('',(0.,-0.,-1.));
#9500 = DIRECTION('',(0.172545110774,-0.985001616622,0.));
#9501 = ORIENTED_EDGE('',*,*,#9502,.T.);
#9502 = EDGE_CURVE('',#9494,#9503,#9505,.T.);
#9503 = VERTEX_POINT('',#9504);
#9504 = CARTESIAN_POINT('',(15.227394341823,-41.0199078877,-2.));
#9505 = LINE('',#9506,#9507);
#9506 = CARTESIAN_POINT('',(14.312994341823,-35.7999078877,-2.));
#9507 = VECTOR('',#9508,1.);
#9508 = DIRECTION('',(0.172545110774,-0.985001616622,0.));
#9509 = ORIENTED_EDGE('',*,*,#9510,.F.);
#9510 = EDGE_CURVE('',#9511,#9503,#9513,.T.);
#9511 = VERTEX_POINT('',#9512);
#9512 = CARTESIAN_POINT('',(15.227400740074,-41.01994441201,-2.));
#9513 = CIRCLE('',#9514,3.5);
#9514 = AXIS2_PLACEMENT_3D('',#9515,#9516,#9517);
#9515 = CARTESIAN_POINT('',(18.6749,-40.416,-2.));
#9516 = DIRECTION('',(0.,-0.,-1.));
#9517 = DIRECTION('',(0.172555546291,-0.98499978855,0.));
#9518 = ORIENTED_EDGE('',*,*,#9519,.T.);
#9519 = EDGE_CURVE('',#9511,#9520,#9522,.T.);
#9520 = VERTEX_POINT('',#9521);
#9521 = CARTESIAN_POINT('',(16.27850034719,-47.01994216931,-2.));
#9522 = LINE('',#9523,#9524);
#9523 = CARTESIAN_POINT('',(15.227400740074,-41.01994441201,-2.));
#9524 = VECTOR('',#9525,1.);
#9525 = DIRECTION('',(0.172555546291,-0.98499978855,0.));
#9526 = ORIENTED_EDGE('',*,*,#9527,.T.);
#9527 = EDGE_CURVE('',#9520,#9528,#9530,.T.);
#9528 = VERTEX_POINT('',#9529);
#9529 = CARTESIAN_POINT('',(18.107399954304,-57.45993992658,-2.));
#9530 = LINE('',#9531,#9532);
#9531 = CARTESIAN_POINT('',(16.278499954304,-47.01993992658,-2.));
#9532 = VECTOR('',#9533,1.);
#9533 = DIRECTION('',(0.172554264739,-0.985000013056,0.));
#9534 = ORIENTED_EDGE('',*,*,#9535,.F.);
#9535 = EDGE_CURVE('',#9536,#9528,#9538,.T.);
#9536 = VERTEX_POINT('',#9537);
#9537 = CARTESIAN_POINT('',(18.107400740074,-57.45994441201,-2.));
#9538 = CIRCLE('',#9539,3.5);
#9539 = AXIS2_PLACEMENT_3D('',#9540,#9541,#9542);
#9540 = CARTESIAN_POINT('',(21.5549,-56.856,-2.));
#9541 = DIRECTION('',(0.,-0.,-1.));
#9542 = DIRECTION('',(0.172555546291,-0.98499978855,0.));
#9543 = ORIENTED_EDGE('',*,*,#9544,.T.);
#9544 = EDGE_CURVE('',#9536,#9545,#9547,.T.);
#9545 = VERTEX_POINT('',#9546);
#9546 = CARTESIAN_POINT('',(19.158500740074,-63.45994441201,-2.));
#9547 = LINE('',#9548,#9549);
#9548 = CARTESIAN_POINT('',(18.107400740074,-57.45994441201,-2.));
#9549 = VECTOR('',#9550,1.);
#9550 = DIRECTION('',(0.172555546291,-0.98499978855,0.));
#9551 = ORIENTED_EDGE('',*,*,#9552,.F.);
#9552 = EDGE_CURVE('',#9553,#9545,#9555,.T.);
#9553 = VERTEX_POINT('',#9554);
#9554 = CARTESIAN_POINT('',(19.15850126544,-63.45994741096,-2.));
#9555 = CIRCLE('',#9556,3.5);
#9556 = AXIS2_PLACEMENT_3D('',#9557,#9558,#9559);
#9557 = CARTESIAN_POINT('',(22.606,-62.856,-2.));
#9558 = DIRECTION('',(0.,-0.,-1.));
#9559 = DIRECTION('',(0.172556403132,-0.984999638446,0.));
#9560 = ORIENTED_EDGE('',*,*,#9561,.T.);
#9561 = EDGE_CURVE('',#9553,#9562,#9564,.T.);
#9562 = VERTEX_POINT('',#9563);
#9563 = CARTESIAN_POINT('',(23.91300126544,-90.59994741096,-2.));
#9564 = LINE('',#9565,#9566);
#9565 = CARTESIAN_POINT('',(19.15850126544,-63.45994741096,-2.));
#9566 = VECTOR('',#9567,1.);
#9567 = DIRECTION('',(0.172556403132,-0.984999638446,0.));
#9568 = ORIENTED_EDGE('',*,*,#9569,.F.);
#9569 = EDGE_CURVE('',#9570,#9562,#9572,.T.);
#9570 = VERTEX_POINT('',#9571);
#9571 = CARTESIAN_POINT('',(27.977268464031,-93.4412281001,-2.));
#9572 = CIRCLE('',#9573,3.5);
#9573 = AXIS2_PLACEMENT_3D('',#9574,#9575,#9576);
#9574 = CARTESIAN_POINT('',(27.3605,-89.996,-2.));
#9575 = DIRECTION('',(0.,0.,-1.));
#9576 = DIRECTION('',(0.984350885745,0.176219561152,0.));
#9577 = ORIENTED_EDGE('',*,*,#9578,.T.);
#9578 = EDGE_CURVE('',#9570,#9579,#9581,.T.);
#9579 = VERTEX_POINT('',#9580);
#9580 = CARTESIAN_POINT('',(80.090200951293,-84.11191451262,-2.));
#9581 = LINE('',#9582,#9583);
#9582 = CARTESIAN_POINT('',(27.977268464031,-93.4412281001,-2.));
#9583 = VECTOR('',#9584,1.);
#9584 = DIRECTION('',(0.984350885745,0.176219561152,0.));
#9585 = ORIENTED_EDGE('',*,*,#9586,.T.);
#9586 = EDGE_CURVE('',#9579,#9587,#9589,.T.);
#9587 = VERTEX_POINT('',#9588);
#9588 = CARTESIAN_POINT('',(89.478537440338,-96.98581571904,-2.));
#9589 = LINE('',#9590,#9591);
#9590 = CARTESIAN_POINT('',(78.935643440338,-82.52870971904,-2.));
#9591 = VECTOR('',#9592,1.);
#9592 = DIRECTION('',(0.589217919728,-0.807974159904,0.));
#9593 = ORIENTED_EDGE('',*,*,#9594,.F.);
#9594 = EDGE_CURVE('',#9595,#9587,#9597,.T.);
#9595 = VERTEX_POINT('',#9596);
#9596 = CARTESIAN_POINT('',(89.831555016265,-97.39840848443,-2.));
#9597 = CIRCLE('',#9598,3.5);
#9598 = AXIS2_PLACEMENT_3D('',#9599,#9600,#9601);
#9599 = CARTESIAN_POINT('',(92.306447,-94.923553,-2.));
#9600 = DIRECTION('',(0.,-0.,-1.));
#9601 = DIRECTION('',(0.707101566982,-0.707111995353,0.));
#9602 = ORIENTED_EDGE('',*,*,#9603,.T.);
#9603 = EDGE_CURVE('',#9595,#9604,#9606,.T.);
#9604 = VERTEX_POINT('',#9605);
#9605 = CARTESIAN_POINT('',(92.325784707232,-98.55601323373,-2.));
#9606 = CIRCLE('',#9607,3.999992432518);
#9607 = AXIS2_PLACEMENT_3D('',#9608,#9609,#9610);
#9608 = CARTESIAN_POINT('',(92.659997646619,-94.57000756748,-2.));
#9609 = DIRECTION('',(-0.,0.,1.));
#9610 = DIRECTION('',(4.706832625491E-06,-0.999999999989,0.));
#9611 = ORIENTED_EDGE('',*,*,#9612,.T.);
#9612 = EDGE_CURVE('',#9604,#9613,#9615,.T.);
#9613 = VERTEX_POINT('',#9614);
#9614 = CARTESIAN_POINT('',(128.73651157065,-103.2925569727,-2.));
#9615 = LINE('',#9616,#9617);
#9616 = CARTESIAN_POINT('',(92.208501491076,-98.54075627154,-2.));
#9617 = VECTOR('',#9618,1.);
#9618 = DIRECTION('',(0.991644649012,-0.128999573978,0.));
#9619 = ORIENTED_EDGE('',*,*,#9620,.T.);
#9620 = EDGE_CURVE('',#9613,#9621,#9623,.T.);
#9621 = VERTEX_POINT('',#9622);
#9622 = CARTESIAN_POINT('',(143.71828180388,-111.9991606494,-2.));
#9623 = LINE('',#9624,#9625);
#9624 = CARTESIAN_POINT('',(128.22639118105,-102.9961022821,-2.));
#9625 = VECTOR('',#9626,1.);
#9626 = DIRECTION('',(0.864600652038,-0.502459662555,0.));
#9627 = ORIENTED_EDGE('',*,*,#9628,.T.);
#9628 = EDGE_CURVE('',#9621,#9629,#9631,.T.);
#9629 = VERTEX_POINT('',#9630);
#9630 = CARTESIAN_POINT('',(155.85961908401,-123.9769347406,-2.));
#9631 = LINE('',#9632,#9633);
#9632 = CARTESIAN_POINT('',(143.40244608401,-111.6875797406,-2.));
#9633 = VECTOR('',#9634,1.);
#9634 = DIRECTION('',(0.711885640199,-0.702295404568,0.));
#9635 = ORIENTED_EDGE('',*,*,#9636,.F.);
#9636 = EDGE_CURVE('',#9637,#9629,#9639,.T.);
#9637 = VERTEX_POINT('',#9638);
#9638 = CARTESIAN_POINT('',(156.36173428294,-124.3878135911,-2.));
#9639 = CIRCLE('',#9640,3.5);
#9640 = AXIS2_PLACEMENT_3D('',#9641,#9642,#9643);
#9641 = CARTESIAN_POINT('',(158.317653,-121.485335,-2.));
#9642 = DIRECTION('',(0.,-0.,-1.));
#9643 = DIRECTION('',(0.829279597481,-0.558833919158,0.));
#9644 = ORIENTED_EDGE('',*,*,#9645,.T.);
#9645 = EDGE_CURVE('',#9637,#9646,#9648,.T.);
#9646 = VERTEX_POINT('',#9647);
#9647 = CARTESIAN_POINT('',(162.88966567078,-123.4115588433,-2.));
#9648 = CIRCLE('',#9649,4.88679886816);
#9649 = AXIS2_PLACEMENT_3D('',#9650,#9651,#9652);
#9650 = CARTESIAN_POINT('',(159.09264324657,-120.3352909928,-2.));
#9651 = DIRECTION('',(-0.,0.,1.));
#9652 = DIRECTION('',(0.83142680593,-0.555634291941,0.));
#9653 = ORIENTED_EDGE('',*,*,#9654,.T.);
#9654 = EDGE_CURVE('',#9646,#9655,#9657,.T.);
#9655 = VERTEX_POINT('',#9656);
#9656 = CARTESIAN_POINT('',(189.42558765949,-96.8706197867,-2.));
#9657 = LINE('',#9658,#9659);
#9658 = CARTESIAN_POINT('',(162.72077265949,-123.5804837867,-2.));
#9659 = VECTOR('',#9660,1.);
#9660 = DIRECTION('',(0.707039939058,0.707173616997,0.));
#9661 = ORIENTED_EDGE('',*,*,#9662,.F.);
#9662 = EDGE_CURVE('',#9663,#9655,#9665,.T.);
#9663 = VERTEX_POINT('',#9664);
#9664 = CARTESIAN_POINT('',(190.45047940294,-94.39802435347,-2.));
#9665 = CIRCLE('',#9666,3.5);
#9666 = AXIS2_PLACEMENT_3D('',#9667,#9668,#9669);
#9667 = CARTESIAN_POINT('',(186.95048,-94.39598,-2.));
#9668 = DIRECTION('',(0.,0.,-1.));
#9669 = DIRECTION('',(5.841009931167E-04,0.999999829413,0.));
#9670 = ORIENTED_EDGE('',*,*,#9671,.T.);
#9671 = EDGE_CURVE('',#9663,#9672,#9674,.T.);
#9672 = VERTEX_POINT('',#9673);
#9673 = CARTESIAN_POINT('',(190.45479940294,-87.00204435347,-2.));
#9674 = LINE('',#9675,#9676);
#9675 = CARTESIAN_POINT('',(190.45479940294,-87.00204435347,-2.));
#9676 = VECTOR('',#9677,1.);
#9677 = DIRECTION('',(5.841009931167E-04,0.999999829413,0.));
#9678 = ORIENTED_EDGE('',*,*,#9679,.F.);
#9679 = EDGE_CURVE('',#9680,#9672,#9682,.T.);
#9680 = VERTEX_POINT('',#9681);
#9681 = CARTESIAN_POINT('',(190.45479897138,-86.99731666745,-2.));
#9682 = CIRCLE('',#9683,3.5);
#9683 = AXIS2_PLACEMENT_3D('',#9684,#9685,#9686);
#9684 = CARTESIAN_POINT('',(186.9548,-87.,-2.));
#9685 = DIRECTION('',(0.,0.,-1.));
#9686 = DIRECTION('',(-7.666664413537E-04,0.999999706111,0.));
#9687 = ORIENTED_EDGE('',*,*,#9688,.T.);
#9688 = EDGE_CURVE('',#9680,#9689,#9691,.T.);
#9689 = VERTEX_POINT('',#9690);
#9690 = CARTESIAN_POINT('',(190.4524835824,-83.97724408202,-2.));
#9691 = LINE('',#9692,#9693);
#9692 = CARTESIAN_POINT('',(190.45019897138,-80.99731666745,-2.));
#9693 = VECTOR('',#9694,1.);
#9694 = DIRECTION('',(-7.666664413537E-04,0.999999706111,0.));
#9695 = ORIENTED_EDGE('',*,*,#9696,.T.);
#9696 = EDGE_CURVE('',#9689,#9697,#9699,.T.);
#9697 = VERTEX_POINT('',#9698);
#9698 = CARTESIAN_POINT('',(176.86288085096,-83.98767331203,-2.));
#9699 = LINE('',#9700,#9701);
#9700 = CARTESIAN_POINT('',(142.67105798494,-84.01391354818,-2.));
#9701 = VECTOR('',#9702,1.);
#9702 = DIRECTION('',(-0.999999705517,-7.674416345632E-04,0.));
#9703 = ORIENTED_EDGE('',*,*,#9704,.T.);
#9704 = EDGE_CURVE('',#9697,#9705,#9707,.T.);
#9705 = VERTEX_POINT('',#9706);
#9706 = CARTESIAN_POINT('',(176.8571250387,-76.48767552065,-2.));
#9707 = LINE('',#9708,#9709);
#9708 = CARTESIAN_POINT('',(176.85424249565,-72.73163458247,-2.));
#9709 = VECTOR('',#9710,1.);
#9710 = DIRECTION('',(-7.674416345632E-04,0.999999705517,0.));
#9711 = ORIENTED_EDGE('',*,*,#9712,.F.);
#9712 = EDGE_CURVE('',#9713,#9705,#9715,.T.);
#9713 = VERTEX_POINT('',#9714);
#9714 = CARTESIAN_POINT('',(190.44673008017,-76.47724628888,-2.));
#9715 = LINE('',#9716,#9717);
#9716 = CARTESIAN_POINT('',(142.66530217268,-76.51391575681,-2.));
#9717 = VECTOR('',#9718,1.);
#9718 = DIRECTION('',(-0.999999705517,-7.674416345632E-04,0.));
#9719 = ORIENTED_EDGE('',*,*,#9720,.T.);
#9720 = EDGE_CURVE('',#9713,#9721,#9723,.T.);
#9721 = VERTEX_POINT('',#9722);
#9722 = CARTESIAN_POINT('',(190.41719897034,-37.99731531107,-2.));
#9723 = LINE('',#9724,#9725);
#9724 = CARTESIAN_POINT('',(190.4171989693,-37.99731395427,-2.));
#9725 = VECTOR('',#9726,1.);
#9726 = DIRECTION('',(-7.674416344659E-04,0.999999705517,0.));
#9727 = ORIENTED_EDGE('',*,*,#9728,.T.);
#9728 = EDGE_CURVE('',#9721,#9729,#9731,.T.);
#9729 = VERTEX_POINT('',#9730);
#9730 = CARTESIAN_POINT('',(190.41259897138,-31.99731666745,-2.));
#9731 = LINE('',#9732,#9733);
#9732 = CARTESIAN_POINT('',(190.41259897138,-31.99731666745,-2.));
#9733 = VECTOR('',#9734,1.);
#9734 = DIRECTION('',(-7.666664413537E-04,0.999999706111,0.));
#9735 = ORIENTED_EDGE('',*,*,#9736,.F.);
#9736 = EDGE_CURVE('',#9737,#9729,#9739,.T.);
#9737 = VERTEX_POINT('',#9738);
#9738 = CARTESIAN_POINT('',(190.41259895492,-31.9972952828,-2.));
#9739 = CIRCLE('',#9740,3.5);
#9740 = AXIS2_PLACEMENT_3D('',#9741,#9742,#9743);
#9741 = CARTESIAN_POINT('',(186.9126,-32.,-2.));
#9742 = DIRECTION('',(0.,0.,-1.));
#9743 = DIRECTION('',(-7.727763419221E-04,0.999999701408,0.));
#9744 = ORIENTED_EDGE('',*,*,#9745,.T.);
#9745 = EDGE_CURVE('',#9737,#9290,#9746,.T.);
#9746 = LINE('',#9747,#9748);
#9747 = CARTESIAN_POINT('',(190.40689895492,-24.6212952828,-2.));
#9748 = VECTOR('',#9749,1.);
#9749 = DIRECTION('',(-7.727763419221E-04,0.999999701408,0.));
#9750 = FACE_BOUND('',#9751,.F.);
#9751 = EDGE_LOOP('',(#9752));
#9752 = ORIENTED_EDGE('',*,*,#9753,.F.);
#9753 = EDGE_CURVE('',#9754,#9754,#9756,.T.);
#9754 = VERTEX_POINT('',#9755);
#9755 = CARTESIAN_POINT('',(45.25048,-68.22598,-2.));
#9756 = CIRCLE('',#9757,1.6);
#9757 = AXIS2_PLACEMENT_3D('',#9758,#9759,#9760);
#9758 = CARTESIAN_POINT('',(43.65048,-68.22598,-2.));
#9759 = DIRECTION('',(0.,0.,1.));
#9760 = DIRECTION('',(1.,0.,0.));
#9761 = FACE_BOUND('',#9762,.F.);
#9762 = EDGE_LOOP('',(#9763));
#9763 = ORIENTED_EDGE('',*,*,#9764,.F.);
#9764 = EDGE_CURVE('',#9765,#9765,#9767,.T.);
#9765 = VERTEX_POINT('',#9766);
#9766 = CARTESIAN_POINT('',(159.45048,-94.02598,-2.));
#9767 = CIRCLE('',#9768,1.6);
#9768 = AXIS2_PLACEMENT_3D('',#9769,#9770,#9771);
#9769 = CARTESIAN_POINT('',(157.85048,-94.02598,-2.));
#9770 = DIRECTION('',(0.,0.,1.));
#9771 = DIRECTION('',(1.,0.,0.));
#9772 = FACE_BOUND('',#9773,.F.);
#9773 = EDGE_LOOP('',(#9774));
#9774 = ORIENTED_EDGE('',*,*,#9775,.F.);
#9775 = EDGE_CURVE('',#9776,#9776,#9778,.T.);
#9776 = VERTEX_POINT('',#9777);
#9777 = CARTESIAN_POINT('',(41.85048,-49.62598,-2.));
#9778 = CIRCLE('',#9779,1.6);
#9779 = AXIS2_PLACEMENT_3D('',#9780,#9781,#9782);
#9780 = CARTESIAN_POINT('',(40.25048,-49.62598,-2.));
#9781 = DIRECTION('',(0.,0.,1.));
#9782 = DIRECTION('',(1.,0.,0.));
#9783 = FACE_BOUND('',#9784,.F.);
#9784 = EDGE_LOOP('',(#9785));
#9785 = ORIENTED_EDGE('',*,*,#9786,.F.);
#9786 = EDGE_CURVE('',#9787,#9787,#9789,.T.);
#9787 = VERTEX_POINT('',#9788);
#9788 = CARTESIAN_POINT('',(141.05048,-40.32598,-2.));
#9789 = CIRCLE('',#9790,1.6);
#9790 = AXIS2_PLACEMENT_3D('',#9791,#9792,#9793);
#9791 = CARTESIAN_POINT('',(139.45048,-40.32598,-2.));
#9792 = DIRECTION('',(0.,0.,1.));
#9793 = DIRECTION('',(1.,0.,0.));
#9794 = PLANE('',#9795);
#9795 = AXIS2_PLACEMENT_3D('',#9796,#9797,#9798);
#9796 = CARTESIAN_POINT('',(108.46195840831,-61.52807632523,-2.));
#9797 = DIRECTION('',(0.,0.,1.));
#9798 = DIRECTION('',(1.,0.,0.));
#9799 = ADVANCED_FACE('',(#9800,#10200,#10211,#10222,#10233),#10244,.T.
  );
#9800 = FACE_BOUND('',#9801,.T.);
#9801 = EDGE_LOOP('',(#9802,#9803,#9804,#9805,#9814,#9822,#9831,#9840,
    #9848,#9857,#9866,#9874,#9883,#9892,#9901,#9909,#9917,#9926,#9934,
    #9942,#9951,#9959,#9968,#9976,#9984,#9993,#10001,#10010,#10018,
    #10027,#10035,#10043,#10052,#10061,#10069,#10077,#10085,#10094,
    #10103,#10111,#10120,#10128,#10137,#10145,#10153,#10161,#10169,
    #10177,#10185,#10194));
#9802 = ORIENTED_EDGE('',*,*,#9299,.T.);
#9803 = ORIENTED_EDGE('',*,*,#9259,.T.);
#9804 = ORIENTED_EDGE('',*,*,#9323,.T.);
#9805 = ORIENTED_EDGE('',*,*,#9806,.F.);
#9806 = EDGE_CURVE('',#9807,#9324,#9809,.T.);
#9807 = VERTEX_POINT('',#9808);
#9808 = CARTESIAN_POINT('',(158.05824709399,-18.29598071226,0.));
#9809 = CIRCLE('',#9810,3.5);
#9810 = AXIS2_PLACEMENT_3D('',#9811,#9812,#9813);
#9811 = CARTESIAN_POINT('',(158.06048,-21.79598,0.));
#9812 = DIRECTION('',(-0.,0.,-1.));
#9813 = DIRECTION('',(-0.999999796495,-6.37973144348E-04,0.));
#9814 = ORIENTED_EDGE('',*,*,#9815,.T.);
#9815 = EDGE_CURVE('',#9807,#9816,#9818,.T.);
#9816 = VERTEX_POINT('',#9817);
#9817 = CARTESIAN_POINT('',(123.11739934552,-18.3182720393,0.));
#9818 = LINE('',#9819,#9820);
#9819 = CARTESIAN_POINT('',(158.05824709399,-18.29598071226,0.));
#9820 = VECTOR('',#9821,1.);
#9821 = DIRECTION('',(-0.999999796495,-6.37973144348E-04,0.));
#9822 = ORIENTED_EDGE('',*,*,#9823,.T.);
#9823 = EDGE_CURVE('',#9816,#9824,#9826,.T.);
#9824 = VERTEX_POINT('',#9825);
#9825 = CARTESIAN_POINT('',(119.41000933498,-15.82000000001,0.));
#9826 = CIRCLE('',#9827,4.000001333575);
#9827 = AXIS2_PLACEMENT_3D('',#9828,#9829,#9830);
#9828 = CARTESIAN_POINT('',(119.40999866642,-19.82000133357,0.));
#9829 = DIRECTION('',(0.,-0.,1.));
#9830 = DIRECTION('',(2.667139162621E-06,0.999999999996,0.));
#9831 = ORIENTED_EDGE('',*,*,#9832,.F.);
#9832 = EDGE_CURVE('',#9833,#9824,#9835,.T.);
#9833 = VERTEX_POINT('',#9834);
#9834 = CARTESIAN_POINT('',(119.41,-15.82,0.));
#9835 = CIRCLE('',#9836,3.5);
#9836 = AXIS2_PLACEMENT_3D('',#9837,#9838,#9839);
#9837 = CARTESIAN_POINT('',(119.41,-19.32,0.));
#9838 = DIRECTION('',(0.,0.,-1.));
#9839 = DIRECTION('',(-1.,0.,0.));
#9840 = ORIENTED_EDGE('',*,*,#9841,.T.);
#9841 = EDGE_CURVE('',#9833,#9842,#9844,.T.);
#9842 = VERTEX_POINT('',#9843);
#9843 = CARTESIAN_POINT('',(104.00687314312,-15.82,0.));
#9844 = LINE('',#9845,#9846);
#9845 = CARTESIAN_POINT('',(119.41,-15.82,0.));
#9846 = VECTOR('',#9847,1.);
#9847 = DIRECTION('',(-1.,0.,0.));
#9848 = ORIENTED_EDGE('',*,*,#9849,.T.);
#9849 = EDGE_CURVE('',#9842,#9850,#9852,.T.);
#9850 = VERTEX_POINT('',#9851);
#9851 = CARTESIAN_POINT('',(100.41000933498,-13.57000000001,0.));
#9852 = CIRCLE('',#9853,4.000001333575);
#9853 = AXIS2_PLACEMENT_3D('',#9854,#9855,#9856);
#9854 = CARTESIAN_POINT('',(100.40999866642,-17.57000133357,0.));
#9855 = DIRECTION('',(0.,-0.,1.));
#9856 = DIRECTION('',(2.667139162621E-06,0.999999999996,0.));
#9857 = ORIENTED_EDGE('',*,*,#9858,.F.);
#9858 = EDGE_CURVE('',#9859,#9850,#9861,.T.);
#9859 = VERTEX_POINT('',#9860);
#9860 = CARTESIAN_POINT('',(100.41,-13.57,0.));
#9861 = CIRCLE('',#9862,3.5);
#9862 = AXIS2_PLACEMENT_3D('',#9863,#9864,#9865);
#9863 = CARTESIAN_POINT('',(100.41,-17.07,0.));
#9864 = DIRECTION('',(0.,0.,-1.));
#9865 = DIRECTION('',(-1.,0.,0.));
#9866 = ORIENTED_EDGE('',*,*,#9867,.T.);
#9867 = EDGE_CURVE('',#9859,#9868,#9870,.T.);
#9868 = VERTEX_POINT('',#9869);
#9869 = CARTESIAN_POINT('',(83.41,-13.57,0.));
#9870 = LINE('',#9871,#9872);
#9871 = CARTESIAN_POINT('',(100.41,-13.57,0.));
#9872 = VECTOR('',#9873,1.);
#9873 = DIRECTION('',(-1.,0.,0.));
#9874 = ORIENTED_EDGE('',*,*,#9875,.F.);
#9875 = EDGE_CURVE('',#9876,#9868,#9878,.T.);
#9876 = VERTEX_POINT('',#9877);
#9877 = CARTESIAN_POINT('',(83.409990665013,-13.57000000001,0.));
#9878 = CIRCLE('',#9879,3.5);
#9879 = AXIS2_PLACEMENT_3D('',#9880,#9881,#9882);
#9880 = CARTESIAN_POINT('',(83.41,-17.07,0.));
#9881 = DIRECTION('',(-0.,0.,-1.));
#9882 = DIRECTION('',(-0.999999999996,-2.667139219752E-06,0.));
#9883 = ORIENTED_EDGE('',*,*,#9884,.T.);
#9884 = EDGE_CURVE('',#9876,#9885,#9887,.T.);
#9885 = VERTEX_POINT('',#9886);
#9886 = CARTESIAN_POINT('',(79.410000000012,-17.56999066501,0.));
#9887 = CIRCLE('',#9888,4.000001333575);
#9888 = AXIS2_PLACEMENT_3D('',#9889,#9890,#9891);
#9889 = CARTESIAN_POINT('',(83.410001333573,-17.57000133357,0.));
#9890 = DIRECTION('',(0.,0.,1.));
#9891 = DIRECTION('',(-0.999999999996,2.667139198148E-06,0.));
#9892 = ORIENTED_EDGE('',*,*,#9893,.F.);
#9893 = EDGE_CURVE('',#9894,#9885,#9896,.T.);
#9894 = VERTEX_POINT('',#9895);
#9895 = CARTESIAN_POINT('',(79.41,-17.57,0.));
#9896 = CIRCLE('',#9897,3.5);
#9897 = AXIS2_PLACEMENT_3D('',#9898,#9899,#9900);
#9898 = CARTESIAN_POINT('',(82.91,-17.57,0.));
#9899 = DIRECTION('',(-0.,-0.,-1.));
#9900 = DIRECTION('',(0.,-1.,0.));
#9901 = ORIENTED_EDGE('',*,*,#9902,.T.);
#9902 = EDGE_CURVE('',#9894,#9903,#9905,.T.);
#9903 = VERTEX_POINT('',#9904);
#9904 = CARTESIAN_POINT('',(79.41,-18.55045610094,0.));
#9905 = LINE('',#9906,#9907);
#9906 = CARTESIAN_POINT('',(79.41,-17.57,0.));
#9907 = VECTOR('',#9908,1.);
#9908 = DIRECTION('',(0.,-1.,0.));
#9909 = ORIENTED_EDGE('',*,*,#9910,.T.);
#9910 = EDGE_CURVE('',#9903,#9911,#9913,.T.);
#9911 = VERTEX_POINT('',#9912);
#9912 = CARTESIAN_POINT('',(59.748520761018,-20.30991037458,0.));
#9913 = LINE('',#9914,#9915);
#9914 = CARTESIAN_POINT('',(82.098040761018,-18.30991037458,0.));
#9915 = VECTOR('',#9916,1.);
#9916 = DIRECTION('',(-0.996019892975,-8.913121113783E-02,0.));
#9917 = ORIENTED_EDGE('',*,*,#9918,.F.);
#9918 = EDGE_CURVE('',#9919,#9911,#9921,.T.);
#9919 = VERTEX_POINT('',#9920);
#9920 = CARTESIAN_POINT('',(56.56048,-23.79598,0.));
#9921 = CIRCLE('',#9922,3.5);
#9922 = AXIS2_PLACEMENT_3D('',#9923,#9924,#9925);
#9923 = CARTESIAN_POINT('',(60.06048,-23.79598,0.));
#9924 = DIRECTION('',(-0.,-0.,-1.));
#9925 = DIRECTION('',(0.,-1.,0.));
#9926 = ORIENTED_EDGE('',*,*,#9927,.T.);
#9927 = EDGE_CURVE('',#9919,#9928,#9930,.T.);
#9928 = VERTEX_POINT('',#9929);
#9929 = CARTESIAN_POINT('',(56.56048,-24.66878022161,0.));
#9930 = LINE('',#9931,#9932);
#9931 = CARTESIAN_POINT('',(56.56048,-23.79598,0.));
#9932 = VECTOR('',#9933,1.);
#9933 = DIRECTION('',(0.,-1.,0.));
#9934 = ORIENTED_EDGE('',*,*,#9935,.T.);
#9935 = EDGE_CURVE('',#9928,#9936,#9938,.T.);
#9936 = VERTEX_POINT('',#9937);
#9937 = CARTESIAN_POINT('',(17.141567031585,-31.75116009361,0.));
#9938 = LINE('',#9939,#9940);
#9939 = CARTESIAN_POINT('',(59.441547031585,-24.15114009361,0.));
#9940 = VECTOR('',#9941,1.);
#9941 = DIRECTION('',(-0.984239973252,-0.176837990976,0.));
#9942 = ORIENTED_EDGE('',*,*,#9943,.F.);
#9943 = EDGE_CURVE('',#9944,#9936,#9946,.T.);
#9944 = VERTEX_POINT('',#9945);
#9945 = CARTESIAN_POINT('',(14.312994341823,-35.7999078877,0.));
#9946 = CIRCLE('',#9947,3.5);
#9947 = AXIS2_PLACEMENT_3D('',#9948,#9949,#9950);
#9948 = CARTESIAN_POINT('',(17.7605,-35.196,0.));
#9949 = DIRECTION('',(0.,-0.,-1.));
#9950 = DIRECTION('',(0.172545110774,-0.985001616622,0.));
#9951 = ORIENTED_EDGE('',*,*,#9952,.T.);
#9952 = EDGE_CURVE('',#9944,#9953,#9955,.T.);
#9953 = VERTEX_POINT('',#9954);
#9954 = CARTESIAN_POINT('',(15.227394341823,-41.0199078877,0.));
#9955 = LINE('',#9956,#9957);
#9956 = CARTESIAN_POINT('',(14.312994341823,-35.7999078877,0.));
#9957 = VECTOR('',#9958,1.);
#9958 = DIRECTION('',(0.172545110774,-0.985001616622,0.));
#9959 = ORIENTED_EDGE('',*,*,#9960,.F.);
#9960 = EDGE_CURVE('',#9961,#9953,#9963,.T.);
#9961 = VERTEX_POINT('',#9962);
#9962 = CARTESIAN_POINT('',(15.227400740074,-41.01994441201,0.));
#9963 = CIRCLE('',#9964,3.5);
#9964 = AXIS2_PLACEMENT_3D('',#9965,#9966,#9967);
#9965 = CARTESIAN_POINT('',(18.6749,-40.416,0.));
#9966 = DIRECTION('',(0.,-0.,-1.));
#9967 = DIRECTION('',(0.172555546291,-0.98499978855,0.));
#9968 = ORIENTED_EDGE('',*,*,#9969,.T.);
#9969 = EDGE_CURVE('',#9961,#9970,#9972,.T.);
#9970 = VERTEX_POINT('',#9971);
#9971 = CARTESIAN_POINT('',(16.27850034719,-47.01994216931,0.));
#9972 = LINE('',#9973,#9974);
#9973 = CARTESIAN_POINT('',(15.227400740074,-41.01994441201,0.));
#9974 = VECTOR('',#9975,1.);
#9975 = DIRECTION('',(0.172555546291,-0.98499978855,0.));
#9976 = ORIENTED_EDGE('',*,*,#9977,.T.);
#9977 = EDGE_CURVE('',#9970,#9978,#9980,.T.);
#9978 = VERTEX_POINT('',#9979);
#9979 = CARTESIAN_POINT('',(18.107399954304,-57.45993992658,0.));
#9980 = LINE('',#9981,#9982);
#9981 = CARTESIAN_POINT('',(16.278499954304,-47.01993992658,0.));
#9982 = VECTOR('',#9983,1.);
#9983 = DIRECTION('',(0.172554264739,-0.985000013056,0.));
#9984 = ORIENTED_EDGE('',*,*,#9985,.F.);
#9985 = EDGE_CURVE('',#9986,#9978,#9988,.T.);
#9986 = VERTEX_POINT('',#9987);
#9987 = CARTESIAN_POINT('',(18.107400740074,-57.45994441201,0.));
#9988 = CIRCLE('',#9989,3.5);
#9989 = AXIS2_PLACEMENT_3D('',#9990,#9991,#9992);
#9990 = CARTESIAN_POINT('',(21.5549,-56.856,0.));
#9991 = DIRECTION('',(0.,-0.,-1.));
#9992 = DIRECTION('',(0.172555546291,-0.98499978855,0.));
#9993 = ORIENTED_EDGE('',*,*,#9994,.T.);
#9994 = EDGE_CURVE('',#9986,#9995,#9997,.T.);
#9995 = VERTEX_POINT('',#9996);
#9996 = CARTESIAN_POINT('',(19.158500740074,-63.45994441201,0.));
#9997 = LINE('',#9998,#9999);
#9998 = CARTESIAN_POINT('',(18.107400740074,-57.45994441201,0.));
#9999 = VECTOR('',#10000,1.);
#10000 = DIRECTION('',(0.172555546291,-0.98499978855,0.));
#10001 = ORIENTED_EDGE('',*,*,#10002,.F.);
#10002 = EDGE_CURVE('',#10003,#9995,#10005,.T.);
#10003 = VERTEX_POINT('',#10004);
#10004 = CARTESIAN_POINT('',(19.15850126544,-63.45994741096,0.));
#10005 = CIRCLE('',#10006,3.5);
#10006 = AXIS2_PLACEMENT_3D('',#10007,#10008,#10009);
#10007 = CARTESIAN_POINT('',(22.606,-62.856,0.));
#10008 = DIRECTION('',(0.,-0.,-1.));
#10009 = DIRECTION('',(0.172556403132,-0.984999638446,0.));
#10010 = ORIENTED_EDGE('',*,*,#10011,.T.);
#10011 = EDGE_CURVE('',#10003,#10012,#10014,.T.);
#10012 = VERTEX_POINT('',#10013);
#10013 = CARTESIAN_POINT('',(23.91300126544,-90.59994741096,0.));
#10014 = LINE('',#10015,#10016);
#10015 = CARTESIAN_POINT('',(19.15850126544,-63.45994741096,0.));
#10016 = VECTOR('',#10017,1.);
#10017 = DIRECTION('',(0.172556403132,-0.984999638446,0.));
#10018 = ORIENTED_EDGE('',*,*,#10019,.F.);
#10019 = EDGE_CURVE('',#10020,#10012,#10022,.T.);
#10020 = VERTEX_POINT('',#10021);
#10021 = CARTESIAN_POINT('',(27.977268464031,-93.4412281001,0.));
#10022 = CIRCLE('',#10023,3.5);
#10023 = AXIS2_PLACEMENT_3D('',#10024,#10025,#10026);
#10024 = CARTESIAN_POINT('',(27.3605,-89.996,0.));
#10025 = DIRECTION('',(0.,0.,-1.));
#10026 = DIRECTION('',(0.984350885745,0.176219561152,0.));
#10027 = ORIENTED_EDGE('',*,*,#10028,.T.);
#10028 = EDGE_CURVE('',#10020,#10029,#10031,.T.);
#10029 = VERTEX_POINT('',#10030);
#10030 = CARTESIAN_POINT('',(80.090200951293,-84.11191451262,0.));
#10031 = LINE('',#10032,#10033);
#10032 = CARTESIAN_POINT('',(27.977268464031,-93.4412281001,0.));
#10033 = VECTOR('',#10034,1.);
#10034 = DIRECTION('',(0.984350885745,0.176219561152,0.));
#10035 = ORIENTED_EDGE('',*,*,#10036,.T.);
#10036 = EDGE_CURVE('',#10029,#10037,#10039,.T.);
#10037 = VERTEX_POINT('',#10038);
#10038 = CARTESIAN_POINT('',(89.478537440338,-96.98581571904,0.));
#10039 = LINE('',#10040,#10041);
#10040 = CARTESIAN_POINT('',(78.935643440338,-82.52870971904,0.));
#10041 = VECTOR('',#10042,1.);
#10042 = DIRECTION('',(0.589217919728,-0.807974159904,0.));
#10043 = ORIENTED_EDGE('',*,*,#10044,.F.);
#10044 = EDGE_CURVE('',#10045,#10037,#10047,.T.);
#10045 = VERTEX_POINT('',#10046);
#10046 = CARTESIAN_POINT('',(89.831555016265,-97.39840848443,0.));
#10047 = CIRCLE('',#10048,3.5);
#10048 = AXIS2_PLACEMENT_3D('',#10049,#10050,#10051);
#10049 = CARTESIAN_POINT('',(92.306447,-94.923553,0.));
#10050 = DIRECTION('',(0.,-0.,-1.));
#10051 = DIRECTION('',(0.707101566982,-0.707111995353,0.));
#10052 = ORIENTED_EDGE('',*,*,#10053,.T.);
#10053 = EDGE_CURVE('',#10045,#10054,#10056,.T.);
#10054 = VERTEX_POINT('',#10055);
#10055 = CARTESIAN_POINT('',(92.325784707232,-98.55601323373,0.));
#10056 = CIRCLE('',#10057,3.999992432518);
#10057 = AXIS2_PLACEMENT_3D('',#10058,#10059,#10060);
#10058 = CARTESIAN_POINT('',(92.659997646619,-94.57000756748,0.));
#10059 = DIRECTION('',(-0.,0.,1.));
#10060 = DIRECTION('',(4.706832625491E-06,-0.999999999989,0.));
#10061 = ORIENTED_EDGE('',*,*,#10062,.T.);
#10062 = EDGE_CURVE('',#10054,#10063,#10065,.T.);
#10063 = VERTEX_POINT('',#10064);
#10064 = CARTESIAN_POINT('',(128.73651157065,-103.2925569727,0.));
#10065 = LINE('',#10066,#10067);
#10066 = CARTESIAN_POINT('',(92.208501491076,-98.54075627154,0.));
#10067 = VECTOR('',#10068,1.);
#10068 = DIRECTION('',(0.991644649012,-0.128999573978,0.));
#10069 = ORIENTED_EDGE('',*,*,#10070,.T.);
#10070 = EDGE_CURVE('',#10063,#10071,#10073,.T.);
#10071 = VERTEX_POINT('',#10072);
#10072 = CARTESIAN_POINT('',(143.71828180388,-111.9991606494,0.));
#10073 = LINE('',#10074,#10075);
#10074 = CARTESIAN_POINT('',(128.22639118105,-102.9961022821,0.));
#10075 = VECTOR('',#10076,1.);
#10076 = DIRECTION('',(0.864600652038,-0.502459662555,0.));
#10077 = ORIENTED_EDGE('',*,*,#10078,.T.);
#10078 = EDGE_CURVE('',#10071,#10079,#10081,.T.);
#10079 = VERTEX_POINT('',#10080);
#10080 = CARTESIAN_POINT('',(155.85961908401,-123.9769347406,0.));
#10081 = LINE('',#10082,#10083);
#10082 = CARTESIAN_POINT('',(143.40244608401,-111.6875797406,0.));
#10083 = VECTOR('',#10084,1.);
#10084 = DIRECTION('',(0.711885640199,-0.702295404568,0.));
#10085 = ORIENTED_EDGE('',*,*,#10086,.F.);
#10086 = EDGE_CURVE('',#10087,#10079,#10089,.T.);
#10087 = VERTEX_POINT('',#10088);
#10088 = CARTESIAN_POINT('',(156.36173428294,-124.3878135911,0.));
#10089 = CIRCLE('',#10090,3.5);
#10090 = AXIS2_PLACEMENT_3D('',#10091,#10092,#10093);
#10091 = CARTESIAN_POINT('',(158.317653,-121.485335,0.));
#10092 = DIRECTION('',(0.,-0.,-1.));
#10093 = DIRECTION('',(0.829279597481,-0.558833919158,0.));
#10094 = ORIENTED_EDGE('',*,*,#10095,.T.);
#10095 = EDGE_CURVE('',#10087,#10096,#10098,.T.);
#10096 = VERTEX_POINT('',#10097);
#10097 = CARTESIAN_POINT('',(162.88966567078,-123.4115588433,0.));
#10098 = CIRCLE('',#10099,4.88679886816);
#10099 = AXIS2_PLACEMENT_3D('',#10100,#10101,#10102);
#10100 = CARTESIAN_POINT('',(159.09264324657,-120.3352909928,0.));
#10101 = DIRECTION('',(-0.,0.,1.));
#10102 = DIRECTION('',(0.83142680593,-0.555634291941,0.));
#10103 = ORIENTED_EDGE('',*,*,#10104,.T.);
#10104 = EDGE_CURVE('',#10096,#10105,#10107,.T.);
#10105 = VERTEX_POINT('',#10106);
#10106 = CARTESIAN_POINT('',(189.42558765949,-96.8706197867,0.));
#10107 = LINE('',#10108,#10109);
#10108 = CARTESIAN_POINT('',(162.72077265949,-123.5804837867,0.));
#10109 = VECTOR('',#10110,1.);
#10110 = DIRECTION('',(0.707039939058,0.707173616997,0.));
#10111 = ORIENTED_EDGE('',*,*,#10112,.F.);
#10112 = EDGE_CURVE('',#10113,#10105,#10115,.T.);
#10113 = VERTEX_POINT('',#10114);
#10114 = CARTESIAN_POINT('',(190.45047940294,-94.39802435347,0.));
#10115 = CIRCLE('',#10116,3.5);
#10116 = AXIS2_PLACEMENT_3D('',#10117,#10118,#10119);
#10117 = CARTESIAN_POINT('',(186.95048,-94.39598,0.));
#10118 = DIRECTION('',(0.,0.,-1.));
#10119 = DIRECTION('',(5.841009931167E-04,0.999999829413,0.));
#10120 = ORIENTED_EDGE('',*,*,#10121,.T.);
#10121 = EDGE_CURVE('',#10113,#10122,#10124,.T.);
#10122 = VERTEX_POINT('',#10123);
#10123 = CARTESIAN_POINT('',(190.45479940294,-87.00204435347,0.));
#10124 = LINE('',#10125,#10126);
#10125 = CARTESIAN_POINT('',(190.45479940294,-87.00204435347,0.));
#10126 = VECTOR('',#10127,1.);
#10127 = DIRECTION('',(5.841009931167E-04,0.999999829413,0.));
#10128 = ORIENTED_EDGE('',*,*,#10129,.F.);
#10129 = EDGE_CURVE('',#10130,#10122,#10132,.T.);
#10130 = VERTEX_POINT('',#10131);
#10131 = CARTESIAN_POINT('',(190.45479897138,-86.99731666745,0.));
#10132 = CIRCLE('',#10133,3.5);
#10133 = AXIS2_PLACEMENT_3D('',#10134,#10135,#10136);
#10134 = CARTESIAN_POINT('',(186.9548,-87.,0.));
#10135 = DIRECTION('',(0.,0.,-1.));
#10136 = DIRECTION('',(-7.666664413537E-04,0.999999706111,0.));
#10137 = ORIENTED_EDGE('',*,*,#10138,.T.);
#10138 = EDGE_CURVE('',#10130,#10139,#10141,.T.);
#10139 = VERTEX_POINT('',#10140);
#10140 = CARTESIAN_POINT('',(190.4524835824,-83.97724408202,0.));
#10141 = LINE('',#10142,#10143);
#10142 = CARTESIAN_POINT('',(190.45019897138,-80.99731666745,0.));
#10143 = VECTOR('',#10144,1.);
#10144 = DIRECTION('',(-7.666664413537E-04,0.999999706111,0.));
#10145 = ORIENTED_EDGE('',*,*,#10146,.T.);
#10146 = EDGE_CURVE('',#10139,#10147,#10149,.T.);
#10147 = VERTEX_POINT('',#10148);
#10148 = CARTESIAN_POINT('',(176.86288085096,-83.98767331203,0.));
#10149 = LINE('',#10150,#10151);
#10150 = CARTESIAN_POINT('',(142.67105798494,-84.01391354818,0.));
#10151 = VECTOR('',#10152,1.);
#10152 = DIRECTION('',(-0.999999705517,-7.674416345632E-04,0.));
#10153 = ORIENTED_EDGE('',*,*,#10154,.T.);
#10154 = EDGE_CURVE('',#10147,#10155,#10157,.T.);
#10155 = VERTEX_POINT('',#10156);
#10156 = CARTESIAN_POINT('',(176.8571250387,-76.48767552065,0.));
#10157 = LINE('',#10158,#10159);
#10158 = CARTESIAN_POINT('',(176.85424249565,-72.73163458247,0.));
#10159 = VECTOR('',#10160,1.);
#10160 = DIRECTION('',(-7.674416345632E-04,0.999999705517,0.));
#10161 = ORIENTED_EDGE('',*,*,#10162,.F.);
#10162 = EDGE_CURVE('',#10163,#10155,#10165,.T.);
#10163 = VERTEX_POINT('',#10164);
#10164 = CARTESIAN_POINT('',(190.44673008017,-76.47724628888,0.));
#10165 = LINE('',#10166,#10167);
#10166 = CARTESIAN_POINT('',(142.66530217268,-76.51391575681,0.));
#10167 = VECTOR('',#10168,1.);
#10168 = DIRECTION('',(-0.999999705517,-7.674416345632E-04,0.));
#10169 = ORIENTED_EDGE('',*,*,#10170,.T.);
#10170 = EDGE_CURVE('',#10163,#10171,#10173,.T.);
#10171 = VERTEX_POINT('',#10172);
#10172 = CARTESIAN_POINT('',(190.41719897034,-37.99731531107,0.));
#10173 = LINE('',#10174,#10175);
#10174 = CARTESIAN_POINT('',(190.4171989693,-37.99731395427,0.));
#10175 = VECTOR('',#10176,1.);
#10176 = DIRECTION('',(-7.674416344659E-04,0.999999705517,0.));
#10177 = ORIENTED_EDGE('',*,*,#10178,.T.);
#10178 = EDGE_CURVE('',#10171,#10179,#10181,.T.);
#10179 = VERTEX_POINT('',#10180);
#10180 = CARTESIAN_POINT('',(190.41259897138,-31.99731666745,0.));
#10181 = LINE('',#10182,#10183);
#10182 = CARTESIAN_POINT('',(190.41259897138,-31.99731666745,0.));
#10183 = VECTOR('',#10184,1.);
#10184 = DIRECTION('',(-7.666664413537E-04,0.999999706111,0.));
#10185 = ORIENTED_EDGE('',*,*,#10186,.F.);
#10186 = EDGE_CURVE('',#10187,#10179,#10189,.T.);
#10187 = VERTEX_POINT('',#10188);
#10188 = CARTESIAN_POINT('',(190.41259895492,-31.9972952828,0.));
#10189 = CIRCLE('',#10190,3.5);
#10190 = AXIS2_PLACEMENT_3D('',#10191,#10192,#10193);
#10191 = CARTESIAN_POINT('',(186.9126,-32.,0.));
#10192 = DIRECTION('',(0.,0.,-1.));
#10193 = DIRECTION('',(-7.727763419221E-04,0.999999701408,0.));
#10194 = ORIENTED_EDGE('',*,*,#10195,.T.);
#10195 = EDGE_CURVE('',#10187,#9292,#10196,.T.);
#10196 = LINE('',#10197,#10198);
#10197 = CARTESIAN_POINT('',(190.40689895492,-24.6212952828,0.));
#10198 = VECTOR('',#10199,1.);
#10199 = DIRECTION('',(-7.727763419221E-04,0.999999701408,0.));
#10200 = FACE_BOUND('',#10201,.T.);
#10201 = EDGE_LOOP('',(#10202));
#10202 = ORIENTED_EDGE('',*,*,#10203,.F.);
#10203 = EDGE_CURVE('',#10204,#10204,#10206,.T.);
#10204 = VERTEX_POINT('',#10205);
#10205 = CARTESIAN_POINT('',(45.25048,-68.22598,0.));
#10206 = CIRCLE('',#10207,1.6);
#10207 = AXIS2_PLACEMENT_3D('',#10208,#10209,#10210);
#10208 = CARTESIAN_POINT('',(43.65048,-68.22598,0.));
#10209 = DIRECTION('',(0.,0.,1.));
#10210 = DIRECTION('',(1.,0.,0.));
#10211 = FACE_BOUND('',#10212,.T.);
#10212 = EDGE_LOOP('',(#10213));
#10213 = ORIENTED_EDGE('',*,*,#10214,.F.);
#10214 = EDGE_CURVE('',#10215,#10215,#10217,.T.);
#10215 = VERTEX_POINT('',#10216);
#10216 = CARTESIAN_POINT('',(159.45048,-94.02598,0.));
#10217 = CIRCLE('',#10218,1.6);
#10218 = AXIS2_PLACEMENT_3D('',#10219,#10220,#10221);
#10219 = CARTESIAN_POINT('',(157.85048,-94.02598,0.));
#10220 = DIRECTION('',(0.,0.,1.));
#10221 = DIRECTION('',(1.,0.,0.));
#10222 = FACE_BOUND('',#10223,.T.);
#10223 = EDGE_LOOP('',(#10224));
#10224 = ORIENTED_EDGE('',*,*,#10225,.F.);
#10225 = EDGE_CURVE('',#10226,#10226,#10228,.T.);
#10226 = VERTEX_POINT('',#10227);
#10227 = CARTESIAN_POINT('',(41.85048,-49.62598,0.));
#10228 = CIRCLE('',#10229,1.6);
#10229 = AXIS2_PLACEMENT_3D('',#10230,#10231,#10232);
#10230 = CARTESIAN_POINT('',(40.25048,-49.62598,0.));
#10231 = DIRECTION('',(0.,0.,1.));
#10232 = DIRECTION('',(1.,0.,0.));
#10233 = FACE_BOUND('',#10234,.T.);
#10234 = EDGE_LOOP('',(#10235));
#10235 = ORIENTED_EDGE('',*,*,#10236,.F.);
#10236 = EDGE_CURVE('',#10237,#10237,#10239,.T.);
#10237 = VERTEX_POINT('',#10238);
#10238 = CARTESIAN_POINT('',(141.05048,-40.32598,0.));
#10239 = CIRCLE('',#10240,1.6);
#10240 = AXIS2_PLACEMENT_3D('',#10241,#10242,#10243);
#10241 = CARTESIAN_POINT('',(139.45048,-40.32598,0.));
#10242 = DIRECTION('',(0.,0.,1.));
#10243 = DIRECTION('',(1.,0.,0.));
#10244 = PLANE('',#10245);
#10245 = AXIS2_PLACEMENT_3D('',#10246,#10247,#10248);
#10246 = CARTESIAN_POINT('',(108.46195840831,-61.52807632523,0.));
#10247 = DIRECTION('',(0.,0.,1.));
#10248 = DIRECTION('',(1.,0.,0.));
#10249 = ADVANCED_FACE('',(#10250),#10261,.F.);
#10250 = FACE_BOUND('',#10251,.F.);
#10251 = EDGE_LOOP('',(#10252,#10258,#10259,#10260));
#10252 = ORIENTED_EDGE('',*,*,#10253,.T.);
#10253 = EDGE_CURVE('',#9737,#10187,#10254,.T.);
#10254 = LINE('',#10255,#10256);
#10255 = CARTESIAN_POINT('',(190.41259895492,-31.9972952828,-2.));
#10256 = VECTOR('',#10257,1.);
#10257 = DIRECTION('',(0.,0.,1.));
#10258 = ORIENTED_EDGE('',*,*,#10195,.T.);
#10259 = ORIENTED_EDGE('',*,*,#9289,.F.);
#10260 = ORIENTED_EDGE('',*,*,#9745,.F.);
#10261 = PLANE('',#10262);
#10262 = AXIS2_PLACEMENT_3D('',#10263,#10264,#10265);
#10263 = CARTESIAN_POINT('',(190.41259895492,-31.9972952828,-2.));
#10264 = DIRECTION('',(-0.999999701408,-7.727763419221E-04,0.));
#10265 = DIRECTION('',(-7.727763419221E-04,0.999999701408,0.));
#10266 = ADVANCED_FACE('',(#10267),#10278,.T.);
#10267 = FACE_BOUND('',#10268,.T.);
#10268 = EDGE_LOOP('',(#10269,#10275,#10276,#10277));
#10269 = ORIENTED_EDGE('',*,*,#10270,.T.);
#10270 = EDGE_CURVE('',#9357,#9807,#10271,.T.);
#10271 = LINE('',#10272,#10273);
#10272 = CARTESIAN_POINT('',(158.05824709399,-18.29598071226,-2.));
#10273 = VECTOR('',#10274,1.);
#10274 = DIRECTION('',(0.,0.,1.));
#10275 = ORIENTED_EDGE('',*,*,#9806,.T.);
#10276 = ORIENTED_EDGE('',*,*,#9331,.F.);
#10277 = ORIENTED_EDGE('',*,*,#9356,.F.);
#10278 = CYLINDRICAL_SURFACE('',#10279,3.5);
#10279 = AXIS2_PLACEMENT_3D('',#10280,#10281,#10282);
#10280 = CARTESIAN_POINT('',(158.06048,-21.79598,-2.));
#10281 = DIRECTION('',(0.,0.,-1.));
#10282 = DIRECTION('',(-0.999999796495,-6.37973144348E-04,0.));
#10283 = ADVANCED_FACE('',(#10284),#10295,.T.);
#10284 = FACE_BOUND('',#10285,.T.);
#10285 = EDGE_LOOP('',(#10286,#10287,#10288,#10294));
#10286 = ORIENTED_EDGE('',*,*,#10253,.T.);
#10287 = ORIENTED_EDGE('',*,*,#10186,.T.);
#10288 = ORIENTED_EDGE('',*,*,#10289,.F.);
#10289 = EDGE_CURVE('',#9729,#10179,#10290,.T.);
#10290 = LINE('',#10291,#10292);
#10291 = CARTESIAN_POINT('',(190.41259897138,-31.99731666745,-2.));
#10292 = VECTOR('',#10293,1.);
#10293 = DIRECTION('',(0.,0.,1.));
#10294 = ORIENTED_EDGE('',*,*,#9736,.F.);
#10295 = CYLINDRICAL_SURFACE('',#10296,3.5);
#10296 = AXIS2_PLACEMENT_3D('',#10297,#10298,#10299);
#10297 = CARTESIAN_POINT('',(186.9126,-32.,-2.));
#10298 = DIRECTION('',(0.,0.,-1.));
#10299 = DIRECTION('',(-7.727763419221E-04,0.999999701408,0.));
#10300 = ADVANCED_FACE('',(#10301),#10312,.F.);
#10301 = FACE_BOUND('',#10302,.F.);
#10302 = EDGE_LOOP('',(#10303,#10309,#10310,#10311));
#10303 = ORIENTED_EDGE('',*,*,#10304,.T.);
#10304 = EDGE_CURVE('',#9721,#10171,#10305,.T.);
#10305 = LINE('',#10306,#10307);
#10306 = CARTESIAN_POINT('',(190.41719897034,-37.99731531107,-2.));
#10307 = VECTOR('',#10308,1.);
#10308 = DIRECTION('',(0.,0.,1.));
#10309 = ORIENTED_EDGE('',*,*,#10178,.T.);
#10310 = ORIENTED_EDGE('',*,*,#10289,.F.);
#10311 = ORIENTED_EDGE('',*,*,#9728,.F.);
#10312 = PLANE('',#10313);
#10313 = AXIS2_PLACEMENT_3D('',#10314,#10315,#10316);
#10314 = CARTESIAN_POINT('',(190.41719897034,-37.99731531107,-2.));
#10315 = DIRECTION('',(-0.999999706111,-7.666664413537E-04,0.));
#10316 = DIRECTION('',(-7.666664413537E-04,0.999999706111,0.));
#10317 = ADVANCED_FACE('',(#10318),#10329,.F.);
#10318 = FACE_BOUND('',#10319,.F.);
#10319 = EDGE_LOOP('',(#10320,#10321,#10327,#10328));
#10320 = ORIENTED_EDGE('',*,*,#9720,.F.);
#10321 = ORIENTED_EDGE('',*,*,#10322,.F.);
#10322 = EDGE_CURVE('',#10163,#9713,#10323,.T.);
#10323 = LINE('',#10324,#10325);
#10324 = CARTESIAN_POINT('',(190.44673008017,-76.47724628888,-2.5));
#10325 = VECTOR('',#10326,1.);
#10326 = DIRECTION('',(0.,0.,-1.));
#10327 = ORIENTED_EDGE('',*,*,#10170,.T.);
#10328 = ORIENTED_EDGE('',*,*,#10304,.F.);
#10329 = PLANE('',#10330);
#10330 = AXIS2_PLACEMENT_3D('',#10331,#10332,#10333);
#10331 = CARTESIAN_POINT('',(190.4501989693,-80.99731395427,-2.));
#10332 = DIRECTION('',(-0.999999705517,-7.674416344659E-04,0.));
#10333 = DIRECTION('',(-7.674416344659E-04,0.999999705517,0.));
#10334 = ADVANCED_FACE('',(#10335),#10346,.F.);
#10335 = FACE_BOUND('',#10336,.F.);
#10336 = EDGE_LOOP('',(#10337,#10338,#10344,#10345));
#10337 = ORIENTED_EDGE('',*,*,#9712,.T.);
#10338 = ORIENTED_EDGE('',*,*,#10339,.T.);
#10339 = EDGE_CURVE('',#9705,#10155,#10340,.T.);
#10340 = LINE('',#10341,#10342);
#10341 = CARTESIAN_POINT('',(176.8571250387,-76.48767552065,-3.));
#10342 = VECTOR('',#10343,1.);
#10343 = DIRECTION('',(0.,0.,1.));
#10344 = ORIENTED_EDGE('',*,*,#10162,.F.);
#10345 = ORIENTED_EDGE('',*,*,#10322,.T.);
#10346 = PLANE('',#10347);
#10347 = AXIS2_PLACEMENT_3D('',#10348,#10349,#10350);
#10348 = CARTESIAN_POINT('',(176.8571250387,-76.48767552065,-3.));
#10349 = DIRECTION('',(-7.674416345632E-04,0.999999705517,0.));
#10350 = DIRECTION('',(0.,0.,1.));
#10351 = ADVANCED_FACE('',(#10352),#10363,.T.);
#10352 = FACE_BOUND('',#10353,.T.);
#10353 = EDGE_LOOP('',(#10354,#10360,#10361,#10362));
#10354 = ORIENTED_EDGE('',*,*,#10355,.F.);
#10355 = EDGE_CURVE('',#9697,#10147,#10356,.T.);
#10356 = LINE('',#10357,#10358);
#10357 = CARTESIAN_POINT('',(176.86288085096,-83.98767331203,-3.));
#10358 = VECTOR('',#10359,1.);
#10359 = DIRECTION('',(0.,0.,1.));
#10360 = ORIENTED_EDGE('',*,*,#9704,.T.);
#10361 = ORIENTED_EDGE('',*,*,#10339,.T.);
#10362 = ORIENTED_EDGE('',*,*,#10154,.F.);
#10363 = PLANE('',#10364);
#10364 = AXIS2_PLACEMENT_3D('',#10365,#10366,#10367);
#10365 = CARTESIAN_POINT('',(176.86288085096,-83.98767331203,-3.));
#10366 = DIRECTION('',(0.999999705517,7.674416345632E-04,0.));
#10367 = DIRECTION('',(0.,0.,1.));
#10368 = ADVANCED_FACE('',(#10369),#10380,.T.);
#10369 = FACE_BOUND('',#10370,.T.);
#10370 = EDGE_LOOP('',(#10371,#10372,#10373,#10374));
#10371 = ORIENTED_EDGE('',*,*,#9696,.T.);
#10372 = ORIENTED_EDGE('',*,*,#10355,.T.);
#10373 = ORIENTED_EDGE('',*,*,#10146,.F.);
#10374 = ORIENTED_EDGE('',*,*,#10375,.T.);
#10375 = EDGE_CURVE('',#10139,#9689,#10376,.T.);
#10376 = LINE('',#10377,#10378);
#10377 = CARTESIAN_POINT('',(190.4524835824,-83.97724408202,-2.5));
#10378 = VECTOR('',#10379,1.);
#10379 = DIRECTION('',(0.,0.,-1.));
#10380 = PLANE('',#10381);
#10381 = AXIS2_PLACEMENT_3D('',#10382,#10383,#10384);
#10382 = CARTESIAN_POINT('',(176.86288085096,-83.98767331203,-3.));
#10383 = DIRECTION('',(-7.674416345632E-04,0.999999705517,0.));
#10384 = DIRECTION('',(0.,0.,1.));
#10385 = ADVANCED_FACE('',(#10386),#10397,.F.);
#10386 = FACE_BOUND('',#10387,.F.);
#10387 = EDGE_LOOP('',(#10388,#10389,#10395,#10396));
#10388 = ORIENTED_EDGE('',*,*,#9688,.F.);
#10389 = ORIENTED_EDGE('',*,*,#10390,.T.);
#10390 = EDGE_CURVE('',#9680,#10130,#10391,.T.);
#10391 = LINE('',#10392,#10393);
#10392 = CARTESIAN_POINT('',(190.45479897138,-86.99731666745,-2.));
#10393 = VECTOR('',#10394,1.);
#10394 = DIRECTION('',(0.,0.,1.));
#10395 = ORIENTED_EDGE('',*,*,#10138,.T.);
#10396 = ORIENTED_EDGE('',*,*,#10375,.T.);
#10397 = PLANE('',#10398);
#10398 = AXIS2_PLACEMENT_3D('',#10399,#10400,#10401);
#10399 = CARTESIAN_POINT('',(190.45479897138,-86.99731666745,-2.));
#10400 = DIRECTION('',(-0.999999706111,-7.666664413537E-04,0.));
#10401 = DIRECTION('',(-7.666664413537E-04,0.999999706111,0.));
#10402 = ADVANCED_FACE('',(#10403),#10414,.T.);
#10403 = FACE_BOUND('',#10404,.T.);
#10404 = EDGE_LOOP('',(#10405,#10406,#10407,#10413));
#10405 = ORIENTED_EDGE('',*,*,#10390,.T.);
#10406 = ORIENTED_EDGE('',*,*,#10129,.T.);
#10407 = ORIENTED_EDGE('',*,*,#10408,.F.);
#10408 = EDGE_CURVE('',#9672,#10122,#10409,.T.);
#10409 = LINE('',#10410,#10411);
#10410 = CARTESIAN_POINT('',(190.45479940294,-87.00204435347,-2.));
#10411 = VECTOR('',#10412,1.);
#10412 = DIRECTION('',(0.,0.,1.));
#10413 = ORIENTED_EDGE('',*,*,#9679,.F.);
#10414 = CYLINDRICAL_SURFACE('',#10415,3.5);
#10415 = AXIS2_PLACEMENT_3D('',#10416,#10417,#10418);
#10416 = CARTESIAN_POINT('',(186.9548,-87.,-2.));
#10417 = DIRECTION('',(0.,0.,-1.));
#10418 = DIRECTION('',(-7.666664413537E-04,0.999999706111,0.));
#10419 = ADVANCED_FACE('',(#10420),#10431,.F.);
#10420 = FACE_BOUND('',#10421,.F.);
#10421 = EDGE_LOOP('',(#10422,#10428,#10429,#10430));
#10422 = ORIENTED_EDGE('',*,*,#10423,.T.);
#10423 = EDGE_CURVE('',#9663,#10113,#10424,.T.);
#10424 = LINE('',#10425,#10426);
#10425 = CARTESIAN_POINT('',(190.45047940294,-94.39802435347,-2.));
#10426 = VECTOR('',#10427,1.);
#10427 = DIRECTION('',(0.,0.,1.));
#10428 = ORIENTED_EDGE('',*,*,#10121,.T.);
#10429 = ORIENTED_EDGE('',*,*,#10408,.F.);
#10430 = ORIENTED_EDGE('',*,*,#9671,.F.);
#10431 = PLANE('',#10432);
#10432 = AXIS2_PLACEMENT_3D('',#10433,#10434,#10435);
#10433 = CARTESIAN_POINT('',(190.45047940294,-94.39802435347,-2.));
#10434 = DIRECTION('',(-0.999999829413,5.841009931167E-04,0.));
#10435 = DIRECTION('',(5.841009931167E-04,0.999999829413,0.));
#10436 = ADVANCED_FACE('',(#10437),#10448,.T.);
#10437 = FACE_BOUND('',#10438,.T.);
#10438 = EDGE_LOOP('',(#10439,#10440,#10441,#10447));
#10439 = ORIENTED_EDGE('',*,*,#10423,.T.);
#10440 = ORIENTED_EDGE('',*,*,#10112,.T.);
#10441 = ORIENTED_EDGE('',*,*,#10442,.F.);
#10442 = EDGE_CURVE('',#9655,#10105,#10443,.T.);
#10443 = LINE('',#10444,#10445);
#10444 = CARTESIAN_POINT('',(189.42558765949,-96.8706197867,-2.));
#10445 = VECTOR('',#10446,1.);
#10446 = DIRECTION('',(0.,0.,1.));
#10447 = ORIENTED_EDGE('',*,*,#9662,.F.);
#10448 = CYLINDRICAL_SURFACE('',#10449,3.5);
#10449 = AXIS2_PLACEMENT_3D('',#10450,#10451,#10452);
#10450 = CARTESIAN_POINT('',(186.95048,-94.39598,-2.));
#10451 = DIRECTION('',(0.,0.,-1.));
#10452 = DIRECTION('',(5.841009931167E-04,0.999999829413,0.));
#10453 = ADVANCED_FACE('',(#10454),#10465,.F.);
#10454 = FACE_BOUND('',#10455,.F.);
#10455 = EDGE_LOOP('',(#10456,#10462,#10463,#10464));
#10456 = ORIENTED_EDGE('',*,*,#10457,.T.);
#10457 = EDGE_CURVE('',#9646,#10096,#10458,.T.);
#10458 = LINE('',#10459,#10460);
#10459 = CARTESIAN_POINT('',(162.88966567078,-123.4115588433,-2.));
#10460 = VECTOR('',#10461,1.);
#10461 = DIRECTION('',(0.,0.,1.));
#10462 = ORIENTED_EDGE('',*,*,#10104,.T.);
#10463 = ORIENTED_EDGE('',*,*,#10442,.F.);
#10464 = ORIENTED_EDGE('',*,*,#9654,.F.);
#10465 = PLANE('',#10466);
#10466 = AXIS2_PLACEMENT_3D('',#10467,#10468,#10469);
#10467 = CARTESIAN_POINT('',(162.88966567078,-123.4115588433,-2.));
#10468 = DIRECTION('',(-0.707173616997,0.707039939058,0.));
#10469 = DIRECTION('',(0.707039939058,0.707173616997,0.));
#10470 = ADVANCED_FACE('',(#10471),#10482,.T.);
#10471 = FACE_BOUND('',#10472,.F.);
#10472 = EDGE_LOOP('',(#10473,#10479,#10480,#10481));
#10473 = ORIENTED_EDGE('',*,*,#10474,.T.);
#10474 = EDGE_CURVE('',#9637,#10087,#10475,.T.);
#10475 = LINE('',#10476,#10477);
#10476 = CARTESIAN_POINT('',(156.36173428294,-124.3878135911,-2.));
#10477 = VECTOR('',#10478,1.);
#10478 = DIRECTION('',(0.,0.,1.));
#10479 = ORIENTED_EDGE('',*,*,#10095,.T.);
#10480 = ORIENTED_EDGE('',*,*,#10457,.F.);
#10481 = ORIENTED_EDGE('',*,*,#9645,.F.);
#10482 = CYLINDRICAL_SURFACE('',#10483,4.88679886816);
#10483 = AXIS2_PLACEMENT_3D('',#10484,#10485,#10486);
#10484 = CARTESIAN_POINT('',(159.09264324657,-120.3352909928,-2.));
#10485 = DIRECTION('',(0.,0.,-1.));
#10486 = DIRECTION('',(0.83142680593,-0.555634291941,0.));
#10487 = ADVANCED_FACE('',(#10488),#10499,.T.);
#10488 = FACE_BOUND('',#10489,.T.);
#10489 = EDGE_LOOP('',(#10490,#10491,#10492,#10498));
#10490 = ORIENTED_EDGE('',*,*,#10474,.T.);
#10491 = ORIENTED_EDGE('',*,*,#10086,.T.);
#10492 = ORIENTED_EDGE('',*,*,#10493,.F.);
#10493 = EDGE_CURVE('',#9629,#10079,#10494,.T.);
#10494 = LINE('',#10495,#10496);
#10495 = CARTESIAN_POINT('',(155.85961908401,-123.9769347406,-2.));
#10496 = VECTOR('',#10497,1.);
#10497 = DIRECTION('',(0.,0.,1.));
#10498 = ORIENTED_EDGE('',*,*,#9636,.F.);
#10499 = CYLINDRICAL_SURFACE('',#10500,3.5);
#10500 = AXIS2_PLACEMENT_3D('',#10501,#10502,#10503);
#10501 = CARTESIAN_POINT('',(158.317653,-121.485335,-2.));
#10502 = DIRECTION('',(0.,0.,-1.));
#10503 = DIRECTION('',(0.829279597481,-0.558833919158,0.));
#10504 = ADVANCED_FACE('',(#10505),#10516,.F.);
#10505 = FACE_BOUND('',#10506,.F.);
#10506 = EDGE_LOOP('',(#10507,#10513,#10514,#10515));
#10507 = ORIENTED_EDGE('',*,*,#10508,.T.);
#10508 = EDGE_CURVE('',#9621,#10071,#10509,.T.);
#10509 = LINE('',#10510,#10511);
#10510 = CARTESIAN_POINT('',(143.71828180388,-111.9991606494,-2.));
#10511 = VECTOR('',#10512,1.);
#10512 = DIRECTION('',(0.,0.,1.));
#10513 = ORIENTED_EDGE('',*,*,#10078,.T.);
#10514 = ORIENTED_EDGE('',*,*,#10493,.F.);
#10515 = ORIENTED_EDGE('',*,*,#9628,.F.);
#10516 = PLANE('',#10517);
#10517 = AXIS2_PLACEMENT_3D('',#10518,#10519,#10520);
#10518 = CARTESIAN_POINT('',(143.71828180388,-111.9991606494,-2.));
#10519 = DIRECTION('',(0.702295404568,0.711885640199,0.));
#10520 = DIRECTION('',(0.711885640199,-0.702295404568,0.));
#10521 = ADVANCED_FACE('',(#10522),#10533,.F.);
#10522 = FACE_BOUND('',#10523,.F.);
#10523 = EDGE_LOOP('',(#10524,#10530,#10531,#10532));
#10524 = ORIENTED_EDGE('',*,*,#10525,.T.);
#10525 = EDGE_CURVE('',#9613,#10063,#10526,.T.);
#10526 = LINE('',#10527,#10528);
#10527 = CARTESIAN_POINT('',(128.73651157065,-103.2925569727,-2.));
#10528 = VECTOR('',#10529,1.);
#10529 = DIRECTION('',(0.,0.,1.));
#10530 = ORIENTED_EDGE('',*,*,#10070,.T.);
#10531 = ORIENTED_EDGE('',*,*,#10508,.F.);
#10532 = ORIENTED_EDGE('',*,*,#9620,.F.);
#10533 = PLANE('',#10534);
#10534 = AXIS2_PLACEMENT_3D('',#10535,#10536,#10537);
#10535 = CARTESIAN_POINT('',(128.73651157065,-103.2925569727,-2.));
#10536 = DIRECTION('',(0.502459662555,0.864600652038,0.));
#10537 = DIRECTION('',(0.864600652038,-0.502459662555,0.));
#10538 = ADVANCED_FACE('',(#10539),#10550,.F.);
#10539 = FACE_BOUND('',#10540,.F.);
#10540 = EDGE_LOOP('',(#10541,#10547,#10548,#10549));
#10541 = ORIENTED_EDGE('',*,*,#10542,.T.);
#10542 = EDGE_CURVE('',#9604,#10054,#10543,.T.);
#10543 = LINE('',#10544,#10545);
#10544 = CARTESIAN_POINT('',(92.325784707232,-98.55601323373,-2.));
#10545 = VECTOR('',#10546,1.);
#10546 = DIRECTION('',(0.,0.,1.));
#10547 = ORIENTED_EDGE('',*,*,#10062,.T.);
#10548 = ORIENTED_EDGE('',*,*,#10525,.F.);
#10549 = ORIENTED_EDGE('',*,*,#9612,.F.);
#10550 = PLANE('',#10551);
#10551 = AXIS2_PLACEMENT_3D('',#10552,#10553,#10554);
#10552 = CARTESIAN_POINT('',(92.325784707232,-98.55601323373,-2.));
#10553 = DIRECTION('',(0.128999573978,0.991644649012,0.));
#10554 = DIRECTION('',(0.991644649012,-0.128999573978,0.));
#10555 = ADVANCED_FACE('',(#10556),#10567,.T.);
#10556 = FACE_BOUND('',#10557,.F.);
#10557 = EDGE_LOOP('',(#10558,#10564,#10565,#10566));
#10558 = ORIENTED_EDGE('',*,*,#10559,.T.);
#10559 = EDGE_CURVE('',#9595,#10045,#10560,.T.);
#10560 = LINE('',#10561,#10562);
#10561 = CARTESIAN_POINT('',(89.831555016265,-97.39840848443,-2.));
#10562 = VECTOR('',#10563,1.);
#10563 = DIRECTION('',(0.,0.,1.));
#10564 = ORIENTED_EDGE('',*,*,#10053,.T.);
#10565 = ORIENTED_EDGE('',*,*,#10542,.F.);
#10566 = ORIENTED_EDGE('',*,*,#9603,.F.);
#10567 = CYLINDRICAL_SURFACE('',#10568,3.999992432518);
#10568 = AXIS2_PLACEMENT_3D('',#10569,#10570,#10571);
#10569 = CARTESIAN_POINT('',(92.659997646619,-94.57000756748,-2.));
#10570 = DIRECTION('',(0.,0.,-1.));
#10571 = DIRECTION('',(4.706832625491E-06,-0.999999999989,0.));
#10572 = ADVANCED_FACE('',(#10573),#10584,.T.);
#10573 = FACE_BOUND('',#10574,.T.);
#10574 = EDGE_LOOP('',(#10575,#10576,#10577,#10583));
#10575 = ORIENTED_EDGE('',*,*,#10559,.T.);
#10576 = ORIENTED_EDGE('',*,*,#10044,.T.);
#10577 = ORIENTED_EDGE('',*,*,#10578,.F.);
#10578 = EDGE_CURVE('',#9587,#10037,#10579,.T.);
#10579 = LINE('',#10580,#10581);
#10580 = CARTESIAN_POINT('',(89.478537440338,-96.98581571904,-2.));
#10581 = VECTOR('',#10582,1.);
#10582 = DIRECTION('',(0.,0.,1.));
#10583 = ORIENTED_EDGE('',*,*,#9594,.F.);
#10584 = CYLINDRICAL_SURFACE('',#10585,3.5);
#10585 = AXIS2_PLACEMENT_3D('',#10586,#10587,#10588);
#10586 = CARTESIAN_POINT('',(92.306447,-94.923553,-2.));
#10587 = DIRECTION('',(0.,0.,-1.));
#10588 = DIRECTION('',(0.707101566982,-0.707111995353,0.));
#10589 = ADVANCED_FACE('',(#10590),#10601,.F.);
#10590 = FACE_BOUND('',#10591,.F.);
#10591 = EDGE_LOOP('',(#10592,#10598,#10599,#10600));
#10592 = ORIENTED_EDGE('',*,*,#10593,.T.);
#10593 = EDGE_CURVE('',#9579,#10029,#10594,.T.);
#10594 = LINE('',#10595,#10596);
#10595 = CARTESIAN_POINT('',(80.090200951293,-84.11191451262,-2.));
#10596 = VECTOR('',#10597,1.);
#10597 = DIRECTION('',(0.,0.,1.));
#10598 = ORIENTED_EDGE('',*,*,#10036,.T.);
#10599 = ORIENTED_EDGE('',*,*,#10578,.F.);
#10600 = ORIENTED_EDGE('',*,*,#9586,.F.);
#10601 = PLANE('',#10602);
#10602 = AXIS2_PLACEMENT_3D('',#10603,#10604,#10605);
#10603 = CARTESIAN_POINT('',(80.090200951293,-84.11191451262,-2.));
#10604 = DIRECTION('',(0.807974159904,0.589217919728,0.));
#10605 = DIRECTION('',(0.589217919728,-0.807974159904,0.));
#10606 = ADVANCED_FACE('',(#10607),#10618,.F.);
#10607 = FACE_BOUND('',#10608,.F.);
#10608 = EDGE_LOOP('',(#10609,#10615,#10616,#10617));
#10609 = ORIENTED_EDGE('',*,*,#10610,.T.);
#10610 = EDGE_CURVE('',#9570,#10020,#10611,.T.);
#10611 = LINE('',#10612,#10613);
#10612 = CARTESIAN_POINT('',(27.977268464031,-93.4412281001,-2.));
#10613 = VECTOR('',#10614,1.);
#10614 = DIRECTION('',(0.,0.,1.));
#10615 = ORIENTED_EDGE('',*,*,#10028,.T.);
#10616 = ORIENTED_EDGE('',*,*,#10593,.F.);
#10617 = ORIENTED_EDGE('',*,*,#9578,.F.);
#10618 = PLANE('',#10619);
#10619 = AXIS2_PLACEMENT_3D('',#10620,#10621,#10622);
#10620 = CARTESIAN_POINT('',(27.977268464031,-93.4412281001,-2.));
#10621 = DIRECTION('',(-0.176219561152,0.984350885745,0.));
#10622 = DIRECTION('',(0.984350885745,0.176219561152,0.));
#10623 = ADVANCED_FACE('',(#10624),#10635,.T.);
#10624 = FACE_BOUND('',#10625,.T.);
#10625 = EDGE_LOOP('',(#10626,#10627,#10628,#10634));
#10626 = ORIENTED_EDGE('',*,*,#10610,.T.);
#10627 = ORIENTED_EDGE('',*,*,#10019,.T.);
#10628 = ORIENTED_EDGE('',*,*,#10629,.F.);
#10629 = EDGE_CURVE('',#9562,#10012,#10630,.T.);
#10630 = LINE('',#10631,#10632);
#10631 = CARTESIAN_POINT('',(23.91300126544,-90.59994741096,-2.));
#10632 = VECTOR('',#10633,1.);
#10633 = DIRECTION('',(0.,0.,1.));
#10634 = ORIENTED_EDGE('',*,*,#9569,.F.);
#10635 = CYLINDRICAL_SURFACE('',#10636,3.5);
#10636 = AXIS2_PLACEMENT_3D('',#10637,#10638,#10639);
#10637 = CARTESIAN_POINT('',(27.3605,-89.996,-2.));
#10638 = DIRECTION('',(0.,0.,-1.));
#10639 = DIRECTION('',(0.984350885745,0.176219561152,0.));
#10640 = ADVANCED_FACE('',(#10641),#10652,.F.);
#10641 = FACE_BOUND('',#10642,.F.);
#10642 = EDGE_LOOP('',(#10643,#10649,#10650,#10651));
#10643 = ORIENTED_EDGE('',*,*,#10644,.T.);
#10644 = EDGE_CURVE('',#9553,#10003,#10645,.T.);
#10645 = LINE('',#10646,#10647);
#10646 = CARTESIAN_POINT('',(19.15850126544,-63.45994741096,-2.));
#10647 = VECTOR('',#10648,1.);
#10648 = DIRECTION('',(0.,0.,1.));
#10649 = ORIENTED_EDGE('',*,*,#10011,.T.);
#10650 = ORIENTED_EDGE('',*,*,#10629,.F.);
#10651 = ORIENTED_EDGE('',*,*,#9561,.F.);
#10652 = PLANE('',#10653);
#10653 = AXIS2_PLACEMENT_3D('',#10654,#10655,#10656);
#10654 = CARTESIAN_POINT('',(19.15850126544,-63.45994741096,-2.));
#10655 = DIRECTION('',(0.984999638446,0.172556403132,0.));
#10656 = DIRECTION('',(0.172556403132,-0.984999638446,0.));
#10657 = ADVANCED_FACE('',(#10658),#10669,.T.);
#10658 = FACE_BOUND('',#10659,.T.);
#10659 = EDGE_LOOP('',(#10660,#10661,#10662,#10668));
#10660 = ORIENTED_EDGE('',*,*,#10644,.T.);
#10661 = ORIENTED_EDGE('',*,*,#10002,.T.);
#10662 = ORIENTED_EDGE('',*,*,#10663,.F.);
#10663 = EDGE_CURVE('',#9545,#9995,#10664,.T.);
#10664 = LINE('',#10665,#10666);
#10665 = CARTESIAN_POINT('',(19.158500740074,-63.45994441201,-2.));
#10666 = VECTOR('',#10667,1.);
#10667 = DIRECTION('',(0.,0.,1.));
#10668 = ORIENTED_EDGE('',*,*,#9552,.F.);
#10669 = CYLINDRICAL_SURFACE('',#10670,3.5);
#10670 = AXIS2_PLACEMENT_3D('',#10671,#10672,#10673);
#10671 = CARTESIAN_POINT('',(22.606,-62.856,-2.));
#10672 = DIRECTION('',(0.,0.,-1.));
#10673 = DIRECTION('',(0.172556403132,-0.984999638446,0.));
#10674 = ADVANCED_FACE('',(#10675),#10686,.F.);
#10675 = FACE_BOUND('',#10676,.F.);
#10676 = EDGE_LOOP('',(#10677,#10683,#10684,#10685));
#10677 = ORIENTED_EDGE('',*,*,#10678,.T.);
#10678 = EDGE_CURVE('',#9536,#9986,#10679,.T.);
#10679 = LINE('',#10680,#10681);
#10680 = CARTESIAN_POINT('',(18.107400740074,-57.45994441201,-2.));
#10681 = VECTOR('',#10682,1.);
#10682 = DIRECTION('',(0.,0.,1.));
#10683 = ORIENTED_EDGE('',*,*,#9994,.T.);
#10684 = ORIENTED_EDGE('',*,*,#10663,.F.);
#10685 = ORIENTED_EDGE('',*,*,#9544,.F.);
#10686 = PLANE('',#10687);
#10687 = AXIS2_PLACEMENT_3D('',#10688,#10689,#10690);
#10688 = CARTESIAN_POINT('',(18.107400740074,-57.45994441201,-2.));
#10689 = DIRECTION('',(0.98499978855,0.172555546291,0.));
#10690 = DIRECTION('',(0.172555546291,-0.98499978855,0.));
#10691 = ADVANCED_FACE('',(#10692),#10703,.T.);
#10692 = FACE_BOUND('',#10693,.T.);
#10693 = EDGE_LOOP('',(#10694,#10695,#10696,#10702));
#10694 = ORIENTED_EDGE('',*,*,#10678,.T.);
#10695 = ORIENTED_EDGE('',*,*,#9985,.T.);
#10696 = ORIENTED_EDGE('',*,*,#10697,.F.);
#10697 = EDGE_CURVE('',#9528,#9978,#10698,.T.);
#10698 = LINE('',#10699,#10700);
#10699 = CARTESIAN_POINT('',(18.107399954304,-57.45993992658,-2.));
#10700 = VECTOR('',#10701,1.);
#10701 = DIRECTION('',(0.,0.,1.));
#10702 = ORIENTED_EDGE('',*,*,#9535,.F.);
#10703 = CYLINDRICAL_SURFACE('',#10704,3.5);
#10704 = AXIS2_PLACEMENT_3D('',#10705,#10706,#10707);
#10705 = CARTESIAN_POINT('',(21.5549,-56.856,-2.));
#10706 = DIRECTION('',(0.,0.,-1.));
#10707 = DIRECTION('',(0.172555546291,-0.98499978855,0.));
#10708 = ADVANCED_FACE('',(#10709),#10720,.F.);
#10709 = FACE_BOUND('',#10710,.F.);
#10710 = EDGE_LOOP('',(#10711,#10717,#10718,#10719));
#10711 = ORIENTED_EDGE('',*,*,#10712,.T.);
#10712 = EDGE_CURVE('',#9520,#9970,#10713,.T.);
#10713 = LINE('',#10714,#10715);
#10714 = CARTESIAN_POINT('',(16.27850034719,-47.01994216931,-2.));
#10715 = VECTOR('',#10716,1.);
#10716 = DIRECTION('',(0.,0.,1.));
#10717 = ORIENTED_EDGE('',*,*,#9977,.T.);
#10718 = ORIENTED_EDGE('',*,*,#10697,.F.);
#10719 = ORIENTED_EDGE('',*,*,#9527,.F.);
#10720 = PLANE('',#10721);
#10721 = AXIS2_PLACEMENT_3D('',#10722,#10723,#10724);
#10722 = CARTESIAN_POINT('',(16.27850034719,-47.01994216931,-2.));
#10723 = DIRECTION('',(0.985000013056,0.172554264739,0.));
#10724 = DIRECTION('',(0.172554264739,-0.985000013056,0.));
#10725 = ADVANCED_FACE('',(#10726),#10737,.F.);
#10726 = FACE_BOUND('',#10727,.F.);
#10727 = EDGE_LOOP('',(#10728,#10734,#10735,#10736));
#10728 = ORIENTED_EDGE('',*,*,#10729,.T.);
#10729 = EDGE_CURVE('',#9511,#9961,#10730,.T.);
#10730 = LINE('',#10731,#10732);
#10731 = CARTESIAN_POINT('',(15.227400740074,-41.01994441201,-2.));
#10732 = VECTOR('',#10733,1.);
#10733 = DIRECTION('',(0.,0.,1.));
#10734 = ORIENTED_EDGE('',*,*,#9969,.T.);
#10735 = ORIENTED_EDGE('',*,*,#10712,.F.);
#10736 = ORIENTED_EDGE('',*,*,#9519,.F.);
#10737 = PLANE('',#10738);
#10738 = AXIS2_PLACEMENT_3D('',#10739,#10740,#10741);
#10739 = CARTESIAN_POINT('',(15.227400740074,-41.01994441201,-2.));
#10740 = DIRECTION('',(0.98499978855,0.172555546291,0.));
#10741 = DIRECTION('',(0.172555546291,-0.98499978855,0.));
#10742 = ADVANCED_FACE('',(#10743),#10754,.T.);
#10743 = FACE_BOUND('',#10744,.T.);
#10744 = EDGE_LOOP('',(#10745,#10746,#10747,#10753));
#10745 = ORIENTED_EDGE('',*,*,#10729,.T.);
#10746 = ORIENTED_EDGE('',*,*,#9960,.T.);
#10747 = ORIENTED_EDGE('',*,*,#10748,.F.);
#10748 = EDGE_CURVE('',#9503,#9953,#10749,.T.);
#10749 = LINE('',#10750,#10751);
#10750 = CARTESIAN_POINT('',(15.227394341823,-41.0199078877,-2.));
#10751 = VECTOR('',#10752,1.);
#10752 = DIRECTION('',(0.,0.,1.));
#10753 = ORIENTED_EDGE('',*,*,#9510,.F.);
#10754 = CYLINDRICAL_SURFACE('',#10755,3.5);
#10755 = AXIS2_PLACEMENT_3D('',#10756,#10757,#10758);
#10756 = CARTESIAN_POINT('',(18.6749,-40.416,-2.));
#10757 = DIRECTION('',(0.,0.,-1.));
#10758 = DIRECTION('',(0.172555546291,-0.98499978855,0.));
#10759 = ADVANCED_FACE('',(#10760),#10771,.F.);
#10760 = FACE_BOUND('',#10761,.F.);
#10761 = EDGE_LOOP('',(#10762,#10768,#10769,#10770));
#10762 = ORIENTED_EDGE('',*,*,#10763,.T.);
#10763 = EDGE_CURVE('',#9494,#9944,#10764,.T.);
#10764 = LINE('',#10765,#10766);
#10765 = CARTESIAN_POINT('',(14.312994341823,-35.7999078877,-2.));
#10766 = VECTOR('',#10767,1.);
#10767 = DIRECTION('',(0.,0.,1.));
#10768 = ORIENTED_EDGE('',*,*,#9952,.T.);
#10769 = ORIENTED_EDGE('',*,*,#10748,.F.);
#10770 = ORIENTED_EDGE('',*,*,#9502,.F.);
#10771 = PLANE('',#10772);
#10772 = AXIS2_PLACEMENT_3D('',#10773,#10774,#10775);
#10773 = CARTESIAN_POINT('',(14.312994341823,-35.7999078877,-2.));
#10774 = DIRECTION('',(0.985001616622,0.172545110774,0.));
#10775 = DIRECTION('',(0.172545110774,-0.985001616622,0.));
#10776 = ADVANCED_FACE('',(#10777),#10788,.T.);
#10777 = FACE_BOUND('',#10778,.T.);
#10778 = EDGE_LOOP('',(#10779,#10780,#10781,#10787));
#10779 = ORIENTED_EDGE('',*,*,#10763,.T.);
#10780 = ORIENTED_EDGE('',*,*,#9943,.T.);
#10781 = ORIENTED_EDGE('',*,*,#10782,.F.);
#10782 = EDGE_CURVE('',#9486,#9936,#10783,.T.);
#10783 = LINE('',#10784,#10785);
#10784 = CARTESIAN_POINT('',(17.141567031585,-31.75116009361,-2.));
#10785 = VECTOR('',#10786,1.);
#10786 = DIRECTION('',(0.,0.,1.));
#10787 = ORIENTED_EDGE('',*,*,#9493,.F.);
#10788 = CYLINDRICAL_SURFACE('',#10789,3.5);
#10789 = AXIS2_PLACEMENT_3D('',#10790,#10791,#10792);
#10790 = CARTESIAN_POINT('',(17.7605,-35.196,-2.));
#10791 = DIRECTION('',(0.,0.,-1.));
#10792 = DIRECTION('',(0.172545110774,-0.985001616622,0.));
#10793 = ADVANCED_FACE('',(#10794),#10805,.F.);
#10794 = FACE_BOUND('',#10795,.F.);
#10795 = EDGE_LOOP('',(#10796,#10802,#10803,#10804));
#10796 = ORIENTED_EDGE('',*,*,#10797,.T.);
#10797 = EDGE_CURVE('',#9478,#9928,#10798,.T.);
#10798 = LINE('',#10799,#10800);
#10799 = CARTESIAN_POINT('',(56.56048,-24.66878022161,-2.));
#10800 = VECTOR('',#10801,1.);
#10801 = DIRECTION('',(0.,0.,1.));
#10802 = ORIENTED_EDGE('',*,*,#9935,.T.);
#10803 = ORIENTED_EDGE('',*,*,#10782,.F.);
#10804 = ORIENTED_EDGE('',*,*,#9485,.F.);
#10805 = PLANE('',#10806);
#10806 = AXIS2_PLACEMENT_3D('',#10807,#10808,#10809);
#10807 = CARTESIAN_POINT('',(56.56048,-24.66878022161,-2.));
#10808 = DIRECTION('',(0.176837990976,-0.984239973252,0.));
#10809 = DIRECTION('',(-0.984239973252,-0.176837990976,0.));
#10810 = ADVANCED_FACE('',(#10811),#10822,.F.);
#10811 = FACE_BOUND('',#10812,.F.);
#10812 = EDGE_LOOP('',(#10813,#10819,#10820,#10821));
#10813 = ORIENTED_EDGE('',*,*,#10814,.T.);
#10814 = EDGE_CURVE('',#9469,#9919,#10815,.T.);
#10815 = LINE('',#10816,#10817);
#10816 = CARTESIAN_POINT('',(56.56048,-23.79598,-2.));
#10817 = VECTOR('',#10818,1.);
#10818 = DIRECTION('',(0.,0.,1.));
#10819 = ORIENTED_EDGE('',*,*,#9927,.T.);
#10820 = ORIENTED_EDGE('',*,*,#10797,.F.);
#10821 = ORIENTED_EDGE('',*,*,#9477,.F.);
#10822 = PLANE('',#10823);
#10823 = AXIS2_PLACEMENT_3D('',#10824,#10825,#10826);
#10824 = CARTESIAN_POINT('',(56.56048,-23.79598,-2.));
#10825 = DIRECTION('',(1.,0.,0.));
#10826 = DIRECTION('',(0.,-1.,0.));
#10827 = ADVANCED_FACE('',(#10828),#10839,.T.);
#10828 = FACE_BOUND('',#10829,.T.);
#10829 = EDGE_LOOP('',(#10830,#10831,#10832,#10838));
#10830 = ORIENTED_EDGE('',*,*,#10814,.T.);
#10831 = ORIENTED_EDGE('',*,*,#9918,.T.);
#10832 = ORIENTED_EDGE('',*,*,#10833,.F.);
#10833 = EDGE_CURVE('',#9461,#9911,#10834,.T.);
#10834 = LINE('',#10835,#10836);
#10835 = CARTESIAN_POINT('',(59.748520761018,-20.30991037458,-2.));
#10836 = VECTOR('',#10837,1.);
#10837 = DIRECTION('',(0.,0.,1.));
#10838 = ORIENTED_EDGE('',*,*,#9468,.F.);
#10839 = CYLINDRICAL_SURFACE('',#10840,3.5);
#10840 = AXIS2_PLACEMENT_3D('',#10841,#10842,#10843);
#10841 = CARTESIAN_POINT('',(60.06048,-23.79598,-2.));
#10842 = DIRECTION('',(0.,0.,-1.));
#10843 = DIRECTION('',(0.,-1.,0.));
#10844 = ADVANCED_FACE('',(#10845),#10856,.F.);
#10845 = FACE_BOUND('',#10846,.F.);
#10846 = EDGE_LOOP('',(#10847,#10853,#10854,#10855));
#10847 = ORIENTED_EDGE('',*,*,#10848,.T.);
#10848 = EDGE_CURVE('',#9453,#9903,#10849,.T.);
#10849 = LINE('',#10850,#10851);
#10850 = CARTESIAN_POINT('',(79.41,-18.55045610094,-2.));
#10851 = VECTOR('',#10852,1.);
#10852 = DIRECTION('',(0.,0.,1.));
#10853 = ORIENTED_EDGE('',*,*,#9910,.T.);
#10854 = ORIENTED_EDGE('',*,*,#10833,.F.);
#10855 = ORIENTED_EDGE('',*,*,#9460,.F.);
#10856 = PLANE('',#10857);
#10857 = AXIS2_PLACEMENT_3D('',#10858,#10859,#10860);
#10858 = CARTESIAN_POINT('',(79.41,-18.55045610094,-2.));
#10859 = DIRECTION('',(8.913121113783E-02,-0.996019892975,0.));
#10860 = DIRECTION('',(-0.996019892975,-8.913121113783E-02,0.));
#10861 = ADVANCED_FACE('',(#10862),#10873,.F.);
#10862 = FACE_BOUND('',#10863,.F.);
#10863 = EDGE_LOOP('',(#10864,#10870,#10871,#10872));
#10864 = ORIENTED_EDGE('',*,*,#10865,.T.);
#10865 = EDGE_CURVE('',#9444,#9894,#10866,.T.);
#10866 = LINE('',#10867,#10868);
#10867 = CARTESIAN_POINT('',(79.41,-17.57,-2.));
#10868 = VECTOR('',#10869,1.);
#10869 = DIRECTION('',(0.,0.,1.));
#10870 = ORIENTED_EDGE('',*,*,#9902,.T.);
#10871 = ORIENTED_EDGE('',*,*,#10848,.F.);
#10872 = ORIENTED_EDGE('',*,*,#9452,.F.);
#10873 = PLANE('',#10874);
#10874 = AXIS2_PLACEMENT_3D('',#10875,#10876,#10877);
#10875 = CARTESIAN_POINT('',(79.41,-17.57,-2.));
#10876 = DIRECTION('',(1.,0.,0.));
#10877 = DIRECTION('',(0.,-1.,0.));
#10878 = ADVANCED_FACE('',(#10879),#10890,.T.);
#10879 = FACE_BOUND('',#10880,.T.);
#10880 = EDGE_LOOP('',(#10881,#10882,#10883,#10889));
#10881 = ORIENTED_EDGE('',*,*,#10865,.T.);
#10882 = ORIENTED_EDGE('',*,*,#9893,.T.);
#10883 = ORIENTED_EDGE('',*,*,#10884,.F.);
#10884 = EDGE_CURVE('',#9435,#9885,#10885,.T.);
#10885 = LINE('',#10886,#10887);
#10886 = CARTESIAN_POINT('',(79.410000000012,-17.56999066501,-2.));
#10887 = VECTOR('',#10888,1.);
#10888 = DIRECTION('',(0.,0.,1.));
#10889 = ORIENTED_EDGE('',*,*,#9443,.F.);
#10890 = CYLINDRICAL_SURFACE('',#10891,3.5);
#10891 = AXIS2_PLACEMENT_3D('',#10892,#10893,#10894);
#10892 = CARTESIAN_POINT('',(82.91,-17.57,-2.));
#10893 = DIRECTION('',(0.,0.,-1.));
#10894 = DIRECTION('',(0.,-1.,0.));
#10895 = ADVANCED_FACE('',(#10896),#10907,.T.);
#10896 = FACE_BOUND('',#10897,.F.);
#10897 = EDGE_LOOP('',(#10898,#10904,#10905,#10906));
#10898 = ORIENTED_EDGE('',*,*,#10899,.T.);
#10899 = EDGE_CURVE('',#9426,#9876,#10900,.T.);
#10900 = LINE('',#10901,#10902);
#10901 = CARTESIAN_POINT('',(83.409990665013,-13.57000000001,-2.));
#10902 = VECTOR('',#10903,1.);
#10903 = DIRECTION('',(0.,0.,1.));
#10904 = ORIENTED_EDGE('',*,*,#9884,.T.);
#10905 = ORIENTED_EDGE('',*,*,#10884,.F.);
#10906 = ORIENTED_EDGE('',*,*,#9434,.F.);
#10907 = CYLINDRICAL_SURFACE('',#10908,4.000001333575);
#10908 = AXIS2_PLACEMENT_3D('',#10909,#10910,#10911);
#10909 = CARTESIAN_POINT('',(83.410001333573,-17.57000133357,-2.));
#10910 = DIRECTION('',(-0.,-0.,-1.));
#10911 = DIRECTION('',(-0.999999999996,2.667139198148E-06,0.));
#10912 = ADVANCED_FACE('',(#10913),#10924,.T.);
#10913 = FACE_BOUND('',#10914,.T.);
#10914 = EDGE_LOOP('',(#10915,#10916,#10917,#10923));
#10915 = ORIENTED_EDGE('',*,*,#10899,.T.);
#10916 = ORIENTED_EDGE('',*,*,#9875,.T.);
#10917 = ORIENTED_EDGE('',*,*,#10918,.F.);
#10918 = EDGE_CURVE('',#9418,#9868,#10919,.T.);
#10919 = LINE('',#10920,#10921);
#10920 = CARTESIAN_POINT('',(83.41,-13.57,-2.));
#10921 = VECTOR('',#10922,1.);
#10922 = DIRECTION('',(0.,0.,1.));
#10923 = ORIENTED_EDGE('',*,*,#9425,.F.);
#10924 = CYLINDRICAL_SURFACE('',#10925,3.5);
#10925 = AXIS2_PLACEMENT_3D('',#10926,#10927,#10928);
#10926 = CARTESIAN_POINT('',(83.41,-17.07,-2.));
#10927 = DIRECTION('',(0.,0.,-1.));
#10928 = DIRECTION('',(-0.999999999996,-2.667139219752E-06,0.));
#10929 = ADVANCED_FACE('',(#10930),#10941,.F.);
#10930 = FACE_BOUND('',#10931,.F.);
#10931 = EDGE_LOOP('',(#10932,#10938,#10939,#10940));
#10932 = ORIENTED_EDGE('',*,*,#10933,.T.);
#10933 = EDGE_CURVE('',#9409,#9859,#10934,.T.);
#10934 = LINE('',#10935,#10936);
#10935 = CARTESIAN_POINT('',(100.41,-13.57,-2.));
#10936 = VECTOR('',#10937,1.);
#10937 = DIRECTION('',(0.,0.,1.));
#10938 = ORIENTED_EDGE('',*,*,#9867,.T.);
#10939 = ORIENTED_EDGE('',*,*,#10918,.F.);
#10940 = ORIENTED_EDGE('',*,*,#9417,.F.);
#10941 = PLANE('',#10942);
#10942 = AXIS2_PLACEMENT_3D('',#10943,#10944,#10945);
#10943 = CARTESIAN_POINT('',(100.41,-13.57,-2.));
#10944 = DIRECTION('',(0.,-1.,0.));
#10945 = DIRECTION('',(-1.,0.,0.));
#10946 = ADVANCED_FACE('',(#10947),#10958,.T.);
#10947 = FACE_BOUND('',#10948,.T.);
#10948 = EDGE_LOOP('',(#10949,#10950,#10951,#10957));
#10949 = ORIENTED_EDGE('',*,*,#10933,.T.);
#10950 = ORIENTED_EDGE('',*,*,#9858,.T.);
#10951 = ORIENTED_EDGE('',*,*,#10952,.F.);
#10952 = EDGE_CURVE('',#9400,#9850,#10953,.T.);
#10953 = LINE('',#10954,#10955);
#10954 = CARTESIAN_POINT('',(100.41000933498,-13.57000000001,-2.));
#10955 = VECTOR('',#10956,1.);
#10956 = DIRECTION('',(0.,0.,1.));
#10957 = ORIENTED_EDGE('',*,*,#9408,.F.);
#10958 = CYLINDRICAL_SURFACE('',#10959,3.5);
#10959 = AXIS2_PLACEMENT_3D('',#10960,#10961,#10962);
#10960 = CARTESIAN_POINT('',(100.41,-17.07,-2.));
#10961 = DIRECTION('',(0.,0.,-1.));
#10962 = DIRECTION('',(-1.,0.,0.));
#10963 = ADVANCED_FACE('',(#10964),#10975,.T.);
#10964 = FACE_BOUND('',#10965,.F.);
#10965 = EDGE_LOOP('',(#10966,#10972,#10973,#10974));
#10966 = ORIENTED_EDGE('',*,*,#10967,.T.);
#10967 = EDGE_CURVE('',#9392,#9842,#10968,.T.);
#10968 = LINE('',#10969,#10970);
#10969 = CARTESIAN_POINT('',(104.00687314312,-15.82,-2.));
#10970 = VECTOR('',#10971,1.);
#10971 = DIRECTION('',(0.,0.,1.));
#10972 = ORIENTED_EDGE('',*,*,#9849,.T.);
#10973 = ORIENTED_EDGE('',*,*,#10952,.F.);
#10974 = ORIENTED_EDGE('',*,*,#9399,.F.);
#10975 = CYLINDRICAL_SURFACE('',#10976,4.000001333575);
#10976 = AXIS2_PLACEMENT_3D('',#10977,#10978,#10979);
#10977 = CARTESIAN_POINT('',(100.40999866642,-17.57000133357,-2.));
#10978 = DIRECTION('',(0.,0.,-1.));
#10979 = DIRECTION('',(2.667139162621E-06,0.999999999996,0.));
#10980 = ADVANCED_FACE('',(#10981),#10992,.F.);
#10981 = FACE_BOUND('',#10982,.F.);
#10982 = EDGE_LOOP('',(#10983,#10989,#10990,#10991));
#10983 = ORIENTED_EDGE('',*,*,#10984,.T.);
#10984 = EDGE_CURVE('',#9383,#9833,#10985,.T.);
#10985 = LINE('',#10986,#10987);
#10986 = CARTESIAN_POINT('',(119.41,-15.82,-2.));
#10987 = VECTOR('',#10988,1.);
#10988 = DIRECTION('',(0.,0.,1.));
#10989 = ORIENTED_EDGE('',*,*,#9841,.T.);
#10990 = ORIENTED_EDGE('',*,*,#10967,.F.);
#10991 = ORIENTED_EDGE('',*,*,#9391,.F.);
#10992 = PLANE('',#10993);
#10993 = AXIS2_PLACEMENT_3D('',#10994,#10995,#10996);
#10994 = CARTESIAN_POINT('',(119.41,-15.82,-2.));
#10995 = DIRECTION('',(0.,-1.,0.));
#10996 = DIRECTION('',(-1.,0.,0.));
#10997 = ADVANCED_FACE('',(#10998),#11009,.T.);
#10998 = FACE_BOUND('',#10999,.T.);
#10999 = EDGE_LOOP('',(#11000,#11001,#11002,#11008));
#11000 = ORIENTED_EDGE('',*,*,#10984,.T.);
#11001 = ORIENTED_EDGE('',*,*,#9832,.T.);
#11002 = ORIENTED_EDGE('',*,*,#11003,.F.);
#11003 = EDGE_CURVE('',#9374,#9824,#11004,.T.);
#11004 = LINE('',#11005,#11006);
#11005 = CARTESIAN_POINT('',(119.41000933498,-15.82000000001,-2.));
#11006 = VECTOR('',#11007,1.);
#11007 = DIRECTION('',(0.,0.,1.));
#11008 = ORIENTED_EDGE('',*,*,#9382,.F.);
#11009 = CYLINDRICAL_SURFACE('',#11010,3.5);
#11010 = AXIS2_PLACEMENT_3D('',#11011,#11012,#11013);
#11011 = CARTESIAN_POINT('',(119.41,-19.32,-2.));
#11012 = DIRECTION('',(0.,0.,-1.));
#11013 = DIRECTION('',(-1.,0.,0.));
#11014 = ADVANCED_FACE('',(#11015),#11026,.T.);
#11015 = FACE_BOUND('',#11016,.F.);
#11016 = EDGE_LOOP('',(#11017,#11023,#11024,#11025));
#11017 = ORIENTED_EDGE('',*,*,#11018,.T.);
#11018 = EDGE_CURVE('',#9366,#9816,#11019,.T.);
#11019 = LINE('',#11020,#11021);
#11020 = CARTESIAN_POINT('',(123.11739934552,-18.3182720393,-2.));
#11021 = VECTOR('',#11022,1.);
#11022 = DIRECTION('',(0.,0.,1.));
#11023 = ORIENTED_EDGE('',*,*,#9823,.T.);
#11024 = ORIENTED_EDGE('',*,*,#11003,.F.);
#11025 = ORIENTED_EDGE('',*,*,#9373,.F.);
#11026 = CYLINDRICAL_SURFACE('',#11027,4.000001333575);
#11027 = AXIS2_PLACEMENT_3D('',#11028,#11029,#11030);
#11028 = CARTESIAN_POINT('',(119.40999866642,-19.82000133357,-2.));
#11029 = DIRECTION('',(0.,0.,-1.));
#11030 = DIRECTION('',(2.667139162621E-06,0.999999999996,0.));
#11031 = ADVANCED_FACE('',(#11032),#11038,.F.);
#11032 = FACE_BOUND('',#11033,.F.);
#11033 = EDGE_LOOP('',(#11034,#11035,#11036,#11037));
#11034 = ORIENTED_EDGE('',*,*,#10270,.T.);
#11035 = ORIENTED_EDGE('',*,*,#9815,.T.);
#11036 = ORIENTED_EDGE('',*,*,#11018,.F.);
#11037 = ORIENTED_EDGE('',*,*,#9365,.F.);
#11038 = PLANE('',#11039);
#11039 = AXIS2_PLACEMENT_3D('',#11040,#11041,#11042);
#11040 = CARTESIAN_POINT('',(158.05824709399,-18.29598071226,-2.));
#11041 = DIRECTION('',(6.37973144348E-04,-0.999999796495,0.));
#11042 = DIRECTION('',(-0.999999796495,-6.37973144348E-04,0.));
#11043 = ADVANCED_FACE('',(#11044),#11055,.F.);
#11044 = FACE_BOUND('',#11045,.F.);
#11045 = EDGE_LOOP('',(#11046,#11047,#11053,#11054));
#11046 = ORIENTED_EDGE('',*,*,#10203,.F.);
#11047 = ORIENTED_EDGE('',*,*,#11048,.F.);
#11048 = EDGE_CURVE('',#9754,#10204,#11049,.T.);
#11049 = LINE('',#11050,#11051);
#11050 = CARTESIAN_POINT('',(45.25048,-68.22598,-3.));
#11051 = VECTOR('',#11052,1.);
#11052 = DIRECTION('',(0.,0.,1.));
#11053 = ORIENTED_EDGE('',*,*,#9753,.T.);
#11054 = ORIENTED_EDGE('',*,*,#11048,.T.);
#11055 = CYLINDRICAL_SURFACE('',#11056,1.6);
#11056 = AXIS2_PLACEMENT_3D('',#11057,#11058,#11059);
#11057 = CARTESIAN_POINT('',(43.65048,-68.22598,-3.));
#11058 = DIRECTION('',(0.,0.,1.));
#11059 = DIRECTION('',(1.,0.,0.));
#11060 = ADVANCED_FACE('',(#11061),#11072,.F.);
#11061 = FACE_BOUND('',#11062,.F.);
#11062 = EDGE_LOOP('',(#11063,#11064,#11070,#11071));
#11063 = ORIENTED_EDGE('',*,*,#10214,.F.);
#11064 = ORIENTED_EDGE('',*,*,#11065,.F.);
#11065 = EDGE_CURVE('',#9765,#10215,#11066,.T.);
#11066 = LINE('',#11067,#11068);
#11067 = CARTESIAN_POINT('',(159.45048,-94.02598,-3.));
#11068 = VECTOR('',#11069,1.);
#11069 = DIRECTION('',(0.,0.,1.));
#11070 = ORIENTED_EDGE('',*,*,#9764,.T.);
#11071 = ORIENTED_EDGE('',*,*,#11065,.T.);
#11072 = CYLINDRICAL_SURFACE('',#11073,1.6);
#11073 = AXIS2_PLACEMENT_3D('',#11074,#11075,#11076);
#11074 = CARTESIAN_POINT('',(157.85048,-94.02598,-3.));
#11075 = DIRECTION('',(0.,0.,1.));
#11076 = DIRECTION('',(1.,0.,0.));
#11077 = ADVANCED_FACE('',(#11078),#11089,.F.);
#11078 = FACE_BOUND('',#11079,.F.);
#11079 = EDGE_LOOP('',(#11080,#11081,#11087,#11088));
#11080 = ORIENTED_EDGE('',*,*,#10225,.F.);
#11081 = ORIENTED_EDGE('',*,*,#11082,.F.);
#11082 = EDGE_CURVE('',#9776,#10226,#11083,.T.);
#11083 = LINE('',#11084,#11085);
#11084 = CARTESIAN_POINT('',(41.85048,-49.62598,-3.));
#11085 = VECTOR('',#11086,1.);
#11086 = DIRECTION('',(0.,0.,1.));
#11087 = ORIENTED_EDGE('',*,*,#9775,.T.);
#11088 = ORIENTED_EDGE('',*,*,#11082,.T.);
#11089 = CYLINDRICAL_SURFACE('',#11090,1.6);
#11090 = AXIS2_PLACEMENT_3D('',#11091,#11092,#11093);
#11091 = CARTESIAN_POINT('',(40.25048,-49.62598,-3.));
#11092 = DIRECTION('',(0.,0.,1.));
#11093 = DIRECTION('',(1.,0.,0.));
#11094 = ADVANCED_FACE('',(#11095),#11106,.F.);
#11095 = FACE_BOUND('',#11096,.F.);
#11096 = EDGE_LOOP('',(#11097,#11098,#11104,#11105));
#11097 = ORIENTED_EDGE('',*,*,#10236,.F.);
#11098 = ORIENTED_EDGE('',*,*,#11099,.F.);
#11099 = EDGE_CURVE('',#9787,#10237,#11100,.T.);
#11100 = LINE('',#11101,#11102);
#11101 = CARTESIAN_POINT('',(141.05048,-40.32598,-3.));
#11102 = VECTOR('',#11103,1.);
#11103 = DIRECTION('',(0.,0.,1.));
#11104 = ORIENTED_EDGE('',*,*,#9786,.T.);
#11105 = ORIENTED_EDGE('',*,*,#11099,.T.);
#11106 = CYLINDRICAL_SURFACE('',#11107,1.6);
#11107 = AXIS2_PLACEMENT_3D('',#11108,#11109,#11110);
#11108 = CARTESIAN_POINT('',(139.45048,-40.32598,-3.));
#11109 = DIRECTION('',(0.,0.,1.));
#11110 = DIRECTION('',(1.,0.,0.));
#11111 = MANIFOLD_SOLID_BREP('',#11112);
#11112 = CLOSED_SHELL('',(#11113,#11153,#11184,#11208,#11232,#11283,
    #11295,#11326,#11351,#11375,#11393,#11417,#11432,#11447,#11457));
#11113 = ADVANCED_FACE('',(#11114),#11148,.F.);
#11114 = FACE_BOUND('',#11115,.F.);
#11115 = EDGE_LOOP('',(#11116,#11126,#11134,#11142));
#11116 = ORIENTED_EDGE('',*,*,#11117,.F.);
#11117 = EDGE_CURVE('',#11118,#11120,#11122,.T.);
#11118 = VERTEX_POINT('',#11119);
#11119 = CARTESIAN_POINT('',(33.947624383738,-111.420409095,-9.));
#11120 = VERTEX_POINT('',#11121);
#11121 = CARTESIAN_POINT('',(33.947624383738,-111.420409095,10.5));
#11122 = LINE('',#11123,#11124);
#11123 = CARTESIAN_POINT('',(33.947624383738,-111.420409095,-9.));
#11124 = VECTOR('',#11125,1.);
#11125 = DIRECTION('',(0.,0.,1.));
#11126 = ORIENTED_EDGE('',*,*,#11127,.T.);
#11127 = EDGE_CURVE('',#11118,#11128,#11130,.T.);
#11128 = VERTEX_POINT('',#11129);
#11129 = CARTESIAN_POINT('',(29.982719797298,-89.2725078035,-9.));
#11130 = LINE('',#11131,#11132);
#11131 = CARTESIAN_POINT('',(33.947624383738,-111.420409095,-9.));
#11132 = VECTOR('',#11133,1.);
#11133 = DIRECTION('',(-0.17621798162,0.984351168514,0.));
#11134 = ORIENTED_EDGE('',*,*,#11135,.T.);
#11135 = EDGE_CURVE('',#11128,#11136,#11138,.T.);
#11136 = VERTEX_POINT('',#11137);
#11137 = CARTESIAN_POINT('',(29.982719797298,-89.2725078035,10.5));
#11138 = LINE('',#11139,#11140);
#11139 = CARTESIAN_POINT('',(29.982719797298,-89.2725078035,-9.));
#11140 = VECTOR('',#11141,1.);
#11141 = DIRECTION('',(0.,0.,1.));
#11142 = ORIENTED_EDGE('',*,*,#11143,.F.);
#11143 = EDGE_CURVE('',#11120,#11136,#11144,.T.);
#11144 = LINE('',#11145,#11146);
#11145 = CARTESIAN_POINT('',(33.947624383738,-111.420409095,10.5));
#11146 = VECTOR('',#11147,1.);
#11147 = DIRECTION('',(-0.17621798162,0.984351168514,0.));
#11148 = PLANE('',#11149);
#11149 = AXIS2_PLACEMENT_3D('',#11150,#11151,#11152);
#11150 = CARTESIAN_POINT('',(33.947624383738,-111.420409095,-9.));
#11151 = DIRECTION('',(0.984351168514,0.17621798162,0.));
#11152 = DIRECTION('',(0.,0.,1.));
#11153 = ADVANCED_FACE('',(#11154),#11179,.F.);
#11154 = FACE_BOUND('',#11155,.F.);
#11155 = EDGE_LOOP('',(#11156,#11164,#11165,#11173));
#11156 = ORIENTED_EDGE('',*,*,#11157,.F.);
#11157 = EDGE_CURVE('',#11118,#11158,#11160,.T.);
#11158 = VERTEX_POINT('',#11159);
#11159 = CARTESIAN_POINT('',(77.259075798332,-103.6668179037,-9.));
#11160 = LINE('',#11161,#11162);
#11161 = CARTESIAN_POINT('',(33.947624383738,-111.420409095,-9.));
#11162 = VECTOR('',#11163,1.);
#11163 = DIRECTION('',(0.984351168514,0.17621798162,0.));
#11164 = ORIENTED_EDGE('',*,*,#11117,.T.);
#11165 = ORIENTED_EDGE('',*,*,#11166,.T.);
#11166 = EDGE_CURVE('',#11120,#11167,#11169,.T.);
#11167 = VERTEX_POINT('',#11168);
#11168 = CARTESIAN_POINT('',(77.259075798332,-103.6668179037,10.5));
#11169 = LINE('',#11170,#11171);
#11170 = CARTESIAN_POINT('',(33.947624383738,-111.420409095,10.5));
#11171 = VECTOR('',#11172,1.);
#11172 = DIRECTION('',(0.984351168514,0.17621798162,0.));
#11173 = ORIENTED_EDGE('',*,*,#11174,.F.);
#11174 = EDGE_CURVE('',#11158,#11167,#11175,.T.);
#11175 = LINE('',#11176,#11177);
#11176 = CARTESIAN_POINT('',(77.259075798332,-103.6668179037,-9.));
#11177 = VECTOR('',#11178,1.);
#11178 = DIRECTION('',(0.,0.,1.));
#11179 = PLANE('',#11180);
#11180 = AXIS2_PLACEMENT_3D('',#11181,#11182,#11183);
#11181 = CARTESIAN_POINT('',(33.947624383738,-111.420409095,-9.));
#11182 = DIRECTION('',(-0.17621798162,0.984351168514,0.));
#11183 = DIRECTION('',(0.,0.,1.));
#11184 = ADVANCED_FACE('',(#11185),#11203,.T.);
#11185 = FACE_BOUND('',#11186,.T.);
#11186 = EDGE_LOOP('',(#11187,#11188,#11189,#11197));
#11187 = ORIENTED_EDGE('',*,*,#11143,.F.);
#11188 = ORIENTED_EDGE('',*,*,#11166,.T.);
#11189 = ORIENTED_EDGE('',*,*,#11190,.T.);
#11190 = EDGE_CURVE('',#11167,#11191,#11193,.T.);
#11191 = VERTEX_POINT('',#11192);
#11192 = CARTESIAN_POINT('',(73.294171211893,-81.51891661224,10.5));
#11193 = LINE('',#11194,#11195);
#11194 = CARTESIAN_POINT('',(77.259075798332,-103.6668179037,10.5));
#11195 = VECTOR('',#11196,1.);
#11196 = DIRECTION('',(-0.17621798162,0.984351168514,0.));
#11197 = ORIENTED_EDGE('',*,*,#11198,.F.);
#11198 = EDGE_CURVE('',#11136,#11191,#11199,.T.);
#11199 = LINE('',#11200,#11201);
#11200 = CARTESIAN_POINT('',(29.982719797298,-89.2725078035,10.5));
#11201 = VECTOR('',#11202,1.);
#11202 = DIRECTION('',(0.984351168514,0.17621798162,0.));
#11203 = PLANE('',#11204);
#11204 = AXIS2_PLACEMENT_3D('',#11205,#11206,#11207);
#11205 = CARTESIAN_POINT('',(33.947624383738,-111.420409095,10.5));
#11206 = DIRECTION('',(0.,0.,1.));
#11207 = DIRECTION('',(0.984351168514,0.17621798162,0.));
#11208 = ADVANCED_FACE('',(#11209),#11227,.T.);
#11209 = FACE_BOUND('',#11210,.T.);
#11210 = EDGE_LOOP('',(#11211,#11219,#11220,#11221));
#11211 = ORIENTED_EDGE('',*,*,#11212,.F.);
#11212 = EDGE_CURVE('',#11128,#11213,#11215,.T.);
#11213 = VERTEX_POINT('',#11214);
#11214 = CARTESIAN_POINT('',(73.294171211893,-81.51891661224,-9.));
#11215 = LINE('',#11216,#11217);
#11216 = CARTESIAN_POINT('',(29.982719797298,-89.2725078035,-9.));
#11217 = VECTOR('',#11218,1.);
#11218 = DIRECTION('',(0.984351168514,0.17621798162,0.));
#11219 = ORIENTED_EDGE('',*,*,#11135,.T.);
#11220 = ORIENTED_EDGE('',*,*,#11198,.T.);
#11221 = ORIENTED_EDGE('',*,*,#11222,.F.);
#11222 = EDGE_CURVE('',#11213,#11191,#11223,.T.);
#11223 = LINE('',#11224,#11225);
#11224 = CARTESIAN_POINT('',(73.294171211893,-81.51891661224,-9.));
#11225 = VECTOR('',#11226,1.);
#11226 = DIRECTION('',(0.,0.,1.));
#11227 = PLANE('',#11228);
#11228 = AXIS2_PLACEMENT_3D('',#11229,#11230,#11231);
#11229 = CARTESIAN_POINT('',(29.982719797298,-89.2725078035,-9.));
#11230 = DIRECTION('',(-0.17621798162,0.984351168514,0.));
#11231 = DIRECTION('',(0.,0.,1.));
#11232 = ADVANCED_FACE('',(#11233,#11244),#11278,.F.);
#11233 = FACE_BOUND('',#11234,.F.);
#11234 = EDGE_LOOP('',(#11235,#11236,#11237,#11243));
#11235 = ORIENTED_EDGE('',*,*,#11127,.F.);
#11236 = ORIENTED_EDGE('',*,*,#11157,.T.);
#11237 = ORIENTED_EDGE('',*,*,#11238,.T.);
#11238 = EDGE_CURVE('',#11158,#11213,#11239,.T.);
#11239 = LINE('',#11240,#11241);
#11240 = CARTESIAN_POINT('',(77.259075798332,-103.6668179037,-9.));
#11241 = VECTOR('',#11242,1.);
#11242 = DIRECTION('',(-0.17621798162,0.984351168514,0.));
#11243 = ORIENTED_EDGE('',*,*,#11212,.F.);
#11244 = FACE_BOUND('',#11245,.F.);
#11245 = EDGE_LOOP('',(#11246,#11256,#11264,#11272));
#11246 = ORIENTED_EDGE('',*,*,#11247,.F.);
#11247 = EDGE_CURVE('',#11248,#11250,#11252,.T.);
#11248 = VERTEX_POINT('',#11249);
#11249 = CARTESIAN_POINT('',(37.444484103743,-108.2546592472,-9.));
#11250 = VERTEX_POINT('',#11251);
#11251 = CARTESIAN_POINT('',(72.88112617023,-101.9108119089,-9.));
#11252 = LINE('',#11253,#11254);
#11253 = CARTESIAN_POINT('',(37.444484103743,-108.2546592472,-9.));
#11254 = VECTOR('',#11255,1.);
#11255 = DIRECTION('',(0.984351168514,0.17621798162,0.));
#11256 = ORIENTED_EDGE('',*,*,#11257,.T.);
#11257 = EDGE_CURVE('',#11248,#11258,#11260,.T.);
#11258 = VERTEX_POINT('',#11259);
#11259 = CARTESIAN_POINT('',(34.360669425401,-91.0285137983,-9.));
#11260 = LINE('',#11261,#11262);
#11261 = CARTESIAN_POINT('',(37.444484103743,-108.2546592472,-9.));
#11262 = VECTOR('',#11263,1.);
#11263 = DIRECTION('',(-0.17621798162,0.984351168514,0.));
#11264 = ORIENTED_EDGE('',*,*,#11265,.T.);
#11265 = EDGE_CURVE('',#11258,#11266,#11268,.T.);
#11266 = VERTEX_POINT('',#11267);
#11267 = CARTESIAN_POINT('',(69.797311491887,-84.68466646,-9.));
#11268 = LINE('',#11269,#11270);
#11269 = CARTESIAN_POINT('',(34.360669425401,-91.0285137983,-9.));
#11270 = VECTOR('',#11271,1.);
#11271 = DIRECTION('',(0.984351168514,0.17621798162,0.));
#11272 = ORIENTED_EDGE('',*,*,#11273,.F.);
#11273 = EDGE_CURVE('',#11250,#11266,#11274,.T.);
#11274 = LINE('',#11275,#11276);
#11275 = CARTESIAN_POINT('',(72.88112617023,-101.9108119089,-9.));
#11276 = VECTOR('',#11277,1.);
#11277 = DIRECTION('',(-0.17621798162,0.984351168514,0.));
#11278 = PLANE('',#11279);
#11279 = AXIS2_PLACEMENT_3D('',#11280,#11281,#11282);
#11280 = CARTESIAN_POINT('',(33.947624383738,-111.420409095,-9.));
#11281 = DIRECTION('',(0.,0.,1.));
#11282 = DIRECTION('',(0.984351168514,0.17621798162,0.));
#11283 = ADVANCED_FACE('',(#11284),#11290,.T.);
#11284 = FACE_BOUND('',#11285,.T.);
#11285 = EDGE_LOOP('',(#11286,#11287,#11288,#11289));
#11286 = ORIENTED_EDGE('',*,*,#11174,.F.);
#11287 = ORIENTED_EDGE('',*,*,#11238,.T.);
#11288 = ORIENTED_EDGE('',*,*,#11222,.T.);
#11289 = ORIENTED_EDGE('',*,*,#11190,.F.);
#11290 = PLANE('',#11291);
#11291 = AXIS2_PLACEMENT_3D('',#11292,#11293,#11294);
#11292 = CARTESIAN_POINT('',(77.259075798332,-103.6668179037,-9.));
#11293 = DIRECTION('',(0.984351168514,0.17621798162,0.));
#11294 = DIRECTION('',(0.,0.,1.));
#11295 = ADVANCED_FACE('',(#11296),#11321,.T.);
#11296 = FACE_BOUND('',#11297,.T.);
#11297 = EDGE_LOOP('',(#11298,#11299,#11307,#11315));
#11298 = ORIENTED_EDGE('',*,*,#11247,.F.);
#11299 = ORIENTED_EDGE('',*,*,#11300,.T.);
#11300 = EDGE_CURVE('',#11248,#11301,#11303,.T.);
#11301 = VERTEX_POINT('',#11302);
#11302 = CARTESIAN_POINT('',(37.444484103743,-108.2546592472,0.75));
#11303 = LINE('',#11304,#11305);
#11304 = CARTESIAN_POINT('',(37.444484103743,-108.2546592472,-9.));
#11305 = VECTOR('',#11306,1.);
#11306 = DIRECTION('',(0.,0.,1.));
#11307 = ORIENTED_EDGE('',*,*,#11308,.T.);
#11308 = EDGE_CURVE('',#11301,#11309,#11311,.T.);
#11309 = VERTEX_POINT('',#11310);
#11310 = CARTESIAN_POINT('',(72.88112617023,-101.9108119089,0.75));
#11311 = LINE('',#11312,#11313);
#11312 = CARTESIAN_POINT('',(37.444484103743,-108.2546592472,0.75));
#11313 = VECTOR('',#11314,1.);
#11314 = DIRECTION('',(0.984351168514,0.17621798162,0.));
#11315 = ORIENTED_EDGE('',*,*,#11316,.F.);
#11316 = EDGE_CURVE('',#11250,#11309,#11317,.T.);
#11317 = LINE('',#11318,#11319);
#11318 = CARTESIAN_POINT('',(72.88112617023,-101.9108119089,-9.));
#11319 = VECTOR('',#11320,1.);
#11320 = DIRECTION('',(0.,0.,1.));
#11321 = PLANE('',#11322);
#11322 = AXIS2_PLACEMENT_3D('',#11323,#11324,#11325);
#11323 = CARTESIAN_POINT('',(37.444484103743,-108.2546592472,-9.));
#11324 = DIRECTION('',(-0.17621798162,0.984351168514,0.));
#11325 = DIRECTION('',(0.,0.,1.));
#11326 = ADVANCED_FACE('',(#11327),#11346,.F.);
#11327 = FACE_BOUND('',#11328,.F.);
#11328 = EDGE_LOOP('',(#11329,#11330,#11331,#11339));
#11329 = ORIENTED_EDGE('',*,*,#11316,.F.);
#11330 = ORIENTED_EDGE('',*,*,#11273,.T.);
#11331 = ORIENTED_EDGE('',*,*,#11332,.T.);
#11332 = EDGE_CURVE('',#11266,#11333,#11335,.T.);
#11333 = VERTEX_POINT('',#11334);
#11334 = CARTESIAN_POINT('',(69.797311491887,-84.68466646,0.75));
#11335 = LINE('',#11336,#11337);
#11336 = CARTESIAN_POINT('',(69.797311491887,-84.68466646,-9.));
#11337 = VECTOR('',#11338,1.);
#11338 = DIRECTION('',(0.,0.,1.));
#11339 = ORIENTED_EDGE('',*,*,#11340,.F.);
#11340 = EDGE_CURVE('',#11309,#11333,#11341,.T.);
#11341 = CIRCLE('',#11342,8.75);
#11342 = AXIS2_PLACEMENT_3D('',#11343,#11344,#11345);
#11343 = CARTESIAN_POINT('',(71.339218831058,-93.29773918449,0.75));
#11344 = DIRECTION('',(0.984351168514,0.17621798162,-0.));
#11345 = DIRECTION('',(-0.17621798162,0.984351168514,0.));
#11346 = PLANE('',#11347);
#11347 = AXIS2_PLACEMENT_3D('',#11348,#11349,#11350);
#11348 = CARTESIAN_POINT('',(72.88112617023,-101.9108119089,-9.));
#11349 = DIRECTION('',(0.984351168514,0.17621798162,0.));
#11350 = DIRECTION('',(0.,0.,1.));
#11351 = ADVANCED_FACE('',(#11352),#11370,.F.);
#11352 = FACE_BOUND('',#11353,.F.);
#11353 = EDGE_LOOP('',(#11354,#11355,#11363,#11369));
#11354 = ORIENTED_EDGE('',*,*,#11265,.F.);
#11355 = ORIENTED_EDGE('',*,*,#11356,.T.);
#11356 = EDGE_CURVE('',#11258,#11357,#11359,.T.);
#11357 = VERTEX_POINT('',#11358);
#11358 = CARTESIAN_POINT('',(34.360669425401,-91.0285137983,0.75));
#11359 = LINE('',#11360,#11361);
#11360 = CARTESIAN_POINT('',(34.360669425401,-91.0285137983,-9.));
#11361 = VECTOR('',#11362,1.);
#11362 = DIRECTION('',(0.,0.,1.));
#11363 = ORIENTED_EDGE('',*,*,#11364,.T.);
#11364 = EDGE_CURVE('',#11357,#11333,#11365,.T.);
#11365 = LINE('',#11366,#11367);
#11366 = CARTESIAN_POINT('',(34.360669425401,-91.0285137983,0.75));
#11367 = VECTOR('',#11368,1.);
#11368 = DIRECTION('',(0.984351168514,0.17621798162,0.));
#11369 = ORIENTED_EDGE('',*,*,#11332,.F.);
#11370 = PLANE('',#11371);
#11371 = AXIS2_PLACEMENT_3D('',#11372,#11373,#11374);
#11372 = CARTESIAN_POINT('',(34.360669425401,-91.0285137983,-9.));
#11373 = DIRECTION('',(-0.17621798162,0.984351168514,0.));
#11374 = DIRECTION('',(0.,0.,1.));
#11375 = ADVANCED_FACE('',(#11376),#11388,.T.);
#11376 = FACE_BOUND('',#11377,.T.);
#11377 = EDGE_LOOP('',(#11378,#11379,#11380,#11381));
#11378 = ORIENTED_EDGE('',*,*,#11300,.F.);
#11379 = ORIENTED_EDGE('',*,*,#11257,.T.);
#11380 = ORIENTED_EDGE('',*,*,#11356,.T.);
#11381 = ORIENTED_EDGE('',*,*,#11382,.F.);
#11382 = EDGE_CURVE('',#11301,#11357,#11383,.T.);
#11383 = CIRCLE('',#11384,8.75);
#11384 = AXIS2_PLACEMENT_3D('',#11385,#11386,#11387);
#11385 = CARTESIAN_POINT('',(35.902576764572,-99.6415865228,0.75));
#11386 = DIRECTION('',(0.984351168514,0.17621798162,-0.));
#11387 = DIRECTION('',(-0.17621798162,0.984351168514,0.));
#11388 = PLANE('',#11389);
#11389 = AXIS2_PLACEMENT_3D('',#11390,#11391,#11392);
#11390 = CARTESIAN_POINT('',(37.444484103743,-108.2546592472,-9.));
#11391 = DIRECTION('',(0.984351168514,0.17621798162,0.));
#11392 = DIRECTION('',(0.,0.,1.));
#11393 = ADVANCED_FACE('',(#11394),#11412,.F.);
#11394 = FACE_BOUND('',#11395,.F.);
#11395 = EDGE_LOOP('',(#11396,#11403,#11404,#11411));
#11396 = ORIENTED_EDGE('',*,*,#11397,.F.);
#11397 = EDGE_CURVE('',#11333,#11309,#11398,.T.);
#11398 = CIRCLE('',#11399,8.75);
#11399 = AXIS2_PLACEMENT_3D('',#11400,#11401,#11402);
#11400 = CARTESIAN_POINT('',(71.339218831058,-93.29773918449,0.75));
#11401 = DIRECTION('',(0.984351168514,0.17621798162,-0.));
#11402 = DIRECTION('',(-0.17621798162,0.984351168514,0.));
#11403 = ORIENTED_EDGE('',*,*,#11364,.F.);
#11404 = ORIENTED_EDGE('',*,*,#11405,.T.);
#11405 = EDGE_CURVE('',#11357,#11301,#11406,.T.);
#11406 = CIRCLE('',#11407,8.75);
#11407 = AXIS2_PLACEMENT_3D('',#11408,#11409,#11410);
#11408 = CARTESIAN_POINT('',(35.902576764572,-99.6415865228,0.75));
#11409 = DIRECTION('',(0.984351168514,0.17621798162,-0.));
#11410 = DIRECTION('',(-0.17621798162,0.984351168514,0.));
#11411 = ORIENTED_EDGE('',*,*,#11308,.T.);
#11412 = CYLINDRICAL_SURFACE('',#11413,8.75);
#11413 = AXIS2_PLACEMENT_3D('',#11414,#11415,#11416);
#11414 = CARTESIAN_POINT('',(35.902576764572,-99.6415865228,0.75));
#11415 = DIRECTION('',(0.984351168514,0.17621798162,0.));
#11416 = DIRECTION('',(-0.17621798162,0.984351168514,0.));
#11417 = ADVANCED_FACE('',(#11418),#11427,.F.);
#11418 = FACE_BOUND('',#11419,.F.);
#11419 = EDGE_LOOP('',(#11420,#11421));
#11420 = ORIENTED_EDGE('',*,*,#11340,.T.);
#11421 = ORIENTED_EDGE('',*,*,#11422,.F.);
#11422 = EDGE_CURVE('',#11309,#11333,#11423,.T.);
#11423 = LINE('',#11424,#11425);
#11424 = CARTESIAN_POINT('',(72.88112617023,-101.9108119089,0.75));
#11425 = VECTOR('',#11426,1.);
#11426 = DIRECTION('',(-0.17621798162,0.984351168514,0.));
#11427 = PLANE('',#11428);
#11428 = AXIS2_PLACEMENT_3D('',#11429,#11430,#11431);
#11429 = CARTESIAN_POINT('',(71.339218831058,-93.29773918449,0.75));
#11430 = DIRECTION('',(0.984351168514,0.17621798162,0.));
#11431 = DIRECTION('',(-0.17621798162,0.984351168514,0.));
#11432 = ADVANCED_FACE('',(#11433),#11442,.T.);
#11433 = FACE_BOUND('',#11434,.T.);
#11434 = EDGE_LOOP('',(#11435,#11436));
#11435 = ORIENTED_EDGE('',*,*,#11382,.T.);
#11436 = ORIENTED_EDGE('',*,*,#11437,.F.);
#11437 = EDGE_CURVE('',#11301,#11357,#11438,.T.);
#11438 = LINE('',#11439,#11440);
#11439 = CARTESIAN_POINT('',(37.444484103743,-108.2546592472,0.75));
#11440 = VECTOR('',#11441,1.);
#11441 = DIRECTION('',(-0.17621798162,0.984351168514,0.));
#11442 = PLANE('',#11443);
#11443 = AXIS2_PLACEMENT_3D('',#11444,#11445,#11446);
#11444 = CARTESIAN_POINT('',(35.902576764572,-99.6415865228,0.75));
#11445 = DIRECTION('',(0.984351168514,0.17621798162,0.));
#11446 = DIRECTION('',(-0.17621798162,0.984351168514,0.));
#11447 = ADVANCED_FACE('',(#11448),#11452,.F.);
#11448 = FACE_BOUND('',#11449,.F.);
#11449 = EDGE_LOOP('',(#11450,#11451));
#11450 = ORIENTED_EDGE('',*,*,#11422,.T.);
#11451 = ORIENTED_EDGE('',*,*,#11397,.T.);
#11452 = PLANE('',#11453);
#11453 = AXIS2_PLACEMENT_3D('',#11454,#11455,#11456);
#11454 = CARTESIAN_POINT('',(71.339218831058,-93.29773918449,0.75));
#11455 = DIRECTION('',(0.984351168514,0.17621798162,0.));
#11456 = DIRECTION('',(-0.17621798162,0.984351168514,0.));
#11457 = ADVANCED_FACE('',(#11458),#11462,.T.);
#11458 = FACE_BOUND('',#11459,.T.);
#11459 = EDGE_LOOP('',(#11460,#11461));
#11460 = ORIENTED_EDGE('',*,*,#11437,.T.);
#11461 = ORIENTED_EDGE('',*,*,#11405,.T.);
#11462 = PLANE('',#11463);
#11463 = AXIS2_PLACEMENT_3D('',#11464,#11465,#11466);
#11464 = CARTESIAN_POINT('',(35.902576764572,-99.6415865228,0.75));
#11465 = DIRECTION('',(0.984351168514,0.17621798162,0.));
#11466 = DIRECTION('',(-0.17621798162,0.984351168514,0.));
#11467 = MANIFOLD_SOLID_BREP('',#11468);
#11468 = CLOSED_SHELL('',(#11469,#11509,#11549,#11571,#11593,#11605));
#11469 = ADVANCED_FACE('',(#11470),#11504,.F.);
#11470 = FACE_BOUND('',#11471,.F.);
#11471 = EDGE_LOOP('',(#11472,#11482,#11490,#11498));
#11472 = ORIENTED_EDGE('',*,*,#11473,.F.);
#11473 = EDGE_CURVE('',#11474,#11476,#11478,.T.);
#11474 = VERTEX_POINT('',#11475);
#11475 = CARTESIAN_POINT('',(34.351690977185,-110.8401245199,-11.));
#11476 = VERTEX_POINT('',#11477);
#11477 = CARTESIAN_POINT('',(34.351690977185,-110.8401245199,-9.));
#11478 = LINE('',#11479,#11480);
#11479 = CARTESIAN_POINT('',(34.351690977185,-110.8401245199,-11.));
#11480 = VECTOR('',#11481,1.);
#11481 = DIRECTION('',(0.,0.,1.));
#11482 = ORIENTED_EDGE('',*,*,#11483,.T.);
#11483 = EDGE_CURVE('',#11474,#11484,#11486,.T.);
#11484 = VERTEX_POINT('',#11485);
#11485 = CARTESIAN_POINT('',(30.563004372364,-89.67657439694,-11.));
#11486 = LINE('',#11487,#11488);
#11487 = CARTESIAN_POINT('',(34.351690977185,-110.8401245199,-11.));
#11488 = VECTOR('',#11489,1.);
#11489 = DIRECTION('',(-0.17621798162,0.984351168514,0.));
#11490 = ORIENTED_EDGE('',*,*,#11491,.T.);
#11491 = EDGE_CURVE('',#11484,#11492,#11494,.T.);
#11492 = VERTEX_POINT('',#11493);
#11493 = CARTESIAN_POINT('',(30.563004372364,-89.67657439694,-9.));
#11494 = LINE('',#11495,#11496);
#11495 = CARTESIAN_POINT('',(30.563004372364,-89.67657439694,-11.));
#11496 = VECTOR('',#11497,1.);
#11497 = DIRECTION('',(0.,0.,1.));
#11498 = ORIENTED_EDGE('',*,*,#11499,.F.);
#11499 = EDGE_CURVE('',#11476,#11492,#11500,.T.);
#11500 = LINE('',#11501,#11502);
#11501 = CARTESIAN_POINT('',(34.351690977185,-110.8401245199,-9.));
#11502 = VECTOR('',#11503,1.);
#11503 = DIRECTION('',(-0.17621798162,0.984351168514,0.));
#11504 = PLANE('',#11505);
#11505 = AXIS2_PLACEMENT_3D('',#11506,#11507,#11508);
#11506 = CARTESIAN_POINT('',(34.351690977185,-110.8401245199,-11.));
#11507 = DIRECTION('',(0.984351168514,0.17621798162,0.));
#11508 = DIRECTION('',(0.,0.,1.));
#11509 = ADVANCED_FACE('',(#11510),#11544,.T.);
#11510 = FACE_BOUND('',#11511,.T.);
#11511 = EDGE_LOOP('',(#11512,#11522,#11530,#11538));
#11512 = ORIENTED_EDGE('',*,*,#11513,.F.);
#11513 = EDGE_CURVE('',#11514,#11516,#11518,.T.);
#11514 = VERTEX_POINT('',#11515);
#11515 = CARTESIAN_POINT('',(76.678791223266,-103.2627513103,-11.));
#11516 = VERTEX_POINT('',#11517);
#11517 = CARTESIAN_POINT('',(76.678791223266,-103.2627513103,-9.));
#11518 = LINE('',#11519,#11520);
#11519 = CARTESIAN_POINT('',(76.678791223266,-103.2627513103,-11.));
#11520 = VECTOR('',#11521,1.);
#11521 = DIRECTION('',(0.,0.,1.));
#11522 = ORIENTED_EDGE('',*,*,#11523,.T.);
#11523 = EDGE_CURVE('',#11514,#11524,#11526,.T.);
#11524 = VERTEX_POINT('',#11525);
#11525 = CARTESIAN_POINT('',(72.890104618446,-82.0992011873,-11.));
#11526 = LINE('',#11527,#11528);
#11527 = CARTESIAN_POINT('',(76.678791223266,-103.2627513103,-11.));
#11528 = VECTOR('',#11529,1.);
#11529 = DIRECTION('',(-0.17621798162,0.984351168514,0.));
#11530 = ORIENTED_EDGE('',*,*,#11531,.T.);
#11531 = EDGE_CURVE('',#11524,#11532,#11534,.T.);
#11532 = VERTEX_POINT('',#11533);
#11533 = CARTESIAN_POINT('',(72.890104618446,-82.0992011873,-9.));
#11534 = LINE('',#11535,#11536);
#11535 = CARTESIAN_POINT('',(72.890104618446,-82.0992011873,-11.));
#11536 = VECTOR('',#11537,1.);
#11537 = DIRECTION('',(0.,0.,1.));
#11538 = ORIENTED_EDGE('',*,*,#11539,.F.);
#11539 = EDGE_CURVE('',#11516,#11532,#11540,.T.);
#11540 = LINE('',#11541,#11542);
#11541 = CARTESIAN_POINT('',(76.678791223266,-103.2627513103,-9.));
#11542 = VECTOR('',#11543,1.);
#11543 = DIRECTION('',(-0.17621798162,0.984351168514,0.));
#11544 = PLANE('',#11545);
#11545 = AXIS2_PLACEMENT_3D('',#11546,#11547,#11548);
#11546 = CARTESIAN_POINT('',(76.678791223266,-103.2627513103,-11.));
#11547 = DIRECTION('',(0.984351168514,0.17621798162,0.));
#11548 = DIRECTION('',(0.,0.,1.));
#11549 = ADVANCED_FACE('',(#11550),#11566,.F.);
#11550 = FACE_BOUND('',#11551,.F.);
#11551 = EDGE_LOOP('',(#11552,#11558,#11559,#11565));
#11552 = ORIENTED_EDGE('',*,*,#11553,.F.);
#11553 = EDGE_CURVE('',#11474,#11514,#11554,.T.);
#11554 = LINE('',#11555,#11556);
#11555 = CARTESIAN_POINT('',(34.351690977185,-110.8401245199,-11.));
#11556 = VECTOR('',#11557,1.);
#11557 = DIRECTION('',(0.984351168514,0.17621798162,0.));
#11558 = ORIENTED_EDGE('',*,*,#11473,.T.);
#11559 = ORIENTED_EDGE('',*,*,#11560,.T.);
#11560 = EDGE_CURVE('',#11476,#11516,#11561,.T.);
#11561 = LINE('',#11562,#11563);
#11562 = CARTESIAN_POINT('',(34.351690977185,-110.8401245199,-9.));
#11563 = VECTOR('',#11564,1.);
#11564 = DIRECTION('',(0.984351168514,0.17621798162,0.));
#11565 = ORIENTED_EDGE('',*,*,#11513,.F.);
#11566 = PLANE('',#11567);
#11567 = AXIS2_PLACEMENT_3D('',#11568,#11569,#11570);
#11568 = CARTESIAN_POINT('',(34.351690977185,-110.8401245199,-11.));
#11569 = DIRECTION('',(-0.17621798162,0.984351168514,0.));
#11570 = DIRECTION('',(0.,0.,1.));
#11571 = ADVANCED_FACE('',(#11572),#11588,.T.);
#11572 = FACE_BOUND('',#11573,.T.);
#11573 = EDGE_LOOP('',(#11574,#11580,#11581,#11587));
#11574 = ORIENTED_EDGE('',*,*,#11575,.F.);
#11575 = EDGE_CURVE('',#11484,#11524,#11576,.T.);
#11576 = LINE('',#11577,#11578);
#11577 = CARTESIAN_POINT('',(30.563004372364,-89.67657439694,-11.));
#11578 = VECTOR('',#11579,1.);
#11579 = DIRECTION('',(0.984351168514,0.17621798162,0.));
#11580 = ORIENTED_EDGE('',*,*,#11491,.T.);
#11581 = ORIENTED_EDGE('',*,*,#11582,.T.);
#11582 = EDGE_CURVE('',#11492,#11532,#11583,.T.);
#11583 = LINE('',#11584,#11585);
#11584 = CARTESIAN_POINT('',(30.563004372364,-89.67657439694,-9.));
#11585 = VECTOR('',#11586,1.);
#11586 = DIRECTION('',(0.984351168514,0.17621798162,0.));
#11587 = ORIENTED_EDGE('',*,*,#11531,.F.);
#11588 = PLANE('',#11589);
#11589 = AXIS2_PLACEMENT_3D('',#11590,#11591,#11592);
#11590 = CARTESIAN_POINT('',(30.563004372364,-89.67657439694,-11.));
#11591 = DIRECTION('',(-0.17621798162,0.984351168514,0.));
#11592 = DIRECTION('',(0.,0.,1.));
#11593 = ADVANCED_FACE('',(#11594),#11600,.F.);
#11594 = FACE_BOUND('',#11595,.F.);
#11595 = EDGE_LOOP('',(#11596,#11597,#11598,#11599));
#11596 = ORIENTED_EDGE('',*,*,#11483,.F.);
#11597 = ORIENTED_EDGE('',*,*,#11553,.T.);
#11598 = ORIENTED_EDGE('',*,*,#11523,.T.);
#11599 = ORIENTED_EDGE('',*,*,#11575,.F.);
#11600 = PLANE('',#11601);
#11601 = AXIS2_PLACEMENT_3D('',#11602,#11603,#11604);
#11602 = CARTESIAN_POINT('',(34.351690977185,-110.8401245199,-11.));
#11603 = DIRECTION('',(0.,0.,1.));
#11604 = DIRECTION('',(0.984351168514,0.17621798162,0.));
#11605 = ADVANCED_FACE('',(#11606),#11612,.T.);
#11606 = FACE_BOUND('',#11607,.T.);
#11607 = EDGE_LOOP('',(#11608,#11609,#11610,#11611));
#11608 = ORIENTED_EDGE('',*,*,#11499,.F.);
#11609 = ORIENTED_EDGE('',*,*,#11560,.T.);
#11610 = ORIENTED_EDGE('',*,*,#11539,.T.);
#11611 = ORIENTED_EDGE('',*,*,#11582,.F.);
#11612 = PLANE('',#11613);
#11613 = AXIS2_PLACEMENT_3D('',#11614,#11615,#11616);
#11614 = CARTESIAN_POINT('',(34.351690977185,-110.8401245199,-9.));
#11615 = DIRECTION('',(0.,0.,1.));
#11616 = DIRECTION('',(0.984351168514,0.17621798162,0.));
#11617 = ( GEOMETRIC_REPRESENTATION_CONTEXT(3) 
GLOBAL_UNCERTAINTY_ASSIGNED_CONTEXT((#11621)) 
GLOBAL_UNIT_ASSIGNED_CONTEXT((#11618,#11619,#11620)) 
REPRESENTATION_CONTEXT('Context #1',
  '3D Context with UNIT and UNCERTAINTY') );
#11618 = ( LENGTH_UNIT() NAMED_UNIT(*) SI_UNIT(.MILLI.,.METRE.) );
#11619 = ( NAMED_UNIT(*) PLANE_ANGLE_UNIT() SI_UNIT($,.RADIAN.) );
#11620 = ( NAMED_UNIT(*) SI_UNIT($,.STERADIAN.) SOLID_ANGLE_UNIT() );
#11621 = UNCERTAINTY_MEASURE_WITH_UNIT(LENGTH_MEASURE(2.E-06),#11618,
  'distance_accuracy_value','confusion accuracy');
#11622 = PRODUCT_RELATED_PRODUCT_CATEGORY('part',$,(#7));
ENDSEC;
END-ISO-10303-21;
